trial_id,fold_id,sample_role,ticker,sector,signal_date,entry_date,exit_date,exit_reason,exit_session_offset,entry_price_vnd,exit_price_vnd,target_vnd,downside_vnd,grid_distance_fraction,gap_down_exit,target_first,net_pnl_vnd,net_return,double_cost_net_pnl_vnd,double_cost_net_return,residual_z5,residual_1,residual_5,residual_slope20,downside_semivol20,residual_ar1_20,ticker_return5,market_return5,atr20_fraction,log_median_value60,predicted_probability,base_probability,estimated_ev_vnd,selected,selection_rank
TRIAL6-HSX-POOLED-MEAN-REVERSION-EDGE,wf_01,oos,MWG,consumer_retail,2023-01-04,2023-01-05,2023-01-09,downside_touch,2,43900,42583,45217,42583,0.03,False,False,-153228,-0.03483414067693192,-174853,-0.039670948907825444,-0.7967376469178213,-0.012667444239609324,-0.031373923447233575,-0.0008065234240289351,0.012147233668877176,-0.23533083829640006,-0.006353804952302311,0.02269430818888833,0.04187192118226601,25.01950293878408,0.6892672668274574,0.3614457831325301,49545.64790451375,True,1
TRIAL6-HSX-POOLED-MEAN-REVERSION-EDGE,wf_01,oos,MWG,consumer_retail,2023-01-06,2023-01-09,2023-01-16,downside_touch,5,43150,41856,44444,41856,0.03,False,False,-150635,-0.034839567072093285,-171765,-0.039647915705851314,-1.5949412413506792,-0.0011164871129361199,-0.05646755361925998,-0.0006141193350962234,0.011831748943773203,-0.17613596078680205,0.006214366282976336,0.05687500751708366,0.03856977321635491,24.979217460957937,0.5330283914786828,0.3614457831325301,7011.424791285353,False,
TRIAL6-HSX-POOLED-MEAN-REVERSION-EDGE,wf_01,oos,MWG,consumer_retail,2023-01-09,2023-01-10,2023-01-17,target,5,42000,43260,43260,40740,0.03,False,True,104587,0.024851945025226908,83279,0.019749275104207847,-2.226777464090701,-0.03314357499587511,-0.08451364428774369,-0.0010094998630278773,0.013869444985710643,-0.2019797067752673,-0.020436850403002804,0.05882824866133805,0.03905895691609977,24.900193531076276,0.7568023448550272,0.3614457831325301,67931.29021268766,False,
TRIAL6-HSX-POOLED-MEAN-REVERSION-EDGE,wf_01,oos,MWG,consumer_retail,2023-01-10,2023-01-11,2023-01-18,target,5,42300,43569,43569,41031,0.03,False,True,105365,0.024859335303865943,83834,0.019740031736067434,-1.4507667636318067,0.006332479957984624,-0.051778914088073634,-0.00041967436477680797,0.013863647912649196,-0.16797611670767926,-0.04015047011662243,0.010683411494923072,0.03825321597833446,24.85521056918154,0.6182927620362326,0.3614457831325301,30223.661520511465,False,
TRIAL6-HSX-POOLED-MEAN-REVERSION-EDGE,wf_01,oos,MWG,consumer_retail,2023-01-11,2023-01-12,2023-01-18,target,4,42550,43826,43826,41274,0.03,False,True,105963,0.02485360571138266,84231,0.01971663438729349,-0.9887639388047119,0.004698928275242735,-0.03444557476284779,-0.0005527310560310936,0.012900163967605585,-0.13828032980101915,-0.021617723404233735,0.011782617572594602,0.0364836886576017,24.85521056918154,0.5208530457758869,0.3614457831325301,3696.828027532669,False,
TRIAL6-HSX-POOLED-MEAN-REVERSION-EDGE,wf_01,oos,VPB,banks,2023-01-11,2023-01-12,2023-01-13,target,1,18600,19158,19158,18042,0.03,False,True,46322,0.02485497864184567,36844,0.019729197434411823,-0.7771265235454464,-0.018319294490365762,-0.034400403223204465,-0.0011142694889747678,0.008935499757407466,0.055205295621875504,-0.02395808584829562,0.012042657844157032,0.0411666021422119,25.774911779766597,0.28705520815084345,0.3614457831325301,-59951.92371069425,False,
TRIAL6-HSX-POOLED-MEAN-REVERSION-EDGE,wf_01,oos,MWG,consumer_retail,2023-01-12,2023-01-13,2023-01-18,target,3,42400,43672,43672,41128,0.03,False,True,105624,0.02486169704196553,84053,0.019744966622683515,-0.9528124284714002,-0.009940641959243187,-0.033277248829967604,-0.0005824205619147343,0.013094997268466819,-0.1405208835180571,-0.03449236716343518,-0.0011151783229434134,0.03568600837009388,24.85521056918154,0.5454665115943937,0.3614457831325301,10397.558843580518,False,
TRIAL6-HSX-POOLED-MEAN-REVERSION-EDGE,wf_01,oos,MWG,consumer_retail,2023-01-13,2023-01-16,2023-01-17,target,1,42050,43312,43312,40788,0.03,False,True,104766,0.024864889753218947,83437,0.01976323999935573,-1.1163725350573264,-0.00672068828006832,-0.03878075380933919,-0.0007375619505692809,0.012903441418379883,-0.1164078456937624,-0.025358914702060975,0.012312390248160653,0.03470924636204066,24.84754259447336,0.5148168459184882,0.3614457831325301,2053.5425717362523,False,
TRIAL6-HSX-POOLED-MEAN-REVERSION-EDGE,wf_01,oos,MWG,consumer_retail,2023-01-17,2023-01-18,2023-01-18,target,0,43500,44805,44805,42195,0.03,False,True,108377,0.024864364098883894,86257,0.019750361946098825,-1.0816938637698301,-0.009534123146802034,-0.036236316355926716,-0.0006067976877604152,0.013352152457237275,-0.17302258218147462,0.02040951601172558,0.053831704349341356,0.0324650185277363,24.817816252979163,0.36193781985399304,0.3614457831325301,-39566.000512175844,False,
TRIAL6-HSX-POOLED-MEAN-REVERSION-EDGE,wf_01,oos,TCB,banks,2023-01-19,2023-01-27,2023-01-31,downside_touch,2,29350,28522,30178,28522,0.028227785959744723,False,False,-97232,-0.03306193161628818,-111661,-0.037893395830066984,-1.3617124826329476,-0.012206953584736207,-0.03730584026980258,-0.00028111276737495164,0.007979793075648188,-0.24210906910423763,0.044472780382988075,0.07195771150710964,0.028227785959744723,25.04495405103188,0.17507431608050333,0.3614457831325301,-90437.42379577633,False,
TRIAL6-HSX-POOLED-MEAN-REVERSION-EDGE,wf_01,oos,TCB,banks,2023-01-27,2023-01-30,2023-01-31,downside_touch,1,29050,28286,29814,28286,0.02630931890828621,False,False,-90728,-0.031168795476251007,-104953,-0.035984412114828654,-1.3628995980778655,-0.008956272605724982,-0.03723270530650229,-0.00044297457203924535,0.008059778805479657,-0.18788492284568672,0.044549899461014064,0.07330200791485944,0.02630931890828621,25.076200627836677,0.13268589203062645,0.3614457831325301,-101977.18099084588,False,
TRIAL6-HSX-POOLED-MEAN-REVERSION-EDGE,wf_01,oos,VPB,banks,2023-01-27,2023-01-30,2023-01-31,downside_touch,1,19700,19109,20291,19109,0.03,False,False,-68831,-0.03486957156086559,-78461,-0.03966851979558283,-1.5028903506727191,0.005733238789328806,-0.05164252983062334,-0.0005378921050384052,0.009981427023115325,-0.004407052135926342,0.015483121228829444,0.07653164994065774,0.032753202803964224,25.84618370388859,0.06248937745420017,0.3614457831325301,-121087.36855523763,False,
TRIAL6-HSX-POOLED-MEAN-REVERSION-EDGE,wf_01,oos,TCB,banks,2023-01-30,2023-01-31,2023-01-31,target,0,28650,29382,29382,27918,0.025551684088269456,False,True,58658,0.020433343783746123,44119,0.015337715504654261,-1.5130064808624077,-0.001513198321991904,-0.03977934314384831,-0.00021494749517684034,0.008091177322162631,-0.11522526545978938,0.021710339783454935,0.054641942275866405,0.025551684088269456,25.076200627836677,0.10518247352103961,0.3614457831325301,-109464.6679344879,False,
TRIAL6-HSX-POOLED-MEAN-REVERSION-EDGE,wf_01,oos,VPB,banks,2023-01-30,2023-01-31,2023-02-01,downside_touch,1,19150,18576,19724,18576,0.03,False,False,-66816,-0.03482042072590488,-76229,-0.03964786120830041,-1.6706992659556446,-0.015628503486309987,-0.058508246397722556,-0.0006540226200344118,0.010600207465622822,0.01368260121269161,-0.007359518365079198,0.05787192651459242,0.03252937538651824,25.855423699256686,0.07909763278094933,0.3614457831325301,-116565.96352071941,False,
TRIAL6-HSX-POOLED-MEAN-REVERSION-EDGE,wf_01,oos,MBB,banks,2023-01-31,2023-02-01,2023-02-01,downside_touch,0,19700,19203,20197,19203,0.025210084033613443,False,False,-59454,-0.03011921238366002,-69108,-0.03493980533045893,-0.9013506460089588,0.004051516116873715,-0.023325403302064954,-0.0003987399385296544,0.006853686696752712,-0.32226475464576465,0.00813332032675318,0.031085225868057818,0.025210084033613443,25.24490277206361,0.16880347694428197,0.3614457831325301,-92144.58707592532,False,
TRIAL6-HSX-POOLED-MEAN-REVERSION-EDGE,wf_01,oos,TCB,banks,2023-01-31,2023-02-01,2023-02-01,downside_touch,0,29500,28755,30245,28755,0.025267249757045678,False,False,-89012,-0.030113057595806663,-103522,-0.034952877664928175,-0.7746238676374977,0.012600750947385208,-0.02036013033053897,-0.0002270766797547294,0.007257928006735205,-0.19813730457076467,0.014072113935004293,0.03042535991158547,0.025267249757045678,25.076200627836677,0.13489183542453315,0.3614457831325301,-101376.63846721259,False,
TRIAL6-HSX-POOLED-MEAN-REVERSION-EDGE,wf_01,oos,VPB,banks,2023-01-31,2023-02-01,2023-02-01,downside_touch,0,19550,18964,20136,18964,0.03,False,False,-68173,-0.03480107037807297,-77844,-0.03965823530940138,-1.0840991495578665,-0.00020068582327286213,-0.03628884023320465,-0.0009631155866091737,0.009517525378596818,0.07430377966086689,-0.007279186325984233,0.03279772660725086,0.03195005508630187,25.86386685547126,0.06710996525381427,0.3614457831325301,-119829.46707620865,False,
TRIAL6-HSX-POOLED-MEAN-REVERSION-EDGE,wf_01,oos,VPB,banks,2023-02-01,2023-02-02,2023-02-06,downside_touch,2,18600,18042,19158,18042,0.03,False,False,-64899,-0.03482283275500069,-74098,-0.03967794136073845,-1.5329987413436084,-0.02586222938158024,-0.05432682503807756,-0.0011492383018032063,0.011304253289152218,0.039874550478630005,-0.06895617074443039,-0.016138691030926623,0.03447827218319022,25.878175514704694,0.17795586963723226,0.3614457831325301,-89652.95423516905,False,
TRIAL6-HSX-POOLED-MEAN-REVERSION-EDGE,wf_01,oos,FPT,technology,2023-02-02,2023-02-03,2023-02-03,downside_touch,0,82000,80627,83373,80627,0.016745159602302457,False,False,-177853,-0.021646082240824028,-218498,-0.026539857217905156,-0.7577151105093499,-0.004062758750698243,-0.011470691397529828,-0.0005587948354101883,0.0034766398458660427,0.05746748986776559,-0.02395260377006181,-0.026075802379900145,0.016745159602302457,24.462584095475304,0.16505790879404747,0.3614457831325301,-93164.27459628307,False,
TRIAL6-HSX-POOLED-MEAN-REVERSION-EDGE,wf_01,oos,VND,securities,2023-02-02,2023-02-03,2023-02-07,downside_touch,2,15150,14696,15604,14696,0.03,False,False,-52846,-0.03481121473656752,-60290,-0.0396370927977384,-2.150240845139557,-0.030946373796565962,-0.07514743906252384,-0.0006493418852035652,0.012519778769226005,-0.3451714683171404,-0.1004385421571855,-0.01757736478133085,0.04399243140964996,25.625914354965143,0.7704732916274125,0.3614457831325301,71653.04703465436,True,1
TRIAL6-HSX-POOLED-MEAN-REVERSION-EDGE,wf_01,oos,VPB,banks,2023-02-02,2023-02-03,2023-02-08,downside_touch,3,18500,17945,19055,17945,0.03,False,False,-64560,-0.03482809293533498,-73618,-0.0396359338952435,-1.0102875350902227,0.0007106015728065027,-0.0352489238780591,-0.0009030227557624794,0.011334524676872642,-0.021912739685601968,-0.05585810208385389,-0.022530747011701026,0.03377329192546584,25.893212187479655,0.12221829422306403,0.3614457831325301,-104826.86318173789,False,
TRIAL6-HSX-POOLED-MEAN-REVERSION-EDGE,wf_01,oos,FPT,technology,2023-02-03,2023-02-06,2023-02-06,target,0,80000,81413,81413,78587,0.01765650080256822,False,True,100851,0.012581203157782068,60510,0.007533593027112468,-1.464603407916958,-0.014254909807300799,-0.023768504172702314,-0.0006404153178386089,0.004737807414866927,0.076918996333778,-0.047122520861313966,-0.048169470525095195,0.01765650080256822,24.480606187740456,0.17342669196332366,0.3614457831325301,-90885.97036685483,False,
TRIAL6-HSX-POOLED-MEAN-REVERSION-EDGE,wf_01,oos,TCB,banks,2023-02-03,2023-02-06,2023-02-06,target,0,27100,27848,27848,26352,0.02758741873133017,False,True,60975,0.02245470116189959,47252,0.01736670834500253,-0.7807673715247504,-0.015439437536990262,-0.01592674056674018,-0.0004797282989319302,0.007587966006236455,0.09033264780744031,-0.06770933112367505,-0.045882047162610635,0.02758741873133017,25.076200627836677,0.20450477833272288,0.3614457831325301,-82425.32152630635,False,
TRIAL6-HSX-POOLED-MEAN-REVERSION-EDGE,wf_01,oos,VPB,banks,2023-02-03,2023-02-06,2023-02-10,downside_touch,4,18150,17606,18694,17606,0.03,False,False,-63324,-0.034819731841216214,-72244,-0.03964549320894498,-0.9628861306935322,0.0077483114743061784,-0.03315978211162845,-0.0005270509274920638,0.01131840773886909,-0.03265862661907001,-0.07426668625330757,-0.04515345214820702,0.03274624918460535,25.909057271894454,0.09610032888826915,0.3614457831325301,-111937.17655498661,False,
TRIAL6-HSX-POOLED-MEAN-REVERSION-EDGE,wf_01,oos,FPT,technology,2023-02-06,2023-02-07,2023-02-16,target,7,80500,81967,81967,79033,0.018219461697722567,False,True,106037,0.013146037090378834,65383,0.008089778814462545,-1.646125471944759,-0.0008598125071646546,-0.025964919145835333,-0.0005426504842842669,0.004744256505401764,-0.06677535158488301,-0.03855733448713883,-0.025849651354189814,0.018219461697722567,24.480606187740456,0.22836719618397933,0.3614457831325301,-75929.0548152161,False,
TRIAL6-HSX-POOLED-MEAN-REVERSION-EDGE,wf_01,oos,VND,securities,2023-02-06,2023-02-07,2023-02-07,downside_touch,0,15300,14841,15759,14841,0.03,False,False,-53404,-0.034834087363087504,-60907,-0.039650568259494534,-0.9302757294996788,-0.013831535542417044,-0.03535071571230451,-0.0005267325379209074,0.012838769019681083,-0.4338109942312804,-0.06719412757467214,-0.022667785455575004,0.042747131856042744,25.625914354965143,0.6619292822530749,0.3614457831325301,42103.19843246626,False,
TRIAL6-HSX-POOLED-MEAN-REVERSION-EDGE,wf_01,oos,SSI,securities,2023-02-07,2023-02-08,2023-02-08,downside_touch,0,19400,18818,19982,18818,0.03,False,False,-67714,-0.03483388136911547,-77226,-0.0396493141232391,-1.2298619086520168,-0.006462547264596323,-0.032075760786483686,-0.00019400787212764105,0.008078562716021895,-0.4049737412037023,-0.12182251840683844,-0.06449351410625077,0.04174478190226221,25.70787715925348,0.7062915886339116,0.3614457831325301,54180.32221620899,True,1
TRIAL6-HSX-POOLED-MEAN-REVERSION-EDGE,wf_01,oos,VND,securities,2023-02-07,2023-02-08,2023-02-08,downside_touch,0,14600,14162,15038,14162,0.03,False,False,-50930,-0.03481462391934874,-58158,-0.039674353495911,-1.3325951857435587,-0.012459410332888499,-0.05100780119498841,-0.0005903839102781305,0.013134900360149995,-0.38247237575457455,-0.13846094656426344,-0.06264479986653688,0.047453127592500415,25.625914354965143,0.8811793809200266,0.3614457831325301,101791.49683758274,False,
TRIAL6-HSX-POOLED-MEAN-REVERSION-EDGE,wf_01,oos,VND,securities,2023-02-08,2023-02-09,2023-02-10,downside_touch,1,14600,14162,15038,14162,0.03,False,False,-50930,-0.03481462391934874,-58158,-0.039674353495911,-0.7641862096933957,0.0019176457047567416,-0.02920833741037388,-0.0006231068825905314,0.013076577066361351,-0.3775231028530105,-0.051552938942970084,-0.01599918138314553,0.04664057403783431,25.625914354965143,0.6790005690078664,0.3614457831325301,46750.65840705509,False,
TRIAL6-HSX-POOLED-MEAN-REVERSION-EDGE,wf_01,oos,MWG,consumer_retail,2023-02-09,2023-02-10,2023-02-10,downside_touch,0,44000,42680,45320,42680,0.03,False,False,-153568,-0.03483213017229393,-175231,-0.0396664442992177,-1.8236929574066612,-0.004526122704790253,-0.10359397041909152,4.565252936191528e-05,0.015255282292234669,0.1844977089443011,-0.1239295716667782,-0.02240157019774098,0.03235930735930736,24.825418751153347,0.4930661019117555,0.3614457831325301,-3867.845408021385,False,
TRIAL6-HSX-POOLED-MEAN-REVERSION-EDGE,wf_01,oos,MWG,consumer_retail,2023-02-10,2023-02-13,2023-02-15,target,2,42100,43363,43363,40837,0.03,False,True,104847,0.024854578185471425,83497,0.019753986604186622,-1.8522681722943297,-0.03544704784428822,-0.1095714401836996,-0.0005357030295615614,0.0171163602343694,0.1941840597086394,-0.12502722151192303,-0.017427652144248525,0.03568600837009388,24.817816252979163,0.695222790131688,0.3614457831325301,51166.97010369559,True,1
TRIAL6-HSX-POOLED-MEAN-REVERSION-EDGE,wf_01,oos,VND,securities,2023-02-10,2023-02-13,2023-02-13,downside_touch,0,13800,13386,14214,13386,0.03,False,False,-48216,-0.03486911426403938,-54931,-0.03964579977250813,-1.0710783457455693,-0.01316470038324499,-0.04112755141298674,-0.0009471012735921129,0.013220813638791925,-0.36675999312478486,-0.0735488273772148,-0.02314747371477166,0.04727891156462585,25.625914354965143,0.7975966930832966,0.3614457831325301,79037.07873956056,False,
TRIAL6-HSX-POOLED-MEAN-REVERSION-EDGE,wf_01,oos,MWG,consumer_retail,2023-02-13,2023-02-14,2023-02-20,target,4,42800,44084,44084,41516,0.03,False,True,106662,0.024871500047918597,84827,0.019740279203463315,-1.04186228912764,0.02365717260586246,-0.060344747638734014,-0.0006819945320826316,0.015529360099498122,0.14249943861136713,-0.10192770750363433,-0.0477727970986758,0.035686274509803925,24.81481319898256,0.5598026877056734,0.3614457831325301,14300.416643513381,False,
TRIAL6-HSX-POOLED-MEAN-REVERSION-EDGE,wf_01,oos,VPB,banks,2023-02-13,2023-02-14,2023-02-16,target,2,17000,17510,17510,16490,0.03,False,True,42374,0.024876845700034813,33649,0.01971461297570607,-1.050117495616585,-0.01703205464478942,-0.03549439731429126,-0.0002680207649743592,0.012555807148042674,0.04940113132683683,-0.08329342075860191,-0.0498432734036794,0.035574229691876756,25.86386685547126,0.10637047131047103,0.3614457831325301,-109141.24930438769,False,
TRIAL6-HSX-POOLED-MEAN-REVERSION-EDGE,wf_02,oos,MBB,banks,2023-03-01,2023-03-02,2023-03-03,downside_touch,1,17650,17150,18150,17150,0.028328611898016998,False,False,-58734,-0.033210275768440684,-67367,-0.03801534902093561,-0.9239330144804593,-0.0004561346742772872,-0.014689218334458552,-4.338929181488896e-05,0.005326922953868286,-0.436242440182133,-0.032508163501004494,-0.018441858886305305,0.028328611898016998,25.021797575014435,0.32034791678190616,0.3884297520661157,-46437.20395522239,False,
TRIAL6-HSX-POOLED-MEAN-REVERSION-EDGE,wf_02,oos,MWG,consumer_retail,2023-03-01,2023-03-02,2023-03-03,downside_touch,1,40800,39576,42024,39576,0.03,False,False,-142412,-0.034835546777824446,-162520,-0.03967432486270711,-0.8291348315109341,0.0015046299895985354,-0.0390951149338148,-0.00010674654690518619,0.01621139795882039,-0.21833829995219525,-0.05128066216430949,-0.016356025701493637,0.037056489262371616,24.64954986881481,0.48286883001595193,0.3884297520661157,-6519.800269232619,False,
TRIAL6-HSX-POOLED-MEAN-REVERSION-EDGE,wf_02,oos,MWG,consumer_retail,2023-03-02,2023-03-03,2023-03-08,downside_gap,3,40300,39000,41509,39091,0.03,True,False,-149793,-0.03709539856881345,-169482,-0.04188772304801016,-1.3008536785186897,-0.008130590905274807,-0.04304264000748219,0.0008909753838764402,0.016335506920922026,-0.07100612011834347,-0.06353556412509376,-0.02784562325616053,0.036984520855488597,24.62455483852991,0.2868481485503511,0.3884297520661157,-54665.21440185547,False,
TRIAL6-HSX-POOLED-MEAN-REVERSION-EDGE,wf_02,oos,FPT,technology,2023-03-03,2023-03-06,2023-03-06,target,0,78100,79303,79303,76897,0.015407946618137703,False,True,80864,0.010333237451698722,41535,0.005296985060933501,-1.3322339800805294,-0.012455566894322735,-0.0185861910304191,-0.0005812632667905386,0.004363478527239904,0.09128611290613171,-0.028658638911198242,-0.026505937674831163,0.015407946618137703,24.340174149641435,0.4111627050546724,0.3884297520661157,-24131.824961189654,False,
TRIAL6-HSX-POOLED-MEAN-REVERSION-EDGE,wf_02,oos,MWG,consumer_retail,2023-03-03,2023-03-06,2023-03-08,downside_touch,2,39950,38752,41148,38752,0.03,False,False,-139379,-0.034818670815559144,-159054,-0.03965447992107698,-1.5606318809083368,-0.010338997957657288,-0.04826368751533695,0.0005050963463289805,0.014856797653539547,-0.18989463333598922,-0.06493783777042816,-0.022474915579361175,0.03335750543872371,24.59467682580739,0.33395040955652666,0.3884297520661157,-43096.24195583744,False,
TRIAL6-HSX-POOLED-MEAN-REVERSION-EDGE,wf_02,oos,FPT,technology,2023-03-06,2023-03-07,2023-03-09,target,2,79100,80314,80314,77886,0.015345268542199489,False,True,81461,0.010277860944241964,41629,0.005241855160146741,-2.141657284734881,-0.006020445814164525,-0.029533908458205867,-0.0006633869108538235,0.004527104646034761,0.20301907613812695,-0.02629217615027246,0.009242170724519484,0.015345268542199489,24.32234502874278,0.39837883871764235,0.3884297520661157,-27271.720886510273,False,
TRIAL6-HSX-POOLED-MEAN-REVERSION-EDGE,wf_02,oos,MWG,consumer_retail,2023-03-06,2023-03-07,2023-03-08,downside_touch,1,40000,38800,41200,38800,0.03,False,False,-139598,-0.03482981424914103,-159292,-0.03966422411088413,-1.1113162558870884,-0.003987877918255339,-0.033288306115061894,0.0003042368002952403,0.014106214765225576,-0.16499091302205987,-0.02693308717660392,0.009313383060778531,0.03299492385786802,24.570706160261903,0.3545395057730392,0.3884297520661157,-38039.27267816267,False,
TRIAL6-HSX-POOLED-MEAN-REVERSION-EDGE,wf_02,oos,VCB,banks,2023-03-06,2023-03-07,2023-03-17,downside_touch,8,91500,89130,93870,89130,0.02590266875981162,False,False,-282103,-0.030769282787752452,-326997,-0.03559508617845363,-0.7829204403676997,-0.0009253004319752737,-0.022225780137421,4.146249768882175e-05,0.010102776815368177,-0.48269401744107776,-0.01923195407718503,0.008457701605287546,0.02590266875981162,24.717103364073548,0.3090279443409506,0.3884297520661157,-49217.54711628483,False,
TRIAL6-HSX-POOLED-MEAN-REVERSION-EDGE,wf_02,oos,FPT,technology,2023-03-07,2023-03-08,2023-03-09,target,1,78500,79686,79686,77314,0.015107565868987188,False,True,79007,0.0100445212563286,39424,0.005002174113571328,-2.623085013465399,0.002163860665704431,-0.03028738894910822,-0.0003929316717905977,0.00452629481545859,0.16485046091280078,-0.021110201904079307,0.026209449300543194,0.015107565868987188,24.321295100700613,0.3068328415934562,0.3884297520661157,-49756.694975845356,False,
TRIAL6-HSX-POOLED-MEAN-REVERSION-EDGE,wf_02,oos,MBB,banks,2023-03-07,2023-03-08,2023-03-09,target,1,17300,17752,17752,16848,0.026135741652983033,False,True,36369,0.020980146478561244,27638,0.015912303276824448,-0.8712277732922216,-0.010114557807774503,-0.01359170770259972,-6.923718372691626e-05,0.005920275505882073,-0.35755992584758767,0.009182986262079473,0.022843539504303324,0.026135741652983033,24.93944432997001,0.26614788279002916,0.3884297520661157,-59749.48847046158,False,
TRIAL6-HSX-POOLED-MEAN-REVERSION-EDGE,wf_02,oos,MWG,consumer_retail,2023-03-07,2023-03-08,2023-03-09,target,1,39000,40170,40170,37830,0.03,False,True,97110,0.024849962370641885,77323,0.019747360055082066,-0.7961134913727941,-0.003173424587294303,-0.023860534767008727,0.00032126420244597516,0.0139583413559009,-0.18490086488239293,-0.006973194966288676,0.024638670751899787,0.03214585582343769,24.52022394672628,0.3517104985374951,0.3884297520661157,-38734.11632384892,False,
TRIAL6-HSX-POOLED-MEAN-REVERSION-EDGE,wf_02,oos,VCB,banks,2023-03-07,2023-03-08,2023-03-09,target,1,91000,93155,93155,88845,0.02367998341882999,False,True,169266,0.018563416231852207,123242,0.013489080578217284,-1.0882242530393071,0.004193177629515764,-0.02635388344331205,-0.00034291667413234513,0.007391939092426062,-0.4010407837018619,-0.016884947635350978,0.02573997660401782,0.02367998341882999,24.71359638397932,0.3886903201225022,0.3884297520661157,-29651.356221960807,False,
TRIAL6-HSX-POOLED-MEAN-REVERSION-EDGE,wf_02,oos,FPT,technology,2023-03-08,2023-03-09,2023-03-09,target,0,79500,80692,80692,78308,0.015,False,True,79106,0.009930540447814575,39021,0.004888762823903559,-1.4298634078502264,0.004217716994553161,-0.016615549047812782,-0.00027348823552811254,0.004505076607417614,0.22935759616733942,-0.01222695317311484,0.013282067716635551,0.014734950584007186,24.308912232981175,0.3336995184262532,0.3884297520661157,-43157.86431771732,False,
TRIAL6-HSX-POOLED-MEAN-REVERSION-EDGE,wf_02,oos,MBB,banks,2023-03-08,2023-03-09,2023-03-23,time_exit,10,17650,17400,18101,17199,0.02556818181818182,False,False,-33797,-0.019110016177103378,-42492,-0.02397833079397325,-0.9603984394867361,-0.001815189250363754,-0.014254315914401246,-0.0001933186981488595,0.005470698630868682,-0.24259569878399573,-0.0025111666614586747,0.012202535882007086,0.02556818181818182,24.93944432997001,0.27603227192160323,0.3884297520661157,-57321.74459859293,False,
TRIAL6-HSX-POOLED-MEAN-REVERSION-EDGE,wf_02,oos,MWG,consumer_retail,2023-03-08,2023-03-09,2023-03-14,downside_touch,3,39600,38412,40788,38412,0.03,False,False,-138241,-0.03483946215961268,-157679,-0.039658773427447225,-1.6289507213832555,-0.017256911517479066,-0.04411653877523358,-0.00029878393463954897,0.012366042005451893,-0.22036883408553484,-0.034529870029261,0.015760169589540678,0.030879864636209817,24.5015040462175,0.5190143367189117,0.3884297520661157,2358.040457756615,True,1
TRIAL6-HSX-POOLED-MEAN-REVERSION-EDGE,wf_02,oos,MWG,consumer_retail,2023-03-09,2023-03-10,2023-03-14,downside_touch,2,39900,38703,41097,38703,0.03,False,False,-139259,-0.03483227063212796,-158914,-0.03966917474916263,-0.8628509325761835,0.011469855379264544,-0.02426387095102453,-7.550202416874067e-05,0.012150558286784253,-0.3051276734780875,-0.0070465416725377095,0.02733055564033497,0.03,24.5015040462175,0.42581995735634015,0.3884297520661157,-20531.799306580506,False,
TRIAL6-HSX-POOLED-MEAN-REVERSION-EDGE,wf_02,oos,TCB,banks,2023-03-10,2023-03-13,2023-03-15,target,2,26550,27279,27279,25821,0.02744891695167938,False,True,59400,0.022328443128628372,45901,0.017219291338434986,-0.9459418129809641,-0.0180081518788282,-0.02330385892033145,-0.00047948637987626374,0.008222879996573493,-0.4568344072274054,0.013562699697820535,0.03586313572479412,0.02744891695167938,24.523185422123653,0.5363258595124906,0.3884297520661157,6609.991975991987,True,1
TRIAL6-HSX-POOLED-MEAN-REVERSION-EDGE,wf_02,oos,MBB,banks,2023-03-13,2023-03-14,2023-03-24,target,8,17500,17938,17938,17062,0.025034013605442176,False,True,34892,0.019898193696586193,26085,0.014846709221351714,-1.103327943548054,-0.01623539404474216,-0.017160566277779444,3.789394006309283e-05,0.006496134924444735,-0.45488508835883296,0.011744740251710684,0.030959838072377493,0.025034013605442176,24.929872667841085,0.22515788095946362,0.3884297520661157,-69817.20478832301,False,
TRIAL6-HSX-POOLED-MEAN-REVERSION-EDGE,wf_02,oos,MWG,consumer_retail,2023-03-13,2023-03-14,2023-03-20,downside_touch,4,39300,38222,40378,38222,0.027435339618080735,False,False,-127148,-0.032288291875513284,-146394,-0.03710214304070607,-1.0126483730877605,-0.009873081209424659,-0.019821379625117583,-0.00029001186333042837,0.009082084972471479,-0.08282940923457441,0.0002309330843953683,0.03223914997985697,0.027435339618080735,24.474469996327375,0.4863386176509538,0.3884297520661157,-5667.572017650207,False,
TRIAL6-HSX-POOLED-MEAN-REVERSION-EDGE,wf_02,oos,TCB,banks,2023-03-13,2023-03-14,2023-03-15,target,1,26650,27390,27390,25910,0.027770360480640854,False,True,60457,0.0226405357602276,46915,0.01753370983251878,-1.9587057723061714,-0.017172065434637614,-0.05105588577808132,-0.000719453210734376,0.009070527003974973,-0.2592115059547567,-0.016095638445715932,0.03405321348320267,0.027770360480640854,24.523185422123653,0.5615810377493811,0.3884297520661157,12813.016096289597,False,
TRIAL6-HSX-POOLED-MEAN-REVERSION-EDGE,wf_02,oos,HPG,materials,2023-03-14,2023-03-15,2023-03-20,downside_touch,3,20800,20176,21424,20176,0.03,False,False,-72564,-0.03481753947225738,-82824,-0.039660094639489815,-1.6128172651299713,-0.019988908825929783,-0.04080939277598576,-0.00031059529299356137,0.007611220458202068,-0.25856508637182746,-0.03784804567966382,0.002221980424273055,0.03495191179920244,26.044262864627488,0.09447181568955403,0.3884297520661157,-101915.52567334114,False,
TRIAL6-HSX-POOLED-MEAN-REVERSION-EDGE,wf_02,oos,MWG,consumer_retail,2023-03-14,2023-03-15,2023-03-20,downside_touch,3,39600,38476,40724,38476,0.028374043918085366,False,False,-131858,-0.03323082009998631,-151311,-0.0380571202638301,-1.46478992644239,-0.010371511673032869,-0.028392567303704586,-0.0003357474942679977,0.009237270371736621,-0.08346995987952079,-0.027687848641492874,0.0010930696422540593,0.028374043918085366,24.46843641919453,0.5059413688921065,0.3884297520661157,-852.8628268258544,False,
TRIAL6-HSX-POOLED-MEAN-REVERSION-EDGE,wf_02,oos,SSI,securities,2023-03-14,2023-03-15,2023-03-15,target,0,19650,20240,20240,19060,0.03,False,True,48994,0.024883326079040136,38989,0.01976226886194492,-0.807374040106433,-0.007942032550919454,-0.017428458951159534,-1.3642352713681618e-05,0.006045400106724085,-0.18830014853714958,-0.017491552019764933,-3.9852204604600566e-05,0.03487064116985377,25.50278782207802,0.21361591435715868,0.3884297520661157,-72652.07281254418,False,
TRIAL6-HSX-POOLED-MEAN-REVERSION-EDGE,wf_02,oos,TCB,banks,2023-03-14,2023-03-15,2023-03-23,downside_touch,6,26800,26048,27552,26048,0.028064457722252398,False,False,-88331,-0.03289400675226286,-101559,-0.03774377979654728,-1.188860032889775,-0.000837015762745117,-0.03052266253771388,-0.0006099542754785693,0.009020330575438973,-0.2772660881270299,-0.029241597764022687,0.0012657084336462612,0.028064457722252398,24.521845358478448,0.5707662927284705,0.3884297520661157,15069.042866401614,False,
TRIAL6-HSX-POOLED-MEAN-REVERSION-EDGE,wf_02,oos,HPG,materials,2023-03-15,2023-03-16,2023-03-20,downside_touch,2,21000,20370,21630,20370,0.03,False,False,-73242,-0.03480832183226307,-83581,-0.039641795745221746,-0.8100858323545856,0.004965688488735277,-0.020667342030205864,-0.00029524724972899286,0.007580403390528464,-0.23598553171187744,0.006673701571287549,0.019929919300679243,0.03409344958640733,26.044262864627488,0.06427568438112635,0.3884297520661157,-109332.11680126472,False,
TRIAL6-HSX-POOLED-MEAN-REVERSION-EDGE,wf_02,oos,TCB,banks,2023-03-15,2023-03-16,2023-03-21,downside_touch,3,26900,26161,27639,26161,0.027485994397759103,False,False,-87074,-0.03230542229042231,-100345,-0.03715410892713137,-0.9221047827261029,0.0012394349010168976,-0.022735970475187654,-0.00040055096963972014,0.008896159111085974,-0.3402753638655738,-0.0024011392453689995,0.020938234946974416,0.027485994397759103,24.512291711920877,0.49921868882270215,0.3884297520661157,-2504.0468427298256,False,
TRIAL6-HSX-POOLED-MEAN-REVERSION-EDGE,wf_02,oos,VCB,banks,2023-03-15,2023-03-16,2023-03-17,downside_touch,1,91000,89265,92735,89265,0.01906845889340419,False,False,-218562,-0.023969712632578792,-263415,-0.02883129258297582,-0.8743849448475601,-0.007933022134817926,-0.01573692636131881,-0.00024215636176167215,0.006856897339377508,-0.35168191847848784,-0.008584164226154711,0.021625237722617274,0.01906845889340419,24.64897476147912,0.31099013471901377,0.3884297520661157,-48735.60578411229,False,
TRIAL6-HSX-POOLED-MEAN-REVERSION-EDGE,wf_02,oos,FPT,technology,2023-03-16,2023-03-17,2023-03-20,downside_touch,1,79600,78293,80907,78293,0.016414141414141416,False,False,-170109,-0.02132775221898443,-209511,-0.026215404989849728,-1.1007475311397261,-0.011107725148455656,-0.017007692214510362,-9.874399753633339e-05,0.005855682547100915,0.021874423952335992,-0.01700707051116368,1.616344164807838e-06,0.016414141414141416,24.25778679797474,0.3850504466925541,0.3884297520661157,-30545.35991771846,False,
TRIAL6-HSX-POOLED-MEAN-REVERSION-EDGE,wf_02,oos,MBB,banks,2023-03-16,2023-03-17,2023-03-21,downside_touch,2,17700,17253,18147,17253,0.0252421885659708,False,False,-53467,-0.03014677856239104,-62133,-0.03496284708642941,-1.2640370990833578,-0.00749644179632117,-0.019009352921875392,-0.00013181894252301636,0.006110055461297581,-0.42189495842501024,-0.018815553367237503,0.00020255888372856714,0.0252421885659708,24.892940945102826,0.2846919310258477,0.3884297520661157,-55194.81150814577,False,
TRIAL6-HSX-POOLED-MEAN-REVERSION-EDGE,wf_02,oos,TCB,banks,2023-03-16,2023-03-17,2023-03-23,downside_touch,4,26800,26058,27542,26058,0.027681352914997775,False,False,-87333,-0.032522356722955385,-100564,-0.03737399414586576,-1.607305861970428,-0.0038330300609803712,-0.03945159501804113,-0.0003538148610187879,0.00894236933540319,-0.34944682087442486,-0.037260275207446125,0.002251972421529521,0.027681352914997775,24.502256753648524,0.5284884974090164,0.3884297520661157,4685.026501135668,False,
TRIAL6-HSX-POOLED-MEAN-REVERSION-EDGE,wf_02,oos,VCB,banks,2023-03-16,2023-03-17,2023-03-17,downside_touch,0,91000,89281,92719,89281,0.01889063317634746,False,False,-216966,-0.02379467918046179,-261823,-0.028657045035220003,-1.2741903511899706,0.0004092369597487322,-0.021808657957692212,-0.0003925907820891062,0.0062914194330071505,-0.29492435800397504,-0.02163732142888697,0.0005160886683562836,0.01889063317634746,24.641400726699636,0.30469945755512534,0.3884297520661157,-50280.68385937238,False,
TRIAL6-HSX-POOLED-MEAN-REVERSION-EDGE,wf_02,oos,HPG,materials,2023-03-17,2023-03-20,2023-03-29,target,7,20400,21012,21012,19788,0.03,False,True,50788,0.024846604457203353,40479,0.01976392077440548,-1.8580701550267502,-0.019538479057658945,-0.050069125353859385,-0.0007212824080758968,0.008543049551470226,-0.21886019525108336,-0.04075277393711785,0.00661521313064265,0.035247432306255835,26.060573409313722,0.11166213783318675,0.3884297520661157,-97693.34272565234,False,
TRIAL6-HSX-POOLED-MEAN-REVERSION-EDGE,wf_02,oos,MBB,banks,2023-03-17,2023-03-20,2023-03-28,target,6,17600,18042,18042,17158,0.025105744303452037,False,True,35251,0.01998876124796645,26303,0.014884965918447613,-1.2817805891122707,0.003585013553239049,-0.01960647781821389,-9.225605067763035e-05,0.006027742622542742,-0.3976859904089052,-0.016006564603192608,0.0038656343157620725,0.025105744303452037,24.85702704665105,0.27688438484867267,0.3884297520661157,-57112.453775528855,False,
TRIAL6-HSX-POOLED-MEAN-REVERSION-EDGE,wf_02,oos,TCB,banks,2023-03-17,2023-03-20,2023-03-28,target,6,26500,27222,27222,25778,0.027249173590637003,False,True,58721,0.022114830204155726,45345,0.017043417207969154,-0.8789978785424584,-0.0004156051355698378,-0.021530523764432263,-0.00029999275226801,0.008929840991689877,-0.34804995640361136,-0.017617298000426773,0.004044604693232531,0.027249173590637003,24.496219630006554,0.5060730382430055,0.3884297520661157,-820.5229972721063,False,
TRIAL6-HSX-POOLED-MEAN-REVERSION-EDGE,wf_02,oos,VCB,banks,2023-03-17,2023-03-20,2023-03-20,downside_touch,0,89000,87267,90733,87267,0.01947565543071161,False,False,-217262,-0.024362852676967986,-261217,-0.029233203221217717,-1.8605071453948054,-0.021508159841879614,-0.03589330382241463,-0.0005520745035642492,0.007924753528546165,-0.31254525225699553,-0.0339379240520703,0.005858007587859591,0.01947565543071161,24.641400726699636,0.32976804423719214,0.3884297520661157,-44123.48922815454,False,
TRIAL6-HSX-POOLED-MEAN-REVERSION-EDGE,wf_02,oos,HPG,materials,2023-03-20,2023-03-21,2023-03-27,target,4,20200,20806,20806,19594,0.03,False,True,50369,0.02488547611895464,40041,0.019743440302238683,-1.0629934547334772,0.009393495351106174,-0.0286716336938897,-0.0006891132901817813,0.008307878310190708,-0.27375760363776136,-0.05097094571287042,-0.016080907271136154,0.03654761904761905,26.044999587417202,0.13679381185443754,0.3884297520661157,-91520.65296377367,False,
TRIAL6-HSX-POOLED-MEAN-REVERSION-EDGE,wf_02,oos,MWG,consumer_retail,2023-03-20,2023-03-21,2023-03-21,downside_touch,0,38800,37636,39964,37636,0.03,False,False,-135428,-0.03483478632608342,-154551,-0.03967370991325491,-0.8988258870860762,-0.019580429184147215,-0.01947257528209793,8.427605753376823e-05,0.01005333113983533,-0.3024307386112183,-0.03203006233397343,-0.01818544986879137,0.031621047369078864,24.407012767164872,0.5664061020717442,0.3884297520661157,13998.119210307115,False,
TRIAL6-HSX-POOLED-MEAN-REVERSION-EDGE,wf_02,oos,VCB,banks,2023-03-20,2023-03-21,2023-03-21,target,0,85400,87288,87288,83512,0.02210284818980471,False,True,145473,0.01700023699573548,102354,0.011937515409697945,-2.5431666081407944,-0.037174743309437146,-0.06620081523859772,-0.0011280144365307344,0.011473711592200652,0.24183350940799045,-0.07124349079071535,-0.013828402262486718,0.02210284818980471,24.635059616104222,0.41262464896453593,0.3884297520661157,-23772.751140749962,False,
TRIAL6-HSX-POOLED-MEAN-REVERSION-EDGE,wf_02,oos,VCB,banks,2023-03-21,2023-03-22,2023-03-22,target,0,86600,88631,88631,84569,0.023451692815854668,False,True,159257,0.01835329807811097,115223,0.013252086959582072,-2.100886957010381,0.011377286083595898,-0.05559376894909324,-0.0007315727296731773,0.011467769586179592,-0.06850601098555807,-0.049327776073860186,0.01696477728599382,0.023451692815854668,24.635059616104222,0.35657055372507696,0.3884297520661157,-37540.41896516181,False,
TRIAL6-HSX-POOLED-MEAN-REVERSION-EDGE,wf_02,oos,FPT,technology,2023-03-22,2023-03-23,2023-04-03,target,7,78400,79736,79736,77064,0.017045799211404308,False,True,94010,0.01196715848153422,54429,0.006914830163035711,-1.0732864036753205,0.003914348893051974,-0.017018048032147712,8.180797646555402e-05,0.006219815412280303,0.0010527275067253477,-0.024830901942047734,-0.01987834355126322,0.017045799211404308,24.21041153074493,0.3524129745614873,0.3884297520661157,-38561.57841182621,False,
TRIAL6-HSX-POOLED-MEAN-REVERSION-EDGE,wf_02,oos,HPG,materials,2023-03-22,2023-03-23,2023-03-27,target,2,20200,20806,20806,19594,0.03,False,True,50369,0.02488547611895464,40041,0.019743440302238683,-0.9163810328972558,-0.013393154943151473,-0.023497337198747907,-0.0005200822464917582,0.00883725294222806,-0.38412272516392626,-0.0471523008387682,-0.017398188118294276,0.03495191179920244,26.03513689828831,0.11733964256010218,0.3884297520661157,-96298.86835553219,False,
TRIAL6-HSX-POOLED-MEAN-REVERSION-EDGE,wf_02,oos,MWG,consumer_retail,2023-03-22,2023-03-23,2023-03-28,target,3,37600,38728,38728,36472,0.03,False,True,93680,0.024865011494228467,74464,0.019725087421733675,-1.9705043727585139,-0.017944223465459506,-0.039967042310256065,0.0001234200359875637,0.010242387182251627,-0.3268625218253832,-0.05178195047954026,-0.016883782602652934,0.031118639814291988,24.362014610049563,0.5378508036985477,0.3884297520661157,6984.539543207429,True,2
TRIAL6-HSX-POOLED-MEAN-REVERSION-EDGE,wf_02,oos,TCB,banks,2023-03-22,2023-03-23,2023-03-28,target,3,26200,26890,26890,25510,0.026354053071610324,False,True,55748,0.021235456523461545,42400,0.016118804714598315,-0.7849331708724024,-0.009742326575966674,-0.01963637448145585,-0.0005564324084001589,0.00919953686718411,-0.305180237194184,-0.03717489207807734,-0.018506789091704372,0.026354053071610324,24.463712963427817,0.5812813474519398,0.3884297520661157,17651.687006313274,True,1
TRIAL6-HSX-POOLED-MEAN-REVERSION-EDGE,wf_02,oos,FPT,technology,2023-03-23,2023-03-24,2023-04-03,target,6,78300,79648,79648,76952,0.017216117216117217,False,True,95247,0.01214010156709749,55703,0.007085712017827047,-0.9523933255105324,-0.009257956070398844,-0.015281547267603083,-0.00011163517365416242,0.006343151863643842,-0.022892910259756333,-0.015051260370658737,0.0005866267816185817,0.017216117216117217,24.21041153074493,0.42490499521441205,0.3884297520661157,-20756.526773648977,False,
TRIAL6-HSX-POOLED-MEAN-REVERSION-EDGE,wf_02,oos,HPG,materials,2023-03-23,2023-03-24,2023-03-29,target,3,20450,21064,21064,19836,0.03,False,True,50968,0.02487373534029357,40637,0.019792600703020396,-0.9058885989279163,-0.0033599818104153942,-0.022808275915268426,-0.0003961377591671548,0.00886997487900597,-0.35591024637287727,-0.021099431901003607,0.0012586458405457902,0.03349673202614379,26.01889470521954,0.07746046515914169,0.3884297520661157,-106093.75069591682,False,
TRIAL6-HSX-POOLED-MEAN-REVERSION-EDGE,wf_02,oos,MWG,consumer_retail,2023-03-23,2023-03-24,2023-03-28,target,2,37600,38725,38725,36475,0.029919375157470396,False,True,93380,0.024785384002252928,74166,0.01964614892727089,-2.124213856865545,-0.008909920312684696,-0.04314013182833656,0.00011545933329458967,0.010396182732054147,-0.2797958136484655,-0.0407345196495007,0.003440322257045469,0.029919375157470396,24.354901300029365,0.4856822312303579,0.3884297520661157,-5828.789680063892,False,
TRIAL6-HSX-POOLED-MEAN-REVERSION-EDGE,wf_02,oos,TCB,banks,2023-03-23,2023-03-24,2023-03-28,target,2,26400,27089,27089,25711,0.02608142493638677,False,True,55469,0.020969189441348342,42141,0.015899096330995184,-0.9089356283723369,-0.006300838420711391,-0.021773918242094036,-0.00039041874012354656,0.009306264221267926,-0.299241663012849,-0.02063077443101846,0.0012065727883252175,0.02608142493638677,24.45682834209933,0.5118962823798191,0.3884297520661157,609.7470051891214,False,
TRIAL6-HSX-POOLED-MEAN-REVERSION-EDGE,wf_02,oos,MWG,consumer_retail,2023-03-24,2023-03-27,2023-03-28,target,1,38000,39111,39111,36889,0.02923646401907272,False,True,91724,0.024089696326008776,72453,0.01899056172777862,-2.2030346280896778,0.0005056993611258576,-0.04532920308923839,0.00022121757190272495,0.010311405389630837,-0.2848703926503242,-0.036766265681246746,0.012238972829549583,0.02923646401907272,24.34790379247388,0.4423473153136816,0.3884297520661157,-16472.449612329263,False,
TRIAL6-HSX-POOLED-MEAN-REVERSION-EDGE,wf_02,oos,MWG,consumer_retail,2023-03-27,2023-03-28,2023-03-28,target,0,38200,39267,39267,37133,0.027934008248968877,False,True,87255,0.02279607266422878,67915,0.017708005509910512,-1.5056051773686756,-0.0032577691356780432,-0.029148441268902578,4.27615940388186e-05,0.009337008488023199,-0.3784281312765063,0.0001812273465817693,0.04198767362245247,0.027934008248968877,24.34790379247388,0.4826397516661983,0.3884297520661157,-6576.065107897819,False,
TRIAL6-HSX-POOLED-MEAN-REVERSION-EDGE,wf_02,oos,TCB,banks,2023-03-27,2023-03-28,2023-03-28,target,0,26700,27343,27343,26057,0.02407906558849955,False,True,50761,0.01897389720133054,37224,0.013885832079316063,-1.3494510973869163,-0.008194116931582044,-0.029585939095854785,-5.9780334610978384e-05,0.009441226542825646,-0.1828618668218756,0.009549268090096708,0.04094678020650636,0.02407906558849955,24.431532145660526,0.34863416568226485,0.3884297520661157,-39489.706592270886,False,
TRIAL6-HSX-POOLED-MEAN-REVERSION-EDGE,wf_02,oos,HPG,materials,2023-03-28,2023-03-29,2023-04-05,target,5,20700,21300,21300,20100,0.028985507246376812,False,True,49472,0.02385220427499848,38944,0.0187382476966929,-0.9936497275407639,-0.010610317590206605,-0.025958795671293836,-0.00048449690212755886,0.009191684986897854,-0.3648974640669146,0.01239129587876353,0.028905029788393995,0.028985507246376812,25.996559121599194,0.046410604587572124,0.3884297520661157,-113720.02964159407,False,
TRIAL6-HSX-POOLED-MEAN-REVERSION-EDGE,wf_02,oos,VND,securities,2023-03-30,2023-03-31,2023-04-03,target,1,15250,15708,15708,14792,0.03,False,True,37986,0.02485849973398146,30274,0.019772970713483294,-1.2011155592253098,-0.00853707732853514,-0.03157903652568142,-0.0005446060622767432,0.007334994639210876,-0.07706169044519874,0.006855733682378018,0.02161800360093978,0.0351288056206089,25.41642927189671,0.24058492356767874,0.3884297520661157,-66028.10789476652,False,
TRIAL6-HSX-POOLED-MEAN-REVERSION-EDGE,wf_02,oos,VND,securities,2023-03-31,2023-04-03,2023-04-06,target,3,15950,16428,16428,15472,0.03,False,True,39701,0.02484116446438918,31604,0.01973535491042157,-1.0136874841017862,0.008000574839637077,-0.026526249374495235,-0.0003644369428798882,0.007328951857498847,-0.10280105982674698,0.013348186206318946,0.021947808738573035,0.034562211981566816,25.419431087825615,0.19040959861564785,0.3884297520661157,-78351.86771945817,False,
TRIAL6-HSX-POOLED-MEAN-REVERSION-EDGE,wf_02,oos,HPG,materials,2023-04-03,2023-04-04,2023-04-06,target,2,21150,21690,21690,20610,0.02551020408163265,False,True,43206,0.020387170323422077,32515,0.015312338264457244,-1.2525423285373722,-0.013234367646418756,-0.030290653500471682,-0.00022324513831267613,0.009667614553710924,-0.3320064373032198,0.009638610182088447,0.029613568256557428,0.02551020408163265,25.996559121599194,0.025583272007153286,0.3884297520661157,-118835.51309397715,False,
TRIAL6-HSX-POOLED-MEAN-REVERSION-EDGE,wf_02,oos,VND,securities,2023-04-03,2023-04-04,2023-04-04,target,0,15900,16377,16377,15423,0.03,False,True,39622,0.024869663680198044,31545,0.019760394644115574,-0.7947200480464884,-0.001702575165950737,-0.02045207772809536,-0.0002612275374653516,0.007338873420548649,-0.1090258777299011,0.02935071625059482,0.027423334248945608,0.033093740640910446,25.42286224398056,0.152615626941149,0.3884297520661157,-87634.59444186623,False,
TRIAL6-HSX-POOLED-MEAN-REVERSION-EDGE,wf_02,oos,HPG,materials,2023-04-04,2023-04-05,2023-04-06,target,1,21100,21619,21619,20581,0.024599413225005643,False,True,41131,0.019454023545748954,30466,0.014381364365031561,-1.0676170909056937,-0.004646395743719533,-0.023144620081526922,0.00010037676917520397,0.009635656259037895,-0.2855759221561049,0.019208207251685483,0.03244809767332429,0.024599413225005643,25.982253844439413,0.017110002491221327,0.3884297520661157,-120916.66630113739,False,
TRIAL6-HSX-POOLED-MEAN-REVERSION-EDGE,wf_02,oos,VCB,banks,2023-04-06,2023-04-07,2023-04-11,downside_touch,2,91000,88814,93186,88814,0.024018379281537175,False,False,-263450,-0.028892583308410807,-308290,-0.03374295006133141,-0.7869501356404186,-0.003636520188881863,-0.026706510563736963,0.000318321426131242,0.012149671970852047,0.020263479296379915,-0.01601216592237298,0.022485302459817745,0.024018379281537175,24.55175830930338,0.24315496483765128,0.3884297520661157,-65396.86990316473,False,
TRIAL6-HSX-POOLED-MEAN-REVERSION-EDGE,wf_02,oos,PNJ,consumer_retail,2023-04-07,2023-04-10,2023-04-11,target,1,76600,78050,78050,75150,0.018923124805477747,False,True,106301,0.013849759019065844,67511,0.008778261233075832,-0.844302550926589,-0.004477673132026027,-0.02103189236866958,-0.00036046512530436684,0.008908960580112287,-0.3224235805450832,-0.015423352352644137,0.01730816234564858,0.018923124805477747,23.352352192638293,0.8602540586312957,0.3884297520661157,86171.27693431631,True,1
TRIAL6-HSX-POOLED-MEAN-REVERSION-EDGE,wf_02,oos,VCB,banks,2023-04-10,2023-04-11,2023-04-25,time_exit,10,89000,88300,91162,86838,0.02429106474050294,False,False,-114221,-0.01280826557619814,-158533,-0.017741676101744177,-1.2940221667011667,-0.014178958366973903,-0.045099741326099126,-0.00018468489043220278,0.012783980065544633,0.057555233262592743,-0.04157472595207057,0.007435978015042623,0.02429106474050294,24.537570826057138,0.34321730949415413,0.3884297520661157,-40820.16204484626,False,
TRIAL6-HSX-POOLED-MEAN-REVERSION-EDGE,wf_02,oos,VCB,banks,2023-04-11,2023-04-12,2023-04-26,time_exit,10,88300,89400,90479,86121,0.024673361408055285,False,False,65509,0.0074041112828578705,21129,0.002383332979896035,-1.2474031263636611,-0.011298401091376047,-0.04365829855896683,-0.0002275235087641178,0.013028537595061663,0.08823062291801798,-0.04194280034184206,0.003635286362315864,0.024673361408055285,24.53752296982343,0.34362355494946356,0.3884297520661157,-40720.38249332585,False,
TRIAL6-HSX-POOLED-MEAN-REVERSION-EDGE,wf_02,oos,VND,securities,2023-04-11,2023-04-12,2023-04-13,downside_touch,1,15900,15423,16377,15423,0.03,False,False,-55540,-0.034860964130992864,-63279,-0.03963918252290345,-0.7820875046853268,-0.007263399890943311,-0.019862341582069842,-0.0007784484605291036,0.007408228787073741,-0.02925291643471428,-0.018036838823158763,0.000979068415795499,0.03369272237196765,25.543853988613655,0.2514809009675971,0.3884297520661157,-63351.903831110976,False,
TRIAL6-HSX-POOLED-MEAN-REVERSION-EDGE,wf_02,oos,HPG,materials,2023-04-12,2023-04-13,2023-04-26,target,9,20800,21277,21277,20323,0.022948938611589215,False,True,37161,0.017830530074534983,26626,0.012749802954108179,-0.9740591942335897,0.006108110428721031,-0.02673693464816638,8.145309656158057e-05,0.010913903926212679,0.08251291204141889,-0.03511132231192038,-0.006714703469481085,0.022948938611589215,25.95910815193842,0.018323906125171388,0.3884297520661157,-120618.51463297334,False,
TRIAL6-HSX-POOLED-MEAN-REVERSION-EDGE,wf_02,oos,VCB,banks,2023-04-12,2023-04-13,2023-04-27,target,10,88300,90467,90467,86133,0.024537561343903357,False,True,171943,0.01943374355139646,127196,0.014347599115474282,-1.1226029735620267,0.004607886317885447,-0.03902697950856186,-0.00027533727440903527,0.012686074531832755,0.08608058350000644,-0.0418959700155086,-0.005960853724637951,0.024537561343903357,24.52496491824782,0.33518666388361823,0.3884297520661157,-42792.60064561417,False,
TRIAL6-HSX-POOLED-MEAN-REVERSION-EDGE,wf_02,oos,VND,securities,2023-04-12,2023-04-13,2023-04-13,downside_touch,0,15650,15180,16120,15180,0.03,False,False,-54742,-0.03490867258149576,-62383,-0.039701521033539106,-0.9779079882807328,-0.009535466566588895,-0.024733213913509154,-0.0007643160612003802,0.007708624489110918,-0.06497922941661617,-0.036904763351460645,-0.0065154322428655,0.03235653235653236,25.543853988613655,0.2490689203167743,0.3884297520661157,-63944.31992948128,False,
TRIAL6-HSX-POOLED-MEAN-REVERSION-EDGE,wf_02,oos,HPG,materials,2023-04-13,2023-04-14,2023-04-19,target,3,20550,21007,21007,20093,0.02223774595412737,False,True,35267,0.017127518838473806,24836,0.012037197246508093,-1.7440495816267751,-0.0036650209668447342,-0.04785745829993784,4.164792749043954e-05,0.010881843983861834,0.06597196252050835,-0.049569153637221586,-0.001370535049814485,0.02223774595412737,25.95910815193842,0.0186142032082628,0.3884297520661157,-120547.21361931281,False,
TRIAL6-HSX-POOLED-MEAN-REVERSION-EDGE,wf_02,oos,VCB,banks,2023-04-13,2023-04-14,2023-04-27,target,9,88300,90460,90460,86140,0.02445740200842242,False,True,171244,0.0193547395399367,126499,0.014268978116516095,-0.9112382885229041,0.0037106886927591905,-0.03173349407981216,-0.0001098511886170674,0.012687263003492358,0.11554665417073602,-0.033256485876081654,-0.0031830536899411454,0.02445740200842242,24.502148230528135,0.30846695803325963,0.3884297520661157,-49355.333180003065,False,
TRIAL6-HSX-POOLED-MEAN-REVERSION-EDGE,wf_02,oos,VND,securities,2023-04-13,2023-04-14,2023-04-17,downside_touch,1,15300,14841,15759,14841,0.03,False,False,-53404,-0.034834087363087504,-60907,-0.039650568259494534,-0.8830586400236811,-0.011758073967078557,-0.021651020986752,-0.0006825471838022608,0.008141787719891044,-0.20322115299095447,-0.02859517170853565,-0.003700977486335145,0.03352130325814536,25.561136659474123,0.2399339652500235,0.3884297520661157,-66187.99233936828,False,
TRIAL6-HSX-POOLED-MEAN-REVERSION-EDGE,wf_03,oos,MBB,banks,2023-05-05,2023-05-08,2023-05-10,target,2,18200,18473,18473,17927,0.015,False,True,18153,0.009954316415985471,9008,0.004929772091076007,-1.2125774430311185,-0.00270679838614237,-0.01563417597475455,-4.167147177332418e-05,0.003823924454381229,-0.07682239181020871,-0.008123001996391155,0.008529209850450137,0.014338332017890029,24.76324994972587,0.48754057631728304,0.4744897959183674,-16723.083133618376,False,
TRIAL6-HSX-POOLED-MEAN-REVERSION-EDGE,wf_03,oos,HPG,materials,2023-05-08,2023-05-09,2023-05-09,target,0,21600,22014,22014,21186,0.01917989417989418,False,True,30458,0.014072637318871047,19517,0.008999454508649704,-0.8243232816697863,-0.00921194385154793,-0.029389488623204396,0.00028685587643373107,0.009587417362837193,0.16906007236309958,-0.01807153234286396,0.010376995120114339,0.01917989417989418,25.832753575069223,0.27026307452972803,0.4744897959183674,-64553.44317083416,False,
TRIAL6-HSX-POOLED-MEAN-REVERSION-EDGE,wf_03,oos,MBB,banks,2023-05-08,2023-05-09,2023-05-11,target,2,18300,18574,18574,18026,0.015,False,True,18213,0.00993266966470082,8928,0.00485931763815827,-1.0108669709568907,-0.004728885052666401,-0.013241011117350387,-9.595922574127922e-05,0.003970133375015367,-0.0527081993886712,-0.0053151612335060605,0.008959620552407904,0.014220482713633398,24.76324994972587,0.4896098378843254,0.4744897959183674,-16267.566455874257,False,
TRIAL6-HSX-POOLED-MEAN-REVERSION-EDGE,wf_03,oos,TCB,banks,2023-05-08,2023-05-09,2023-05-22,target,9,29450,30168,30168,28732,0.02437641723356009,False,True,56842,0.019262467298334078,41987,0.01420041775682981,-0.8181231350174731,0.012161157885785878,-0.02960512751175174,-0.00044891373459512817,0.010734994437335017,-0.24789956900439988,-0.019623445911518878,0.010549429961075994,0.02437641723356009,24.40692393346646,0.5267836557248214,0.4744897959183674,-8084.311969603092,False,
TRIAL6-HSX-POOLED-MEAN-REVERSION-EDGE,wf_03,oos,MBB,banks,2023-05-09,2023-05-10,2023-05-11,target,1,18300,18574,18574,18026,0.015,False,True,18213,0.00993266966470082,8928,0.00485931763815827,-1.0913791652433698,0.0034083925841917615,-0.014240999355449882,-0.00012063015670737433,0.0038243750281461886,-0.044121359467159005,-0.005300230846435605,0.009993836656974188,0.013921415560759823,24.754286162711022,0.4886687681692501,0.4744897959183674,-16474.72873876991,False,
TRIAL6-HSX-POOLED-MEAN-REVERSION-EDGE,wf_03,oos,TCB,banks,2023-05-09,2023-05-10,2023-05-15,target,3,29350,30070,30070,28630,0.024540874370225906,False,True,57081,0.019409331481295724,42266,0.014343434754781089,-0.8635259716270189,-0.003340435796256093,-0.03054398802070027,-0.0002660760315474334,0.010771884726287729,-0.2513450381582952,-0.01969147312240327,0.01159286357652615,0.024540874370225906,24.391908208151992,0.5353901065600121,0.4744897959183674,-6189.731818859931,False,
TRIAL6-HSX-POOLED-MEAN-REVERSION-EDGE,wf_03,oos,PNJ,consumer_retail,2023-05-10,2023-05-11,2023-05-18,downside_touch,5,75200,73905,76495,73905,0.017223910840932118,False,False,-166753,-0.022130205282328563,-203897,-0.027005931856104344,-1.4011275925678257,-0.007119246616699645,-0.02595645213089825,-0.000501543473748535,0.005494274514246824,0.07185061044149721,-0.023554833576512668,0.009489546862816209,0.017223910840932118,23.31660527811632,0.746964121228922,0.4744897959183674,40385.09168048113,True,1
TRIAL6-HSX-POOLED-MEAN-REVERSION-EDGE,wf_03,oos,VPB,banks,2023-05-10,2023-05-11,2023-05-15,target,2,19600,20023,20023,19177,0.021556448666423093,False,True,32355,0.016474519104943016,22412,0.01138887110330578,-1.153061303018597,8.066107132765569e-05,-0.024924459860312498,0.00016747616056152938,0.00869358640131748,0.12885129977569545,-0.017561641037751707,0.00882363658073166,0.021556448666423093,25.542066871622342,0.3111220011338149,0.4744897959183674,-55558.96765390521,False,
TRIAL6-HSX-POOLED-MEAN-REVERSION-EDGE,wf_03,oos,PNJ,consumer_retail,2023-05-11,2023-05-12,2023-05-18,downside_touch,4,75000,73705,76295,73705,0.01726984126984127,False,False,-166673,-0.022178543978913796,-203737,-0.02705662745739654,-1.1001024776550867,-0.002744233265191832,-0.019761589873250267,-0.0003979638948545219,0.005514030273804419,-0.051355093359840516,-0.0145260963562861,0.019688573173600187,0.01726984126984127,23.278306651143204,0.7624079435241007,0.4744897959183674,43784.81587949844,False,
TRIAL6-HSX-POOLED-MEAN-REVERSION-EDGE,wf_03,oos,PNJ,consumer_retail,2023-05-12,2023-05-15,2023-05-18,downside_touch,3,75000,73724,76276,73724,0.017015873015873016,False,False,-164778,-0.021926383515971138,-201847,-0.026805632174779836,-1.7456706839412297,-0.004260967466667869,-0.026454522291938506,-0.00014438966782378597,0.005592448109708509,0.038740367344962584,-0.015840156803066607,0.03944531397466601,0.017015873015873016,23.278306651143204,0.7584308037150259,0.4744897959183674,42909.30862531255,False,
TRIAL6-HSX-POOLED-MEAN-REVERSION-EDGE,wf_03,oos,PNJ,consumer_retail,2023-05-15,2023-05-16,2023-05-18,downside_touch,2,75200,73986,76414,73986,0.01614741641337386,False,False,-158673,-0.021057888390391296,-195838,-0.025938526230576037,-0.9793855774339449,0.0033505872512182076,-0.01486410552975315,-0.00014120977510138677,0.005351371950032102,-0.014178474342479246,-0.009236482262384271,0.020840453267816004,0.01614741641337386,23.278306651143204,0.7499048915777005,0.4744897959183674,41032.457852365646,False,
TRIAL6-HSX-POOLED-MEAN-REVERSION-EDGE,wf_03,oos,VCB,banks,2023-05-15,2023-05-16,2023-05-18,target,2,92000,93400,93400,90600,0.015215246403905073,False,True,93555,0.010148716584112635,47219,0.005112036296442891,-0.8372429207959841,-0.01152959507757652,-0.021236530164969902,-9.601495973128927e-05,0.0064199335703765065,-0.13195742018330225,-0.013719946289368568,0.021338615937480925,0.015215246403905073,24.316494978417406,0.5867550724029904,0.4744897959183674,5117.489542563439,True,1
TRIAL6-HSX-POOLED-MEAN-REVERSION-EDGE,wf_03,oos,PNJ,consumer_retail,2023-05-16,2023-05-17,2023-05-19,downside_touch,2,74200,73005,75395,73005,0.016107382550335572,False,False,-156278,-0.021019697004748997,-192948,-0.02590016593996898,-1.3079358828000018,-0.009021761284351892,-0.01982187789104344,-0.0003568728215816741,0.005338058855760519,0.05754494139909427,-0.014592423730721671,0.019760738111050415,0.016107382550335572,23.278306651143204,0.7438596895477018,0.4744897959183674,39701.697938367484,False,
TRIAL6-HSX-POOLED-MEAN-REVERSION-EDGE,wf_03,oos,VPB,banks,2023-05-17,2023-05-18,2023-05-22,target,2,19300,19700,19700,18900,0.020709325396825396,False,True,30181,0.015606320091669873,20464,0.010560996152131191,-0.7837962305637537,-0.012405023090487653,-0.0184315208892979,0.0002732053968962837,0.009479238353116851,0.045328069765628906,-0.01771505653678207,0.0009206047115241354,0.020709325396825396,25.491233553619363,0.29373210241973263,0.4744897959183674,-59387.09118101819,False,
TRIAL6-HSX-POOLED-MEAN-REVERSION-EDGE,wf_03,oos,MWG,consumer_retail,2023-05-18,2023-05-19,2023-05-30,target,7,38100,38895,38895,37305,0.020872390951131106,False,True,60263,0.01578549765848757,40931,0.010700240847570127,-0.795327382329502,-0.010040723644529386,-0.024684989292714354,-4.961035570444159e-05,0.011760708799814196,0.13517353433269846,-0.015493244664648298,0.010060202133642289,0.020872390951131106,24.36063486783888,0.4500461747666076,0.4744897959183674,-24976.909281261745,False,
TRIAL6-HSX-POOLED-MEAN-REVERSION-EDGE,wf_03,oos,PNJ,consumer_retail,2023-05-18,2023-05-19,2023-05-19,downside_touch,0,73800,72633,74967,72633,0.01580822805312601,False,False,-153226,-0.020720844012043098,-189842,-0.025621217556449357,-1.4581381293051314,-0.01696712674837839,-0.022169802573146474,-0.00013889413655479541,0.00653308826096458,-0.3183476767483073,-0.020044870403428616,0.010565938326840102,0.01580822805312601,23.24784782409455,0.7082657202497935,0.4744897959183674,31866.223245100962,False,
TRIAL6-HSX-POOLED-MEAN-REVERSION-EDGE,wf_03,oos,VPB,banks,2023-05-18,2023-05-19,2023-05-22,target,1,19300,19696,19696,18904,0.020531849103277676,False,True,29782,0.01540000082734542,20066,0.010355597575677505,-1.5007980144998696,-0.0033229974226412747,-0.03533266212995366,0.00026020486880486853,0.009348104745269233,0.07157248175355946,-0.02789861365528168,0.011438576465934889,0.020531849103277676,25.43476454991815,0.32432503687703274,0.4744897959183674,-52652.51876717327,False,
TRIAL6-HSX-POOLED-MEAN-REVERSION-EDGE,wf_03,oos,HPG,materials,2023-05-19,2023-05-22,2023-05-24,downside_touch,2,21800,21376,22224,21376,0.019440803844473567,False,False,-53213,-0.024360777376747186,-63924,-0.02920575105299973,-0.7711968486326756,-0.010823735818708585,-0.022892903480212543,-0.000551464699965781,0.006548598841856082,0.0640482583425889,-0.024754457334459468,-0.0017512237304317445,0.019440803844473567,25.822395407992467,0.32932761752138584,0.4744897959183674,-51551.27620240662,False,
TRIAL6-HSX-POOLED-MEAN-REVERSION-EDGE,wf_03,oos,PNJ,consumer_retail,2023-05-19,2023-05-22,2023-05-24,downside_touch,2,72900,71732,74068,71732,0.016026272577996718,False,False,-152864,-0.020927258937592237,-189022,-0.02582552828235685,-2.0956167856696912,-0.014508905932768781,-0.03349736884464909,-0.00023335601997952194,0.0072935081675286175,-0.10165012069258265,-0.03365031258029938,-0.0007627953697828668,0.016026272577996718,23.2230323631831,0.6695183132896786,0.4744897959183674,23336.56688324303,False,
TRIAL6-HSX-POOLED-MEAN-REVERSION-EDGE,wf_03,oos,VPB,banks,2023-05-19,2023-05-22,2023-05-22,target,0,19300,19690,19690,18910,0.020231926967678265,False,True,29184,0.01509078047630276,19469,0.010047499710996978,-0.92389037762106,0.0008925423292831102,-0.021533969607569845,0.00020516055694197045,0.008980379327193587,-0.002631930670010916,-0.022775958532626706,-0.0019710569306353844,0.020231926967678265,25.41515960226436,0.3132549820538139,0.4744897959183674,-55089.42412308988,False,
TRIAL6-HSX-POOLED-MEAN-REVERSION-EDGE,wf_03,oos,PNJ,consumer_retail,2023-05-22,2023-05-23,2023-05-23,downside_touch,0,73300,72153,74447,72153,0.01565286308698237,False,False,-151031,-0.02056326050577144,-187252,-0.02544422630811141,-2.7148026394100713,-0.006646833797508193,-0.04325336899818222,-0.0002195819141637475,0.007379298475061516,-0.05080771906168167,-0.041834220626276286,0.008674630639505897,0.01565286308698237,23.19891728922007,0.6693171497067374,0.4744897959183674,23292.28375903875,False,
TRIAL6-HSX-POOLED-MEAN-REVERSION-EDGE,wf_03,oos,PNJ,consumer_retail,2023-05-23,2023-05-24,2023-05-24,downside_touch,0,72700,71544,73856,71544,0.015895000659543596,False,False,-151587,-0.020809498511224503,-187668,-0.02571100234932044,-2.0046268045155746,0.0019634117862607726,-0.03220673929988086,-0.00019642769969736282,0.007151759919330565,-0.06600741728329836,-0.03113874743596734,0.006337507815700145,0.015895000659543596,23.19891728922007,0.6853869902777854,0.4744897959183674,26829.816425469224,False,
TRIAL6-HSX-POOLED-MEAN-REVERSION-EDGE,wf_03,oos,HPG,materials,2023-05-24,2023-05-25,2023-06-02,target,6,21300,21762,21762,20838,0.02168566957299352,False,True,35365,0.016569858834079795,24634,0.011519310767941581,-0.9755712933905961,-0.0075415320112389595,-0.029414406783418626,-0.0008642786618671814,0.006946142354345014,0.09901187656479746,-0.02293142289062422,0.005943382360205741,0.02168566957299352,25.80281528387583,0.3495631590261603,0.4744897959183674,-47096.727398418014,False,
TRIAL6-HSX-POOLED-MEAN-REVERSION-EDGE,wf_03,oos,PNJ,consumer_retail,2023-05-24,2023-05-25,2023-06-01,downside_touch,5,71300,70165,72435,70165,0.01591741591741592,False,False,-148833,-0.020832411852805734,-184058,-0.025711771624015105,-2.683839324502826,-0.007996353931080637,-0.043429545644186246,-0.000257424531581383,0.007297007881432629,-0.08729678824262586,-0.04217632017388773,0.008081704280568352,0.01591741591741592,23.19891728922007,0.6770635306004047,0.4744897959183674,24997.532503530427,False,
TRIAL6-HSX-POOLED-MEAN-REVERSION-EDGE,wf_03,oos,HPG,materials,2023-05-25,2023-05-26,2023-06-02,target,5,21300,21769,21769,20831,0.022012578616352203,False,True,36063,0.016896898604083686,25331,0.01184524076734303,-0.9874600909385314,-0.0028228833927359523,-0.02974369668134775,-0.0009616764749861916,0.006915591584543622,0.13332447979160686,-0.03450699251632949,-0.004450403298305137,0.022012578616352203,25.788873731806895,0.35275293952368747,0.4744897959183674,-46394.54540359009,False,
TRIAL6-HSX-POOLED-MEAN-REVERSION-EDGE,wf_03,oos,HPG,materials,2023-05-26,2023-05-29,2023-06-02,target,4,21300,21783,21783,20817,0.022681110358835476,False,True,37460,0.017551446682443916,26724,0.012496633147782366,-0.976973588494597,-0.006107230118265354,-0.025010445929772057,-0.0005624930295647219,0.007046942304323919,-0.2636370873827094,-0.03239026066435036,-0.006903439545063844,0.022681110358835476,25.788873731806895,0.3391453759470084,0.4744897959183674,-49390.04498245694,False,
TRIAL6-HSX-POOLED-MEAN-REVERSION-EDGE,wf_03,oos,HPG,materials,2023-05-29,2023-05-30,2023-06-05,target,4,21500,21970,21970,21030,0.021867021867021868,False,True,36083,0.01674908219597118,25270,0.01170690035375501,-1.4339602187434715,-0.0008689591460569433,-0.025398591909898356,-5.711564935242678e-06,0.006914423667963915,-0.21242693962639825,-0.020389738902534815,0.00510447963766763,0.021867021867021868,25.752217523720173,0.3074935482255158,0.4744897959183674,-56357.71675380844,False,
TRIAL6-HSX-POOLED-MEAN-REVERSION-EDGE,wf_03,oos,VPB,banks,2023-05-29,2023-05-30,2023-06-02,target,3,19500,19819,19819,19181,0.01636520241171404,False,True,22022,0.01127064177456055,12244,0.006254099080784326,-0.9596070530017499,-0.0006989839872366746,-0.02065901268231564,-0.0002656536169366326,0.006467363447679658,-0.13474999927897177,-0.017756428256486267,0.004811889565884459,0.01636520241171404,25.36670019701935,0.36116537336391796,0.4744897959183674,-44542.67516365654,False,
TRIAL6-HSX-POOLED-MEAN-REVERSION-EDGE,wf_03,oos,HPG,materials,2023-05-30,2023-05-31,2023-06-05,target,3,21400,21834,21834,20966,0.020296643247462918,False,True,32533,0.015171766048970485,21768,0.010131597197334358,-1.7075217276983032,-0.011413752032128025,-0.02973141843829072,-0.0002929040718055306,0.0066760510961549335,-0.331350883854213,-0.01591932347321523,0.014391128375621879,0.020296643247462918,25.752217523720173,0.3022822820771648,0.4744897959183674,-57504.89828008121,False,
TRIAL6-HSX-POOLED-MEAN-REVERSION-EDGE,wf_03,oos,HPG,materials,2023-05-31,2023-06-01,2023-06-02,target,1,21150,21578,21578,20722,0.02021563342318059,False,True,32034,0.015115553722642753,21371,0.010064277442710004,-1.434784852722394,-0.0027990637815279076,-0.024185352427978556,-0.0004285118639359525,0.006233451182909817,-0.36869382610558893,-0.004511904873834682,0.020065334553583898,0.02021563342318059,25.752217523720173,0.31200157359714153,0.4744897959183674,-55365.34306206474,False,
TRIAL6-HSX-POOLED-MEAN-REVERSION-EDGE,wf_03,oos,VPB,banks,2023-05-31,2023-06-01,2023-06-02,target,1,19300,19602,19602,18998,0.015667406859116707,False,True,20406,0.01055175666116482,10713,0.005528731029015904,-0.9220120135747778,-0.005278701622443685,-0.016576044044714293,0.00015216498727126703,0.006561844435513384,-0.08982148503805086,-0.005013704393297069,0.020121090055746384,0.015667406859116707,25.36670019701935,0.3530799436620583,0.4744897959183674,-46322.56038193226,False,
TRIAL6-HSX-POOLED-MEAN-REVERSION-EDGE,wf_03,oos,HPG,materials,2023-06-01,2023-06-02,2023-06-05,target,1,21500,21926,21926,21074,0.019804183355585224,False,True,31694,0.014711787022118741,20892,0.009678692607465362,-1.1373503792313284,0.0021563093869796475,-0.019156586652141566,-0.00043183100936572627,0.0060449515571166295,-0.32097670290321995,0.0096168930710675,0.029199804420878526,0.019804183355585224,25.752217523720173,0.3183225500880943,0.4744897959183674,-53973.875566066665,False,
TRIAL6-HSX-POOLED-MEAN-REVERSION-EDGE,wf_03,oos,HPG,materials,2023-06-02,2023-06-05,2023-06-07,target,2,21800,22228,22228,21372,0.019620811287477953,False,True,31773,0.014545599375930474,20750,0.009480309967300926,-1.4834365619523215,-0.015307986962461585,-0.02498611641959038,-0.0004210647668326507,0.0067828684853423775,-0.3552153900843767,0.02367966859566628,0.05654426991828403,0.019620811287477953,25.752217523720173,0.3129015859964253,0.4744897959183674,-55167.21892706898,False,
TRIAL6-HSX-POOLED-MEAN-REVERSION-EDGE,wf_03,oos,SSI,securities,2023-06-02,2023-06-05,2023-06-06,target,1,24450,25010,25010,23890,0.022920371468089312,False,True,43581,0.017789114438363847,31265,0.012736572723324895,-0.8379548162235072,-0.016687471310027548,-0.01855436199971741,-0.0005756586352195631,0.006527420098916586,-0.41938117935629243,0.06766946406405905,0.05165651486624039,0.022920371468089312,25.845344334588425,0.2981008661493926,0.4744897959183674,-58425.37383620319,False,
TRIAL6-HSX-POOLED-MEAN-REVERSION-EDGE,wf_03,oos,HPG,materials,2023-06-05,2023-06-06,2023-06-07,target,1,21700,22122,22122,21278,0.019465522929726163,False,True,31215,0.01435596822416926,20233,0.00928665815707134,-1.7097464849079347,-0.0019102773039699683,-0.028743157921607497,-0.0004531793999293634,0.006726792519369972,-0.2855736968959582,0.009406805685362785,0.04358092841351607,0.019465522929726163,25.752217523720173,0.30055279188446654,0.4744897959183674,-57885.61942201734,False,
TRIAL6-HSX-POOLED-MEAN-REVERSION-EDGE,wf_03,oos,HPG,materials,2023-06-06,2023-06-07,2023-06-07,target,0,22000,22426,22426,21574,0.019376026272577996,False,True,31494,0.01428686782174939,20391,0.009231680269032106,-1.860874129239942,-0.01327055321567594,-0.029868127751216278,-0.00037554112211873484,0.00722829544429384,-0.255350937956741,0.018687747991709136,0.05786562376404623,0.019376026272577996,25.710159345439678,0.29565215459439154,0.4744897959183674,-58964.42069719622,False,
TRIAL6-HSX-POOLED-MEAN-REVERSION-EDGE,wf_03,oos,VND,securities,2023-06-08,2023-06-09,2023-06-09,target,0,18300,18849,18849,17751,0.03,False,True,45644,0.02489248197307441,36290,0.019751863473203814,-1.2636957423162059,-0.038375975031794046,-0.07219151536406967,-0.00036016477323182715,0.016164648384594436,-0.06490430774137339,-0.0012455524443493182,0.03872777079058395,0.034990791896869246,25.621246242683508,0.36414543671698374,0.4744897959183674,-43886.65923039984,False,
TRIAL6-HSX-POOLED-MEAN-REVERSION-EDGE,wf_03,oos,VPB,banks,2023-06-08,2023-06-09,2023-06-14,target,3,19600,19937,19937,19263,0.017216117216117217,False,True,23776,0.012106263830601921,13856,0.007041058272684495,-1.0978619792648163,-0.010038362043426213,-0.01813527809346195,6.528252644970814e-05,0.006571498267828671,-0.11514040923252783,0.005639773227680056,0.0379627346048029,0.017216117216117217,25.372092340962322,0.36984705013287766,0.4744897959183674,-42631.53515988345,False,
TRIAL6-HSX-POOLED-MEAN-REVERSION-EDGE,wf_03,oos,TCB,banks,2023-06-09,2023-06-12,2023-06-14,target,2,32250,32921,32921,31579,0.020796590241034685,False,True,50834,0.015731067264129924,34471,0.01064614709910945,-0.7945448224521333,0.0029260293983602026,-0.02254738680247656,-0.00042190220209231634,0.0056500158298088,-0.16690729847772076,0.007102317057065655,0.02545641419444438,0.020796590241034685,24.62205384490555,0.5842184346985159,0.4744897959183674,4559.087067890177,True,1
TRIAL6-HSX-POOLED-MEAN-REVERSION-EDGE,wf_03,oos,VPB,banks,2023-06-09,2023-06-12,2023-06-12,downside_touch,0,19700,19358,20042,19358,0.017338217338217336,False,False,-43993,-0.022286717637069926,-53686,-0.027142709801629594,-2.1975431957720573,-0.011106686947557317,-0.03561691099676904,-0.00021035996969845513,0.006424560467333702,0.010900401366755297,-0.017556103060979655,0.02819623865200497,0.017338217338217336,25.323471444784804,0.35398481167395796,0.4744897959183674,-46123.367357163246,False,
TRIAL6-HSX-POOLED-MEAN-REVERSION-EDGE,wf_03,oos,VPB,banks,2023-06-12,2023-06-13,2023-06-14,target,1,19700,20042,20042,19358,0.017371234207968902,False,True,24236,0.012277882587048546,14273,0.007216181071390292,-1.6997519346908367,0.00015630440688987456,-0.02695016359575871,-5.9244468894141184e-05,0.006430748665080314,0.029190913415225547,-0.007390114557459637,0.030239080739754957,0.017371234207968902,25.29507037935856,0.3633240221497765,0.4744897959183674,-44067.4812398859,False,
TRIAL6-HSX-POOLED-MEAN-REVERSION-EDGE,wf_03,oos,VND,securities,2023-06-13,2023-06-14,2023-06-16,target,2,18800,19364,19364,18236,0.03,False,True,46841,0.024866208955572507,37281,0.019751041828914368,-0.9503467221907104,-0.01753143077934457,-0.05570917847686475,-0.0011998093341877634,0.016305407142827986,-0.12396233912149167,-0.031256731779016445,0.013779722162985347,0.03536320694497638,25.733592983570112,0.3121680333056849,0.4744897959183674,-55328.69947160638,False,
TRIAL6-HSX-POOLED-MEAN-REVERSION-EDGE,wf_03,oos,VPB,banks,2023-06-13,2023-06-14,2023-06-14,target,0,19600,19937,19937,19263,0.017216117216117217,False,True,23776,0.012106263830601921,13856,0.007041058272684495,-1.5930899653733086,-0.007148392856896483,-0.025183140499164917,-0.00020680330052772912,0.006256478172296495,-0.06123988298430953,-0.01755544651302665,0.012257357133430924,0.017216117216117217,25.26430584508013,0.3618505680226431,0.4744897959183674,-44391.83990941818,False,
TRIAL6-HSX-POOLED-MEAN-REVERSION-EDGE,wf_04,oos,TCB,banks,2023-07-03,2023-07-04,2023-07-06,downside_touch,2,32000,31312,32688,31312,0.02150297619047619,False,False,-84626,-0.026392822858768178,-100350,-0.031234340032557168,-2.270975084712485,-0.007952818113237987,-0.03073590262135211,-0.00016453039550392654,0.006211699688298182,-0.28317842409144944,-0.03941540203761329,-0.00680306427508591,0.02150297619047619,24.725153906223895,0.42421934555251734,0.5205992509363296,-38069.50196626132,False,
TRIAL6-HSX-POOLED-MEAN-REVERSION-EDGE,wf_04,oos,TCB,banks,2023-07-04,2023-07-05,2023-07-06,downside_touch,1,32150,31490,32810,31490,0.020535714285714286,False,False,-81893,-0.02542135856026448,-97685,-0.030263131398405443,-1.7044289060747748,-0.013808721867568844,-0.024673240736450903,-0.0002584932615254588,0.0069890250753927505,-0.21769165794534434,-0.02890489152710274,-0.0031669236474178466,0.020535714285714286,24.725153906223895,0.47244593254273726,0.5205992509363296,-28384.92613684373,False,
TRIAL6-HSX-POOLED-MEAN-REVERSION-EDGE,wf_04,oos,TCB,banks,2023-07-05,2023-07-06,2023-07-06,downside_touch,0,31950,31317,32583,31317,0.019822639540949403,False,False,-79120,-0.024714226142041204,-94838,-0.029564856856501117,-0.784690811880931,0.014728146214290066,-0.013217020315625707,-4.14406450866357e-07,0.006830761890042915,-0.39772534560852935,-0.0410895463070724,-0.0217551872517847,0.019822639540949403,24.725153906223895,0.5713476271659658,0.5205992509363296,-8524.077152635124,False,
TRIAL6-HSX-POOLED-MEAN-REVERSION-EDGE,wf_04,oos,TCB,banks,2023-07-06,2023-07-07,2023-07-11,target,2,31500,32147,32147,30853,0.02052675269790959,False,True,48740,0.015441999513992055,32884,0.01039790878209703,-0.7810506059797431,0.004616466282630682,-0.013208971757857773,3.20645005448827e-05,0.006620144371654078,-0.16399604214824776,-0.034089588602889354,-0.01661972203519038,0.02052675269790959,24.725153906223895,0.5458360989818145,0.5205992509363296,-13647.150225872523,False,
TRIAL6-HSX-POOLED-MEAN-REVERSION-EDGE,wf_04,oos,TCB,banks,2023-07-07,2023-07-10,2023-07-19,target,7,32000,32633,32633,31367,0.019772092672251152,False,True,47143,0.014702772765236549,30890,0.009614636408626717,-1.0947250435342575,-0.01680657859911622,-0.01960478320809813,-0.00014502203817040127,0.007515374522290628,-0.2514383384751769,-0.024901227194007225,-0.004377203013252765,0.019772092672251152,24.700563529975092,0.5465897927441834,0.5205992509363296,-13495.797935582916,False,
TRIAL6-HSX-POOLED-MEAN-REVERSION-EDGE,wf_04,oos,VND,securities,2023-07-07,2023-07-10,2023-07-10,target,0,17700,18231,18231,17169,0.03,False,True,44089,0.024859096639745237,35078,0.019738733846712226,-1.3539705286662507,-0.04460056574828879,-0.061976471497784305,-0.0010150499759043466,0.018605355841533024,0.39763849144564906,-0.06232124778168413,-0.00021942294795533265,0.038740920096852295,25.888365590207467,0.5501372396097143,0.5205992509363296,-12783.420794380065,False,
TRIAL6-HSX-POOLED-MEAN-REVERSION-EDGE,wf_04,oos,TCB,banks,2023-07-10,2023-07-11,2023-07-19,target,6,32200,32811,32811,31589,0.018973214285714284,False,True,44869,0.013906693214051932,28541,0.008828378499599427,-0.8361326787710073,-0.003819664925476588,-0.015242393082066107,-9.718471479067967e-05,0.007701874946428547,-0.2178420213270433,0.00018101266960812712,0.012356524615831933,0.018973214285714284,24.700563529975092,0.5820539735387114,0.5205992509363296,-6374.092470453652,False,
TRIAL6-HSX-POOLED-MEAN-REVERSION-EDGE,wf_04,oos,VND,securities,2023-07-10,2023-07-11,2023-07-14,target,3,17700,18231,18231,17169,0.03,False,True,44089,0.024859096639745237,35078,0.019738733846712226,-1.849933246825095,-0.02053182137346609,-0.08455849848953156,-0.0014509920874741574,0.018519093597507093,0.37722138082629764,-0.05685088637911939,0.018693402287912768,0.03809523809523809,25.975365584990076,0.6272085367106134,0.5205992509363296,2693.577841177437,True,1
TRIAL6-HSX-POOLED-MEAN-REVERSION-EDGE,wf_04,oos,VND,securities,2023-07-11,2023-07-12,2023-07-12,downside_touch,0,18000,17460,18540,17460,0.03,False,False,-62864,-0.0348547156494147,-71627,-0.03963413115833566,-2.530596883695149,0.00039592320532508274,-0.1147778858269392,-0.001532903797906501,0.018076991998421617,0.3818652391817191,-0.0881879805622553,0.018333734096036863,0.037243947858472994,26.05801891231316,0.7101654842052104,0.5205992509363296,19352.497717704537,False,
TRIAL6-HSX-POOLED-MEAN-REVERSION-EDGE,wf_04,oos,TCB,banks,2023-07-12,2023-07-13,2023-07-18,target,3,31700,32277,32277,31123,0.01820507033777176,False,True,41678,0.01312132106057348,25657,0.008061343756283933,-1.6493599170150042,-0.003988155403823093,-0.028684591248806224,-7.530524112227368e-05,0.007709396833814462,-0.23687052758248145,-0.009208658691894245,0.016756512032387164,0.01820507033777176,24.700563529975092,0.5481717919124055,0.5205992509363296,-13178.110289350981,False,
TRIAL6-HSX-POOLED-MEAN-REVERSION-EDGE,wf_04,oos,VND,securities,2023-07-12,2023-07-13,2023-07-14,target,1,17800,18334,18334,17266,0.03,False,True,44348,0.02486472363589675,35297,0.019750495902682772,-2.84294364323517,-0.011241446582200458,-0.12667672987674108,-0.0013544089750737046,0.01823048792775815,0.3343095832165689,-0.08964163464958863,0.02569350936101987,0.03828463203463204,26.05801891231316,0.7363778177542962,0.5205992509363296,24616.302348407276,False,
TRIAL6-HSX-POOLED-MEAN-REVERSION-EDGE,wf_04,oos,VPB,banks,2023-07-12,2023-07-13,2023-07-17,target,2,19900,20308,20308,19492,0.02047740215679147,False,True,30739,0.015415855477420604,20680,0.010350474680376542,-1.273551769502669,-0.009638332346462882,-0.026497151462291674,-0.00011882288274337873,0.006257437771791453,-0.23879140900929213,-0.014673400848910334,0.017363705605388947,0.02047740215679147,25.158285310026884,0.6404515048344998,0.5205992509363296,5352.951788339538,True,1
TRIAL6-HSX-POOLED-MEAN-REVERSION-EDGE,wf_04,oos,TCB,banks,2023-07-13,2023-07-14,2023-07-19,target,3,32200,32754,32754,31646,0.017214397496087636,False,True,39183,0.012144374962807212,22870,0.007074209603231804,-2.2548921109617632,-0.007587106133321277,-0.03907943821789009,-0.00012406338402539205,0.0077988023285396,-0.2346494773128666,0.012789576109224265,0.04530034009699884,0.017214397496087636,24.700563529975092,0.5508978589425638,0.5205992509363296,-12630.67775229425,False,
TRIAL6-HSX-POOLED-MEAN-REVERSION-EDGE,wf_04,oos,VND,securities,2023-07-13,2023-07-14,2023-07-17,target,1,18100,18643,18643,17557,0.03,False,True,45126,0.024881783133805613,35853,0.019729424097598824,-1.705556930455698,6.679496547860528e-05,-0.07314178149285265,-0.0008827262448630657,0.01823091461110189,0.28960596811382056,-0.004988431634986745,0.04727567429080006,0.037538135031171246,26.05801891231316,0.6540934307413926,0.5205992509363296,8092.4420601971,False,
TRIAL6-HSX-POOLED-MEAN-REVERSION-EDGE,wf_04,oos,TCB,banks,2023-07-14,2023-07-17,2023-07-19,target,2,32100,32653,32653,31547,0.017214397496087636,False,True,39123,0.012163534765548123,22850,0.007090019982375793,-1.1350193756939142,0.003228422802912554,-0.01984168693512174,-9.022915641217185e-05,0.007564133562206943,-0.27425459928390944,0.012789576109224265,0.028582798161789262,0.017214397496087636,24.700563529975092,0.6026758854054175,0.5205992509363296,-2232.923010106344,False,
TRIAL6-HSX-POOLED-MEAN-REVERSION-EDGE,wf_04,oos,VPB,banks,2023-07-14,2023-07-17,2023-07-18,target,1,20100,20504,20504,19696,0.020100502512562814,False,True,30261,0.015025203374749753,20022,0.009921527663530284,-0.8861748485101247,-0.0007243515973683202,-0.017962038364779463,-0.0002448463659542713,0.005616589845456628,-0.3046274934321507,0.0027923658305319954,0.02969359930386618,0.020100502512562814,25.17851057921196,0.6768975413081099,0.5205992509363296,12671.82766031396,False,
TRIAL6-HSX-POOLED-MEAN-REVERSION-EDGE,wf_04,oos,TCB,banks,2023-07-17,2023-07-18,2023-07-19,target,1,31900,32419,32419,31381,0.01627108523660248,False,True,35813,0.011204212756465347,19727,0.006159336576349297,-1.3299067302394536,-0.005542566511043679,-0.023196024395090675,-0.00019079530909377041,0.007496319434509487,-0.27818882091641867,-0.0030384436026373862,0.017560981376746675,0.01627108523660248,24.725153906223895,0.5873379902320165,0.5205992509363296,-5312.987724214836,False,
TRIAL6-HSX-POOLED-MEAN-REVERSION-EDGE,wf_04,oos,TCB,banks,2023-07-21,2023-07-24,2023-07-25,target,1,32450,32983,32983,31917,0.016438154209052043,False,True,36988,0.011375777725152008,20580,0.0063168653860025265,-0.9200709765600512,-0.01091793255796921,-0.01941311280957019,-0.00014053679476927873,0.008824765639529615,-0.16612299782114848,0.011129523750246562,0.02770264972818956,0.016438154209052043,24.78048166297143,0.6234393406524767,0.5205992509363296,1936.6703484625032,True,1
TRIAL6-HSX-POOLED-MEAN-REVERSION-EDGE,wf_04,oos,TCB,banks,2023-07-24,2023-07-25,2023-07-25,target,0,32800,33320,33320,32280,0.015848558221439577,False,True,35453,0.010787391655981611,18907,0.0057413115102561375,-0.7833157600354039,-0.002222695273122393,-0.015263612281955587,0.00010638220187666385,0.008612480187814152,-0.07537563230343824,0.01733843182546091,0.03070437627152451,0.015848558221439577,24.80623654475295,0.6315377176523538,0.5205992509363296,3562.938161410275,False,
TRIAL6-HSX-POOLED-MEAN-REVERSION-EDGE,wf_04,oos,HPG,materials,2023-08-01,2023-08-02,2023-08-03,downside_touch,1,27400,26793,28007,26793,0.022164502164502164,False,False,-74207,-0.0270284741061048,-87711,-0.03188414963968523,-1.0263091219247096,-0.017912739945955537,-0.030304150514808392,-0.0009128423326400103,0.007096273040557486,0.2048281456964186,-0.02656765618734358,0.009821212562080524,0.022164502164502164,26.077617222244648,0.688679994615259,0.5205992509363296,15037.909724814977,True,1
TRIAL6-HSX-POOLED-MEAN-REVERSION-EDGE,wf_04,oos,HPG,materials,2023-08-02,2023-08-03,2023-08-03,downside_touch,0,27350,26732,27968,26732,0.0225974025974026,False,False,-75285,-0.02747121424700922,-88766,-0.03232658864283027,-1.3655163381729136,-0.0007161021234332875,-0.03394181226683142,-0.0004528033073584341,0.0071067254969947825,0.15658325669557974,-0.031877390700618013,0.005305000865479137,0.0225974025974026,26.077617222244648,0.6718345827018708,0.5205992509363296,11655.114481890858,False,
TRIAL6-HSX-POOLED-MEAN-REVERSION-EDGE,wf_04,oos,HPG,materials,2023-08-03,2023-08-04,2023-08-04,target,0,26800,27423,27423,26177,0.023233129378380776,False,True,48726,0.018145309947931756,35154,0.01306476860709364,-2.0485902688062003,-0.02101262878767039,-0.05420829482880018,-0.0006092762607257052,0.008555325330556073,0.10798823879469913,-0.05551375433698169,-0.0030780644805888805,0.023233129378380776,26.088395232004455,0.6591602426698127,0.5205992509363296,9109.929039819624,False,
TRIAL6-HSX-POOLED-MEAN-REVERSION-EDGE,wf_04,oos,HPG,materials,2023-08-04,2023-08-07,2023-08-14,target,5,27550,28181,28181,26919,0.022895447027074082,False,True,49123,0.01779473906326129,35150,0.012707546040903475,-1.1096440401848209,0.014660191830032313,-0.02983492625462733,-0.00017662442939842037,0.008548868449828259,-0.045698820809545,-0.033370653647181725,-0.00874553667164742,0.022895447027074082,26.088395232004455,0.6874369599086259,0.5205992509363296,14788.290901956381,False,
TRIAL6-HSX-POOLED-MEAN-REVERSION-EDGE,wf_04,oos,HPG,materials,2023-08-07,2023-08-08,2023-08-14,target,4,27600,28203,28203,26997,0.021865007345951086,False,True,46311,0.016745722899887256,32325,0.011665093277441928,-0.8649661337916487,0.0016053849428300957,-0.023221800232818324,-6.406141475977386e-05,0.008546920262557867,0.005026180870690525,-0.022524470482990222,0.001769012456168402,0.021865007345951086,26.093541101608945,0.7054990942570339,0.5205992509363296,18415.421094141864,False,
TRIAL6-HSX-POOLED-MEAN-REVERSION-EDGE,wf_04,oos,VPB,banks,2023-08-14,2023-08-15,2023-08-16,target,1,21950,22448,22448,21452,0.022670571645514698,False,True,38696,0.017593937239075853,27595,0.012521599134582574,-1.1111542269270236,-0.0125479210009448,-0.026781750725712095,-0.0007356391444394264,0.005777951946800351,-0.2246237504233407,-0.031154276762630162,-0.006379355860196643,0.022670571645514698,25.630120755195,0.6494535945541356,0.5205992509363296,7160.697804675176,True,1
TRIAL6-HSX-POOLED-MEAN-REVERSION-EDGE,wf_05,oos,PNJ,consumer_retail,2023-09-06,2023-09-07,2023-09-07,target,0,82100,83638,83638,80562,0.018730550173213553,False,True,112280,0.013648705798062122,70768,0.008585374848884277,-0.7922999800234655,-0.0027181832099084317,-0.011165958558057687,0.0001877173643111653,0.005682590201432287,0.1935279517965458,0.020027199403658824,0.057821538961981674,0.018730550173213553,24.09146987507664,0.5614027060916973,0.5487012987012987,-12098.53080716209,False,
TRIAL6-HSX-POOLED-MEAN-REVERSION-EDGE,wf_05,oos,VND,securities,2023-09-08,2023-09-11,2023-09-12,target,1,23800,24514,24514,23086,0.03,False,True,59303,0.024867366775524032,47108,0.019714196874972535,-0.9519540521446728,-0.00477893634932094,-0.03946966243521739,-0.000963032596846174,0.006841491114237956,-0.3415829858873973,0.006640741402944128,0.030732590678547736,0.03503473270915131,26.128294877177012,0.7395618785182064,0.5487012987012987,22585.170542614786,True,1
TRIAL6-HSX-POOLED-MEAN-REVERSION-EDGE,wf_05,oos,HPG,materials,2023-09-13,2023-09-14,2023-09-18,downside_touch,2,28400,27550,29250,27550,0.02992957746478873,False,False,-98946,-0.034770819584335734,-112889,-0.03959172708295924,-1.2178893442185732,-0.00983574024923408,-0.03439765514832382,0.00046026236168275706,0.009479042970484602,-0.2265432761802461,-0.02005371940058398,0.015870533764124232,0.02992957746478873,26.25168125610772,0.7589947281132796,0.5487012987012987,26368.322106190208,True,1
TRIAL6-HSX-POOLED-MEAN-REVERSION-EDGE,wf_05,oos,HPG,materials,2023-09-14,2023-09-15,2023-09-21,target,4,27900,28737,28737,27063,0.03,False,True,69533,0.024872414988336974,55268,0.019730270621859804,-1.2305510263648793,-0.01411348272752917,-0.035030748174826126,0.0002478966184646318,0.009858816215121375,-0.20719280053534928,-0.029111514446722886,0.006417012659049728,0.03074683110654334,26.25701942934062,0.7352284613616122,0.5487012987012987,21741.548828187988,False,
TRIAL6-HSX-POOLED-MEAN-REVERSION-EDGE,wf_05,oos,PNJ,consumer_retail,2023-09-14,2023-09-15,2023-09-25,downside_touch,6,81300,79536,83064,79536,0.02169833450621628,False,False,-216575,-0.026585685945068813,-256642,-0.03144153872201628,-1.4717808066461795,-0.02181320741496031,-0.0393449891783102,-0.0003318892728015681,0.0070465365325657866,0.029374202271306844,-0.03593580245404371,0.007175266882085373,0.02169833450621628,24.067545364067204,0.5195412073524037,0.5487012987012987,-20248.050703066598,False,
TRIAL6-HSX-POOLED-MEAN-REVERSION-EDGE,wf_05,oos,TCB,banks,2023-09-14,2023-09-15,2023-09-18,downside_touch,1,35100,34271,35929,34271,0.02360485741574567,False,False,-100231,-0.028498453825743487,-117458,-0.03333049568109329,-0.9096632250687623,0.0045473935295296695,-0.02791819626749887,-0.00010427742490423504,0.010178291688735458,-0.08636039283239164,-0.023467702083966535,0.005789922396521247,0.02360485741574567,24.93709798125985,0.6198363857593701,0.5487012987012987,-722.7690837621558,False,
TRIAL6-HSX-POOLED-MEAN-REVERSION-EDGE,wf_05,oos,HPG,materials,2023-09-15,2023-09-18,2023-09-20,target,2,27600,28428,28428,26772,0.03,False,True,68755,0.02486131109200294,54712,0.019743869555928936,-1.6988281237376586,-0.008389886778536965,-0.048694657356241594,7.503730593053383e-05,0.009836361339334384,-0.16925709920917947,-0.03979616044719991,0.009843155271032472,0.031142167011732228,26.25701942934062,0.7313638491239343,0.5487012987012987,20989.193196655135,False,
TRIAL6-HSX-POOLED-MEAN-REVERSION-EDGE,wf_05,oos,PNJ,consumer_retail,2023-09-15,2023-09-18,2023-09-20,target,2,80900,82661,82661,79139,0.02176202176202176,False,True,135204,0.01667920654229923,94117,0.01158734727716976,-1.3487042681189567,0.0023447777860673854,-0.03530481879894928,-0.00012240585007978165,0.007041134709315094,0.005447089037430788,-0.031097451354737515,0.008876632038536648,0.02176202176202176,24.09146987507664,0.5196553069550486,0.5487012987012987,-20225.83800142254,False,
TRIAL6-HSX-POOLED-MEAN-REVERSION-EDGE,wf_05,oos,HPG,materials,2023-09-18,2023-09-19,2023-09-21,target,2,28000,28840,28840,27160,0.03,False,True,69791,0.02487558819818349,55487,0.01973777820780248,-0.8922436230419889,0.0056965254994954485,-0.02584590092572339,0.00030029078552098803,0.009862800770262409,-0.15517677363059681,-0.013709203925460822,0.013530966408684552,0.0320048309178744,26.25701942934062,0.7166166727865007,0.5487012987012987,18118.23992002251,False,
TRIAL6-HSX-POOLED-MEAN-REVERSION-EDGE,wf_05,oos,PNJ,consumer_retail,2023-09-18,2023-09-19,2023-09-25,downside_touch,4,81500,79729,83271,79729,0.021735319894829096,False,False,-217353,-0.026615747022744975,-257499,-0.0314691929458872,-1.2213263009647788,0.004279747862308659,-0.03206671828945009,-6.716831019715045e-05,0.007014436438684024,0.012768729235320192,-0.025107045364331615,0.01479739323522575,0.021735319894829096,24.067545364067204,0.5277717728860446,0.5487012987012987,-18645.73928109183,False,
TRIAL6-HSX-POOLED-MEAN-REVERSION-EDGE,wf_05,oos,TCB,banks,2023-09-18,2023-09-19,2023-09-22,downside_touch,3,34300,33488,35112,33488,0.023669878508588184,False,False,-98116,-0.028548251188298113,-114927,-0.033373116125098,-0.9035545126300637,-0.019959040068545708,-0.023013797588873272,-0.00011358086457941255,0.01001057120567935,-0.11239197004776875,-0.012570692486284507,0.013404465137664962,0.023669878508588184,24.955716914108447,0.6184067827772083,0.5487012987012987,-1001.0815736930454,False,
TRIAL6-HSX-POOLED-MEAN-REVERSION-EDGE,wf_05,oos,PNJ,consumer_retail,2023-09-19,2023-09-20,2023-09-25,downside_touch,3,81400,79686,83114,79686,0.021053248885761204,False,False,-211628,-0.025946518011317855,-251747,-0.030803994447750907,-0.8627886588572485,-0.005414862640995375,-0.02270248185433052,-0.00012084087621961854,0.007080577131635133,0.0052733678516795005,-0.028788026959423618,-0.013174552195103181,0.021053248885761204,24.041187582315086,0.4852220197039748,0.5487012987012987,-26929.247291224674,False,
TRIAL6-HSX-POOLED-MEAN-REVERSION-EDGE,wf_05,oos,TCB,banks,2023-09-19,2023-09-20,2023-09-25,downside_touch,3,33900,33102,34698,33102,0.02352858547548813,False,False,-96559,-0.02842656062138703,-113215,-0.033263504897784096,-1.429169099141148,-0.008960978463032405,-0.03091487020582862,-0.0006319248263615438,0.0076916733224241,0.03420649731744833,-0.04014346516899603,-0.011912836838484023,0.02352858547548813,24.978924006724224,0.5117621209588583,0.5487012987012987,-21762.468993032206,False,
TRIAL6-HSX-POOLED-MEAN-REVERSION-EDGE,wf_05,oos,TCB,banks,2023-09-20,2023-09-21,2023-09-22,downside_touch,1,34350,33621,35079,33621,0.021210230817217717,False,False,-89856,-0.026106852264258663,-106808,-0.030970375922626255,-0.8008093015807567,0.0071837851817404584,-0.01750542028247173,-0.00039759532950760815,0.007703225043789958,-0.02177872082559694,-0.01837054531640514,-0.0011091238725727927,0.021210230817217717,24.955716914108447,0.5764060271895607,0.5487012987012987,-9177.711737755177,False,
TRIAL6-HSX-POOLED-MEAN-REVERSION-EDGE,wf_05,oos,VPB,banks,2023-09-20,2023-09-21,2023-09-22,downside_touch,1,21700,21181,22219,21181,0.02391824309632529,False,False,-62650,-0.028813115785494288,-73297,-0.033642276624270155,-0.8398188217642473,-0.008170534298721686,-0.024184475764338263,0.00039832774684609774,0.009553830073072901,-0.0772538589388116,-0.024555783838125733,-0.0004218751479371734,0.02391824309632529,25.728127562693455,0.7153991736697705,0.5487012987012987,17881.21942209835,True,1
TRIAL6-HSX-POOLED-MEAN-REVERSION-EDGE,wf_05,oos,VPB,banks,2023-09-21,2023-09-22,2023-09-25,downside_touch,1,21200,20703,21697,20703,0.023424612339161995,False,False,-60155,-0.02831780338015386,-70607,-0.033172716876849334,-0.957900326487902,0.004277118870176372,-0.026182801897520074,0.0001981565826794621,0.008396431120055512,-0.13701011108230315,-0.033744137460076096,-0.00863056824681041,0.023424612339161995,25.728127562693455,0.7044061459943627,0.5487012987012987,15741.116930429263,False,
TRIAL6-HSX-POOLED-MEAN-REVERSION-EDGE,wf_05,oos,SSI,securities,2023-09-22,2023-09-25,2023-09-25,downside_touch,0,32200,31234,33166,31234,0.03,False,False,-112437,-0.03484871213774225,-128172,-0.0396465060457117,-0.95388774365916,-0.0313224190561842,-0.035121736078420104,-0.0004374460481040282,0.012078989189405982,0.42292597186139624,-0.08196425301567534,-0.030675049881922625,0.03732106339468303,26.12527776096423,0.5529931692498039,0.5487012987012987,-13735.684035601618,False,
TRIAL6-HSX-POOLED-MEAN-REVERSION-EDGE,wf_05,oos,VPB,banks,2023-09-22,2023-09-25,2023-09-25,downside_touch,0,21200,20694,21706,20694,0.023865546218487396,False,False,-61053,-0.028740534448816118,-71503,-0.0335936773244205,-1.1128053317716382,0.0030143358168598505,-0.030146588697267503,0.0001390477145235728,0.008171649209580755,-0.1496907535748393,-0.058916316608871866,-0.03323593170490079,0.023865546218487396,25.728127562693455,0.6727286267590266,0.5487012987012987,9574.195510127858,False,
TRIAL6-HSX-POOLED-MEAN-REVERSION-EDGE,wf_05,oos,SSI,securities,2023-09-25,2023-09-26,2023-09-26,target,0,31000,31930,31930,30070,0.03,False,True,77170,0.024843444768808197,61442,0.019740978772391417,-1.9589645038057615,-0.01925779900572367,-0.06954910080263223,-0.0002788748749404541,0.012814247114544866,0.4497113541330361,-0.15661646074055224,-0.055307232916908686,0.042833607907743,26.12527776096423,0.5313310108581146,0.5487012987012987,-17952.83335222654,False,
TRIAL6-HSX-POOLED-MEAN-REVERSION-EDGE,wf_05,oos,VND,securities,2023-09-25,2023-09-26,2023-09-26,target,0,21000,21630,21630,20370,0.03,False,True,52343,0.024876054581608173,41590,0.01972580233598273,-1.2279948495119113,-0.01228652181839588,-0.05019889018588804,-0.0006852730867509356,0.011498882366541962,0.02525347357889586,-0.1501534587913118,-0.056025344244602066,0.044557823129251696,26.091016153132802,0.5628860587784627,0.5487012987012987,-11809.754423193517,False,
TRIAL6-HSX-POOLED-MEAN-REVERSION-EDGE,wf_05,oos,VPB,banks,2023-09-25,2023-09-26,2023-09-28,target,2,20600,21127,21127,20073,0.025560224089635854,False,True,42229,0.020458874895111265,31761,0.015356193485813857,-0.8758973317897072,-0.008723902273920163,-0.023992786094355862,-7.427879241576931e-05,0.008377203094553986,-0.21633367266762865,-0.0811779574070981,-0.06368928884284804,0.025560224089635854,25.708841614484598,0.6221800734965492,0.5487012987012987,-266.5042480743432,False,
TRIAL6-HSX-POOLED-MEAN-REVERSION-EDGE,wf_05,oos,SSI,securities,2023-09-26,2023-09-27,2023-09-27,target,0,31700,32651,32651,30749,0.03,False,True,78984,0.02486622253103162,62771,0.01972243866881158,-1.429977033861387,0.026984821775692343,-0.05461192346501444,0.00029418665016856877,0.01285189237249413,0.371025296531183,-0.15250015194355737,-0.06277988504022236,0.04237941131145015,26.136134511629184,0.5361499332419403,0.5487012987012987,-17014.694369473298,False,
TRIAL6-HSX-POOLED-MEAN-REVERSION-EDGE,wf_05,oos,VND,securities,2023-09-26,2023-09-27,2023-09-27,downside_touch,0,21000,20370,21630,20370,0.03,False,False,-73242,-0.03480832183226307,-83581,-0.039641795745221746,-1.7768825439798193,-0.013413513184621789,-0.06713981817264643,-0.000356963506551315,0.011870971534051976,0.11736333467671946,-0.17496676496918007,-0.060283594704042064,0.04681194511702986,26.098497657897283,0.5585017108298999,0.5487012987012987,-12663.291250909686,False,
TRIAL6-HSX-POOLED-MEAN-REVERSION-EDGE,wf_05,oos,VND,securities,2023-09-27,2023-09-28,2023-09-28,downside_touch,0,21700,21049,22351,21049,0.03,False,False,-75817,-0.034868699114266884,-86431,-0.03967059512547981,-1.1784350875417504,0.02517355049460175,-0.0462549484862663,-6.937106270397909e-05,0.011287745135433512,0.04087145218931395,-0.13705740502592179,-0.04940201008071506,0.045112781954887216,26.098497657897283,0.5546565362919742,0.5487012987012987,-13411.862786659221,False,
TRIAL6-HSX-POOLED-MEAN-REVERSION-EDGE,wf_05,oos,HPG,materials,2023-09-28,2023-09-29,2023-10-03,downside_touch,2,26800,25996,27604,25996,0.03,False,False,-93517,-0.03482524628331351,-106733,-0.03966666518009119,-0.9556606055308059,0.004313831846889075,-0.028381479212047082,-0.0001731809014288502,0.008987976208013039,-0.19663264866945349,-0.06343516770788737,-0.03857742649539813,0.03383458646616541,26.263039252805594,0.6364222731970673,0.5487012987012987,2506.1411018607905,True,2
TRIAL6-HSX-POOLED-MEAN-REVERSION-EDGE,wf_05,oos,PNJ,consumer_retail,2023-09-28,2023-09-29,2023-10-02,target,1,78500,80171,80171,76829,0.021292083712465878,False,True,127386,0.016195164792469973,87682,0.0111252189180743,-1.08344507532715,-0.007921818532702986,-0.0302436681254185,-0.00027548568810961265,0.007732625927357964,-0.045561894898538985,-0.05041802459733602,-0.040023775729903836,0.021292083712465878,23.968453255829946,0.4398410257424838,0.5487012987012987,-35763.93607024697,False,
TRIAL6-HSX-POOLED-MEAN-REVERSION-EDGE,wf_05,oos,VND,securities,2023-09-28,2023-09-29,2023-10-03,downside_touch,2,21300,20661,21939,20661,0.03,False,False,-74360,-0.03484051188752081,-84816,-0.039661519123720596,-1.7011889058663745,-0.043652340985538024,-0.07612384071553879,-0.0007975315746987137,0.014941266945821144,-0.11382496305488685,-0.13208651892129297,-0.03094949858279751,0.04795837574934962,26.091016153132802,0.6434269815676853,0.5487012987012987,3869.80489676875,True,1
TRIAL6-HSX-POOLED-MEAN-REVERSION-EDGE,wf_05,oos,VND,securities,2023-09-29,2023-10-02,2023-10-03,downside_touch,1,21000,20370,21630,20370,0.03,False,False,-73242,-0.03480832183226307,-83581,-0.039641795745221746,-0.9474888025164261,0.0027337805128366238,-0.0400432414452087,-0.00025710819194025257,0.014926578234949566,-0.1241379661042452,-0.06627999765158876,-0.014462466946237663,0.04795918367346939,26.091016153132802,0.5459942085464485,0.5487012987012987,-15098.228885175042,False,
TRIAL6-HSX-POOLED-MEAN-REVERSION-EDGE,wf_05,oos,HPG,materials,2023-10-03,2023-10-04,2023-10-04,target,0,24500,25235,25235,23765,0.03,False,True,61018,0.024855827807258774,48638,0.019773497951220385,-1.3223184623602,-0.01807934788543715,-0.038687176983666166,-0.0004081976021092565,0.009296256042423932,-0.2175092473603869,-0.05329162477631011,-0.013789592038512833,0.038018433179723504,26.258067164528637,0.6354311004483931,0.5487012987012987,2313.181406702606,False,
TRIAL6-HSX-POOLED-MEAN-REVERSION-EDGE,wf_05,oos,HPG,materials,2023-10-05,2023-10-06,2023-10-09,target,1,24850,25596,25596,24104,0.03,False,True,61976,0.02489066957330912,49253,0.019740982026980772,-0.7583336370211161,0.003426274152147621,-0.01897237405556303,0.00010502441195351217,0.00861555501395883,-0.14576577131437454,-0.06423181620965124,-0.04193891242508436,0.037578886976477335,26.253846077103503,0.5800695751178908,0.5487012987012987,-8464.498937672099,False,
TRIAL6-HSX-POOLED-MEAN-REVERSION-EDGE,wf_05,oos,TCB,banks,2023-10-05,2023-10-06,2023-10-10,target,2,31750,32592,32592,30908,0.026504941599281222,False,True,68091,0.021403076981107168,51885,0.01627644706978466,-0.9457401701040712,-0.0029055820092363602,-0.02654777574676821,0.00028948266455880504,0.009312058744767704,-0.0038028050109524636,-0.056112480212056726,-0.042841060869261524,0.026504941599281222,24.94057944567589,0.5189682039707205,0.5487012987012987,-20359.601951829332,False,
TRIAL6-HSX-POOLED-MEAN-REVERSION-EDGE,wf_05,oos,HPG,materials,2023-10-06,2023-10-09,2023-10-10,target,1,24950,25698,25698,24202,0.03,False,True,62135,0.024854556742071023,49372,0.019709444181857667,-1.1573228862829497,-0.019347444642974786,-0.03031762380972709,-3.61194385551128e-05,0.009840717954825239,-0.14384917970532246,-0.05094558859241538,-0.019708385259836564,0.03721729172630976,26.253846077103503,0.6139545635841933,0.5487012987012987,-1867.8314509578486,False,
TRIAL6-HSX-POOLED-MEAN-REVERSION-EDGE,wf_05,oos,TCB,banks,2023-10-06,2023-10-09,2023-10-18,downside_touch,7,32100,31275,32925,31275,0.025703885298269075,False,False,-98332,-0.030571906565597683,-114062,-0.035391766268260294,-1.2503599617143055,-0.005550180986702007,-0.03466606950431517,0.00011091038769339179,0.009088800471096305,-0.037471592124746975,-0.048250844991931,-0.020007801215445938,0.025703885298269075,24.94057944567589,0.5630789919492777,0.5487012987012987,-11772.194546899336,False,
TRIAL6-HSX-POOLED-MEAN-REVERSION-EDGE,wf_05,oos,TCB,banks,2023-10-09,2023-10-10,2023-10-18,downside_touch,6,32300,31485,33115,31485,0.025218810265539238,False,False,-97414,-0.0300990561563344,-113227,-0.03491535354158315,-1.0456285630995732,-0.008356826232924549,-0.028247203289504603,-0.00018524703336914687,0.008601371198024624,-0.01031846925750774,-0.031831941579033796,-0.005349033541871207,0.025218810265539238,24.94057944567589,0.5681232165462059,0.5487012987012987,-10790.19414199049,False,
TRIAL6-HSX-POOLED-MEAN-REVERSION-EDGE,wf_05,oos,TCB,banks,2023-10-10,2023-10-11,2023-10-16,downside_touch,3,32650,31865,33435,31865,0.02402930402930403,False,False,-94562,-0.028904783738346325,-110722,-0.033776221322989956,-0.9083845156532412,0.008685407916508821,-0.02497272438975702,3.0294087348070347e-05,0.008604598619219805,-0.028954329140376028,0.00023696074825230173,0.03739298484938801,0.02402930402930403,24.94057944567589,0.6475404246819011,0.5487012987012987,4670.602467556797,True,1
TRIAL6-HSX-POOLED-MEAN-REVERSION-EDGE,wf_07,oos,FPT,technology,2024-01-22,2024-01-23,2024-02-01,target,7,96100,97541,97541,94658,0.015,False,True,95605,0.009928631825084104,47119,0.004883577781695502,-1.2018405036089967,-0.0022211284269374005,-0.017993536937590687,-0.00010790989712003437,0.00647422484062385,0.04642249630053162,0.01046031934002234,0.03326049518313707,0.01269511954159257,25.126277610258576,0.8029928719849458,0.5890909090909091,27206.635185792504,True,2
TRIAL6-HSX-POOLED-MEAN-REVERSION-EDGE,wf_07,oos,SSI,securities,2024-01-22,2024-01-23,2024-01-31,target,6,34000,34663,34663,33337,0.0194964583771653,False,True,49135,0.014422612637126362,31876,0.009337914993218323,-1.4741097862312715,0.0019581759151292245,-0.02647463943089697,-3.386041479280357e-05,0.008926923859587299,-0.04734324934126855,0.028546597139390006,0.0312509087609851,0.0194964583771653,26.387330039353998,0.9258636923037977,0.5890909090909091,47626.22702654355,True,1
TRIAL6-HSX-POOLED-MEAN-REVERSION-EDGE,wf_07,oos,VND,securities,2024-01-22,2024-01-23,2024-02-06,target,10,22000,22475,22475,21525,0.021585855298839354,False,True,36382,0.016504249224959876,25266,0.011438754042340503,-1.759709110376577,0.006837085415153977,-0.03587859339286712,-0.00019924802705169055,0.010798949499050553,-0.09666837604024628,0.02094463522489365,0.032095571195929144,0.021585855298839354,26.000000335008846,0.909455009909026,0.5890909090909091,44899.30946974468,False,
TRIAL6-HSX-POOLED-MEAN-REVERSION-EDGE,wf_07,oos,FPT,technology,2024-01-23,2024-01-24,2024-02-01,target,6,95800,97237,97237,94363,0.015,False,True,95326,0.009930643012416585,47061,0.004892825384428483,-1.3068052823840457,-0.008279237207116262,-0.018957254668636913,-4.643094475869999e-05,0.00677535927058731,-0.08318935330249291,-0.0009830899347500477,0.020662470807266724,0.012851165570830844,25.126277610258576,0.7809148559375395,0.5890909090909091,23537.54536306899,False,
TRIAL6-HSX-POOLED-MEAN-REVERSION-EDGE,wf_07,oos,SSI,securities,2024-01-23,2024-01-24,2024-01-24,target,0,33750,34397,34397,33103,0.019160326852634545,False,True,47640,0.014087318308634692,30583,0.009025434295351827,-1.3753807908621172,-0.003654532694274966,-0.023949216150362246,-0.00015463003892720676,0.008245875173263991,-0.0464260635014509,0.008976819837653971,0.0195558141658885,0.019160326852634545,26.387330039353998,0.9016393959005695,0.5890909090909091,43600.45228279505,False,
TRIAL6-HSX-POOLED-MEAN-REVERSION-EDGE,wf_07,oos,VND,securities,2024-01-23,2024-01-24,2024-02-06,target,9,21950,22411,22411,21489,0.020982822352685365,False,True,35006,0.015916202372107953,23913,0.010850842547754053,-1.4524672897711006,-0.00110486669606504,-0.02926811339269458,-0.0001743874932825282,0.010260488297737286,-0.04613191289321946,0.004713242524782335,0.020029544978429792,0.020982822352685365,26.000000335008846,0.876074628374956,0.5890909090909091,39351.90802287997,False,
TRIAL6-HSX-POOLED-MEAN-REVERSION-EDGE,wf_07,oos,FPT,technology,2024-01-24,2024-01-25,2024-02-01,target,5,95100,96526,96526,93674,0.015,False,True,94608,0.009928353988719992,46627,0.004883401420477337,-1.3326934050871442,-0.003213514670008858,-0.017721934318087693,0.00013536824285199957,0.0067833347501811666,-0.1097817270437311,-0.007259240562365155,0.012173554221516681,0.012481203007518798,25.11943936822411,0.786036861864647,0.5890909090909091,24388.75861423825,False,
TRIAL6-HSX-POOLED-MEAN-REVERSION-EDGE,wf_07,oos,MWG,consumer_retail,2024-01-26,2024-01-29,2024-02-01,target,3,44950,46008,46008,43892,0.023544384346166083,False,True,83058,0.018441162482853924,60221,0.013343901326789863,-0.9373285539243932,-0.011912881006591916,-0.031071966020049024,0.0002538469754461497,0.009974168677427817,0.06545641916063066,-0.02472538346100772,0.0067803004077816465,0.023544384346166083,25.812494065225376,0.7371046735730145,0.5890909090909091,16256.841612324879,True,1
TRIAL6-HSX-POOLED-MEAN-REVERSION-EDGE,wf_07,oos,MWG,consumer_retail,2024-01-29,2024-01-30,2024-01-31,target,1,44600,45667,45667,43533,0.02391629297458894,False,True,84096,0.01881808313602496,61396,0.01371090963743224,-1.0745117309864283,-0.005641967278244464,-0.03556212076105564,8.659424131975524e-05,0.009994722289809188,0.05962070582281013,-0.03357845059777442,0.0020314433374286622,0.02391629297458894,25.802271395416696,0.7445954228618336,0.5890909090909091,17501.710350583104,False,
TRIAL6-HSX-POOLED-MEAN-REVERSION-EDGE,wf_07,oos,HPG,materials,2024-01-30,2024-01-31,2024-02-15,target,6,27950,28369,28369,27531,0.015,False,True,27816,0.009932175127071211,13737,0.004895244197387706,-0.8137462827214805,-0.0019496628587692421,-0.014971136710662393,0.0002816325986227958,0.0069301963322497,-0.08112597980169631,-0.012333192864166453,0.0023585404049030574,0.014625850340136054,26.331681213511807,0.8795606863972333,0.5890909090909091,39931.24721637893,False,
TRIAL6-HSX-POOLED-MEAN-REVERSION-EDGE,wf_07,oos,HPG,materials,2024-01-31,2024-02-01,2024-02-05,target,2,27750,28166,28166,27334,0.015,False,True,27597,0.009924961293837763,13598,0.004880599741649089,-0.8051930371259193,0.0010749095417201624,-0.014860222908878023,0.0003780925383213294,0.006994743040396555,-0.0516844835076311,-0.017734427432067656,-0.0025106094261549963,0.014157014157014156,26.368945295884398,0.8846789254633034,0.5890909090909091,40781.83446240958,True,1
TRIAL6-HSX-POOLED-MEAN-REVERSION-EDGE,wf_07,oos,VCB,banks,2024-01-31,2024-02-01,2024-02-01,target,0,88000,89492,89492,86508,0.01694915254237288,False,True,104731,0.01187748558083843,60372,0.006833101948948448,-1.1852921542833925,-0.024139749199069117,-0.02781213901942191,-0.0009833316813273802,0.006581408867297796,-0.06084591014764634,-0.02846984595440405,-0.0013177851458953983,0.01694915254237288,24.767632379778327,0.5978694015466459,0.5890909090909091,-6882.317198826728,False,
TRIAL6-HSX-POOLED-MEAN-REVERSION-EDGE,wf_07,oos,HPG,materials,2024-02-01,2024-02-02,2024-02-05,target,1,27700,28115,28115,27284,0.015,False,True,27518,0.009914406369604372,13539,0.0048681861035741745,-1.1636123808656436,-0.0057942839686433295,-0.020223231087142576,0.0001250839046690001,0.006232817999865002,-0.08364179299370325,-0.01413082382846409,0.005390418401254847,0.01410618107206976,26.331681213511807,0.8814739036618183,0.5890909090909091,40249.19996988155,False,
TRIAL6-HSX-POOLED-MEAN-REVERSION-EDGE,wf_07,oos,TCB,banks,2024-02-01,2024-02-02,2024-02-05,target,1,34000,34654,34654,33346,0.019242836226730807,False,True,48237,0.014159022403115179,30980,0.009075436268349342,-1.1158764984371075,-0.018245504902784336,-0.028615323235772254,-0.000815310603482293,0.007005187092099958,0.15765821350810538,-0.024270489537397855,0.006517047924469709,0.019242836226730807,24.778323597164743,0.589437597764931,0.5890909090909091,-8283.577410625796,False,
TRIAL6-HSX-POOLED-MEAN-REVERSION-EDGE,wf_07,oos,HPG,materials,2024-02-02,2024-02-05,2024-02-15,target,3,27900,28318,28318,27482,0.015,False,True,27737,0.009921708750255312,13677,0.0048825886823329325,-1.23143320982153,-0.0027343803922117446,-0.0214003700885784,9.678740119803964e-05,0.006218745494085431,-0.08113355186710068,-0.015875314700868337,0.004912255127361574,0.01408090117767537,26.329224876215623,0.8860672758843923,0.5890909090909091,41012.56091851203,False,
TRIAL6-HSX-POOLED-MEAN-REVERSION-EDGE,wf_07,oos,TCB,banks,2024-02-02,2024-02-05,2024-02-05,target,0,34450,35082,35082,33818,0.018336470752283344,False,True,45764,0.013257741456080328,28432,0.008220322689299153,-1.572730736955628,-0.00277621533600992,-0.040372223468526786,-0.0008641957682700934,0.007012034097382661,0.16019129921389405,-0.0356990609659692,0.007114893601261669,0.018336470752283344,24.778323597164743,0.6562816797680854,0.5890909090909091,2825.072046845802,False,
TRIAL6-HSX-POOLED-MEAN-REVERSION-EDGE,wf_07,oos,VCB,banks,2024-02-02,2024-02-05,2024-02-21,target,7,90200,91684,91684,88716,0.016453092865052997,False,True,102853,0.01138001537280717,57317,0.006329113225171092,-0.8964967120810772,0.003568532394597579,-0.020963246179137293,-0.0006495638905234195,0.006566829442343753,-0.15647434389799272,-0.018103967835345403,0.00515988325341458,0.016453092865052997,24.71895880973432,0.671758643484526,0.5890909090909091,5397.149625588412,False,
TRIAL6-HSX-POOLED-MEAN-REVERSION-EDGE,wf_07,oos,VPB,banks,2024-02-02,2024-02-05,2024-02-05,target,0,18850,19156,19156,18544,0.016210739614994935,False,True,21084,0.011163062567472622,11571,0.006113937674928311,-2.381624678862266,-0.02280386462487234,-0.055133836203576175,-0.0008127496819330226,0.008572913664114307,0.3423368643401091,-0.048923432305792436,0.008584268194575362,0.016210739614994935,25.33422471110353,0.7570597269079601,0.5890909090909091,19573.121614383996,True,1
TRIAL6-HSX-POOLED-MEAN-REVERSION-EDGE,wf_07,oos,HPG,materials,2024-02-05,2024-02-06,2024-02-15,target,2,28150,28572,28572,27728,0.015,False,True,28035,0.009939286505650343,13775,0.0048739444062509615,-1.2706191390877541,-0.01378971486213251,-0.023282150255698613,-8.904777258711556e-05,0.006896837913787565,-0.07783862360713052,5.4593702158323154e-05,0.02092857821145929,0.01403061224489796,26.318254315699203,0.8907631954242833,0.5890909090909091,41792.96394726001,False,
TRIAL6-HSX-POOLED-MEAN-REVERSION-EDGE,wf_07,oos,VCB,banks,2024-02-05,2024-02-06,2024-02-27,time_exit,10,90300,91100,91819,88781,0.016825396825396823,False,False,34585,0.003822369721128924,-10722,-0.0011826452272786685,-0.9699263116084498,-0.011151165731556882,-0.023433064144426016,-0.0007731740848081587,0.0070445064321369745,-0.18231248775886186,-0.012730574797645056,0.02234915248921522,0.016825396825396823,24.71895880973432,0.6327076785208825,0.5890909090909091,-1092.6317844794175,False,
TRIAL6-HSX-POOLED-MEAN-REVERSION-EDGE,wf_07,oos,VPB,banks,2024-02-05,2024-02-06,2024-02-15,target,2,19300,19621,19621,18979,0.016617063492063492,False,True,22301,0.011531643893983957,12604,0.006504632305583538,-1.8653768430040931,0.011450675481623498,-0.04497194600933199,-0.0005802714321845488,0.008568460449540927,0.14448200168454714,-0.027646836561111665,0.024006514907378176,0.016617063492063492,25.31651482194207,0.8236319311757481,0.5890909090909091,30636.588396486764,False,
TRIAL6-HSX-POOLED-MEAN-REVERSION-EDGE,wf_07,oos,HPG,materials,2024-02-06,2024-02-07,2024-02-15,target,1,28050,28471,28471,27629,0.015,False,True,27975,0.009953355321442677,13855,0.004919709838318911,-1.0857124861786887,0.0014741749390796166,-0.0198192136237626,-0.00010538519293841875,0.006707832064597285,-0.14255582945744097,0.0018403079878726025,0.019465398259502012,0.013750954927425516,26.30727046575971,0.9063190568277164,0.5890909090909091,44378.15333368313,False,
TRIAL6-HSX-POOLED-MEAN-REVERSION-EDGE,wf_07,oos,VCB,banks,2024-02-06,2024-02-07,2024-02-21,target,5,90000,91571,91571,88429,0.017451449853684492,False,True,111612,0.012376570565979822,66133,0.007318813899073121,-1.1195067102812757,-0.00608867950573378,-0.026533978137075406,-0.0006998321762509889,0.00718213371270379,-0.25712211473818136,-0.01609314789706029,0.021458004468938998,0.017451449853684492,24.740586616064146,0.6453384726906238,0.5890909090909091,1006.4480532018206,True,2
TRIAL6-HSX-POOLED-MEAN-REVERSION-EDGE,wf_07,oos,VND,securities,2024-02-06,2024-02-07,2024-02-07,target,0,22150,22563,22563,21737,0.01863822452057746,False,True,30138,0.013579198927289243,18878,0.008488874259617996,-0.7686148071969675,-0.005986152166828169,-0.016266847995438028,0.00021182897219689081,0.008849847725718911,-0.2588788399237438,0.011561062422316803,0.018385314433452656,0.01863822452057746,25.962621052132896,0.8500717854145259,0.5890909090909091,35030.56111095036,True,1
TRIAL6-HSX-POOLED-MEAN-REVERSION-EDGE,wf_07,oos,VPB,banks,2024-02-06,2024-02-07,2024-02-15,target,1,19350,19667,19667,19033,0.016407599309153715,False,True,21881,0.01128524155914888,12166,0.00626238282482572,-1.4878311825685868,0.005282673505251758,-0.03612338835920259,-0.000550219364690369,0.008498081950593333,0.232495024178283,-0.01990685765815814,0.02188174999794987,0.016407599309153715,25.31651482194207,0.8096024547674175,0.5890909090909091,28305.06508400179,False,
TRIAL6-HSX-POOLED-MEAN-REVERSION-EDGE,wf_07,oos,HPG,materials,2024-02-07,2024-02-15,2024-02-15,target,0,28300,28724,28724,27876,0.015,False,True,28176,0.009936356676271765,13855,0.004876292455068071,-1.9469519242496358,-0.01366010022016409,-0.03604215996013037,-0.00044608175866082977,0.0069760520367679385,-0.10990813931873405,0.014333941805035888,0.042857846612706946,0.013363782457921003,26.30727046575971,0.9212136820365373,0.5890909090909091,46853.45354406529,False,
TRIAL6-HSX-POOLED-MEAN-REVERSION-EDGE,wf_07,oos,SSI,securities,2024-02-07,2024-02-15,2024-02-19,downside_touch,2,35200,34558,35842,34558,0.01824718491385158,False,False,-81618,-0.023140368400743617,-99032,-0.028022082188524845,-1.71733671333387,-0.01807858436419836,-0.03978112777287194,-2.914750798850816e-05,0.00870246713401827,-0.06627976416876566,0.0201945490387192,0.042206668031186584,0.01824718491385158,26.283599224639964,0.8996714940879349,0.5890909090909091,43273.41164212549,True,1
TRIAL6-HSX-POOLED-MEAN-REVERSION-EDGE,wf_07,oos,VPB,banks,2024-02-07,2024-02-15,2024-02-15,target,0,19600,19919,19919,19281,0.0162779397473275,False,True,21981,0.011192285719232035,12064,0.006130436417556708,-1.0228705350622374,0.005851851571715966,-0.020591844471425494,-9.481261309156596e-06,0.008466854436531498,0.28586439198181957,0.01086561018855825,0.043243216792315575,0.0162779397473275,25.31651482194207,0.8171529236221006,0.5890909090909091,29559.858466342994,False,
TRIAL6-HSX-POOLED-MEAN-REVERSION-EDGE,wf_08,oos,MBB,banks,2024-03-01,2024-03-04,2024-03-05,target,1,24100,24612,24612,23588,0.02123015873015873,False,True,39033,0.01616395776574374,26770,0.011063643017527009,-0.8289824120203982,-0.011087705357455662,-0.02655960833255292,-0.0006642599614273222,0.005686573937145809,-0.024846325281759556,0.004329252331818134,0.06464168672437527,0.02123015873015873,25.76341910720812,0.8955148249179858,0.6398467432950191,39270.30147637671,True,1
TRIAL6-HSX-POOLED-MEAN-REVERSION-EDGE,wf_08,oos,VPB,banks,2024-03-01,2024-03-04,2024-03-06,downside_touch,2,19800,19428,20172,19428,0.01878104931540046,False,False,-47027,-0.023703459524630387,-56751,-0.028547556120739698,-1.0377247343142524,-0.018589439800750458,-0.02722970556681776,3.3646264258600404e-05,0.009944085337001144,0.16805799604119606,0.008235250913759762,0.06420768688193731,0.01878104931540046,25.38219404114328,0.8359609047739165,0.6398467432950191,29428.158145424466,False,
TRIAL6-HSX-POOLED-MEAN-REVERSION-EDGE,wf_08,oos,TCB,banks,2024-03-05,2024-03-06,2024-03-06,target,0,42050,43075,43075,41025,0.02437373053486798,False,True,81126,0.01925423368382529,59856,0.014177744806278229,-0.7520680492676873,-2.9950605361267132e-05,-0.027239231328613438,-0.0003549255882350257,0.006500377146528175,0.27115806859379027,0.006028838615179999,0.044182182085230524,0.02437373053486798,25.18145258446008,0.7958054948575292,0.6398467432950191,22791.89811494882,True,1
TRIAL6-HSX-POOLED-MEAN-REVERSION-EDGE,wf_08,oos,VCB,banks,2024-03-06,2024-03-07,2024-03-18,downside_touch,7,95900,93846,97954,93846,0.021418609284718074,False,False,-252742,-0.026302107398832285,-300075,-0.031165617461428426,-0.7504022780838706,0.006571809865419493,-0.028247126552461074,0.0001664582157391875,0.006799137813647915,0.12728216244577356,-0.01854864693910463,0.02033836324130907,0.021418609284718074,24.935406768069342,0.7078929511129031,0.6398467432950191,8263.08365521111,False,
TRIAL6-HSX-POOLED-MEAN-REVERSION-EDGE,wf_08,oos,VPB,banks,2024-03-06,2024-03-07,2024-03-08,downside_touch,1,19400,19010,19790,19010,0.020127638684339717,False,False,-48662,-0.025033026186370575,-58121,-0.029840439569015356,-1.4147088097380132,-0.012223698224374205,-0.03737180796972585,-0.00013867787228607524,0.01016342142919991,0.09274323337467116,-0.025175801095290162,0.021074713703107466,0.020127638684339717,25.36961001949477,0.7698083741574453,0.6398467432950191,18495.499363979754,True,1
TRIAL6-HSX-POOLED-MEAN-REVERSION-EDGE,wf_08,oos,VPB,banks,2024-03-07,2024-03-08,2024-03-08,downside_touch,0,19450,19079,19821,19079,0.01909658464928388,False,False,-46786,-0.024006128525608298,-56271,-0.028816417538219355,-1.41985553089948,-0.002196328526549279,-0.03568472018030497,-0.0003824160762527823,0.009189909415809413,-0.030758620691380963,-0.022598481507661305,0.023445534626279296,0.01909658464928388,25.36961001949477,0.8335419383326019,0.6398467432950191,29028.38908957412,False,
TRIAL6-HSX-POOLED-MEAN-REVERSION-EDGE,wf_08,oos,VPB,banks,2024-03-08,2024-03-11,2024-03-11,downside_touch,0,18950,18565,19335,18565,0.02030075187969925,False,False,-47783,-0.025165583143383206,-57264,-0.030097903332876062,-1.2546445482103994,-0.010695884267813888,-0.02943241194908512,-0.0008120218092845562,0.00869457228149692,0.10249348127216175,-0.033171914223941945,-0.005387188962608357,0.02030075187969925,25.36961001949477,0.7470445305955434,0.6398467432950191,14733.446243754988,False,
TRIAL6-HSX-POOLED-MEAN-REVERSION-EDGE,wf_08,oos,MBB,banks,2024-03-11,2024-03-12,2024-03-13,target,1,22900,23499,23499,22301,0.026143790849673203,False,True,48291,0.02104607596216579,36685,0.01595570936904814,-1.4184291724221338,-0.018766404894597088,-0.03670869984847768,-0.0010262359799513307,0.00904179008212858,0.37824132600820726,-0.05193041380823604,-0.01968835889047169,0.026143790849673203,25.93480139106195,0.7237737802642097,0.6398467432950191,10887.619476587926,False,
TRIAL6-HSX-POOLED-MEAN-REVERSION-EDGE,wf_08,oos,VPB,banks,2024-03-11,2024-03-12,2024-03-13,target,1,18550,18940,18940,18160,0.021049929405724553,False,True,29683,0.01596990128499519,20169,0.01082916190372897,-1.7167746743162313,-0.014863304072190544,-0.03976682899061169,-0.00076445785784883,0.009481973834925488,0.08555557654353413,-0.054311595488171216,-0.01942378314825667,0.021049929405724553,25.38219404114328,0.6838856093048069,0.6398467432950191,4295.524534017379,False,
TRIAL6-HSX-POOLED-MEAN-REVERSION-EDGE,wf_08,oos,MBB,banks,2024-03-12,2024-03-13,2024-03-13,target,0,23100,23657,23657,22543,0.024118738404452687,False,True,43922,0.018975515700530573,32246,0.013903710573779222,-1.6492763531061143,0.002818733406932685,-0.04255132981914097,-0.0008659483285701192,0.009040551248616802,0.28161390802818476,-0.06192339171565242,-0.025109558432515548,0.024118738404452687,25.941152535157237,0.8165914403583371,0.6398467432950191,26227.075083877313,True,1
TRIAL6-HSX-POOLED-MEAN-REVERSION-EDGE,wf_08,oos,MWG,consumer_retail,2024-03-12,2024-03-13,2024-03-13,target,0,46800,48149,48149,45451,0.028826075884899417,False,True,111146,0.023701928828532393,87296,0.018578542311429795,-1.0007230717983695,0.0021281249563299964,-0.03771959355763214,0.0008278226545799814,0.011954402468905282,0.22999438365947783,-0.06607918767121024,-0.02464780332634246,0.028826075884899417,25.827785203530087,0.5957456366240486,0.6398467432950191,-10270.875834114013,False,
TRIAL6-HSX-POOLED-MEAN-REVERSION-EDGE,wf_08,oos,VPB,banks,2024-03-12,2024-03-13,2024-03-13,target,0,18650,19026,19026,18274,0.02015145680913875,False,True,28147,0.015062350865495192,18696,0.009984507351397944,-1.9037283736576889,-0.004133371360764875,-0.04324870895324269,-0.0006349469873130503,0.009518896324993718,0.04163060962445341,-0.06196465671266105,-0.025104973432847923,0.02015145680913875,25.38219404114328,0.7258597882530866,0.6398467432950191,11232.362351051455,False,
TRIAL6-HSX-POOLED-MEAN-REVERSION-EDGE,wf_08,oos,MBB,banks,2024-03-13,2024-03-14,2024-03-15,downside_touch,1,23950,23367,24533,23367,0.024358590396326246,False,False,-70133,-0.0292245917774609,-81864,-0.034044860832939644,-1.7039365722101711,0.007180831607133946,-0.04365632865871113,-0.0005483547570542522,0.009078245740111075,0.1744814689507581,-0.029455859248119887,0.017471951529294608,0.024358590396326246,25.941152535157237,0.8918729685743831,0.6398467432950191,38668.43224530403,False,
TRIAL6-HSX-POOLED-MEAN-REVERSION-EDGE,wf_08,oos,TCB,banks,2024-03-13,2024-03-14,2024-03-15,downside_touch,1,42100,40947,43253,40947,0.02738095238095238,False,False,-135950,-0.03222772138749645,-156696,-0.037071639519139936,-0.8858252315298686,-0.0063337703333531704,-0.02915952424090445,-0.0010677403623739405,0.007467705069439221,0.11343696798960899,-0.016482147791122226,0.016030428034072647,0.02738095238095238,25.397879806078844,0.7505671964199906,0.6398467432950191,15315.617524291727,True,1
TRIAL6-HSX-POOLED-MEAN-REVERSION-EDGE,wf_08,oos,VPB,banks,2024-03-13,2024-03-14,2024-03-14,downside_touch,0,19100,18708,19492,18708,0.020497437820272465,False,False,-48641,-0.025415049956475533,-58081,-0.03028781270272356,-1.3331874159661445,0.0020588795205907402,-0.02993880985875473,-0.00038625017575947044,0.009624578746563913,-0.01590900217739602,-0.017288959827745143,0.016120073815919636,0.020497437820272465,25.38219404114328,0.8290359564937719,0.6398467432950191,28283.710670468423,False,
TRIAL6-HSX-POOLED-MEAN-REVERSION-EDGE,wf_08,oos,MBB,banks,2024-03-14,2024-03-15,2024-03-18,downside_touch,1,23450,22874,24026,22874,0.024571022438826275,False,False,-69134,-0.029422241553138908,-80667,-0.03426307647741917,-1.6357801200163589,-0.0075894176779339705,-0.03540843727484788,-0.00020728999695629152,0.009267107073913882,0.2767002377458422,-0.03809726641690847,-0.0032008376207959136,0.024571022438826275,25.948059476021175,0.791707053154398,0.6398467432950191,22114.571574929516,False,
TRIAL6-HSX-POOLED-MEAN-REVERSION-EDGE,wf_08,oos,MWG,consumer_retail,2024-03-14,2024-03-15,2024-03-18,downside_touch,1,47250,45832,48668,45832,0.03,False,False,-165043,-0.03485971353625976,-188182,-0.03966829746648794,-0.8870163514053546,-0.014718718300151267,-0.030093452349539196,-3.101595932903082e-05,0.009154815831375026,0.21649381468119672,-0.034513197197989065,-0.003599067534009184,0.03109095490047871,25.846746872370044,0.6184733859853694,0.6398467432950191,-6514.787800564911,False,
TRIAL6-HSX-POOLED-MEAN-REVERSION-EDGE,wf_08,oos,TCB,banks,2024-03-14,2024-03-15,2024-03-18,downside_touch,1,41250,40142,42358,40142,0.026857602944559467,False,False,-131121,-0.03172314748707507,-151338,-0.036541947373008775,-0.7711174757121075,-0.005544536831327319,-0.023823154455809403,-0.000831487725017841,0.007560995930652223,0.15292140514605607,-0.02725909014701189,-0.004405079428562201,0.026857602944559467,25.431539370604224,0.690370255644717,0.6398467432950191,5367.2057696696065,False,
TRIAL6-HSX-POOLED-MEAN-REVERSION-EDGE,wf_08,oos,VPB,banks,2024-03-14,2024-03-15,2024-03-18,downside_touch,1,18750,18353,19147,18353,0.0211499493414387,False,False,-48900,-0.026028442860382157,-58198,-0.030914763156622654,-1.3744361488966792,-0.004116715969308108,-0.029995586517663583,-0.00022265738000708273,0.009696735339266306,-0.051623215389097456,-0.03298963899542651,-0.003768351778738352,0.0211499493414387,25.380000454311098,0.7388809230615909,0.6398467432950191,13384.292481039945,False,
TRIAL6-HSX-POOLED-MEAN-REVERSION-EDGE,wf_08,oos,VPB,banks,2024-03-15,2024-03-18,2024-03-18,downside_touch,0,18650,18267,19033,18267,0.020554066130473635,False,False,-47464,-0.025399489163316295,-56726,-0.030294242833515176,-1.2849481265752938,-0.006681696932149623,-0.027747384487288893,-0.0001495060723898489,0.00980501545766749,-0.05615100845085894,-0.017832115613049426,0.012516185621096939,0.020554066130473635,25.40459171671734,0.7782267124072312,0.6398467432950191,19886.751047536327,True,1
TRIAL6-HSX-POOLED-MEAN-REVERSION-EDGE,wf_08,oos,VPB,banks,2024-03-18,2024-03-19,2024-03-20,target,1,18200,18607,18607,17793,0.022370486656200943,False,True,31519,0.017283650036657636,22241,0.012171743014833645,-0.8911479491609398,-0.005795060073130857,-0.019240558948644453,-0.00014389070932526495,0.009847402631707861,-0.05333699871679527,-0.018276591413811438,0.0012136540703908225,0.022370486656200943,25.40459171671734,0.723253191786954,0.6398467432950191,10801.584730307623,False,
TRIAL6-HSX-POOLED-MEAN-REVERSION-EDGE,wf_08,oos,FPT,technology,2024-03-21,2024-03-22,2024-04-05,downside_gap,10,116300,113100,119212,113388,0.02503893123514466,True,False,-377214,-0.032369842792408024,-434318,-0.037195826669321565,-0.862131099146078,-0.002008963862301625,-0.022555692923439657,-0.0001846771025115044,0.006033633880052772,0.13946701912214043,-0.0060900448911686,0.020635409407054054,0.02503893123514466,25.54548145847831,0.7785286382061619,0.6398467432950191,19936.648635826063,True,2
TRIAL6-HSX-POOLED-MEAN-REVERSION-EDGE,wf_08,oos,SSI,securities,2024-03-21,2024-03-22,2024-03-28,target,4,37800,38869,38869,36731,0.02826788085752229,False,True,87714,0.023158365528532388,68434,0.018031957094724296,-1.2593805857247615,-0.010078776541184588,-0.025385180764887157,-0.0004528476169685248,0.005134314557086421,-0.09239266573638014,-0.004244431841399887,0.020430341290413087,0.02826788085752229,26.48079228063251,0.8760852993998456,0.6398467432950191,36059.292452296984,True,1
TRIAL6-HSX-POOLED-MEAN-REVERSION-EDGE,wf_08,oos,VPB,banks,2024-03-21,2024-03-22,2024-03-26,target,2,18900,19325,19325,18475,0.022476190476190476,False,True,32935,0.017391547713092006,23371,0.012316239244172566,-0.8656151762304195,-0.012412337143567733,-0.018112848493248828,0.00022728405108310597,0.009961535910465762,-0.07392858028330174,-0.0019445228172884077,0.02017479584328959,0.022476190476190476,25.40459171671734,0.7216621702474022,0.6398467432950191,10538.645498145914,False,
TRIAL6-HSX-POOLED-MEAN-REVERSION-EDGE,wf_08,oos,FPT,technology,2024-03-22,2024-03-25,2024-03-28,target,3,114100,117008,117008,111192,0.025488001989307472,False,True,232839,0.020365834373029794,174991,0.015275500398754712,-1.1064752059910647,-0.015517069980586787,-0.03062578290566063,-0.00044360919022514225,0.006943514644294711,0.16521211119719542,-0.008730643917309822,0.027683565818954037,0.025488001989307472,25.560119128245805,0.7580164115076945,0.6398467432950191,16546.707642606554,False,
TRIAL6-HSX-POOLED-MEAN-REVERSION-EDGE,wf_08,oos,SSI,securities,2024-03-22,2024-03-25,2024-03-28,target,3,37850,38937,38937,36763,0.028722600151171583,False,True,89490,0.023596074440090913,70185,0.018468930041477136,-1.3237349104364642,4.8949664759620135e-05,-0.026565692695631825,-0.0005163072863624218,0.005113314213481716,-0.05153357081211752,0.0010606358666319649,0.026595645842960505,0.028722600151171583,26.4925844287258,0.909941619328107,0.6398467432950191,41654.53710766847,False,
TRIAL6-HSX-POOLED-MEAN-REVERSION-EDGE,wf_08,oos,FPT,technology,2024-03-25,2024-03-26,2024-03-28,target,2,114000,116829,116829,111171,0.02481203007518797,False,True,225098,0.01970601101707995,167210,0.01460906403262589,-0.942043414800007,0.00036325254669168465,-0.022356686248750743,-2.8435824189518992e-05,0.006934995966695814,0.401945965603598,0.009298526875883617,0.0401720404402227,0.02481203007518797,25.569745568874335,0.8346278316185474,0.6398467432950191,29207.848600157788,False,
TRIAL6-HSX-POOLED-MEAN-REVERSION-EDGE,wf_08,oos,SSI,securities,2024-03-25,2024-03-26,2024-03-27,target,1,37400,38490,38490,36310,0.029142857142857144,False,True,89969,0.024007655210268784,71043,0.018919921564470824,-0.8710146248679902,0.002863904545577384,-0.016566439893800706,-0.0002894687851209735,0.005114708747685286,-0.1204771408746835,0.02354740835340452,0.03858883138716482,0.029142857142857144,26.51536053240571,0.9216287492828706,0.6398467432950191,43586.00371581087,False,
TRIAL6-HSX-POOLED-MEAN-REVERSION-EDGE,wf_08,oos,FPT,technology,2024-03-26,2024-03-27,2024-03-28,target,1,114700,117398,117398,112002,0.02351966873706004,False,True,211651,0.018415782107131403,153516,0.013330735196350382,-0.7682118349787127,-0.0013313423885574285,-0.017255524081894107,-0.00029984105066033396,0.006075453963727108,0.39230251040414754,0.026920014222568955,0.05689904947458267,0.02351966873706004,25.569745568874335,0.878071040622146,0.6398467432950191,36387.46479898351,False,
TRIAL6-HSX-POOLED-MEAN-REVERSION-EDGE,wf_08,oos,HPG,materials,2024-03-26,2024-03-27,2024-04-01,downside_touch,3,30900,30139,31661,30139,0.024627854415088458,False,False,-91268,-0.029478023743781365,-106534,-0.034339453690216445,-1.1517540932831298,0.0020388615699805344,-0.01784574187623736,1.1005846224248725e-05,0.0059346797586849204,-0.3055763389087391,0.025094873596812062,0.05710184287744455,0.024627854415088458,26.496558329346385,0.9447315090678582,0.6398467432950191,47404.06762485902,True,1
TRIAL6-HSX-POOLED-MEAN-REVERSION-EDGE,wf_08,oos,VND,securities,2024-03-26,2024-03-27,2024-03-28,downside_touch,1,23750,23038,24462,23038,0.03,False,False,-82921,-0.03484421144281534,-94539,-0.03964677345491694,-0.8676466947782804,-0.034321320969225626,-0.029409079892946347,-0.00028778575989531376,0.011517262357891396,0.016041263342375666,0.018290904870223113,0.0578578394026211,0.033709005990455884,26.097874460189864,0.7629904054040177,0.6398467432950191,17368.731797128487,False,
TRIAL6-HSX-POOLED-MEAN-REVERSION-EDGE,wf_08,oos,FPT,technology,2024-03-27,2024-03-28,2024-04-05,downside_gap,6,115900,113100,118578,113222,0.02310681216931217,True,False,-337154,-0.029031978627068487,-394198,-0.03387627020544575,-0.8817374252115256,-0.001663245828475783,-0.019626519005371358,-0.0004490109890447246,0.005950725838211492,0.3994641316629809,0.00633771608592304,0.03361576522231229,0.02310681216931217,25.560119128245805,0.84495893100103,0.6398467432950191,30915.2116191283,False,
TRIAL6-HSX-POOLED-MEAN-REVERSION-EDGE,wf_08,oos,VND,securities,2024-03-27,2024-03-28,2024-04-02,downside_touch,3,23400,22698,24102,22698,0.03,False,False,-81684,-0.034837540815247245,-93164,-0.03965561201143987,-0.973973603045137,-0.010745476797507827,-0.03170280064514216,-0.0007633729350762655,0.010668672225776287,0.08901618387569345,-0.0032900653946594804,0.034685518720154795,0.03423257715103208,26.121032374028545,0.8219246830466096,0.6398467432950191,27108.4702771702,False,
TRIAL6-HSX-POOLED-MEAN-REVERSION-EDGE,wf_08,oos,VND,securities,2024-03-28,2024-03-29,2024-04-04,downside_touch,4,23200,22504,23896,22504,0.03,False,False,-81005,-0.03484562619747561,-92407,-0.03967213720024368,-1.9900776256649049,-0.013529946960418695,-0.06602880047227498,-0.000987729300637499,0.011039775364416091,0.1291454316222607,-0.043906697213008106,0.02738159369686583,0.03499589490968801,26.145534796641822,0.8114336433885628,0.6398467432950191,25374.674823312354,True,1
TRIAL6-HSX-POOLED-MEAN-REVERSION-EDGE,wf_08,oos,HPG,materials,2024-03-29,2024-04-01,2024-04-05,downside_gap,4,30200,29450,30866,29534,0.022038567493112945,True,False,-89891,-0.02970589868183813,-104679,-0.0345239504773803,-1.4436300696344955,-0.006955638805484085,-0.020334376696722826,-0.00013687940690465736,0.00584769420810939,-0.1865432977399766,-0.00968451748814625,0.014387469327158139,0.022038567493112945,26.46467628265637,0.90148080153134,0.6398467432950191,40256.265066946304,False,
TRIAL6-HSX-POOLED-MEAN-REVERSION-EDGE,wf_08,oos,VCB,banks,2024-03-29,2024-04-01,2024-04-15,downside_touch,10,94900,93262,96538,93262,0.017261277535250138,False,False,-210746,-0.022162928325780092,-257683,-0.027044820958190798,-1.5167969035328368,-0.006414987727604479,-0.02284226704166531,0.00015104237206750454,0.00590084819043767,0.19427802158868748,-0.015587224279174583,0.015043325637272398,0.017261277535250138,24.98451835777117,0.7160276120610994,0.6398467432950191,9607.453577580047,False,
TRIAL6-HSX-POOLED-MEAN-REVERSION-EDGE,wf_08,oos,VND,securities,2024-03-29,2024-04-01,2024-04-05,downside_gap,4,22950,22200,23638,22262,0.03,True,False,-86191,-0.037481778996183594,-97481,-0.042305936310862984,-2.2884787217764817,-0.007714870961995042,-0.07269967262906984,-0.0007811798654421287,0.011193562625129945,0.09401664334949318,-0.056744414952076716,0.019616346823150412,0.03454715219421102,26.17007308763664,0.8158371424601457,0.6398467432950191,26102.416488603052,False,
TRIAL6-HSX-POOLED-MEAN-REVERSION-EDGE,wf_08,oos,HPG,materials,2024-04-01,2024-04-02,2024-04-15,downside_touch,9,29900,29245,30555,29245,0.02191109001740231,False,False,-80294,-0.02680051682467247,-94987,-0.03164146051654592,-1.4520947702407514,-0.004164001092933639,-0.02050198230307166,-0.00017200361303263935,0.005887255869662842,-0.16619960071340148,-0.0031865666961915506,0.02331608343286029,0.02191109001740231,26.433941631320735,0.9169503275586051,0.6398467432950191,42812.82712119759,False,
TRIAL6-HSX-POOLED-MEAN-REVERSION-EDGE,wf_08,oos,VCB,banks,2024-04-01,2024-04-02,2024-04-11,downside_touch,7,95100,93559,96641,93559,0.016206482593037214,False,False,-201250,-0.021119580164784147,-248291,-0.02600434559572219,-1.1999888692090024,0.004121290391838807,-0.016621378474685415,3.9214763858151435e-05,0.004863591679469752,0.015506796343875778,-0.0051645911514883736,0.02353586392789327,0.016206482593037214,24.974271354188364,0.7914494321757897,0.6398467432950191,22071.995996522757,True,1
TRIAL6-HSX-POOLED-MEAN-REVERSION-EDGE,wf_08,oos,VND,securities,2024-04-01,2024-04-02,2024-04-05,downside_gap,3,22900,22200,23587,22213,0.03,True,False,-81184,-0.03538142989195642,-92466,-0.04021699938717202,-2.1597408900027517,-0.0010538131367562376,-0.06728516942396721,-0.0005737535033129662,0.011204337181971563,0.11135811673107061,-0.04451977200847956,0.02790866180089229,0.03451861093782491,26.18447104930923,0.8474425094493003,0.6398467432950191,31325.658740029954,False,
TRIAL6-HSX-POOLED-MEAN-REVERSION-EDGE,wf_08,oos,HPG,materials,2024-04-02,2024-04-03,2024-04-04,downside_touch,1,30350,29696,31004,29696,0.021538220551378447,False,False,-80375,-0.026429972493098614,-95347,-0.03129091986712673,-0.8714468879308722,0.009502769772100829,-0.013075039859731234,9.734278948385733e-05,0.005857132992648387,-0.19072456961390358,-0.004809193261063549,0.011247274485179964,0.021538220551378447,26.46467628265637,0.921058491253325,0.6398467432950191,43491.76036039719,False,
TRIAL6-HSX-POOLED-MEAN-REVERSION-EDGE,wf_08,oos,MBB,banks,2024-04-02,2024-04-03,2024-04-04,downside_touch,1,24800,24095,25505,24095,0.02841781874039939,False,False,-82642,-0.033257381921847046,-94883,-0.03810641828664695,-1.3103902275972812,-0.006312064437702641,-0.03106529061326643,4.3003626216856176e-05,0.008115162694117994,0.13602700747013952,-0.01773733589483495,0.01268373477782123,0.02841781874039939,26.081280654444313,0.7988376817271229,0.6398467432950191,23293.01068158722,False,
TRIAL6-HSX-POOLED-MEAN-REVERSION-EDGE,wf_08,oos,VCB,banks,2024-04-02,2024-04-03,2024-04-04,target,1,94400,95889,95889,92911,0.015772234819853865,False,True,101273,0.010706673431395114,53655,0.005661154949466899,-1.9005837383582107,-0.008726025428472044,-0.025664072041971447,-0.00024855064757790156,0.004686952942908687,0.03868891072057731,-0.018787124804447997,0.012800377990000457,0.015772234819853865,24.967445996690493,0.7467873476745804,0.6398467432950191,14690.943060685466,False,
TRIAL6-HSX-POOLED-MEAN-REVERSION-EDGE,wf_08,oos,VND,securities,2024-04-02,2024-04-03,2024-04-04,downside_touch,1,23150,22456,23844,22456,0.03,False,False,-80785,-0.034826014345119186,-92069,-0.03961231398316534,-0.792201215537063,0.008111128871315824,-0.02493024693635407,-0.0004937098631878663,0.011059652437017491,0.09890086334915676,-0.014909320831992812,0.012369510881949881,0.03452896310039167,26.18447104930923,0.8310250681571955,0.6398467432950191,28612.440031110396,False,
TRIAL6-HSX-POOLED-MEAN-REVERSION-EDGE,wf_08,oos,HPG,materials,2024-04-03,2024-04-04,2024-04-05,downside_touch,1,29950,29300,30600,29300,0.021702838063439065,False,False,-79816,-0.026596512156801328,-94529,-0.0314363779907775,-0.8940615492744849,-0.0019346068761424157,-0.013384845193147117,7.939014788047002e-05,0.005804225279325993,-0.15293205550366767,-0.02124848605114027,-0.010733658500717884,0.021702838063439065,26.46467628265637,0.8656107432681003,0.6398467432950191,34328.221138647976,False,
TRIAL6-HSX-POOLED-MEAN-REVERSION-EDGE,wf_08,oos,MBB,banks,2024-04-03,2024-04-04,2024-04-05,downside_touch,1,24200,23493,24907,23493,0.02922077922077922,False,False,-82602,-0.03406504038217906,-94402,-0.038853884091935235,-1.5460445932337874,-0.006427604257452098,-0.03507644094913279,0.00015947295206056295,0.008200828227965315,0.27051137106782325,-0.043911082301733684,-0.00821559225065195,0.02922077922077922,26.086935467672077,0.723078605823594,0.6398467432950191,10772.731884503257,False,
TRIAL6-HSX-POOLED-MEAN-REVERSION-EDGE,wf_08,oos,VCB,banks,2024-04-03,2024-04-04,2024-04-15,downside_touch,7,94900,93411,96389,93411,0.015686871763630823,False,False,-195883,-0.02059987325614143,-242857,-0.025488775291514543,-1.1914777412787991,0.0022197452730222007,-0.015367884184086838,-6.06911763382714e-05,0.00464952244835392,0.01860686680152071,-0.021002424216009064,-0.010760998704621353,0.015686871763630823,24.967445996690493,0.7134976335379435,0.6398467432950191,9189.338175791316,False,
TRIAL6-HSX-POOLED-MEAN-REVERSION-EDGE,wf_08,oos,HPG,materials,2024-04-04,2024-04-05,2024-04-10,target,3,29450,30090,30090,28810,0.02171814671814672,False,True,49061,0.0166256625052526,34226,0.011575570965900329,-0.7893165079090518,-0.009094940481872078,-0.012183041085455752,2.1173695179413416e-05,0.0062396794657614205,-0.12947723077627007,-0.03130064269565669,-0.02530225677212794,0.02171814671814672,26.46467628265637,0.81647728795463,0.6398467432950191,26208.209754506224,False,
TRIAL6-HSX-POOLED-MEAN-REVERSION-EDGE,wf_08,oos,MBB,banks,2024-04-04,2024-04-05,2024-04-10,target,3,23550,24233,24233,22867,0.02901160464185674,False,True,56311,0.023863282895444995,44323,0.018745411237688584,-2.08263733413145,-0.013462175094947048,-0.04587398367268938,-0.000272404474249798,0.0077338505886294685,0.2120706131504064,-0.06834514626148924,-0.021186200820368768,0.02901160464185674,26.086935467672077,0.6832595414248103,0.6398467432950191,4192.057796732486,False,
TRIAL6-HSX-POOLED-MEAN-REVERSION-EDGE,wf_08,oos,MBB,banks,2024-04-05,2024-04-08,2024-04-10,target,2,23400,24094,24094,22706,0.02967268277760783,False,True,57468,0.024509619944794926,45638,0.01942598880445336,-2.6707680519758745,-0.01032576195033314,-0.05677399400554131,-0.0006069101444347576,0.007308200825158303,0.17122313522039903,-0.0833311406592484,-0.024615670808682398,0.02967268277760783,26.091422917975297,0.7111892254265376,0.6398467432950191,8807.840476835016,False,
TRIAL6-HSX-POOLED-MEAN-REVERSION-EDGE,wf_08,oos,MBB,banks,2024-04-08,2024-04-09,2024-04-10,target,1,23500,24181,24181,22819,0.028976697061803447,False,True,56131,0.02383758287054083,44265,0.018761467637157074,-1.1314819821222655,0.012952193077833019,-0.024001250255849982,-0.0006349781813797259,0.006493936561153724,0.11627748658344747,-0.057222118419790635,-0.03134057630093158,0.028976697061803447,26.106824245615627,0.7831171076347729,0.6398467432950191,20694.959317588622,False,
TRIAL6-HSX-POOLED-MEAN-REVERSION-EDGE,wf_08,oos,SSI,securities,2024-04-08,2024-04-09,2024-04-15,downside_touch,4,36900,35914,37886,35914,0.02672894770987414,False,False,-116712,-0.03156649459692352,-134920,-0.03641780715243357,-1.1482588928345716,0.0028457243161727937,-0.020921695387128545,-0.0002345824857546307,0.00617775586882426,0.02474291035612897,-0.055079816255673486,-0.03157860987472237,0.02672894770987414,26.582667091814365,0.8208443633256988,0.6398467432950191,26929.93187851002,True,1
TRIAL6-HSX-POOLED-MEAN-REVERSION-EDGE,wf_08,oos,VND,securities,2024-04-08,2024-04-09,2024-04-09,target,0,21650,22300,22300,21000,0.03,False,True,53979,0.024882579981367683,42959,0.01976305859772867,-1.00252012182052,-0.01520909822123806,-0.028602300912800888,-0.0006779662399451744,0.011404130509825774,0.1705278413747373,-0.055551872838867644,-0.031526159143256356,0.03530188056746948,26.18447104930923,0.5993367614114131,0.6398467432950191,-9677.390723628014,False,
TRIAL6-HSX-POOLED-MEAN-REVERSION-EDGE,wf_08,oos,FPT,technology,2024-04-09,2024-04-10,2024-04-12,target,2,113500,115772,115772,111228,0.02001685630004214,False,True,169738,0.014924995168268246,112388,0.009862589975028485,-1.1084677349927252,-0.00966576152267071,-0.01990860172153274,-0.000379946538413948,0.005399868805650143,0.1937954869013662,-0.034549986589431314,-0.018501096944467676,0.02001685630004214,25.636513524881693,0.7304624629602224,0.6398467432950191,11993.020659753758,False,
TRIAL6-HSX-POOLED-MEAN-REVERSION-EDGE,wf_08,oos,SSI,securities,2024-04-09,2024-04-10,2024-04-11,downside_gap,1,37600,36550,38576,36624,0.02596825396825397,True,False,-123476,-0.03277361399723905,-142048,-0.03762770221962861,-0.8736300311926704,0.005730485005281203,-0.015761349508366253,-0.00024348646956489896,0.0059267212680375395,0.11743952052505395,-0.03585877072068644,-0.018355676485439332,0.02596825396825397,26.582667091814365,0.8632423230120546,0.6398467432950191,33936.80556816091,False,
TRIAL6-HSX-POOLED-MEAN-REVERSION-EDGE,wf_08,oos,SSI,securities,2024-04-10,2024-04-11,2024-04-12,target,1,36550,37518,37518,35582,0.02648366518461241,False,True,78240,0.021363711453368593,59584,0.01623685578781342,-1.4894422129625582,-0.014661405099464758,-0.026942696921446744,-0.000247494135667204,0.006771227147248111,-0.09028344387253422,-0.028674537644422515,-0.0015791069363988084,0.02648366518461241,26.582667091814365,0.8422140820355962,0.6398467432950191,30461.585780992675,False,
TRIAL6-HSX-POOLED-MEAN-REVERSION-EDGE,wf_08,oos,VND,securities,2024-04-10,2024-04-11,2024-04-15,downside_touch,2,21700,21049,22351,21049,0.03,False,False,-75817,-0.034868699114266884,-86431,-0.03967059512547981,-1.2273798655430601,-0.010893444738960492,-0.034025572057855745,-0.00046502143049896317,0.010968711284813195,0.1441050154209985,-0.034820813496132086,-0.0008961873973199665,0.03430735930735931,26.175030314446587,0.7243227511699434,0.6398467432950191,10978.344828095986,False,
TRIAL6-HSX-POOLED-MEAN-REVERSION-EDGE,wf_09,oos,HPG,materials,2024-05-02,2024-05-03,2024-05-03,target,0,28350,28962,28962,27738,0.021583942218862853,False,True,46908,0.016513092931031752,32520,0.011425307055127107,-0.8600194738943873,-0.004572198486999721,-0.01660246681646134,-0.00025656988448324213,0.006658303456826114,-0.27545189908529677,0.013497487192672075,0.03896760242548737,0.021583942218862853,26.4310067997734,0.757109300096428,0.6135458167330677,18439.302660646434,True,1
TRIAL6-HSX-POOLED-MEAN-REVERSION-EDGE,wf_09,oos,MBB,banks,2024-05-02,2024-05-03,2024-05-16,target,9,22600,23278,23278,21922,0.03,False,True,56291,0.024858113872780297,44786,0.019737453874620055,-1.7117964606375529,0.00391790847181292,-0.05144991389211672,-0.00010708183782298598,0.012020102559834357,0.3149351307520974,-0.008110868933994264,0.041368530884005855,0.03082482993197279,26.11772776238044,0.4731132877112777,0.6135458167330677,-28401.268668556044,False,
TRIAL6-HSX-POOLED-MEAN-REVERSION-EDGE,wf_09,oos,SSI,securities,2024-05-02,2024-05-03,2024-05-15,target,8,35100,36153,36153,34047,0.03,False,True,87398,0.024849675923240607,69602,0.01975062712114505,-2.1427326214226072,-0.020340782889910976,-0.06150547556427223,-0.000510553995974155,0.009577979015978086,-0.407906849418432,-0.010623657951310594,0.04164772966370767,0.031082750102923017,26.611001065049408,0.6400488207435315,0.6135458167330677,-867.9393210606577,False,
TRIAL6-HSX-POOLED-MEAN-REVERSION-EDGE,wf_09,oos,VND,securities,2024-05-02,2024-05-03,2024-05-16,target,9,20650,21270,21270,20030,0.03,False,True,51486,0.0248832946127759,40974,0.019762687617475707,-0.999855094535266,-0.02330692602856848,-0.039990413733868996,-0.00020771976626575905,0.01268627443966086,-0.16486708370869121,0.0073301001224072015,0.0396528676555168,0.03718038939713817,26.2288705266258,0.5027221536319361,0.6135458167330677,-23517.762789422413,False,
TRIAL6-HSX-POOLED-MEAN-REVERSION-EDGE,wf_09,oos,VPB,banks,2024-05-02,2024-05-03,2024-05-13,target,6,18400,18891,18891,17909,0.026671870934166016,False,True,39819,0.021597788313578257,30439,0.016477338854830634,-1.402205236473734,-0.01718656310757245,-0.030193226308571793,-0.0004067047624167686,0.008595942419576418,-0.41074494785550103,0.0001687850999104734,0.040448569324683104,0.026671870934166016,25.558640010604083,0.5961667864529825,0.6135458167330677,-8105.57459626795,False,
TRIAL6-HSX-POOLED-MEAN-REVERSION-EDGE,wf_09,oos,MBB,banks,2024-05-03,2024-05-06,2024-05-16,target,8,22550,23226,23226,21874,0.03,False,True,56113,0.0248344312241202,44626,0.019710503906236198,-1.0514751653842436,-0.005241589831035182,-0.030489053600599367,-0.0003619261766248965,0.011200453289205733,0.31950612114434557,0.01843780363237746,0.046581562691230385,0.030718537414965986,26.11772776238044,0.49465790790050673,0.6135458167330677,-24847.830328846023,False,
TRIAL6-HSX-POOLED-MEAN-REVERSION-EDGE,wf_09,oos,SSI,securities,2024-05-03,2024-05-06,2024-05-06,target,0,35000,36050,36050,33950,0.03,False,True,87139,0.0248467873168726,69383,0.01974467915572238,-1.9223661990797456,-0.00772049868536875,-0.053580704995183095,-0.0003535136676945451,0.009735431292833885,-0.39686497638122503,0.0050294369525047955,0.048071381211216235,0.03126503126503126,26.611001065049408,0.6166598833222641,0.6135458167330677,-4725.568103923164,False,
TRIAL6-HSX-POOLED-MEAN-REVERSION-EDGE,wf_09,oos,VPB,banks,2024-05-03,2024-05-06,2024-05-14,target,6,18500,18984,18984,18016,0.02613871635610766,False,True,39080,0.02108243296023685,29662,0.01597002188596149,-1.6834397942342392,0.002164922072242833,-0.036424891421800686,-0.0003683854109150744,0.008540863852704443,-0.4016793807449157,0.0001687850999104734,0.04861145363928227,0.02613871635610766,25.558640010604083,0.5831397301041503,0.6135458167330677,-10254.177870631815,False,
TRIAL6-HSX-POOLED-MEAN-REVERSION-EDGE,wf_09,oos,SSI,securities,2024-05-06,2024-05-07,2024-05-20,target,9,35800,36874,36874,34726,0.03,False,True,89213,0.0248700020879952,70931,0.01973402152433082,-1.4201161474472148,0.006160032152201508,-0.03998395539617592,-0.00013903870028441544,0.00972411839277304,-0.41037274111024796,0.0005561324792002775,0.03292436654312509,0.030454818673612504,26.611001065049408,0.6487170022238239,0.6135458167330677,561.7376997964748,True,1
TRIAL6-HSX-POOLED-MEAN-REVERSION-EDGE,wf_09,oos,SSI,securities,2024-05-07,2024-05-08,2024-05-15,target,5,35200,36256,36256,34144,0.03,False,True,87657,0.024852548125462316,69820,0.01975625836500126,-1.4938528744481565,-0.013315719743170092,-0.042363334940173705,-0.0002476565894085536,0.010157544910980372,-0.41866244785987505,0.00616623065591837,0.038826619561891866,0.030004688232536336,26.575035291944705,0.6654944020818452,0.6135458167330677,3328.8997742499123,False,
TRIAL6-HSX-POOLED-MEAN-REVERSION-EDGE,wf_09,oos,VND,securities,2024-05-07,2024-05-08,2024-05-17,target,7,20800,21424,21424,20176,0.03,False,True,51825,0.024866586505012663,41252,0.01975343166314394,-1.2258249720231291,-0.01800669432780738,-0.04994440405198646,0.0003116265722145986,0.013340028255727634,-0.22357512654361122,-0.001315956953302222,0.03965797374069416,0.036254119786339356,26.175030314446587,0.4975743890878472,0.6135458167330677,-24366.803697737436,False,
TRIAL6-HSX-POOLED-MEAN-REVERSION-EDGE,wf_09,oos,SSI,securities,2024-05-08,2024-05-09,2024-05-20,target,7,35850,36903,36903,34797,0.02938622854471382,False,True,87099,0.02424683618304205,68801,0.019114755209667482,-1.1101479441583213,0.004010630088292759,-0.031799142377122315,-0.00015210135782322618,0.010066168437520567,-0.43673351697160323,0.013222451648722822,0.03605864422457588,0.02938622854471382,26.575035291944705,0.6876806683413602,0.6135458167330677,6988.167305964846,False,
TRIAL6-HSX-POOLED-MEAN-REVERSION-EDGE,wf_09,oos,VND,securities,2024-05-08,2024-05-09,2024-05-17,target,6,20950,21578,21578,20322,0.03,False,True,52164,0.02485012938607356,41431,0.019697241264225243,-0.7750342359764673,-0.0019165500140532043,-0.03150019014374087,0.00029089273635788385,0.013188344131093668,-0.2286042210999746,0.012964074868495712,0.036087352755712225,0.03634085213032581,26.175030314446587,0.4896505245176914,0.6135458167330677,-25673.717624042725,False,
TRIAL6-HSX-POOLED-MEAN-REVERSION-EDGE,wf_09,oos,VCB,banks,2024-05-10,2024-05-13,2024-05-24,downside_touch,9,92100,90465,93735,90465,0.017753623188405798,False,False,-209027,-0.02265035127348966,-254545,-0.027527728878284925,-1.1978628832729414,-0.006190337094277236,-0.0158086993868085,0.0002195368433729246,0.00565558697429376,-0.005846360702130737,-0.005375186638424956,0.026639269289266607,0.017753623188405798,24.91608790617693,0.5352782256886831,0.6135458167330677,-18148.162693402006,False,
TRIAL6-HSX-POOLED-MEAN-REVERSION-EDGE,wf_09,oos,VCB,banks,2024-05-13,2024-05-14,2024-05-20,target,4,91100,92773,92773,89427,0.01836734693877551,False,True,121246,0.013282470110443685,75203,0.008222090805215616,-1.8452962718591248,-0.010397189029712593,-0.023381346967926295,-7.393283001874422e-05,0.005349596840294944,0.1520093947837466,-0.02165015726122166,0.0043976061577342745,0.01836734693877551,24.906035720511966,0.44592290062225576,0.6135458167330677,-32885.88538981024,False,
TRIAL6-HSX-POOLED-MEAN-REVERSION-EDGE,wf_09,oos,VCB,banks,2024-05-14,2024-05-15,2024-05-16,target,1,91000,92674,92674,89326,0.01839587932303164,False,True,121386,0.013312412668342205,75383,0.00825081839979677,-1.9971044541750491,-0.005949895437755557,-0.025026218501956524,-5.097197740166108e-05,0.005508902457666001,0.2151021274974275,-0.024970492839621716,0.00014202731115974074,0.01839587932303164,24.906035720511966,0.41741981998878874,0.6135458167330677,-37587.00978342772,False,
TRIAL6-HSX-POOLED-MEAN-REVERSION-EDGE,wf_09,oos,VCB,banks,2024-05-15,2024-05-16,2024-05-24,downside_touch,6,92000,90305,93695,90305,0.018419675562532704,False,False,-214972,-0.02331986426722101,-260435,-0.028195285221290254,-2.130793315343184,-0.00023906005024439212,-0.0266436564308337,-6.363673042791201e-05,0.005384818354078204,0.20775092096924483,-0.021631908066894967,0.012727516093014132,0.018419675562532704,24.906035720511966,0.402301979044045,0.6135458167330677,-40080.454325724524,False,
TRIAL6-HSX-POOLED-MEAN-REVERSION-EDGE,wf_09,oos,VCB,banks,2024-05-17,2024-05-20,2024-05-23,downside_touch,3,92300,90624,93976,90624,0.01815541031227306,False,False,-213197,-0.023052182138156744,-258885,-0.027936472514378568,-0.9308231410255412,-0.010739884586168149,-0.014174731646075184,-1.4132399353822905e-05,0.005787505004884485,-0.029571802781322487,-0.0019070498483422238,0.03060631277667552,0.01815541031227306,24.920870184837394,0.5885886381346829,0.6135458167330677,-9355.468191130094,False,
TRIAL6-HSX-POOLED-MEAN-REVERSION-EDGE,wf_09,oos,VCB,banks,2024-05-23,2024-05-24,2024-05-30,downside_gap,4,91000,89500,92365,89635,0.015,True,False,-195121,-0.02139893622213105,-240132,-0.026282922197047053,-0.7740270567864534,0.006596949334471952,-0.010789103992573264,2.9463582824184827e-05,0.005005375942063233,0.005210856370503516,-0.0173382703572732,-0.0165697899310048,0.014599686028257458,24.920870184837394,0.666307027054322,0.6135458167330677,3462.9291842670136,True,1
TRIAL6-HSX-POOLED-MEAN-REVERSION-EDGE,wf_09,oos,VCB,banks,2024-05-30,2024-05-31,2024-05-31,downside_touch,0,88700,87370,90030,87370,0.015,False,False,-176944,-0.019908835929877116,-220879,-0.024802434710001205,-0.9432820005666622,-0.012105153429242088,-0.012759545566278457,-5.0968883729400216e-05,0.005195616430102049,-0.07117193939497554,-0.026533822985614686,-0.039067230989744316,0.013060303128023218,24.901183023196353,0.706314028059865,0.6135458167330677,10061.440087744752,False,
TRIAL6-HSX-POOLED-MEAN-REVERSION-EDGE,wf_09,oos,VCB,banks,2024-05-31,2024-06-03,2024-06-05,target,2,88000,89320,89320,86680,0.015,False,True,87574,0.009931719569719994,43259,0.004896196203696431,-2.0012630345432463,-0.01690961855705947,-0.029836971537177473,-0.00015893119714709508,0.006425769627157606,0.14815916991417108,-0.03354396859621178,-0.010520208677863506,0.013488422892092617,24.901183023196353,0.598093174426827,0.6135458167330677,-7787.847905182563,False,
TRIAL6-HSX-POOLED-MEAN-REVERSION-EDGE,wf_09,oos,VCB,banks,2024-06-03,2024-06-04,2024-06-11,downside_touch,5,88900,87566,90233,87566,0.015,False,False,-177422,-0.019917729992628884,-221536,-0.02482030053563924,-1.5243185014312524,0.006033462200775274,-0.02367862171382181,-8.788451749350467e-06,0.00641587646126892,-0.02601047572528502,-0.022076078687954803,0.004355894721089795,0.013497462477054313,24.901183023196353,0.6603054201812193,0.6135458167330677,2473.0607263671554,False,
TRIAL6-HSX-POOLED-MEAN-REVERSION-EDGE,wf_09,oos,VCB,banks,2024-06-04,2024-06-05,2024-06-11,downside_touch,4,88700,87370,90030,87370,0.015,False,False,-176944,-0.019908835929877116,-220879,-0.024802434710001205,-1.2637678773813648,0.0045234874904184885,-0.020046156182602963,6.720985408713804e-05,0.006351281117280249,0.044464024558217234,-0.021950381698146337,-0.005079787140390836,0.013636119611316907,24.901183023196353,0.6602545969798985,0.6135458167330677,2464.6782573083474,False,
TRIAL6-HSX-POOLED-MEAN-REVERSION-EDGE,wf_09,oos,VCB,banks,2024-06-05,2024-06-06,2024-06-11,downside_touch,3,88900,87566,90233,87566,0.015,False,False,-177422,-0.019917729992628884,-221536,-0.02482030053563924,-0.9797025176571388,0.0028823480976048026,-0.0156404261136502,0.00019141795006719634,0.006350973739776249,0.08368430085747813,-0.010900163490519033,0.012702000956969248,0.013459888459888459,24.901183023196353,0.6663570242267163,0.6135458167330677,3471.175413149329,False,
TRIAL6-HSX-POOLED-MEAN-REVERSION-EDGE,wf_09,oos,MWG,consumer_retail,2024-06-06,2024-06-07,2024-06-13,target,4,62300,64116,64116,60484,0.029156088929917688,False,True,149929,0.02401765332521686,118265,0.018907549254513534,-0.8048028145468399,-0.0032684809746761478,-0.03252909154653215,-0.00013790157129056922,0.009782478805029412,0.23056853961493756,-0.013922907690721797,0.01966046201081321,0.029156088929917688,26.318630051732118,0.5994871468899546,0.6135458167330677,-7557.934583366179,False,
TRIAL6-HSX-POOLED-MEAN-REVERSION-EDGE,wf_09,oos,MWG,consumer_retail,2024-06-07,2024-06-10,2024-06-13,target,3,62200,64017,64017,60383,0.02921555095468139,False,True,150069,0.024078710808857214,118444,0.018966580457363547,-1.1067541899550748,0.000373539402873001,-0.04446287517444762,-0.0002647789128845895,0.009716391890805542,0.21496241616201242,-0.023430743423308864,0.02278157976395085,0.02921555095468139,26.318630051732118,0.615150796429556,0.6135458167330677,-4974.467698132939,False,
TRIAL6-HSX-POOLED-MEAN-REVERSION-EDGE,wf_09,oos,MWG,consumer_retail,2024-06-11,2024-06-12,2024-06-21,target,7,62600,64442,64442,60758,0.029427501337613696,False,True,152402,0.024296870702965885,120512,0.019174240533044905,-0.7765982623275277,-0.013525811084066044,-0.029751858579212174,-0.00017649337666347301,0.00992603590244285,0.2723733617168033,-0.02321340908733205,0.0072322937065963195,0.029427501337613696,26.305147402882685,0.5893205091784164,0.6135458167330677,-9234.757841925311,False,
TRIAL6-HSX-POOLED-MEAN-REVERSION-EDGE,wf_09,oos,VCB,banks,2024-06-11,2024-06-12,2024-06-12,target,0,87400,88711,88711,86089,0.015,False,True,87016,0.009936149710014837,42943,0.0048938192896001865,-1.1916536650892549,-0.009944320377798497,-0.019260176415629306,-0.0003330582760131572,0.0063442981768343,0.07603446921813914,-0.016978956164974468,0.006539576715223255,0.013488422892092617,24.901183023196353,0.6973327078002742,0.6135458167330677,8580.1158652087,True,1
TRIAL6-HSX-POOLED-MEAN-REVERSION-EDGE,wf_09,oos,VCB,banks,2024-06-13,2024-06-14,2024-06-17,downside_touch,1,88500,87172,89827,87172,0.015,False,False,-176664,-0.019922229958178474,-220419,-0.02480694120316349,-0.8855494293161388,-0.004165839503583905,-0.014302591327716397,0.00011110188225034553,0.006415454459456027,0.014017634079560302,-0.006538956418426722,0.02193579058750196,0.013628528334410688,24.901183023196353,0.6896261620073605,0.6135458167330677,7309.045173465362,False,
TRIAL6-HSX-POOLED-MEAN-REVERSION-EDGE,wf_10,oos,PNJ,consumer_retail,2024-07-01,2024-07-02,2024-07-04,target,2,94200,95861,95861,92539,0.01762917933130699,False,True,118510,0.01255557225959088,70929,0.007499613013243828,-1.0868933634475626,-0.019362464796370278,-0.030193608050070236,-0.0003464723788580858,0.005558210334921917,-0.13270361030074754,-0.034317374194394845,-0.006762021256813615,0.01762917933130699,24.879908521861676,0.5410431535387858,0.58,-13881.73631269834,False,
TRIAL6-HSX-POOLED-MEAN-REVERSION-EDGE,wf_10,oos,PNJ,consumer_retail,2024-07-05,2024-07-08,2024-07-09,target,1,96100,97743,97743,94457,0.017092731829573934,False,True,115755,0.012021220405968416,67218,0.0069667083624442,-0.8477866760270479,-0.0015675974998988745,-0.02310338084723684,-0.0005399846194488606,0.0056601570119182675,-0.12350000159766338,-0.005054046589109462,0.030457085278972073,0.017092731829573934,24.856660424678562,0.6068596769352937,0.58,-2406.452908991312,False,
TRIAL6-HSX-POOLED-MEAN-REVERSION-EDGE,wf_10,oos,SSI,securities,2024-07-18,2024-07-19,2024-07-23,downside_touch,2,34700,34060,35340,34060,0.018437651625424552,False,False,-81118,-0.02333049939774075,-98333,-0.028224815724815725,-0.8191517842803845,0.0037608185817788846,-0.011761438449799195,0.0003607158220296301,0.005059494384310283,-0.24113746539765327,-0.012907082286044536,-0.0016328643213993329,0.018437651625424552,25.947021928614568,0.5158729211207301,0.58,-18270.232322952324,False,
TRIAL6-HSX-POOLED-MEAN-REVERSION-EDGE,wf_10,oos,PNJ,consumer_retail,2024-07-19,2024-07-22,2024-07-24,downside_touch,2,95000,93114,96886,93114,0.019853709508881923,False,False,-235624,-0.02475287205444825,-282438,-0.02961178138709595,-0.98450482128229,-0.003579792798713578,-0.021698483766856912,7.222597138715885e-05,0.006060235091884756,-0.08452191403201599,-0.020581889261859554,0.004052933393119037,0.019853709508881923,24.78188347561826,0.4903825466612206,0.58,-22714.545937442133,False,
TRIAL6-HSX-POOLED-MEAN-REVERSION-EDGE,wf_10,oos,PNJ,consumer_retail,2024-07-22,2024-07-23,2024-07-29,target,4,94300,96254,96254,92346,0.020725912445657666,False,True,147696,0.01563110523902798,100003,0.010562524147846397,-1.6470161595163972,-0.015219399699641261,-0.03808197776300759,-0.00010252092535002104,0.006906129003396882,-0.06067056343491839,-0.036255870453082095,0.007988378540325303,0.020725912445657666,24.77811755565779,0.5549613880090465,0.58,-11455.05564372275,False,
TRIAL6-HSX-POOLED-MEAN-REVERSION-EDGE,wf_10,oos,PNJ,consumer_retail,2024-07-23,2024-07-24,2024-07-26,target,2,93800,95676,95676,91924,0.020002030663011473,False,True,140116,0.014907897059372725,92642,0.00983714691521208,-1.340181496589037,0.00040196494851292563,-0.030694267927837547,-0.00017401268386038526,0.006667056304567358,-0.07980118343260705,-0.034360906233570465,-0.01602734643067586,0.020002030663011473,24.76959707068409,0.5089911465887297,0.58,-19470.087754382002,False,
TRIAL6-HSX-POOLED-MEAN-REVERSION-EDGE,wf_10,oos,SSI,securities,2024-07-24,2024-07-25,2024-08-01,downside_touch,5,32300,31610,32990,31610,0.02134896511796208,False,False,-84945,-0.026246374496477154,-100889,-0.03111073421937155,-1.2110733187825093,-0.028692353528173238,-0.024543480891924374,-0.00041664684760613476,0.007588010420146555,0.09432215699967747,-0.036506408475509455,-0.01771201963929888,0.02134896511796208,25.947021928614568,0.5469432468938447,0.58,-12853.03956811731,False,
TRIAL6-HSX-POOLED-MEAN-REVERSION-EDGE,wf_10,oos,SSI,securities,2024-07-25,2024-07-26,2024-08-01,downside_touch,4,32100,31391,32809,31391,0.022092849679056576,False,False,-86761,-0.026974425268862838,-102520,-0.031810452892479926,-2.2851847877014793,-0.02581073362159949,-0.053401505944662524,-0.0007351502954597743,0.009502506281985653,0.4395379055749109,-0.07275806062697765,-0.027122715770906674,0.022092849679056576,25.987222425700935,0.5667279033062761,0.58,-9403.532853673227,False,
TRIAL6-HSX-POOLED-MEAN-REVERSION-EDGE,wf_10,oos,SSI,securities,2024-07-26,2024-07-29,2024-08-01,downside_touch,3,32350,31642,33058,31642,0.021881026553923752,False,False,-86762,-0.02676637497666943,-102720,-0.031626443426013305,-2.782764614893284,0.0012295161436537798,-0.06519362182452589,-0.0006504685013701009,0.00948630197611518,0.28461175573871944,-0.07958890483171122,-0.019976493538687443,0.021881026553923752,25.987222425700935,0.6154712690719107,0.58,-904.9992431773862,False,
TRIAL6-HSX-POOLED-MEAN-REVERSION-EDGE,wf_10,oos,SSI,securities,2024-07-29,2024-07-30,2024-08-01,downside_touch,2,32200,31510,32890,31510,0.021443359952676724,False,False,-84905,-0.026315446908535496,-100809,-0.031182509658600564,-2.680665755013602,0.0007200316161954773,-0.0633810612687341,-0.0006520949433483909,0.009515192532112877,0.30205191615687377,-0.07216329520661735,-0.013141201205384598,0.021443359952676724,25.947021928614568,0.6227969318889393,0.58,372.2492744776973,True,1
TRIAL6-HSX-POOLED-MEAN-REVERSION-EDGE,wf_10,oos,SSI,securities,2024-07-30,2024-07-31,2024-08-01,downside_touch,1,32200,31511,32889,31511,0.02138758476786646,False,False,-84806,-0.026284762858786424,-100710,-0.03115188671366309,-2.701094435240714,-0.010427624443976342,-0.0629205039996974,-0.0005992634575710074,0.009790006362424507,0.2936544592015442,-0.056839247273873794,0.009045292669392567,0.02138758476786646,25.947021928614568,0.6706973166170066,0.58,8723.806931051477,False,
TRIAL6-HSX-POOLED-MEAN-REVERSION-EDGE,wf_10,oos,SSI,securities,2024-07-31,2024-08-01,2024-08-01,downside_touch,0,32100,31403,32797,31403,0.0217130877508236,False,False,-85564,-0.026602272031269577,-101326,-0.03143997219843368,-1.8177146365419414,-0.008396234062119326,-0.04254970991242676,-0.0006354544821809632,0.00997917537153091,0.3050788487358671,-0.03346909034014933,0.013701291937184982,0.0217130877508236,25.90864450413304,0.6385043982614198,0.58,3110.887216389652,False,
TRIAL6-HSX-POOLED-MEAN-REVERSION-EDGE,wf_10,oos,SSI,securities,2024-08-01,2024-08-02,2024-08-02,target,0,29850,30617,30617,29083,0.025695426685525696,False,True,61570,0.020585226246915726,46343,0.015463315541995166,-1.8894175932382278,-0.03371523053563605,-0.05189350886337183,-0.0010922112494527124,0.012366263183053594,0.3779530422076557,-0.05024376488278859,0.002198122054016285,0.025695426685525696,25.90864450413304,0.6687321792095019,0.58,8381.180072101655,False,
TRIAL6-HSX-POOLED-MEAN-REVERSION-EDGE,wf_10,oos,SSI,securities,2024-08-02,2024-08-05,2024-08-05,downside_touch,0,30650,29835,31465,29835,0.026590476190476192,False,False,-96555,-0.031439874963368176,-111707,-0.03630028102520908,-0.9201981426334312,0.024582674803228795,-0.028143281170091513,-0.0005127664551481132,0.012237369733631598,-0.0137813590129012,-0.025160222045746194,0.003777496031391227,0.026590476190476192,25.90864450413304,0.6200783403216327,0.58,-101.74429254540883,False,
TRIAL6-HSX-POOLED-MEAN-REVERSION-EDGE,wf_10,oos,SSI,securities,2024-08-05,2024-08-06,2024-08-09,target,3,30300,31207,31207,29393,0.029922779922779922,False,True,75255,0.024787165679582696,59913,0.019694625322844522,-1.5115916748924239,-0.017918029495461195,-0.046366007301786985,-0.0007032560826093062,0.01255990626199673,-0.09820196412257566,-0.08107548684325383,-0.03891984609669541,0.029922779922779922,25.947021928614568,0.5972190208850371,0.58,-4087.3265660193283,False,
TRIAL6-HSX-POOLED-MEAN-REVERSION-EDGE,wf_10,oos,PNJ,consumer_retail,2024-08-08,2024-08-09,2024-08-13,target,2,95200,97354,97354,93046,0.022622834924001415,False,True,167087,0.017516036912127962,118984,0.012448514807564023,-1.1565654734126083,-0.008173556100536453,-0.024324956878421223,2.419337507640908e-05,0.0073030818086689655,0.16332761796674192,-0.035523689192043295,-0.03006081367986302,0.022622834924001415,24.71168991194105,0.4022385584731356,0.58,-38082.681362914125,False,
TRIAL6-HSX-POOLED-MEAN-REVERSION-EDGE,wf_10,oos,VCB,banks,2024-08-08,2024-08-09,2024-08-13,target,2,87400,88711,88711,86089,0.015,False,True,87016,0.009936149710014837,42943,0.0048938192896001865,-1.5233320845369247,-0.001994658213646677,-0.031684547169087716,2.6345618938570924e-05,0.0064437843618802655,0.09346383435862152,-0.03771994952129465,-0.029816784754390643,0.012709321987672504,25.07404996774833,0.5151883282575803,0.58,-18389.592883422403,False,
TRIAL6-HSX-POOLED-MEAN-REVERSION-EDGE,wf_10,oos,PNJ,consumer_retail,2024-08-09,2024-08-12,2024-08-13,target,1,95600,97714,97714,93486,0.02211595935445308,False,True,162937,0.017009552103125675,114483,0.01192741346418416,-1.3492578388074876,0.004201880715968002,-0.02833697993369638,0.00016223794301816383,0.007291121869517121,0.13235341931743194,-0.03400783781053651,-0.015150292347564822,0.02211595935445308,24.69504805453794,0.4255106427759492,0.58,-34025.13245287983,False,
TRIAL6-HSX-POOLED-MEAN-REVERSION-EDGE,wf_10,oos,HPG,materials,2024-08-15,2024-08-16,2024-08-19,target,1,25200,25771,25771,24629,0.022675736961451247,False,True,44278,0.017535272121855846,31559,0.012473577785261107,-1.1436892758703363,-0.005390293031474841,-0.027632841081187312,-0.000221780422180071,0.010605280581875376,-0.24480659858549805,-0.015362220751473532,0.01996103360667082,0.022675736961451247,26.225793955102752,0.7036451734899726,0.58,14468.3521554217,True,1
TRIAL6-HSX-POOLED-MEAN-REVERSION-EDGE,wf_11,oos,HPG,materials,2024-09-04,2024-09-05,2024-09-06,downside_touch,1,25350,24843,25857,24843,0.01999057048561999,False,False,-63212,-0.024885595235470674,-75721,-0.029751539421447856,-1.4038068552594385,-0.0016335102904599056,-0.02409020806814899,8.532111396410853e-05,0.007584859411734003,-0.4411237073949553,-0.029158354340485082,-0.008966455630150885,0.01999057048561999,26.222301702359452,0.6076225588817995,0.5434782608695652,1230.4803781414303,True,1
TRIAL6-HSX-POOLED-MEAN-REVERSION-EDGE,wf_11,oos,VPB,banks,2024-09-04,2024-09-05,2024-09-06,downside_touch,1,18550,18213,18887,18213,0.018146718146718147,False,False,-42835,-0.023045875468880133,-52068,-0.02795640844877585,-1.316987796750074,-0.018005387133556972,-0.022251992213279833,-1.0180426139176464e-05,0.00598593286264006,0.004816230987984334,-0.02637828079433413,-0.009275352690834324,0.018146718146718147,25.89639576024519,0.5783135454072122,0.5434782608695652,-4257.850788995442,False,
TRIAL6-HSX-POOLED-MEAN-REVERSION-EDGE,wf_11,oos,HPG,materials,2024-09-05,2024-09-06,2024-09-09,target,1,25050,25521,25521,24579,0.01881950384944397,False,True,34364,0.013690514844471783,21731,0.008640481077302704,-1.060675135571585,-0.0018909259741606817,-0.017696968819916854,0.00023276013365905985,0.007598057673214046,-0.4368962810419745,-0.02746376180430843,-0.01721029302504299,0.01881950384944397,26.216122886972087,0.5840362175876059,0.5434782608695652,-3186.2377811337356,False,
TRIAL6-HSX-POOLED-MEAN-REVERSION-EDGE,wf_11,oos,VPB,banks,2024-09-05,2024-09-06,2024-09-17,target,7,18300,18617,18617,17983,0.017304189435336976,False,True,22502,0.012271725294849715,13206,0.007187740673109109,-1.7692653314375182,-0.006174419287000933,-0.029931544617433973,-2.0205230371151822e-05,0.006133840679047552,0.15547223295887094,-0.03718909160514494,-0.016129700824950046,0.017304189435336976,25.863470727774192,0.5123163540363763,0.5434782608695652,-16616.316646541884,False,
TRIAL6-HSX-POOLED-MEAN-REVERSION-EDGE,wf_11,oos,MBB,banks,2024-09-06,2024-09-09,2024-09-18,target,7,23900,24336,24336,23464,0.01825396825396825,False,True,31532,0.013166933009073458,19467,0.008112679859825294,-0.870543869717207,-0.0012593205088724142,-0.014003437102202025,-7.568026852700396e-05,0.005192297506367204,-0.21544190619244258,-0.026350001926362943,-0.015176145296873377,0.01825396825396825,25.662037141839004,0.5254548492400041,0.5434782608695652,-14156.035519104043,False,
TRIAL6-HSX-POOLED-MEAN-REVERSION-EDGE,wf_11,oos,VPB,banks,2024-09-06,2024-09-09,2024-09-11,downside_touch,2,18400,18091,18709,18091,0.016776358239772873,False,False,-39981,-0.021685656961881822,-49062,-0.026558402013722546,-1.3158843053246498,0.0067756028334959445,-0.02008317789008078,-0.00019411680803248487,0.004782155456016564,0.11125575250154868,-0.026360791346301204,-0.015174946472435794,0.016776358239772873,25.83157521160041,0.464489957505205,0.5434782608695652,-25572.165771981287,False,
TRIAL6-HSX-POOLED-MEAN-REVERSION-EDGE,wf_11,oos,MBB,banks,2024-09-09,2024-09-10,2024-09-11,downside_touch,1,24050,23612,24488,23612,0.01819266328660901,False,False,-55709,-0.023117599776579803,-67616,-0.02800272672078694,-1.303124333358718,0.0009363303086063774,-0.02091911400356714,-0.00010171765767713006,0.005139689405847486,-0.22587849868319132,-0.03654692552338801,-0.019268409421335085,0.01819266328660901,25.635777477129192,0.5282189995533687,0.5434782608695652,-13638.427776057892,False,
TRIAL6-HSX-POOLED-MEAN-REVERSION-EDGE,wf_11,oos,VPB,banks,2024-09-09,2024-09-10,2024-09-11,downside_touch,1,18400,18099,18701,18099,0.01634877384196185,False,False,-39184,-0.02125336490819082,-48265,-0.02612696737174022,-1.540690195511293,-0.0040330015600675475,-0.02358936936523353,-0.00031180301387246745,0.0048113016284868065,0.06471229161276854,-0.03178084554684324,-0.01979797386317339,0.01634877384196185,25.818976415569814,0.5289397336782633,0.5434782608695652,-13503.46494067253,False,
TRIAL6-HSX-POOLED-MEAN-REVERSION-EDGE,wf_11,oos,FPT,technology,2024-09-10,2024-09-11,2024-09-12,target,1,130000,132300,132300,127700,0.01769230769230769,False,True,164332,0.012615682008535231,98677,0.0075602746819864695,-0.987413986278038,-0.0029868533221558786,-0.01754316083302388,-0.00037513036865046985,0.0047233539018706324,-0.05145430790812611,-0.035869785014919664,-0.03817536268943592,0.01769230769230769,26.444483268897958,0.5382270664163137,0.5434782608695652,-11764.342681576076,False,
TRIAL6-HSX-POOLED-MEAN-REVERSION-EDGE,wf_11,oos,MBB,banks,2024-09-10,2024-09-11,2024-09-16,target,3,23750,24181,24181,23319,0.018145363408521305,False,True,31094,0.013066001502670012,19090,0.008005763814450803,-0.9462085532270459,0.00323788899752879,-0.015341440403975,-0.00010500324486195891,0.005103298911222596,-0.21148106589378998,-0.044897656212323334,-0.03717226588972441,0.018145363408521305,25.595512015908824,0.47851420203965617,0.5434782608695652,-22946.021482248885,False,
TRIAL6-HSX-POOLED-MEAN-REVERSION-EDGE,wf_11,oos,VCB,banks,2024-09-10,2024-09-11,2024-09-12,target,1,88600,89932,89932,87268,0.015034777956126271,False,True,88531,0.00997229349007969,43772,0.004920686364475909,-0.9744010432881431,-0.010002598674479057,-0.02057069975710589,-0.00047775005413669164,0.005062957121315615,0.07526257213780771,-0.029717589164270253,-0.03885894000617475,0.015034777956126271,25.010416659964463,0.5255504689387476,0.5434782608695652,-14138.130018010961,False,
TRIAL6-HSX-POOLED-MEAN-REVERSION-EDGE,wf_11,oos,VPB,banks,2024-09-10,2024-09-11,2024-09-12,target,1,18100,18392,18392,17808,0.016135379771743407,False,True,20089,0.011076765974715706,10978,0.006041045874639219,-1.789029687143307,-0.005377418063148182,-0.028222804813200622,-0.0004492841081272493,0.005017264038478505,0.10991682782997214,-0.04268002810815119,-0.0374186690124102,0.016135379771743407,25.818976415569814,0.5288179593412033,0.5434782608695652,-13526.268092679777,False,
TRIAL6-HSX-POOLED-MEAN-REVERSION-EDGE,wf_11,oos,VCB,banks,2024-09-11,2024-09-12,2024-09-12,target,0,88500,89844,89844,87156,0.015190691661279896,False,True,89768,0.010123051322769581,45147,0.005081045529193137,-1.0934974763312604,-0.006972629040349839,-0.023451886272174968,-0.0006162366223436211,0.005301863280178423,0.13975811300974805,-0.028825574411718513,-0.023166759106765626,0.015190691661279896,25.004342009034442,0.5217539911094929,0.5434782608695652,-14849.04878072226,False,
TRIAL6-HSX-POOLED-MEAN-REVERSION-EDGE,wf_11,oos,HPG,materials,2024-09-16,2024-09-17,2024-09-19,target,2,24900,25382,25382,24418,0.019354220561464023,False,True,35621,0.014277314417157627,23044,0.009217681115593818,-0.8630356634535076,0.00014867539211433495,-0.015823564754056305,0.00023167444585884208,0.006696978316618338,-0.2935930152572161,-0.029471835401569724,-0.017358683227579053,0.019354220561464023,26.15369421285209,0.5319986028053867,0.5434782608695652,-12930.66890367386,False,
TRIAL6-HSX-POOLED-MEAN-REVERSION-EDGE,wf_11,oos,HPG,materials,2024-09-18,2024-09-19,2024-09-20,target,1,25300,25768,25768,24832,0.018497438816163916,False,True,33964,0.013397514966882924,21231,0.00835833893023025,-1.4857593213638918,-0.013695536056226257,-0.02845424995399315,7.677242319069354e-05,0.00720466586563792,-0.2830286314839505,-0.009690011266420662,0.02370317932472098,0.018497438816163916,26.138239248780128,0.6739587094873499,0.5434782608695652,13652.41887811869,True,1
TRIAL6-HSX-POOLED-MEAN-REVERSION-EDGE,wf_11,oos,FPT,technology,2024-09-30,2024-10-01,2024-10-10,target,7,134700,136720,136720,132680,0.015,False,True,134122,0.009937233804910232,66058,0.00488451968544693,-1.132489170673018,-0.0013118145325537564,-0.016028905714576047,-0.00017240302975065898,0.004203184402622464,-0.061724461685583924,0.003743495552361864,0.02778316446864843,0.013772349088334218,26.240067577680133,0.6042723409260896,0.5434782608695652,603.1271020249551,True,1
TRIAL6-HSX-POOLED-MEAN-REVERSION-EDGE,wf_11,oos,MWG,consumer_retail,2024-10-01,2024-10-02,2024-10-03,downside_touch,1,67500,66348,68652,66348,0.01706700379266751,False,False,-148609,-0.021972106281778894,-181911,-0.026842526970017575,-1.4044818579854477,-0.008207092868008432,-0.02736652188942952,-0.00015552422776398599,0.006119465067435805,-0.0913262850566713,-0.004241271816970094,0.025527334044970193,0.01706700379266751,26.267806398971892,0.6448923913642952,0.5434782608695652,8209.534223983363,True,1
TRIAL6-HSX-POOLED-MEAN-REVERSION-EDGE,wf_11,oos,MWG,consumer_retail,2024-10-02,2024-10-03,2024-10-03,downside_touch,0,67400,66257,68543,66257,0.01695633743111488,False,False,-147671,-0.02186579877293528,-180935,-0.026738082501100942,-1.2758239365383444,-0.0013475264501107862,-0.024785532535029554,-8.879551796201286e-05,0.006141487922704327,-0.06991871717321826,-0.018951549518944066,0.006374419174859665,0.01695633743111488,26.234176435398346,0.5765651033349929,0.5434782608695652,-4585.259595409727,False,
TRIAL6-HSX-POOLED-MEAN-REVERSION-EDGE,wf_11,oos,MWG,consumer_retail,2024-10-03,2024-10-04,2024-10-08,downside_touch,2,66500,65358,67642,65358,0.017165840695252458,False,False,-147111,-0.022077865555702295,-179917,-0.026947519459842403,-1.4506119230471919,-0.010077677573721461,-0.028733045116518155,-0.0003244744465039985,0.00631045299049502,-0.08187088788062365,-0.029449607993626392,-0.0007614558661621518,0.017165840695252458,26.234176435398346,0.6207720879456438,0.5434782608695652,3692.827678122834,False,
TRIAL6-HSX-POOLED-MEAN-REVERSION-EDGE,wf_11,oos,MBB,banks,2024-10-04,2024-10-07,2024-10-10,target,3,25300,25746,25746,24854,0.017643710870802503,False,True,31770,0.012532064848011733,19042,0.0074965611563018435,-0.7551813732218436,-0.010156051429465249,-0.013767618010175602,-0.0002909859892301629,0.003144628199233717,0.4286610018864788,-0.023464583230156433,-0.009942752267518357,0.017643710870802503,25.764683520964972,0.4464135629961538,0.5434782608695652,-28957.105338763628,False,
TRIAL6-HSX-POOLED-MEAN-REVERSION-EDGE,wf_11,oos,MWG,consumer_retail,2024-10-07,2024-10-08,2024-10-08,downside_touch,0,66700,65589,67811,65589,0.016663075486604898,False,False,-144099,-0.021561022906314387,-177192,-0.026459480970563245,-0.8621839750842237,-0.005951666858770683,-0.017433677721447802,-0.0003093012224949133,0.006296195600030416,-0.10903105898600177,-0.02662319460625251,-0.010103955020665177,0.016663075486604898,26.16408371864069,0.5730980298894367,0.5434782608695652,-5234.494932740257,False,
TRIAL6-HSX-POOLED-MEAN-REVERSION-EDGE,wf_11,oos,MWG,consumer_retail,2024-10-08,2024-10-09,2024-10-09,downside_touch,0,65000,63856,66144,63856,0.017601519135261468,False,False,-146511,-0.022495318945087137,-178716,-0.0273851443912216,-1.414162353932878,-0.0174275247067718,-0.026659935220933916,-0.00022178646945529185,0.007402299794362993,-0.13594787584704682,-0.038809160148009725,-0.013379695425010421,0.017601519135261468,26.16408371864069,0.6249232870994674,0.5434782608695652,4470.170652040295,False,
TRIAL6-HSX-POOLED-MEAN-REVERSION-EDGE,wf_11,oos,MWG,consumer_retail,2024-10-09,2024-10-10,2024-10-16,target,4,64500,65677,65677,63323,0.01824655095683133,False,True,85109,0.013168896838561137,52526,0.008111160234406138,-2.3039610165991125,-0.022773237540002517,-0.04829870780318206,-0.0004664416245680643,0.008945548771598701,0.10328241775169844,-0.04824687844614395,5.9001791884622694e-05,0.01824655095683133,26.200526435168854,0.6672730935023962,0.5434782608695652,12400.487467546125,False,
TRIAL6-HSX-POOLED-MEAN-REVERSION-EDGE,wf_11,oos,VCB,banks,2024-10-09,2024-10-10,2024-10-24,time_exit,10,92300,91700,93684,90916,0.015,False,False,-105965,-0.011457593119367436,-151922,-0.01639401578820488,-1.0422122553236384,-0.007287468335932697,-0.017663951044651634,-0.0005125284142656987,0.004443755056496431,-0.1671516046563692,-0.018468023811215817,-0.0032497598342185025,0.012820512820512822,24.915971224050065,0.5926418024650959,0.5434782608695652,-1574.7778889227047,False,
TRIAL6-HSX-POOLED-MEAN-REVERSION-EDGE,wf_11,oos,MWG,consumer_retail,2024-10-10,2024-10-11,2024-10-11,downside_touch,0,65000,63805,66195,63805,0.018388278388278386,False,False,-151598,-0.02327637761968262,-183790,-0.028162647371598615,-1.4993116973143277,0.005718483017916049,-0.032144802276193075,-0.00038598287686163787,0.008782911661085389,-0.025115253572405082,-0.01946534447866477,0.014294121757842948,0.018388278388278386,26.200526435168854,0.5718972132747469,0.5434782608695652,-5459.356791640166,False,
TRIAL6-HSX-POOLED-MEAN-REVERSION-EDGE,wf_11,oos,MWG,consumer_retail,2024-10-11,2024-10-14,2024-10-14,downside_touch,0,64900,63649,66151,63649,0.019269102990033222,False,False,-157145,-0.024165223729574623,-189283,-0.02904900099601135,-2.1907461854467196,-0.0066840760797987776,-0.04710785156160743,-0.0004473561620868704,0.008858255203292578,-0.04437064262761598,-0.028665947796915114,0.020741096052416846,0.019269102990033222,26.200526435168854,0.6602820146733069,0.5434782608695652,11091.355863274635,True,1
TRIAL6-HSX-POOLED-MEAN-REVERSION-EDGE,wf_11,oos,VCB,banks,2024-10-11,2024-10-14,2024-10-28,time_exit,10,92200,92000,93583,90817,0.015,False,False,-66025,-0.007146771688760772,-112042,-0.012103635692686354,-0.8084331875143727,-0.003969982201260707,-0.013317961330971887,-0.0002582124047256072,0.004542703117601248,-0.2628442225928816,-0.008611981576119754,0.018512877583439582,0.012750455373406194,24.8784644064388,0.5899856797768017,0.5434782608695652,-2072.1566542142828,False,
TRIAL6-HSX-POOLED-MEAN-REVERSION-EDGE,wf_11,oos,MWG,consumer_retail,2024-10-14,2024-10-15,2024-10-16,target,1,63900,65158,65158,62642,0.01969152440850554,False,True,93429,0.014591920084838016,61164,0.009533653106519137,-2.450798199836025,-0.011709218013169782,-0.05298648470355767,-0.000671511876772959,0.008940717337010908,-0.036953967214595915,-0.041113412072622535,0.013332868794394239,0.01969152440850554,26.200526435168854,0.686165145220455,0.5434782608695652,15938.164924526587,False,
TRIAL6-HSX-POOLED-MEAN-REVERSION-EDGE,wf_11,oos,MWG,consumer_retail,2024-10-15,2024-10-16,2024-10-16,target,0,64400,65662,65662,63138,0.019594794439514937,False,True,93628,0.014509524064117256,61063,0.009444086747083358,-0.7684653558086795,0.017135482617961342,-0.018280528324252518,-0.0003993239543370275,0.008841718509659868,-0.1106659393328289,-0.011943543835051695,0.007220037234262086,0.019594794439514937,26.200526435168854,0.4999841778673506,0.5434782608695652,-18925.6085265218,False,
TRIAL6-HSX-POOLED-MEAN-REVERSION-EDGE,wf_11,oos,TCB,banks,2024-10-16,2024-10-17,2024-10-18,target,1,24200,24648,24648,23752,0.01849665486029122,False,True,32609,0.013447941960515204,20321,0.008363697576663798,-0.9243448599522058,-0.0015929556143478366,-0.018726608647282386,-0.0006568343020780809,0.005101413229333013,0.13258905784291192,-0.018388726288350088,0.0003963579264412892,0.01849665486029122,25.70942471258066,0.5170368747402575,0.5434782608695652,-15732.36397011728,False,
TRIAL6-HSX-POOLED-MEAN-REVERSION-EDGE,wf_12,oos,VPB,banks,2024-11-05,2024-11-06,2024-11-08,downside_touch,2,19750,19413,20087,19413,0.01704133430021755,False,False,-43514,-0.021988272651751118,-53228,-0.026843092371847534,-0.8309897366675862,-0.0015723158984351012,-0.016577808378329166,-0.0006080419482818086,0.007152475006782105,0.09460244379597353,-0.027125889643964007,-0.017276265709661034,0.01704133430021755,26.03627576228817,0.5644595198076101,0.5497835497835498,-11363.56305317975,False,
TRIAL6-HSX-POOLED-MEAN-REVERSION-EDGE,wf_12,oos,VPB,banks,2024-11-06,2024-11-07,2024-11-08,downside_touch,1,19900,19566,20234,19566,0.016792611251049538,False,False,-43275,-0.021702760199921164,-53149,-0.02660142063768534,-0.959930655618274,-0.00011030048629808841,-0.019057089145049062,-0.0005376770115662807,0.007167876311742413,0.06423923117747792,-0.019511676445994497,-0.000753751442531511,0.016792611251049538,26.03627576228817,0.5611800412093041,0.5497835497835498,-11998.168366247308,False,
TRIAL6-HSX-POOLED-MEAN-REVERSION-EDGE,wf_12,oos,VPB,banks,2024-11-07,2024-11-08,2024-11-08,downside_touch,0,19800,19465,20135,19465,0.01692047377326565,False,False,-43336,-0.02184305020433756,-53069,-0.026695393134421156,-1.7496791520630497,-0.006570464524114834,-0.03360602524493621,-0.00045055344381510817,0.00730668399604019,-0.014853978195575428,-0.036944894718843435,-0.0054898970801302936,0.01692047377326565,26.03627576228817,0.5898574349724316,0.5497835497835498,-6448.8635296762,False,
TRIAL6-HSX-POOLED-MEAN-REVERSION-EDGE,wf_12,oos,MWG,consumer_retail,2024-11-08,2024-11-11,2024-11-11,downside_touch,0,64500,63451,65549,63451,0.016263736263736263,False,False,-136835,-0.021172449434307926,-168663,-0.02604524651821274,-0.8625350213879991,-0.0030754067756726625,-0.016566022140354863,-0.00046010229605330085,0.004901924451025569,-0.20386446647987988,-0.0151208605237797,0.0021285417549424925,0.016263736263736263,26.141232740597182,0.6070922338773923,0.5497835497835498,-3113.792228894279,False,
TRIAL6-HSX-POOLED-MEAN-REVERSION-EDGE,wf_12,oos,VCB,banks,2024-11-08,2024-11-11,2024-11-18,downside_touch,5,92800,91408,94192,91408,0.015,False,False,-185167,-0.01991358416230872,-231126,-0.024806464797028454,-1.124011941734292,-0.008969839785935251,-0.014757702185619982,-0.00014872532393667067,0.0029767829341334168,-0.0057851925415744725,-0.013874700203463042,0.0019900794971295316,0.012137175911579381,24.831317279208672,0.5835790549625391,0.5497835497835498,-7663.780228261428,False,
TRIAL6-HSX-POOLED-MEAN-REVERSION-EDGE,wf_12,oos,VPB,banks,2024-11-08,2024-11-11,2024-11-11,downside_touch,0,19450,19113,19787,19113,0.017338217338217336,False,False,-43394,-0.02226567651092734,-52888,-0.02708398092732216,-1.8711165375048902,-0.007696569516744585,-0.03489588978386905,-0.00037509242591058815,0.00750434408861917,-0.01186620277967567,-0.03242725233243615,0.004051474178126544,0.017338217338217336,26.03627576228817,0.5931028670007845,0.5497835497835498,-5820.846499939755,False,
TRIAL6-HSX-POOLED-MEAN-REVERSION-EDGE,wf_12,oos,MWG,consumer_retail,2024-11-11,2024-11-12,2024-11-12,downside_touch,0,63100,62027,64173,62027,0.017006802721088433,False,False,-138569,-0.021916215775930104,-169732,-0.026791685693806196,-1.5323351990825425,-0.02789227239526157,-0.035513659308251844,-0.0010971705857197706,0.007458031482885439,0.043234772037088934,-0.0322537276566468,0.004661156914247657,0.017006802721088433,26.141232740597182,0.7682216031004595,0.5497835497835498,28066.028201402147,True,1
TRIAL6-HSX-POOLED-MEAN-REVERSION-EDGE,wf_12,oos,VPB,banks,2024-11-11,2024-11-12,2024-11-12,downside_touch,0,19250,18901,19599,18901,0.01810515873015873,False,False,-44412,-0.023024653051575285,-53922,-0.027900103534934113,-1.4635176931484275,-0.011686050508262978,-0.027961883669671565,-0.0004778227900133862,0.007893196563561333,-0.0009477689225918944,-0.025479361513577548,0.003908449565017741,0.01810515873015873,26.042647681381023,0.6282345601862501,0.5497835497835498,977.4168471885787,True,2
TRIAL6-HSX-POOLED-MEAN-REVERSION-EDGE,wf_12,oos,MWG,consumer_retail,2024-11-12,2024-11-13,2024-11-13,target,0,60800,61914,61914,59686,0.01832706766917293,False,True,80706,0.01324759640480069,49916,0.00817710887860771,-2.773354805230432,-0.03241022219483591,-0.07389881063235151,-0.0013147717990534707,0.010443014599496184,0.3779873953986768,-0.07485485412874093,-0.0018078791873333971,0.01832706766917293,26.141232740597182,0.7269164604906905,0.5497835497835498,20073.15306243579,False,
TRIAL6-HSX-POOLED-MEAN-REVERSION-EDGE,wf_12,oos,VPB,banks,2024-11-12,2024-11-13,2024-11-13,target,0,18950,19293,19293,18607,0.018075292944402892,False,True,24736,0.013027559270760039,15172,0.0079743886100586,-1.5176122612126435,-0.0002863865261940844,-0.02658105294024228,-0.0001952150817271816,0.0079520597217664,-0.07919567494838493,-0.030687694846910918,-0.006715341329758953,0.018075292944402892,26.03627576228817,0.5314291139319266,0.5497835497835498,-17755.21051577146,False,
TRIAL6-HSX-POOLED-MEAN-REVERSION-EDGE,wf_12,oos,MBB,banks,2024-11-13,2024-11-14,2024-11-15,downside_gap,1,24100,23700,24485,23715,0.015971606033717837,True,False,-51939,-0.0215084621319131,-63875,-0.026398587887356658,-1.1062660250955467,0.0003743228264119628,-0.012452445473034108,-1.937669593585962e-05,0.004538210623804025,-0.022770884738161957,-0.028431780863116707,-0.018428535269411805,0.015971606033717837,25.61698911593772,0.47357288606824327,0.5497835497835498,-28950.8529009072,False,
TRIAL6-HSX-POOLED-MEAN-REVERSION-EDGE,wf_12,oos,MWG,consumer_retail,2024-11-13,2024-11-14,2024-11-15,downside_touch,1,61500,60350,62650,60350,0.018693745672744056,False,False,-145410,-0.023596594145396305,-175713,-0.028457537434197825,-1.8271193057803168,0.01799381307849365,-0.04847708404895751,-0.0007054648635762303,0.010427628402609813,0.007513819242641534,-0.05676274886558297,-0.015280649935804445,0.018693745672744056,26.141232740597182,0.43499263448092945,0.5497835497835498,-36416.43985410118,False,
TRIAL6-HSX-POOLED-MEAN-REVERSION-EDGE,wf_12,oos,TCB,banks,2024-11-13,2024-11-14,2024-11-15,downside_touch,1,23000,22610,23390,22610,0.01697007096575131,False,False,-50402,-0.02186967924007616,-61800,-0.02676243403038359,-1.0445737927818393,0.002987663236671069,-0.01737179276480798,-8.310643071736378e-05,0.005844103534357855,-0.12462707986089896,-0.03165050549253201,-0.018070899199476773,0.01697007096575131,25.70878988292,0.47158164797852414,0.5497835497835498,-29336.173382026056,False,
TRIAL6-HSX-POOLED-MEAN-REVERSION-EDGE,wf_12,oos,MBB,banks,2024-11-14,2024-11-15,2024-11-18,downside_touch,1,23700,23311,24089,23311,0.01640656262505002,False,False,-50682,-0.021341973094510303,-62361,-0.026207419404862417,-1.2864554579312524,-0.0004025131849761405,-0.012459508960625074,0.00016401810393136093,0.00446898702710627,-0.008467264742690345,-0.04091246205169741,-0.03207465187477111,0.01640656262505002,25.57443784204227,0.4212323757412655,0.5497835497835498,-39079.1598699859,False,
TRIAL6-HSX-POOLED-MEAN-REVERSION-EDGE,wf_12,oos,MWG,consumer_retail,2024-11-14,2024-11-15,2024-11-18,downside_touch,1,60800,59662,61938,59662,0.018721354773557058,False,False,-143832,-0.02360949974097704,-173959,-0.02849750948420784,-1.7967462924765396,-0.0009587217811488774,-0.047672153735906636,-0.0006589556916829454,0.010441502694486775,0.013438522079624603,-0.06340702168957135,-0.029575256359451785,0.018721354773557058,26.135668120643203,0.5373485775470771,0.5497835497835498,-16609.747007448837,False,
TRIAL6-HSX-POOLED-MEAN-REVERSION-EDGE,wf_12,oos,TCB,banks,2024-11-14,2024-11-15,2024-11-18,downside_touch,1,22800,22398,23202,22398,0.017648287385129493,False,False,-51419,-0.022507553002334844,-62735,-0.02740540472062301,-1.02946313256921,-0.001276475159714267,-0.016968137537442807,-8.664672276047256e-05,0.0056700287232982986,-0.1657895070693673,-0.04467724578008725,-0.03165634257161668,0.017648287385129493,25.70878988292,0.45870866891102,0.5497835497835498,-31827.197691642003,False,
TRIAL6-HSX-POOLED-MEAN-REVERSION-EDGE,wf_12,oos,MWG,consumer_retail,2024-11-15,2024-11-18,2024-11-18,downside_touch,0,59900,58710,61090,58710,0.019874393830988154,False,False,-148560,-0.02475179065609906,-178213,-0.029633082074656616,-2.0725539181258963,-0.013334609622084955,-0.05598800947409106,-0.0007747838339593148,0.010801950736245281,-0.00080922731374868,-0.08012931292284031,-0.04139140542794299,0.019874393830988154,26.12182597078969,0.5973207579431344,0.5497835497835498,-5004.650900024149,False,
TRIAL6-HSX-POOLED-MEAN-REVERSION-EDGE,wf_12,oos,HPG,materials,2024-11-18,2024-11-19,2024-11-20,downside_touch,1,25850,25390,26310,25390,0.017811000369139903,False,False,-58824,-0.022710399551536784,-71546,-0.02756685673641799,-2.069217002287532,-0.004074747569104725,-0.04930778142155004,-0.0003103786414709235,0.006765477766424242,0.3208357938972635,-0.07038041483877111,-0.03501606952340213,0.017811000369139903,26.118833227855852,0.4430106125232357,0.5497835497835498,-34864.89703618652,False,
TRIAL6-HSX-POOLED-MEAN-REVERSION-EDGE,wf_12,oos,MWG,consumer_retail,2024-11-18,2024-11-19,2024-11-19,downside_touch,0,59000,57717,60283,57717,0.021747918182553158,False,False,-157476,-0.026637329000344056,-186548,-0.031492240046539124,-1.6592503111747072,-0.01770944505921914,-0.0458270793879374,-0.0008593309052480778,0.011530996491298223,0.005732489949720433,-0.06605457297163964,-0.035496718619750074,0.021747918182553158,26.135668120643203,0.6460965358099537,0.5497835497835498,4433.851854430453,False,
TRIAL6-HSX-POOLED-MEAN-REVERSION-EDGE,wf_12,oos,HPG,materials,2024-11-19,2024-11-20,2024-11-20,target,0,25400,25868,25868,24932,0.01843016184862943,False,True,33924,0.01332907942754582,21151,0.008294093472955084,-2.165304088865295,-0.005407856265021186,-0.05189502614698472,-0.0003884380464258821,0.006842549270046713,0.325054908295827,-0.07672608970514116,-0.040495507762799345,0.01843016184862943,26.108279893475313,0.45046951169402294,0.5497835497835498,-33421.540447166015,False,
TRIAL6-HSX-POOLED-MEAN-REVERSION-EDGE,wf_12,oos,MWG,consumer_retail,2024-11-19,2024-11-20,2024-11-21,target,1,57200,58493,58493,55907,0.022608695652173914,False,True,100300,0.017499830759363545,71406,0.012433837604392362,-1.0655439320985052,-0.016336287298475048,-0.02869117080109264,-0.0007759902472941046,0.012027060764944164,0.08750858551329369,-0.05490303822078402,-0.042920291261061255,0.022608695652173914,26.135668120643203,0.6243157229332774,0.5497835497835498,219.09052572146174,True,1
TRIAL6-HSX-POOLED-MEAN-REVERSION-EDGE,wf_12,oos,HPG,materials,2024-11-20,2024-11-21,2024-11-22,target,1,25650,26139,26139,25161,0.019066220238095236,False,True,35919,0.013975454341363089,22940,0.008907689697095838,-1.4312594859773404,-0.0006062137648641282,-0.033837201407408986,-0.000521275464476853,0.006624119350521456,0.35475659444057245,-0.05446854371478582,-0.0338426960221828,0.019066220238095236,26.108279893475313,0.4617117359733323,0.5497835497835498,-31246.080219423733,False,
TRIAL6-HSX-POOLED-MEAN-REVERSION-EDGE,wf_12,oos,MWG,consumer_retail,2024-11-20,2024-11-21,2024-11-21,target,0,57000,58343,58343,55657,0.023558014755197854,False,True,105468,0.018466374173269597,76540,0.01337453215785163,-2.449384539470159,-0.01918253994523484,-0.06833538553756878,-0.0010674541328440715,0.012731201059365722,0.1546682122977729,-0.08516905652742024,-0.030431527931890093,0.023558014755197854,26.141232740597182,0.6360170218234024,0.5497835497835498,2483.385358839274,False,
TRIAL6-HSX-POOLED-MEAN-REVERSION-EDGE,wf_12,oos,MWG,consumer_retail,2024-11-21,2024-11-22,2024-11-26,target,2,58700,60095,60095,57305,0.02376896244017198,False,True,109775,0.018663793125433443,79955,0.013566576760134168,-1.2972006717380113,0.02551273192276729,-0.04087770209124367,-0.0004895460313925723,0.012597160914662363,-0.02654785661861074,-0.04202529899027496,-0.0017701667889752984,0.02376896244017198,26.135668120643203,0.35218634677194455,0.5497835497835498,-52440.118179877114,False,
TRIAL6-HSX-POOLED-MEAN-REVERSION-EDGE,wf_12,oos,VCB,banks,2024-11-21,2024-11-22,2024-11-26,target,2,91000,92365,92365,89635,0.015,False,True,90563,0.009932051706811948,44736,0.004896443653520134,-1.0530088395707542,-0.003559733128818029,-0.014635949965307673,-0.00025293570020868013,0.0037321052699686805,0.01697192223736011,-0.016335295583012832,-0.004624611612004422,0.013733228097868982,24.918098815401606,0.5629505812599429,0.5497835497835498,-11655.554719152715,False,
TRIAL6-HSX-POOLED-MEAN-REVERSION-EDGE,wf_12,oos,VCB,banks,2024-11-22,2024-11-25,2024-11-26,target,1,90900,92263,92263,89536,0.015,False,True,90503,0.009936494182897018,44618,0.004888895365827281,-1.2026690899343966,0.0015014819056528858,-0.016727312729445998,-0.00021056919974417836,0.003727957203393738,0.012024887448881371,-0.011969453642104777,0.012780453354854745,0.013665510354252076,24.924728169948775,0.5154106199384245,0.5497835497835498,-20854.917097442085,False,
TRIAL6-HSX-POOLED-MEAN-REVERSION-EDGE,wf_12,oos,MBB,banks,2024-11-28,2024-11-29,2024-12-05,target,4,24050,24429,24429,23671,0.015773809523809523,False,True,25786,0.010700433104864328,13675,0.005663412327064029,-0.927844036150767,-0.004623537097975272,-0.009118435268248275,0.00011882349028209864,0.0031494745409184426,0.23179129782157823,3.0337090007104273e-05,0.010946035535359507,0.015773809523809523,25.51759086705096,0.5079250515822734,0.5497835497835498,-22303.434386927547,False,
TRIAL6-HSX-POOLED-MEAN-REVERSION-EDGE,wf_12,oos,VPB,banks,2024-11-28,2024-11-29,2024-12-09,target,6,19150,19538,19538,18762,0.020247469066366704,False,True,29044,0.015135959943175008,19390,0.010085033633249092,-0.9960542825577458,-7.784326770260235e-05,-0.016469211955456,0.00044227461964072267,0.006027501193662824,0.06235160594557633,-0.0078125,0.01181746187869363,0.020247469066366704,26.00603520740511,0.4239042704217212,0.5497835497835498,-38562.126899851566,False,
TRIAL6-HSX-POOLED-MEAN-REVERSION-EDGE,wf_12,oos,MBB,banks,2024-11-29,2024-12-02,2024-12-04,downside_touch,2,24200,23830,24570,23830,0.015281474908804101,False,False,-48987,-0.020202224319045607,-60970,-0.025093973783238608,-1.0990202639125035,-0.00026624138893841225,-0.010178303562222322,2.169526511414127e-05,0.0027424055137738822,0.25660522217591847,0.006280337090007193,0.01967997563088412,0.015281474908804101,25.499891528272794,0.520092387632389,0.5497835497835498,-19948.9576395354,False,
TRIAL6-HSX-POOLED-MEAN-REVERSION-EDGE,wf_12,oos,TCB,banks,2024-11-29,2024-12-02,2024-12-05,target,3,23700,24102,24102,23298,0.01694915254237288,False,True,28220,0.011883321114539299,16244,0.006826595481351888,-0.8450029420409959,-0.007254784735646948,-0.01275661319304699,0.00016573757040878122,0.003951294451186762,0.22543116745094324,0.004259836472873424,0.019904475699454537,0.01694915254237288,25.635566468765482,0.5191456063907203,0.5497835497835498,-20132.16737494457,False,
TRIAL6-HSX-POOLED-MEAN-REVERSION-EDGE,wf_12,oos,MBB,banks,2024-12-03,2024-12-04,2024-12-05,target,1,23900,24258,24258,23542,0.015,False,True,23751,0.009917792271295944,11706,0.004878359810916674,-1.4854937745510017,-0.006685628848684,-0.014350539773433847,-0.00012104409732652481,0.0030975886613708085,0.32679611225947786,-0.006180951092325748,0.009598112071656173,0.014812605626801869,25.494278733795987,0.5606976587306661,0.5497835497835498,-12091.513230285287,False,
TRIAL6-HSX-POOLED-MEAN-REVERSION-EDGE,wf_12,oos,VND,securities,2024-12-03,2024-12-04,2024-12-04,downside_touch,0,13750,13481,14019,13481,0.019567099567099566,False,False,-33732,-0.024483148057287026,-40463,-0.029309779077440604,-1.5185760662184609,-0.005035556367552816,-0.033791981397347993,-0.0005010076282699028,0.008114590831283448,-0.15673713869384226,-0.02141501282387559,0.011290785597383933,0.019567099567099566,24.74447296870731,0.6236780983237856,0.5497835497835498,95.70506891892728,True,1
TRIAL6-HSX-POOLED-MEAN-REVERSION-EDGE,wf_12,oos,MBB,banks,2024-12-04,2024-12-05,2024-12-05,target,0,23850,24208,24208,23492,0.015,False,True,23772,0.009947363333596956,11746,0.00490528121635606,-0.8227090978606062,0.005449089360681008,-0.007899675524994992,8.053674935342485e-05,0.0031141744377293076,0.21029408761571522,-0.010356316436793356,-0.002938846733554244,0.014774882699411003,25.494278733795987,0.42871898773407774,0.5497835497835498,-37630.440628467426,False,
TRIAL6-HSX-POOLED-MEAN-REVERSION-EDGE,wf_12,oos,MWG,consumer_retail,2024-12-04,2024-12-05,2024-12-05,target,0,58400,59869,59869,56931,0.025161871977706744,False,True,117276,0.02004147879987641,87658,0.01495018962751075,-1.0910271707780141,-0.02155753026115457,-0.03484767681584571,0.000315438273402315,0.013108104934036526,0.14725862983221552,-0.03500368684478483,-0.00020025002155518913,0.025161871977706744,26.10383833119168,0.48134192026369477,0.5497835497835498,-27447.482706516035,False,
TRIAL6-HSX-POOLED-MEAN-REVERSION-EDGE,wf_12,oos,VND,securities,2024-12-04,2024-12-05,2024-12-05,downside_touch,0,13250,12962,13538,12962,0.021743036837376457,False,False,-35328,-0.026608641029638717,-41854,-0.031462572888845124,-1.971096478100954,-0.027126443341781208,-0.048433945681456106,-0.0006852579455817114,0.010203568159895211,-0.15833069315333254,-0.04710249260388211,0.0011440617294556181,0.021743036837376457,24.775159474494945,0.707778395343121,0.5497835497835498,16369.784535879786,False,
TRIAL6-HSX-POOLED-MEAN-REVERSION-EDGE,wf_12,oos,VND,securities,2024-12-05,2024-12-06,2024-12-06,downside_touch,0,13900,13558,14242,13558,0.024583118445934332,False,False,-41074,-0.029490531926656356,-47946,-0.03435575612615311,-1.801142974310399,0.003749527266932652,-0.04461027264892484,-0.0005043984994709419,0.010217593633698192,-0.2343816797004881,-0.0018194737359575885,0.03532002814606493,0.024583118445934332,24.82692108654951,0.665708792179551,0.5497835497835498,8228.980171419098,False,
TRIAL6-HSX-POOLED-MEAN-REVERSION-EDGE,wf_12,oos,MBB,banks,2024-12-06,2024-12-09,2024-12-16,downside_touch,5,24400,24025,24775,24025,0.01535152048499071,False,False,-49565,-0.02027312789024493,-61627,-0.02515668072401537,-1.184702625926696,-0.008106538923123225,-0.011693797100120086,-0.00011125386550515303,0.0032841366051547197,0.1423031424443651,0.008746526467168891,0.024706311866166973,0.01535152048499071,25.51759086705096,0.6130845041997518,0.5497835497835498,-1954.24004097312,False,
TRIAL6-HSX-POOLED-MEAN-REVERSION-EDGE,wf_12,oos,VND,securities,2024-12-06,2024-12-09,2024-12-13,downside_touch,4,13550,13193,13907,13193,0.02635740643120717,False,False,-42431,-0.03125133494484192,-49059,-0.03606035859692503,-1.8198387507666236,-0.02341299708059961,-0.045355487640863244,-0.0005116701423420502,0.011478768747269389,-0.25812668285473217,-0.012688756648977284,0.027088009990183213,0.02635740643120717,24.82692108654951,0.7651140060915907,0.5497835497835498,27464.683349290714,False,
TRIAL6-HSX-POOLED-MEAN-REVERSION-EDGE,wf_12,oos,VND,securities,2024-12-09,2024-12-10,2024-12-16,downside_gap,4,13450,13050,13805,13095,0.026376349796424146,True,False,-46679,-0.03463555830258385,-53157,-0.0393656703983222,-2.3729368401589856,-0.007361499441722233,-0.05827187282526136,-0.0006732827141201413,0.011166300474464182,-0.18657939301482593,-0.027341557722442622,0.025789761422591827,0.026376349796424146,24.82692108654951,0.6851597297299039,0.5497835497835498,11992.89200788454,False,
TRIAL6-HSX-POOLED-MEAN-REVERSION-EDGE,wf_12,oos,VND,securities,2024-12-10,2024-12-11,2024-12-19,downside_gap,6,13350,13000,13696,13004,0.025941719971570715,True,False,-41552,-0.0310621781799262,-48102,-0.03588873908926971,-2.2832604795164975,-0.0035512823869787544,-0.05559102835944011,-0.0005050012091251486,0.011159692334213373,-0.22626750975353666,-0.023838813234903555,0.027638043039620957,0.025941719971570715,24.82692108654951,0.6514336802635937,0.5497835497835498,5466.631952046715,False,
TRIAL6-HSX-POOLED-MEAN-REVERSION-EDGE,wf_12,oos,VPB,banks,2024-12-10,2024-12-11,2024-12-19,downside_touch,6,19250,18905,19595,18905,0.017934446505875078,False,False,-44013,-0.022817798224781208,-53524,-0.02769417198182214,-1.0066009420788,-0.007942417257860176,-0.014153233883121574,-0.000265907093264119,0.0038090917004664276,-0.2262444808107865,0.0030588356799888805,0.024649415382410687,0.017934446505875078,26.014954683314084,0.6442917615452012,0.5497835497835498,4084.613613360314,True,1
TRIAL6-HSX-POOLED-MEAN-REVERSION-EDGE,wf_12,oos,VND,securities,2024-12-11,2024-12-12,2024-12-19,downside_touch,5,13200,12857,13543,12857,0.025974025974025972,False,False,-40794,-0.03084190367896719,-47286,-0.035680438010841614,-1.6385466531323443,-0.011832433607706928,-0.04023665688581218,-0.0006218435794559949,0.01137928703460569,-0.23064558304946428,-0.002400550005595581,0.03288681874613621,0.025974025974025972,24.775159474494945,0.7408552420900001,0.5497835497835498,22770.418678128255,True,1
TRIAL6-HSX-POOLED-MEAN-REVERSION-EDGE,wf_12,oos,VND,securities,2024-12-12,2024-12-13,2024-12-19,downside_touch,4,13250,12910,13590,12910,0.025696316262354,False,False,-40515,-0.03051542944168401,-47027,-0.03535123083202847,-1.6498430144575387,0.0047961266666278505,-0.0412757837089261,-0.0005082754208836572,0.011262775027054304,-0.2485117302652869,-0.043895690085641204,-0.0022683787386957492,0.025696316262354,24.74447296870731,0.4993045903758041,0.5497835497835498,-23971.562511179967,False,
TRIAL6-HSX-POOLED-MEAN-REVERSION-EDGE,wf_12,oos,VND,securities,2024-12-13,2024-12-16,2024-12-20,downside_touch,4,13050,12719,13381,12719,0.025348542458808618,False,False,-39537,-0.030234946572462697,-45972,-0.035087264037538764,-0.9484599335714992,-0.0057258394596189826,-0.023757621509788128,-0.0004841773709467555,0.01129664783097334,-0.27469706298697727,-0.029782210077467397,-0.005334028608157878,0.025348542458808618,24.714999571872514,0.5705683827578436,0.5497835497835498,-10181.44926014504,False,
TRIAL6-HSX-POOLED-MEAN-REVERSION-EDGE,wf_12,oos,HPG,materials,2024-12-16,2024-12-17,2024-12-31,time_exit,10,27000,26650,27498,26502,0.018430335097001763,False,False,-48412,-0.01789423726608345,-61820,-0.022805008691135633,-1.261798134286692,-0.008546064858960924,-0.019438271878193233,-0.0003036688729438742,0.004481132195798382,0.15581322302313402,-0.02360579386051964,-0.0046659701396469435,0.018430335097001763,26.09638306837804,0.5552344507962043,0.5497835497835498,-13148.687618736287,False,
TRIAL6-HSX-POOLED-MEAN-REVERSION-EDGE,wf_12,oos,VCB,banks,2024-12-16,2024-12-17,2024-12-31,downside_touch,10,93000,91605,94395,91605,0.015,False,False,-185547,-0.019911559268242927,-231685,-0.02481303873055258,-1.3905516574920962,-0.00014792749265164735,-0.021885075297303987,-0.00017171099319666228,0.00484070077727249,-0.16202727449542703,-0.023227408389016713,-0.004708012969813935,0.01329855250370825,24.94667562496759,0.5585142021047317,0.5497835497835498,-12514.02953406184,False,
TRIAL6-HSX-POOLED-MEAN-REVERSION-EDGE,wf_12,oos,VND,securities,2024-12-16,2024-12-17,2024-12-20,downside_touch,3,13150,12825,13475,12825,0.02471828426026899,False,False,-38979,-0.029581671946171815,-45455,-0.03442911147821358,-0.8936380224990266,-0.004991890116709839,-0.020672539660607593,-0.00019168930731777785,0.01149661496453288,-0.3350181490834301,-0.026204417645550704,-0.00437723416353238,0.02471828426026899,24.670895677560804,0.5400513738035894,0.5497835497835498,-16086.734335432084,False,
TRIAL6-HSX-POOLED-MEAN-REVERSION-EDGE,wf_12,oos,VPB,banks,2024-12-16,2024-12-17,2024-12-19,downside_touch,2,19100,18790,19410,18790,0.016205435053602592,False,False,-40461,-0.02114097852200729,-49921,-0.02603257343938057,-0.8986489472363683,-0.0032859813855644826,-0.010874133274197492,-0.00022738718027790652,0.0038653680591749133,-0.1487404534619981,-0.015517542948313978,-0.0055646646854475715,0.016205435053602592,25.993793818036327,0.5702732516869122,0.5497835497835498,-10238.559480581025,False,
TRIAL6-HSX-POOLED-MEAN-REVERSION-EDGE,wf_13,oos,MWG,consumer_retail,2025-01-02,2025-01-03,2025-01-03,downside_touch,0,60600,59495,61705,59495,0.018230394468018232,False,False,-140460,-0.02313205296228945,-170416,-0.028009147480941927,-1.2601629158052847,-0.006918834321675456,-0.02229755655297729,-0.0003398707648897007,0.00432932749200855,0.24116035860074375,-0.025952070582403453,-0.003258612617414558,0.018230394468018232,25.945111038838736,0.5618694547885766,0.5017182130584192,-6838.645863916863,False,
TRIAL6-HSX-POOLED-MEAN-REVERSION-EDGE,wf_13,oos,VND,securities,2025-01-02,2025-01-03,2025-01-06,downside_touch,1,12600,12288,12912,12288,0.02475434618291761,False,False,-37361,-0.029593082247715032,-43622,-0.034481504785452984,-1.5013362044923826,0.00048408867882252323,-0.027915940762788527,0.00011359511246474963,0.009137823059252148,-0.2788181114369006,-0.031114968617829586,-0.002684957280144988,0.02475434618291761,24.523057666583593,0.3036209814209558,0.5017182130584192,-52888.13786701912,False,
TRIAL6-HSX-POOLED-MEAN-REVERSION-EDGE,wf_13,oos,MWG,consumer_retail,2025-01-03,2025-01-06,2025-01-06,downside_touch,0,58400,57285,59515,57285,0.019096375751665853,False,False,-140378,-0.023989415660229295,-169151,-0.028848930225228397,-1.3687999419088188,-0.012112616681598118,-0.024421457070356485,-0.0003523233537437092,0.005092914922219179,0.30572570259446097,-0.04770135161983191,-0.019963871498610217,0.019096375751665853,25.922275250734046,0.5239506100004406,0.5017182130584192,-13600.132261369763,False,
TRIAL6-HSX-POOLED-MEAN-REVERSION-EDGE,wf_13,oos,VND,securities,2025-01-03,2025-01-06,2025-01-06,downside_touch,0,12300,11999,12601,11999,0.02448428764218238,False,False,-36144,-0.029327045566296617,-42187,-0.03416244633142602,-1.2475144053885863,0.003430080115999764,-0.02305555037179767,0.0003681096553672443,0.009140604111844438,-0.12349003223384149,-0.047110084612945635,-0.020029567832708695,0.02448428764218238,24.5178836915607,0.26509492644251154,0.5017182130584192,-59757.89875081524,False,
TRIAL6-HSX-POOLED-MEAN-REVERSION-EDGE,wf_13,oos,MWG,consumer_retail,2025-01-06,2025-01-07,2025-01-21,time_exit,10,57300,57700,58387,56213,0.0189640768588137,False,False,11183,0.0019477491853608264,-17528,-0.0030468074662079537,-1.9697018629675025,-0.01848158806514409,-0.03893190233272426,-0.0005543806904835067,0.006506249230245699,0.4261995790442547,-0.07337908962588091,-0.028820197707924492,0.0189640768588137,25.896773523065203,0.5018506895554854,0.5017182130584192,-17540.872342146402,False,
TRIAL6-HSX-POOLED-MEAN-REVERSION-EDGE,wf_13,oos,SSI,securities,2025-01-06,2025-01-07,2025-01-07,downside_touch,0,25350,24872,25828,24872,0.018837253777012813,False,False,-60319,-0.023746665490861792,-72835,-0.02861760111146386,-1.2863654109661464,-0.0061680782876505896,-0.024725734884576897,-0.00023496815551031603,0.0067665698663652895,-0.06258146198825969,-0.06547360925656465,-0.0296985844156263,0.018837253777012813,25.633299975345746,0.3457015640806664,0.5017182130584192,-45384.552543144804,False,
TRIAL6-HSX-POOLED-MEAN-REVERSION-EDGE,wf_13,oos,VND,securities,2025-01-06,2025-01-07,2025-01-08,downside_gap,1,11950,11650,12207,11693,0.021518230723251645,True,False,-35904,-0.02998514272256477,-41808,-0.034846127110683627,-1.9124350233071485,-0.023925183754491444,-0.03576974714220761,-0.0001998302218797392,0.009212627166758287,-0.39729920515553085,-0.07177674085854924,-0.028998236459850238,0.021518230723251645,24.5178836915607,0.2997884747746759,0.5017182130584192,-53571.530035260395,False,
TRIAL6-HSX-POOLED-MEAN-REVERSION-EDGE,wf_13,oos,MWG,consumer_retail,2025-01-07,2025-01-08,2025-01-21,target,9,57100,58181,58181,56019,0.018930864815278125,False,True,79193,0.01384137535307803,50391,0.008789873513107884,-0.7559569985421056,0.021915391455870167,-0.01744232685035121,-0.00019917539336527064,0.006816217794787631,0.10927960417966107,-0.0651100456805126,-0.043698862236645125,0.018930864815278125,25.889227119923575,0.2639642051218619,0.5017182130584192,-59959.52295301864,False,
TRIAL6-HSX-POOLED-MEAN-REVERSION-EDGE,wf_13,oos,SSI,securities,2025-01-07,2025-01-08,2025-01-10,downside_touch,2,24500,24022,24978,24022,0.019493744544661042,False,False,-59880,-0.0243922607935143,-71956,-0.02925329615892952,-0.8329404167160959,0.008524426776038551,-0.01621175207544743,-0.00018934361651512245,0.006650158485037823,-0.08646784461649078,-0.0738907364118021,-0.04272322993316851,0.019493744544661042,25.633299975345746,0.24286522424256454,0.5017182130584192,-63721.78082275532,False,
TRIAL6-HSX-POOLED-MEAN-REVERSION-EDGE,wf_13,oos,VND,securities,2025-01-07,2025-01-08,2025-01-08,target,0,11650,11899,11899,11401,0.021388216303470542,False,True,18979,0.016258219485534735,13058,0.01116355575237732,-1.3094328184994444,0.007726906856586807,-0.02561336457792856,-7.626822558355236e-05,0.009096464720145043,-0.44469254526451124,-0.07654694094646419,-0.04242809609598384,0.021388216303470542,24.50316000856156,0.1580899850957448,0.5017182130584192,-78838.44984404843,False,
TRIAL6-HSX-POOLED-MEAN-REVERSION-EDGE,wf_13,oos,VND,securities,2025-01-08,2025-01-09,2025-01-10,downside_touch,1,11850,11593,12107,11593,0.021699819168173602,False,False,-31575,-0.026592205683447057,-37449,-0.031476122475223973,-0.7954612073032199,-0.002898138586337142,-0.01555987318658575,-5.803378192999107e-05,0.009086687506506179,-0.39352643282545857,-0.060544946928518084,-0.037538306021661395,0.021699819168173602,24.49392260881219,0.23073358221233925,0.5017182130584192,-65885.03060065467,False,
TRIAL6-HSX-POOLED-MEAN-REVERSION-EDGE,wf_13,oos,VND,securities,2025-01-10,2025-01-13,2025-01-13,target,0,11350,11612,11612,11088,0.023081721771678103,False,True,20395,0.017932776050006025,14692,0.012893283768082365,-1.4915943380623558,-0.012473678393752467,-0.02901494011982199,-9.429339641769274e-05,0.009135390195225999,-0.3989513313859423,-0.07458410331910115,-0.037882187319217026,0.023081721771678103,24.45961386803229,0.23526210202793407,0.5017182130584192,-65077.52907193405,False,
TRIAL6-HSX-POOLED-MEAN-REVERSION-EDGE,wf_13,oos,PNJ,consumer_retail,2025-01-13,2025-01-14,2025-01-15,downside_touch,1,95600,94166,97034,94166,0.015,False,False,-190777,-0.019915865160018944,-238145,-0.024811141212478155,-0.7567990153445068,0.0020520047917961933,-0.0104165541873752,-0.00014271726490824643,0.004040397858378976,-0.5472815306940972,-0.02457635114789314,-0.024726386482514424,0.011904761904761906,24.064163169112838,0.3117628623604355,0.5017182130584192,-51436.32103215612,False,
TRIAL6-HSX-POOLED-MEAN-REVERSION-EDGE,wf_13,oos,VND,securities,2025-01-14,2025-01-15,2025-01-16,target,1,11250,11529,11529,10971,0.02476190476190476,False,True,22132,0.01963295981151223,16464,0.01457664514049853,-1.5273548658735734,-0.01964968163828431,-0.03215718328177602,-0.0003052226389188721,0.00996659479116316,-0.43572745279363434,-0.046883539616137226,-0.01199974148027953,0.02476190476190476,24.42033218678723,0.3372765445441637,0.5017182130584192,-46886.85714426391,False,
TRIAL6-HSX-POOLED-MEAN-REVERSION-EDGE,wf_13,oos,VPB,banks,2025-01-14,2025-01-15,2025-01-23,target,6,18300,18574,18574,18026,0.015,False,True,18213,0.00993266966470082,8928,0.00485931763815827,-1.337318479329113,-0.0023066413109282787,-0.018140859229711676,-0.00013870398546915523,0.004653444685671154,0.06760203071902966,-0.029638888595427737,-0.013915813815913917,0.014298832480650663,25.516536226143923,0.4707851597033658,0.5017182130584192,-23080.312129892605,False,
TRIAL6-HSX-POOLED-MEAN-REVERSION-EDGE,wf_13,oos,VPB,banks,2025-01-15,2025-01-16,2025-01-16,downside_touch,0,18500,18222,18778,18222,0.015,False,False,-36929,-0.019922035997660865,-46057,-0.024797090486202152,-0.7583975067838735,0.010407418742644843,-0.010862612603568675,-5.846742571602902e-05,0.0045420389419807495,0.029200456343518776,-0.0238861742865637,-0.01545449575474683,0.014492753623188406,25.50092382395515,0.4168525726725443,0.5017182130584192,-32697.283734007502,False,
TRIAL6-HSX-POOLED-MEAN-REVERSION-EDGE,wf_13,oos,VPB,banks,2025-01-16,2025-01-17,2025-01-23,target,4,18400,18676,18676,18124,0.015,False,True,18372,0.009964955596500659,9047,0.004897351575927355,-1.2640943572206758,-0.01171074892624925,-0.01950449593433743,-0.0002551992022085469,0.0052360294227507004,-0.1258772920040353,-0.015928614604866054,0.004409054148825813,0.014751552795031056,25.476927060012706,0.5298438093687392,0.5017182130584192,-12549.288344872177,False,
TRIAL6-HSX-POOLED-MEAN-REVERSION-EDGE,wf_13,oos,MWG,consumer_retail,2025-01-17,2025-01-20,2025-01-23,target,3,57700,58805,58805,56595,0.019146653462078073,False,True,81347,0.014070080405648373,52100,0.0089934158184345,-1.0315850258168247,-0.008073678029834615,-0.023957808016212695,-0.0002790632383034374,0.007095399770710646,0.04208568744098749,0.0035206898647790474,0.025534220265360022,0.019146653462078073,25.785481779140184,0.6209793956613293,0.5017182130584192,3701.5238959596463,True,1
TRIAL6-HSX-POOLED-MEAN-REVERSION-EDGE,wf_13,oos,VPB,banks,2025-01-17,2025-01-20,2025-01-23,target,3,18400,18676,18676,18124,0.015,False,True,18372,0.009964955596500659,9047,0.004897351575927355,-1.5244644613125202,-0.0015483732635314783,-0.023214671206696437,-0.0003271115715756455,0.005169243831124364,-0.06673102355176291,-0.0025160361347427163,0.026204967598640216,0.014582526777648729,25.460298367222446,0.510777534763361,0.5017182130584192,-15949.084860685383,False,
TRIAL6-HSX-POOLED-MEAN-REVERSION-EDGE,wf_13,oos,HPG,materials,2025-01-22,2025-01-23,2025-01-23,target,0,26200,26593,26593,25807,0.015,False,True,26123,0.009950739591777032,12849,0.004884682117402683,-0.8312909531917266,-0.0021903403492288935,-0.013868948469351126,-4.094708449966374e-05,0.0044479853755796375,-0.238601896191283,-0.0018399353800157003,0.013163953212979484,0.013930620049166894,25.970258750726742,0.5403112290743628,0.5017182130584192,-10682.793826079556,False,
TRIAL6-HSX-POOLED-MEAN-REVERSION-EDGE,wf_13,oos,VPB,banks,2025-01-22,2025-01-23,2025-01-23,target,0,18500,18778,18778,18222,0.015,False,True,18532,0.009997432129455202,9165,0.004934436335541671,-0.872906687933717,0.0005891045690308047,-0.013208788584879186,-0.0002246465423794835,0.005208093045554306,-0.07540659658199023,-0.0027100271002709064,0.01326063007078562,0.014272739068379397,25.372417309631526,0.5016974758742606,0.5017182130584192,-17568.19258956673,False,
TRIAL6-HSX-POOLED-MEAN-REVERSION-EDGE,wf_13,oos,VND,securities,2025-01-23,2025-01-24,2025-02-03,downside_touch,1,12100,11766,12434,11766,0.027579365079365082,False,False,-39356,-0.03246080553209459,-45311,-0.03729809998732337,-1.3584557516102675,-0.0036364280292227047,-0.05379211936670596,0.00020789011440930475,0.01078342100065767,-0.09963143938561422,-0.01990364710694137,0.026316239332682668,0.027579365079365082,24.398705125310954,0.4511925010242221,0.5017182130584192,-26573.970649532326,False,
TRIAL6-HSX-POOLED-MEAN-REVERSION-EDGE,wf_13,oos,HPG,materials,2025-01-24,2025-02-03,2025-02-04,target,1,26500,26897,26897,26102,0.015,False,True,26402,0.009943218730098593,13007,0.004888824073746936,-1.03168596648038,-0.0072350943392958805,-0.017418559670762182,-0.00019455604832647913,0.004684046861192556,-0.2327946663265773,0.002106821664465519,0.021604882468590443,0.013810420590081607,25.970258750726742,0.5796986748349486,0.5017182130584192,-3659.434326901457,False,
TRIAL6-HSX-POOLED-MEAN-REVERSION-EDGE,wf_13,oos,VND,securities,2025-01-24,2025-02-03,2025-02-03,downside_touch,0,11950,11632,12268,11632,0.026587301587301587,False,False,-37700,-0.031485067976846366,-43599,-0.036338889588085906,-1.0474711112910702,-0.0044177561598548075,-0.04149010678300985,0.000198591963960796,0.01082710093749677,-0.09745335264446225,-0.011740381800818933,0.023143460631399826,0.026587301587301587,24.398705125310954,0.4639589357009973,0.5017182130584192,-24297.52802863282,False,
TRIAL6-HSX-POOLED-MEAN-REVERSION-EDGE,wf_13,oos,VND,securities,2025-02-03,2025-02-04,2025-02-04,target,0,11750,12080,12080,11420,0.028119868637110017,False,True,27019,0.022948742231580235,21037,0.01783206143105747,-0.9048714873789988,-0.011701159016928513,-0.035821335381338595,-9.399372888664148e-05,0.01084995451631167,-0.10101363502042758,-0.028612809784357984,0.005404186180086078,0.028119868637110017,24.398705125310954,0.43135805534844746,0.5017182130584192,-30110.743338338732,False,
TRIAL6-HSX-POOLED-MEAN-REVERSION-EDGE,wf_13,oos,SSI,securities,2025-02-06,2025-02-07,2025-02-21,time_exit,10,25050,25350,25593,24507,0.02167094382663245,False,False,17306,0.0068946586514500256,4815,0.0019144961753813684,-1.4655882798956017,-0.011571849083143257,-0.020736861342101773,-0.00029782835218074267,0.005223862573695875,0.06936761986973311,-0.003565771639385207,0.012307006123022848,0.02167094382663245,25.624598280510543,0.5890206956000508,0.5017182130584192,-1997.181245295651,False,
TRIAL6-HSX-POOLED-MEAN-REVERSION-EDGE,wf_13,oos,MWG,consumer_retail,2025-02-07,2025-02-10,2025-02-11,downside_touch,1,58300,57112,59488,57112,0.02037351443123939,False,False,-147619,-0.025270090688434037,-176334,-0.0301255341638496,-1.1962329920148949,-0.002605389540859606,-0.029921100423451526,-0.00037999045530399787,0.007896502250161213,-0.050892220843813694,-0.02010977205722142,0.009572708221484273,0.02037351443123939,25.703870628901548,0.49690528822114655,0.5017182130584192,-18422.7099624354,False,
TRIAL6-HSX-POOLED-MEAN-REVERSION-EDGE,wf_13,oos,SSI,securities,2025-02-07,2025-02-10,2025-02-20,target,8,24950,25482,25482,24418,0.021333333333333336,False,True,40589,0.01623596368558656,27980,0.011169696350327666,-1.5223717449351988,-0.0007208968483290428,-0.02125398162626819,-0.00022101308029092128,0.0052262165147343815,0.08102500596874476,-0.009537922764570328,0.008398058300078596,0.021333333333333336,25.624598280510543,0.5077870022055766,0.5017182130584192,-16482.34069491706,False,
TRIAL6-HSX-POOLED-MEAN-REVERSION-EDGE,wf_13,oos,HPG,materials,2025-02-10,2025-02-11,2025-02-11,target,0,25450,25872,25872,25028,0.01659167604049494,False,True,29316,0.0114959341113101,16535,0.006471264610733963,-2.1572249141673536,-0.03547699773419569,-0.049949151173315116,-0.0009638807545331203,0.008811486616276657,0.2465577591182858,-0.037318072969840355,0.013752496518949152,0.01659167604049494,25.972706079919156,0.7026668683278413,0.5017182130584192,18267.59884795126,True,1
TRIAL6-HSX-POOLED-MEAN-REVERSION-EDGE,wf_13,oos,MWG,consumer_retail,2025-02-10,2025-02-11,2025-02-13,downside_gap,2,57400,56000,58571,56229,0.02040816326530612,True,False,-168307,-0.029263077513155666,-196509,-0.034098759018188124,-2.168078309333036,-0.009941374485490633,-0.05165361712665599,-0.0008427745138353071,0.007030118792206964,0.14449443161364472,-0.03725719754219414,0.013745732582544017,0.02040816326530612,25.703870628901548,0.5353208715698813,0.5017182130584192,-11572.647791133248,False,
TRIAL6-HSX-POOLED-MEAN-REVERSION-EDGE,wf_13,oos,HPG,materials,2025-02-11,2025-02-12,2025-02-24,target,8,26200,26625,26625,25775,0.016237912789636925,False,True,29315,0.011166632130036507,16033,0.0060951131129517635,-0.968534594770013,0.027044662943565875,-0.024722766695463364,-0.0002748851496546047,0.008732992274358536,-0.4623457121744806,-0.026804472397184753,-0.002111604657037018,0.016237912789636925,25.972706079919156,0.27733344735370247,0.5017182130584192,-57575.59090023824,False,
TRIAL6-HSX-POOLED-MEAN-REVERSION-EDGE,wf_13,oos,MWG,consumer_retail,2025-02-11,2025-02-12,2025-02-13,downside_touch,1,56800,55683,57917,55683,0.019672407970280314,False,False,-139738,-0.024552810558667894,-167870,-0.029436639155412024,-2.358632638519743,-0.022988808016547777,-0.05567283768714268,-0.0008475477469142419,0.008583823590110623,0.14735269471771112,-0.054678800329650556,0.000985542891014737,0.019672407970280314,25.703870628901548,0.5545827577737908,0.5017182130584192,-8137.970857152155,False,
TRIAL6-HSX-POOLED-MEAN-REVERSION-EDGE,wf_13,oos,SSI,securities,2025-02-11,2025-02-12,2025-02-17,target,3,24800,25316,25316,24284,0.020821283979178717,False,True,39053,0.01571598625630905,26507,0.010645603843935697,-1.2080091049675354,-0.013893528387607205,-0.02072341450929183,-4.4143464983552754e-05,0.005850046449488175,-0.15056272405607632,-0.023909559422989446,-0.0024332616541698315,0.020821283979178717,25.646785930481737,0.5075748404435984,0.5017182130584192,-16520.17225006308,False,
TRIAL6-HSX-POOLED-MEAN-REVERSION-EDGE,wf_13,oos,HPG,materials,2025-02-12,2025-02-13,2025-02-18,target,3,25950,26375,26375,25525,0.016394952565165332,False,True,29416,0.011313002029848543,16332,0.006268536071141666,-1.1135705633083686,-0.007753265132120437,-0.028598760738020642,-0.0003237645675096008,0.008900117192489487,-0.3853223073156983,-0.0345208190655637,-0.00598467598440887,0.016394952565165332,25.963788478427915,0.4522240091334218,0.5017182130584192,-26390.037618655868,False,
TRIAL6-HSX-POOLED-MEAN-REVERSION-EDGE,wf_13,oos,MWG,consumer_retail,2025-02-12,2025-02-13,2025-02-13,downside_touch,0,56000,54922,57078,54922,0.019250253292806486,False,False,-135428,-0.02413528362183945,-163150,-0.029017769404154833,-2.1240167914523918,0.0028597845015448167,-0.047274812092165705,-0.0005436453730120999,0.00848625244848371,0.07876345025887903,-0.05132309563166393,-0.00411775636595329,0.019250253292806486,25.703870628901548,0.39625698738785325,0.5017182130584192,-36369.77878305473,False,
TRIAL6-HSX-POOLED-MEAN-REVERSION-EDGE,wf_13,oos,VCB,banks,2025-02-12,2025-02-13,2025-02-24,target,7,91900,93278,93278,90522,0.015,False,True,91400,0.009925728617982379,45109,0.004888911624596095,-0.9186310271185162,-0.0036330989085679444,-0.009371088996230887,-5.247981237074607e-05,0.003279896264813011,-0.02806330608159582,-0.01189233667485623,-0.00849895180559859,0.009836065573770493,25.0421507078961,0.5108539568801223,0.5017182130584192,-15935.457675948273,False,
TRIAL6-HSX-POOLED-MEAN-REVERSION-EDGE,wf_13,oos,MWG,consumer_retail,2025-02-13,2025-02-14,2025-02-14,downside_touch,0,55100,54013,56187,54013,0.0197254084115398,False,False,-135966,-0.02462675253651059,-163126,-0.02948746268559589,-2.4333528751514097,-0.02908009133051044,-0.0626641233675805,-0.0009132542089045602,0.010671026991621388,0.0039329768461537915,-0.07464138490740002,-0.01224556464740656,0.0197254084115398,25.703870628901548,0.5129881347268065,0.5017182130584192,-15554.90245173913,False,
TRIAL6-HSX-POOLED-MEAN-REVERSION-EDGE,wf_13,oos,VCB,banks,2025-02-13,2025-02-14,2025-02-25,target,7,92200,93583,93583,90817,0.015,False,True,91779,0.00993447268190496,45267,0.004890088332061488,-0.8307559986818438,0.001842555084429787,-0.008451490427480383,-6.412141309616257e-05,0.003176065956916987,-0.04470360162565492,-0.014039181320727234,-0.018979142823703537,0.009513412351840299,24.986928118594204,0.48399071439097646,0.5017182130584192,-20725.567967986164,False,
TRIAL6-HSX-POOLED-MEAN-REVERSION-EDGE,wf_14,oos,TCB,banks,2025-03-03,2025-03-04,2025-03-04,target,0,26100,26519,26519,25681,0.0160554643313264,False,True,28756,0.010995645868010188,15516,0.005921147533351294,-0.8962730881746555,-0.0028419760688654116,-0.018837972601990466,-0.0008331283776447934,0.004152408137077284,0.3901223671920198,-0.01517689009223544,0.004405367149379336,0.0160554643313264,25.540555431065393,0.410898746752998,0.43986254295532645,-32464.691582467723,False,
TRIAL6-HSX-POOLED-MEAN-REVERSION-EDGE,wf_14,oos,VPB,banks,2025-03-03,2025-03-04,2025-03-07,target,3,19100,19401,19401,18799,0.01574900793650794,False,True,20386,0.010651738418468169,10873,0.005670002023324552,-1.4918949894031244,-0.008081453418259808,-0.021405971835216177,-0.00033574430219407983,0.004096817068789055,-0.008759631094195532,-0.01798208223732034,0.004717055165499881,0.01574900793650794,25.299994829435583,0.44149263981096154,0.43986254295532645,-27206.63888208193,False,
TRIAL6-HSX-POOLED-MEAN-REVERSION-EDGE,wf_14,oos,VND,securities,2025-03-04,2025-03-05,2025-03-07,target,2,13500,13851,13851,13149,0.026005974345457743,False,True,28213,0.02085640403156293,21428,0.01580989173308228,-0.862784635098414,-0.019590332573885517,-0.024542160368328087,-0.0007941865425502472,0.006292077211056754,-0.19394267082192115,-0.01088205983225321,0.008972306643291232,0.026005974345457743,24.566535049448905,0.5021189453428534,0.43986254295532645,-16787.032952479545,False,
TRIAL6-HSX-POOLED-MEAN-REVERSION-EDGE,wf_14,oos,VPB,banks,2025-03-04,2025-03-05,2025-03-07,target,2,19100,19398,19398,18802,0.015582149090002492,False,True,20087,0.010495510134983326,10574,0.005514080878748626,-1.3043577452445116,-0.008823849228861924,-0.019564821641904165,-0.0004522755049245702,0.00453683842903663,0.07145961650368692,-0.012960236542520764,0.009203215166654295,0.015582149090002492,25.328569539020833,0.43733700721993873,0.43986254295532645,-27920.851196468997,False,
TRIAL6-HSX-POOLED-MEAN-REVERSION-EDGE,wf_14,oos,FPT,technology,2025-03-05,2025-03-06,2025-03-06,target,0,139500,141592,141592,137408,0.015,False,True,138784,0.009928790631177593,68483,0.0048896199515172005,-0.8699883244890032,-0.0023637993185919685,-0.02034447372254659,-0.00011552176147662654,0.008365170109126137,-0.21796684839587818,-0.019165007463919692,0.0015632317951743083,0.014378145219266714,26.21828273339685,0.4263189118905101,0.43986254295532645,-29814.488132123068,False,
TRIAL6-HSX-POOLED-MEAN-REVERSION-EDGE,wf_14,oos,VND,securities,2025-03-05,2025-03-06,2025-03-06,target,0,13450,13787,13787,13113,0.025053304904051173,False,True,26836,0.019912162698604085,20074,0.014865896637807246,-1.0153944596808546,-0.003645355912279438,-0.02907433271230849,-0.0009052696098673624,0.006348032078073281,-0.10655501430070613,-0.025601805569856473,0.0022784315847228388,0.025053304904051173,24.59443393064587,0.35181649567890244,0.43986254295532645,-42618.92691356612,False,
TRIAL6-HSX-POOLED-MEAN-REVERSION-EDGE,wf_14,oos,VPB,banks,2025-03-05,2025-03-06,2025-03-07,target,1,19050,19353,19353,18747,0.015914786967418548,False,True,20606,0.010794930374637414,11112,0.005809828502353577,-1.0882423654475484,-0.001260541674270278,-0.01366255498126866,-0.00021665834059383295,0.00454992665409198,0.23193181122023013,-0.013027879980430757,0.0008813287414533152,0.015914786967418548,25.328569539020833,0.4247028210583872,0.43986254295532645,-30092.239340438173,False,
TRIAL6-HSX-POOLED-MEAN-REVERSION-EDGE,wf_14,oos,HPG,materials,2025-03-06,2025-03-07,2025-03-19,downside_touch,8,28000,27525,28475,27525,0.016952040207854163,False,False,-61380,-0.02187765762927172,-75256,-0.026769986425764298,-1.0062995665413421,-0.005133509268604595,-0.03647974430968677,4.1996133147746696e-05,0.009678939884201512,-0.3362566645860855,-0.01741457024739168,0.018957041705597397,0.016952040207854163,25.97577387097876,0.44439317139931755,0.43986254295532645,-26708.135866404427,False,
TRIAL6-HSX-POOLED-MEAN-REVERSION-EDGE,wf_14,oos,VPB,banks,2025-03-06,2025-03-07,2025-03-10,target,1,19200,19503,19503,18897,0.015790128061668532,False,True,20545,0.010678929373007285,10892,0.005650356441416719,-1.6115063299201182,-0.006152742056961891,-0.02011806947819122,-0.00036474925415635155,0.0045321928822028325,0.22251299015245296,-0.007730545735728067,0.01788103898207922,0.015790128061668532,25.35558116220656,0.4270943216005171,0.43986254295532645,-29681.221499076953,False,
TRIAL6-HSX-POOLED-MEAN-REVERSION-EDGE,wf_14,oos,VND,securities,2025-03-07,2025-03-10,2025-03-10,target,0,13900,14219,14219,13581,0.022940563086548488,False,True,24861,0.017849834791561662,17823,0.012771089171910626,-1.235869772931619,-0.01488845376552447,-0.03214797281683845,-0.000850340594268882,0.006983472926310797,-0.024606148119751745,0.007938294822937064,0.026248702573434222,0.022940563086548488,24.59443393064587,0.529648718787183,0.43986254295532645,-12055.598501632907,False,
TRIAL6-HSX-POOLED-MEAN-REVERSION-EDGE,wf_14,oos,VPB,banks,2025-03-07,2025-03-10,2025-03-11,target,1,19400,19707,19707,19093,0.01583178726035869,False,True,20863,0.010732481717279384,11131,0.005714869545305654,-1.7130247063052184,0.0027544535354098493,-0.02119824880335019,-0.0003696218182854397,0.004372341965013412,0.24206037869659608,-0.0025086136208455345,0.027409470178298954,0.01583178726035869,25.35558116220656,0.3721909012867126,0.43986254295532645,-39117.25753719966,False,
TRIAL6-HSX-POOLED-MEAN-REVERSION-EDGE,wf_14,oos,FPT,technology,2025-03-10,2025-03-11,2025-03-14,downside_gap,3,138000,135600,140142,135858,0.01551977574949578,True,False,-308293,-0.022295465376880024,-376573,-0.02717910139563794,-1.1403466562098004,-0.018035201617321094,-0.027041917368052386,-0.000459908945367139,0.008266011858999979,-0.044656605104184975,-0.008278523292743811,0.02767677992631195,0.01551977574949578,26.213568540188778,0.48505128810517895,0.43986254295532645,-19720.38442421888,False,
TRIAL6-HSX-POOLED-MEAN-REVERSION-EDGE,wf_14,oos,HPG,materials,2025-03-10,2025-03-11,2025-03-11,target,0,27600,28070,28070,27130,0.01703722633955192,False,True,33044,0.011948471583508766,19091,0.006889351763639408,-0.9032824500073885,-0.00675445552262938,-0.028510082781713877,-0.0007174803428746991,0.005824985922359356,-0.27264490842262484,-0.0033703061917977895,0.02713142247065128,0.01703722633955192,25.97577387097876,0.4701704024401566,0.43986254295532645,-22277.904021573162,False,
TRIAL6-HSX-POOLED-MEAN-REVERSION-EDGE,wf_14,oos,SSI,securities,2025-03-10,2025-03-11,2025-03-12,target,1,26350,26823,26823,25877,0.017957652103993568,False,True,34043,0.012893835214339226,20689,0.007820411390909816,-1.3741700138272588,-0.013655497944919753,-0.02584991015483312,-0.00010810602753797995,0.005892234302568753,0.03163611289084129,0.0024714984240137294,0.026482333068894446,0.017957652103993568,25.78109723171692,0.5771709836602098,0.43986254295532645,-3888.1327701337286,False,
TRIAL6-HSX-POOLED-MEAN-REVERSION-EDGE,wf_14,oos,FPT,technology,2025-03-11,2025-03-12,2025-03-14,downside_touch,2,137700,135592,139808,135592,0.015307359307359306,False,False,-279046,-0.020224293199560938,-347279,-0.025119363976567055,-1.8353061438545748,-0.01836034759639424,-0.03785651144323346,-0.0002576001092899364,0.009153100922243125,-0.003719485894244874,-0.01764155604675277,0.031221878211011952,0.015307359307359306,26.213568540188778,0.4579543489890661,0.43986254295532645,-24377.42933255166,False,
TRIAL6-HSX-POOLED-MEAN-REVERSION-EDGE,wf_14,oos,SSI,securities,2025-03-11,2025-03-12,2025-03-13,target,1,26850,27324,27324,26376,0.01765650080256822,False,True,33844,0.012579874060012734,20289,0.007526255089931867,-0.8796320070124644,-0.005285058840714326,-0.015653176091015002,-0.0004016820715644578,0.005265304676686326,0.15591019574670673,0.013746167272495224,0.027734353397762177,0.01765650080256822,25.78109723171692,0.5356063742732471,0.43986254295532645,-11031.679562741483,False,
TRIAL6-HSX-POOLED-MEAN-REVERSION-EDGE,wf_14,oos,FPT,technology,2025-03-12,2025-03-13,2025-03-14,downside_touch,1,136100,134058,138142,134058,0.015,False,False,-271623,-0.019917761861375758,-339033,-0.024811278826673933,-1.0887996971957732,0.008737552363011079,-0.023448220355409527,1.1483616408937302e-05,0.008905201283894874,-0.11025778297093838,-0.022849348254544988,0.0010453658761910324,0.01461158414800799,26.213568540188778,0.3587700561524744,0.43986254295532645,-41423.84568097863,False,
TRIAL6-HSX-POOLED-MEAN-REVERSION-EDGE,wf_14,oos,FPT,technology,2025-03-13,2025-03-14,2025-03-14,downside_touch,0,135600,133566,137634,133566,0.015,False,False,-270625,-0.019917716371718866,-337837,-0.024814825506171038,-0.9010085520985285,0.010740573348840526,-0.01998110769802026,8.84090044875292e-05,0.008398900116897715,0.06438705109797772,-0.03640701874110086,-0.029455031973003774,0.014791557648700505,26.190764111403258,0.4000629989903422,0.43986254295532645,-34326.98915526064,False,
TRIAL6-HSX-POOLED-MEAN-REVERSION-EDGE,wf_14,oos,FPT,technology,2025-03-14,2025-03-17,2025-03-19,downside_touch,2,131600,129440,133760,129440,0.01641661230702327,False,False,-281194,-0.021324627360869385,-346275,-0.026207699852869054,-1.9849836636350462,-0.03683126484800293,-0.05277739779190697,-0.00018068009283366004,0.01177714398801665,-0.1717464989958521,-0.07235722672520717,-0.0347540712973191,0.01641661230702327,26.190764111403258,0.566328439377959,0.43986254295532645,-5751.598434157873,False,
TRIAL6-HSX-POOLED-MEAN-REVERSION-EDGE,wf_14,oos,FPT,technology,2025-03-17,2025-03-18,2025-03-19,downside_touch,1,130100,127889,132311,127889,0.016996336996336996,False,False,-285481,-0.021899390343298665,-349849,-0.026783582294657913,-1.9174628752476641,-0.015416553795967784,-0.051534849527638676,-0.0003765407621429217,0.012094006043530394,0.008881665208521735,-0.06816023168323726,-0.03066632621210557,0.016996336996336996,26.213568540188778,0.42932706428282896,0.43986254295532645,-29297.488749937962,False,
TRIAL6-HSX-POOLED-MEAN-REVERSION-EDGE,wf_14,oos,FPT,technology,2025-03-18,2025-03-19,2025-03-19,downside_touch,0,130100,127860,132340,127860,0.017216117216117217,False,False,-288374,-0.022121313820739067,-352735,-0.027004527383831765,-1.1755689581386997,0.0024853919697738792,-0.03173510954096572,-0.00016553735801588815,0.012082277014970671,-0.02486562372083358,-0.05523848006801835,-0.043685813840673236,0.017216117216117217,26.21828273339685,0.3939498537593217,0.43986254295532645,-35377.63150825963,False,
TRIAL6-HSX-POOLED-MEAN-REVERSION-EDGE,wf_14,oos,FPT,technology,2025-03-19,2025-03-20,2025-03-21,target,1,124600,127114,127114,122086,0.020178858060077964,False,True,188338,0.015085264205981963,125289,0.010015173560690005,-2.3908790915971867,-0.03522696622533087,-0.07400013409412813,-0.0005296614054037717,0.014528696719026951,-0.10075159237555625,-0.0851405779701162,-0.0187374746321297,0.020178858060077964,26.21828273339685,0.4596695990542459,0.43986254295532645,-24082.636014814416,False,
TRIAL6-HSX-POOLED-MEAN-REVERSION-EDGE,wf_14,oos,MWG,consumer_retail,2025-03-19,2025-03-20,2025-03-25,target,3,59800,61097,61097,58503,0.021688675470188074,False,True,99359,0.016582014541451615,69124,0.011513071876918525,-1.2355084951347255,-0.028385388495146484,-0.03355812959443568,-0.0007265791542463247,0.007061690311626037,-0.019292335567879963,-0.051451309610625495,-0.022480726672073112,0.021688675470188074,25.832301108260435,0.5386537245077223,0.43986254295532645,-10507.943400787655,False,
TRIAL6-HSX-POOLED-MEAN-REVERSION-EDGE,wf_14,oos,FPT,technology,2025-03-20,2025-03-21,2025-03-21,target,0,125000,127538,127538,122462,0.020304761904761905,False,True,190573,0.015215458988728028,127257,0.01013996929730412,-2.7697163894085195,-0.0009153369049200296,-0.0860793679410488,-0.0004724962371687001,0.014376564290617642,-0.12707129258126468,-0.08634531613444962,-0.00044779975178335304,0.020304761904761905,26.22688326235394,0.24821155715376908,0.43986254295532645,-60425.10234057938,False,
TRIAL6-HSX-POOLED-MEAN-REVERSION-EDGE,wf_14,oos,MWG,consumer_retail,2025-03-21,2025-03-24,2025-03-25,target,1,59800,61042,61042,58558,0.020769170022901365,False,True,93873,0.01566645649664034,63652,0.010601673096314131,-0.7586883880330468,0.003370106959843049,-0.018692728632195354,-0.0002540416590081651,0.007035295066925468,-0.06236934850940513,-0.018909192285226584,-0.0002685412628586157,0.020769170022901365,25.819373134916347,0.41657267216035326,0.43986254295532645,-31489.536222101895,False,
TRIAL6-HSX-POOLED-MEAN-REVERSION-EDGE,wf_14,oos,HPG,materials,2025-03-24,2025-03-25,2025-03-26,target,1,27250,27687,27687,26813,0.016048408313601683,False,True,29892,0.010947485616134832,16187,0.005916554180131241,-1.3257506951056164,-0.006167158523479367,-0.02606046296050836,-0.00024314993125562032,0.005509403614302855,0.006113958220138047,-0.025327544873158248,0.000965053814547479,0.016048408313601683,26.00882194894432,0.4664120994132614,0.43986254295532645,-22923.82885833696,False,
TRIAL6-HSX-POOLED-MEAN-REVERSION-EDGE,wf_14,oos,MWG,consumer_retail,2025-03-24,2025-03-25,2025-03-28,downside_touch,3,60400,59188,61612,59188,0.02005843796888573,False,False,-151054,-0.024959088337466358,-180803,-0.029815119642725808,-1.1225608880601703,-0.0064709081031307705,-0.027959847070748008,-0.0004662521673931993,0.007181396031240044,-0.0742980860901479,-0.027039273586039525,0.0011552458937565098,0.02005843796888573,25.819373134916347,0.4360466889815499,0.43986254295532645,-28142.613143693663,False,
TRIAL6-HSX-POOLED-MEAN-REVERSION-EDGE,wf_14,oos,VPB,banks,2025-03-24,2025-03-25,2025-03-27,downside_gap,2,19650,19250,20018,19282,0.01870748299319728,True,False,-49759,-0.025271858235027925,-59416,-0.03011605752138602,-1.1697499099750006,0.0006043570235187484,-0.030612467413684,0.0003531698026310226,0.006866182389408128,0.05289422812151505,-0.029740501300698052,0.0014553823064963464,0.01870748299319728,25.42696354426777,0.4172168723479769,0.43986254295532645,-31378.820056306784,False,
TRIAL6-HSX-POOLED-MEAN-REVERSION-EDGE,wf_14,oos,FPT,technology,2025-03-31,2025-04-01,2025-04-01,downside_touch,0,122000,118990,125010,118990,0.024675324675324677,False,False,-361042,-0.029534515738143252,-421172,-0.03438465219187748,-1.1403945994322022,-0.019088776147587118,-0.043884025662442844,-4.353889165642101e-05,0.015741102945476607,-0.12844402757032872,-0.06265776396816858,-0.028521273951879016,0.024675324675324677,26.32895585652423,0.4702350334677335,0.43986254295532645,-22266.796139734288,False,
TRIAL6-HSX-POOLED-MEAN-REVERSION-EDGE,wf_14,oos,SSI,securities,2025-03-31,2025-04-01,2025-04-03,downside_gap,2,26200,25200,26721,25679,0.01987179487179487,True,False,-112829,-0.04297867769400952,-125555,-0.04773105014012716,-0.8044554641700038,-0.006523315932955702,-0.01986261500063051,-0.00010635145486847169,0.005838919923969934,0.1630244785674507,-0.04300675318131941,-0.030704719594862255,0.01987179487179487,25.92260292962646,0.4990041820115751,0.43986254295532645,-17322.355139625222,False,
TRIAL6-HSX-POOLED-MEAN-REVERSION-EDGE,wf_14,oos,FPT,technology,2025-04-01,2025-04-02,2025-04-03,downside_gap,1,121200,114700,124313,118087,0.025686623196996643,True,False,-708649,-0.05835244862832233,-767289,-0.06305536855170926,-0.9597429527202843,-0.00890947084229081,-0.036959999171096033,-8.999569188928318e-05,0.015790849035520093,-0.1183171327009422,-0.0474101504118869,-0.015809068759098526,0.025686623196996643,26.335860406868626,0.41924212227281177,0.43986254295532645,-31030.748275573984,False,
TRIAL6-HSX-POOLED-MEAN-REVERSION-EDGE,wf_14,oos,SSI,securities,2025-04-01,2025-04-02,2025-04-03,downside_gap,1,26150,25200,26659,25641,0.01946805593638607,True,False,-107821,-0.04114953530690506,-120540,-0.04591207688730288,-0.7938384130481437,-0.002978749854550629,-0.018761270861948072,-0.00038436503327989236,0.005038420831089033,0.1412175289897227,-0.031875573127487455,-0.017535132901809573,0.01946805593638607,25.96960337086186,0.47554614660189315,0.43986254295532645,-21353.995905249136,False,
TRIAL6-HSX-POOLED-MEAN-REVERSION-EDGE,wf_14,oos,MWG,consumer_retail,2025-04-02,2025-04-03,2025-04-04,downside_gap,1,55100,50900,56305,53895,0.02186588921282799,True,False,-446288,-0.0808336211701031,-472571,-0.08542427159860927,-1.136540674091467,-0.0008881318648911738,-0.030056936326624345,-0.0007867846023911775,0.008035149317827981,-0.060720352582401244,-0.03325734035793548,-0.004252743797485525,0.02186588921282799,25.811362972683213,0.3738065728617555,0.43986254295532645,-38839.57838495854,False,
TRIAL6-HSX-POOLED-MEAN-REVERSION-EDGE,wf_14,oos,FPT,technology,2025-04-03,2025-04-04,2025-04-04,target,0,105600,108768,108768,102432,0.03,False,True,263074,0.024862519643426215,209258,0.019737015850882337,-1.1366037615400404,-0.014000688013705485,-0.045037077550014654,0.0002184547726797585,0.015949717149511915,-0.14417494758172872,-0.10298242475222341,-0.07224696232792394,0.030459408432976717,26.34676270220862,0.4360130911323881,0.43986254295532645,-28148.38747457656,False,
TRIAL6-HSX-POOLED-MEAN-REVERSION-EDGE,wf_14,oos,MWG,consumer_retail,2025-04-03,2025-04-04,2025-04-04,target,0,50900,52238,52238,49562,0.02629058936188735,False,True,108008,0.021177462026034977,82122,0.016069630761674513,-1.3619415137993605,-0.009515873746141316,-0.03309541361076015,-0.0005636817443641462,0.008077730303058913,-0.04784522608142946,-0.09640628414597707,-0.07297764461750687,0.02629058936188735,25.819373134916347,0.38481519831441685,0.43986254295532645,-36947.5689999733,False,
TRIAL6-HSX-POOLED-MEAN-REVERSION-EDGE,wf_14,oos,HPG,materials,2025-04-04,2025-04-08,2025-04-08,downside_touch,0,23500,22991,24009,22991,0.02168021680216802,False,False,-62472,-0.02653046404105444,-74041,-0.031381855310578265,-0.8620977714750614,-0.010849494431776002,-0.01656633918848524,-0.0003354941832308097,0.005053677656165756,0.2300650009097315,-0.09543848081619544,-0.08842202861010541,0.02168021680216802,26.15055382409138,0.45048049224347064,0.43986254295532645,-25661.931849737695,False,
TRIAL6-HSX-POOLED-MEAN-REVERSION-EDGE,wf_14,oos,MWG,consumer_retail,2025-04-04,2025-04-08,2025-04-09,downside_gap,1,49200,45750,50607,47793,0.02858946608946609,True,False,-368616,-0.07477173905106084,-392127,-0.07938315779884304,-1.8289831269970291,-0.016939862816832955,-0.046693654325504874,-0.0008370305541487817,0.008866056320839963,0.017414845136281873,-0.1212074270446295,-0.08555881236250162,0.02858946608946609,25.819373134916347,0.3727530228203868,0.43986254295532645,-39020.647908523744,False,
TRIAL6-HSX-POOLED-MEAN-REVERSION-EDGE,wf_14,oos,SSI,securities,2025-04-04,2025-04-08,2025-04-08,downside_touch,0,23000,22412,23588,22412,0.025563909774436087,False,False,-70152,-0.03043930276675177,-81402,-0.0352510623776907,-0.8125170978266837,-0.01615051609704083,-0.021450222739555363,-0.0005954927115294785,0.0062802339132169045,0.21384164274549344,-0.10050070390578814,-0.08785955937792844,0.025563909774436087,26.042262701129395,0.4496885052881067,0.43986254295532645,-25798.047549084353,False,
TRIAL6-HSX-POOLED-MEAN-REVERSION-EDGE,wf_14,oos,VPB,banks,2025-04-04,2025-04-08,2025-04-08,downside_touch,0,17000,16571,17429,16571,0.0252421885659708,False,False,-51191,-0.030053112952057443,-59682,-0.034967087628639475,-1.0021900641347234,-0.0055655012411553045,-0.0270711630581542,-0.0009615484134483785,0.006605396197018666,0.033824834811062535,-0.09538635722381461,-0.08842782012036994,0.0252421885659708,25.472951648632236,0.3766245223676115,0.43986254295532645,-38355.26842869555,False,
TRIAL6-HSX-POOLED-MEAN-REVERSION-EDGE,wf_14,oos,MWG,consumer_retail,2025-04-08,2025-04-09,2025-04-09,target,0,45750,47122,47122,44378,0.03,False,True,113859,0.02483745134883859,90624,0.01972943865018454,-1.7680115807928285,-0.006682455435008124,-0.04528091587492539,-0.00082937080797074,0.00876631619624063,0.015344107589601464,-0.17695828850201267,-0.14569664457263812,0.0335707019328586,25.819373134916347,0.26345858989684645,0.43986254295532645,-57804.654477480755,False,
TRIAL6-HSX-POOLED-MEAN-REVERSION-EDGE,wf_14,oos,VPB,banks,2025-04-08,2025-04-09,2025-04-09,target,0,15200,15650,15650,14750,0.0295970695970696,False,True,37209,0.024430086121486644,29519,0.01934322544794976,-0.9313991948340367,-0.010213754733289657,-0.025341634760327504,-0.0010065794334563726,0.006350250272223221,0.017097270050511912,-0.15116725254625718,-0.14856231523438873,0.0295970695970696,25.48670715203905,0.3365265132780538,0.43986254295532645,-45246.75636630415,False,
TRIAL6-HSX-POOLED-MEAN-REVERSION-EDGE,wf_14,oos,HPG,materials,2025-04-09,2025-04-10,2025-04-11,target,1,22750,23432,23432,22068,0.03,False,True,56631,0.024843453472977135,45063,0.01972871970621663,-1.2618058358718565,-0.028310715090798882,-0.030766325639531474,-0.0007982149261794195,0.007633278894015937,0.19558268850032606,-0.229025996889609,-0.1954016730283552,0.031075340934495866,26.228127272561533,0.24291587056137973,0.43986254295532645,-61335.25127568725,False,
TRIAL6-HSX-POOLED-MEAN-REVERSION-EDGE,wf_14,oos,MWG,consumer_retail,2025-04-09,2025-04-10,2025-04-11,target,1,49450,50934,50934,47966,0.03,False,True,123252,0.024874665004749823,98108,0.019760914446850294,-1.4718362007089454,-0.018015618833198722,-0.039260798438191004,-0.0008369611475672823,0.00920470192842051,-0.14457721192927503,-0.22918167936705747,-0.1953843749753054,0.0383011583011583,25.832301108260435,0.21937440537295017,0.43986254295532645,-65381.23079096309,False,
TRIAL6-HSX-POOLED-MEAN-REVERSION-EDGE,wf_14,oos,SSI,securities,2025-04-09,2025-04-10,2025-04-11,target,1,22000,22660,22660,21340,0.03,False,True,54836,0.02487568057005936,43575,0.019727844035264286,-1.0193905568057033,-0.026556451872692198,-0.030158561168335023,-0.0012862185641335736,0.00769754526161794,0.287850662460885,-0.22648803575899434,-0.19568366870953463,0.03421174294960703,26.051628101164695,0.22689262836552745,0.43986254295532645,-64089.1032204925,False,
TRIAL6-HSX-POOLED-MEAN-REVERSION-EDGE,wf_14,oos,HPG,materials,2025-04-10,2025-04-11,2025-04-14,target,1,24200,24926,24926,23474,0.03,False,True,60340,0.024884198163006757,47983,0.01974879685158501,-1.7524944404981908,-0.0011180098541827,-0.037199235646915546,-0.0004538061161267169,0.007687625900554823,0.058822692247806965,-0.1702101387779763,-0.13186857219248163,0.03097854526425955,26.228127272561533,0.2328484937686481,0.43986254295532645,-63065.491936152815,False,
TRIAL6-HSX-POOLED-MEAN-REVERSION-EDGE,wf_14,oos,MWG,consumer_retail,2025-04-10,2025-04-11,2025-04-11,target,0,51000,52530,52530,49470,0.03,False,True,127020,0.02485590735802956,101047,0.019734142642735014,-1.6157333778919207,0.0022472297635947325,-0.03375023270848003,-0.0002450944737182155,0.009156436790323451,-0.14060003105631427,-0.16340545946114482,-0.13262464767212961,0.03717078337907458,25.832301108260435,0.24307909263691632,0.43986254295532645,-61307.198936175846,False,
TRIAL6-HSX-POOLED-MEAN-REVERSION-EDGE,wf_14,oos,SSI,securities,2025-04-10,2025-04-11,2025-04-14,target,1,23000,23690,23690,22310,0.03,False,True,57228,0.024831514692890726,45560,0.019729716738256898,-1.838889525162006,-0.0005744653230596031,-0.042566809852698534,-0.000747392138148773,0.007739748432342798,-0.0293372843235371,-0.1738819570828115,-0.1314605923808333,0.03430735930735931,26.051628101164695,0.21971144572755724,0.43986254295532645,-65323.30498389686,False,
TRIAL6-HSX-POOLED-MEAN-REVERSION-EDGE,wf_14,oos,VND,securities,2025-04-10,2025-04-11,2025-04-14,target,1,14000,14420,14420,13580,0.03,False,True,34896,0.024875944627926555,27793,0.01977299438533186,-0.8318284245761433,0.002108028301185255,-0.027189237316571968,-0.00045404349036707323,0.008824492019500321,-0.10196849829500028,-0.1538483194226944,-0.1336865521208463,0.04320987654320988,25.291633906616493,0.2669921680489685,0.43986254295532645,-57197.35222570167,False,
TRIAL6-HSX-POOLED-MEAN-REVERSION-EDGE,wf_14,oos,HPG,materials,2025-04-11,2025-04-14,2025-04-14,target,0,24800,25544,25544,24056,0.03,False,True,61795,0.024867983783796836,49093,0.01971647600672785,-1.3545546417761851,0.007554530388362464,-0.02863693129553596,-0.00018111544053072177,0.0075317723927530965,0.04951281238994112,-0.032353500003906355,-0.0036107077615218537,0.03125612384871644,26.236319492612456,0.4604876176834525,0.43986254295532645,-23942.04635353409,False,
TRIAL6-HSX-POOLED-MEAN-REVERSION-EDGE,wf_14,oos,MWG,consumer_retail,2025-04-11,2025-04-14,2025-04-15,target,1,55000,56650,56650,53350,0.03,False,True,136991,0.0248574954990461,108987,0.019736813511587074,-0.9047521061943233,0.010605136435522161,-0.019323108016422553,-0.0001288889982365953,0.008617987884618662,-0.10243277876628898,-0.023910126444217195,-0.004548860379265118,0.036862003780718335,25.842338079624206,0.45016017178026513,0.43986254295532645,-25716.984074485805,False,
TRIAL6-HSX-POOLED-MEAN-REVERSION-EDGE,wf_14,oos,SSI,securities,2025-04-11,2025-04-14,2025-04-17,downside_gap,3,23700,22800,24411,22989,0.03,True,False,-101554,-0.04276395437512133,-113205,-0.04757478093243293,-1.7193297179445692,0.006020022403577491,-0.03500969837285313,-0.00028530779693949784,0.007615248704019193,-0.1494317175254466,-0.03802957694876785,-0.0029800325454261423,0.034318204893897857,26.061233307619307,0.45265810640377824,0.43986254295532645,-25287.67382398366,False,
TRIAL6-HSX-POOLED-MEAN-REVERSION-EDGE,wf_14,oos,VPB,banks,2025-04-14,2025-04-15,2025-04-17,downside_touch,2,17200,16684,17716,16684,0.03,False,False,-60050,-0.03484227560385058,-68498,-0.039666100129425286,-1.1360992684007358,-0.027124924552747964,-0.03419184057860265,-0.0006383140780124279,0.011054306917620835,-0.06220330449092552,-0.0033995075111119544,0.041453405934990015,0.03358106248279659,25.519064109786026,0.5511358729074196,0.43986254295532645,-8362.685392096253,False,
