"datetime","tickersymbol","open","high","low","close","ceiling","floor","matched_quantity","exchangeid","instrumenttype"
2022-01-04,FPT,93.40,94.20,93.30,93.50,99.50,86.50,1036600,HSX,stock
2022-01-05,FPT,93.70,94.20,93.50,93.60,100.00,87.00,741000,HSX,stock
2022-01-06,FPT,93.60,94.00,93.50,93.50,100.10,87.10,685000,HSX,stock
2022-01-07,FPT,93.10,93.70,93.10,93.40,100.00,87.00,476800,HSX,stock
2022-01-10,FPT,93.20,93.50,91.90,92.00,99.90,86.90,640700,HSX,stock
2022-01-11,FPT,92.00,92.20,89.10,89.50,98.40,85.60,1118500,HSX,stock
2022-01-12,FPT,89.10,90.60,88.50,89.60,95.70,83.30,845400,HSX,stock
2022-01-13,FPT,90.90,92.70,89.80,92.10,95.80,83.40,930800,HSX,stock
2022-01-14,FPT,91.70,92.10,90.90,91.30,98.50,85.70,421200,HSX,stock
2022-01-17,FPT,90.50,91.30,89.00,89.00,97.60,85.00,805000,HSX,stock
2022-01-18,FPT,88.30,89.60,88.00,88.10,95.20,82.80,569300,HSX,stock
2022-01-19,FPT,88.10,89.20,88.00,88.30,94.20,82.00,401600,HSX,stock
2022-01-20,FPT,88.40,91.00,88.30,88.80,94.40,82.20,787800,HSX,stock
2022-01-21,FPT,89.00,89.80,88.20,88.20,95.00,82.60,437900,HSX,stock
2022-01-24,FPT,88.20,88.50,85.00,85.30,94.30,82.10,977300,HSX,stock
2022-01-25,FPT,85.20,87.50,84.00,86.50,91.20,79.40,591600,HSX,stock
2022-01-26,FPT,87.00,87.00,85.50,86.00,92.50,80.50,536900,HSX,stock
2022-01-27,FPT,86.00,86.70,85.40,85.90,92.00,80.00,367500,HSX,stock
2022-01-28,FPT,86.00,89.50,85.90,89.50,91.90,79.90,1098600,HSX,stock
2022-02-07,FPT,90.00,90.10,89.00,89.50,95.70,83.30,232900,HSX,stock
2022-02-08,FPT,89.50,91.80,89.50,90.60,95.70,83.30,459900,HSX,stock
2022-02-09,FPT,91.70,91.70,90.60,90.70,96.90,84.30,645100,HSX,stock
2022-02-10,FPT,91.40,92.00,90.20,92.00,97.00,84.40,487600,HSX,stock
2022-02-11,FPT,91.80,92.40,91.40,91.60,98.40,85.60,332800,HSX,stock
2022-02-14,FPT,91.00,91.60,90.40,91.00,98.00,85.20,431900,HSX,stock
2022-02-15,FPT,91.00,91.70,90.50,91.10,97.30,84.70,343500,HSX,stock
2022-02-16,FPT,91.70,92.50,91.30,91.30,97.40,84.80,311800,HSX,stock
2022-02-17,FPT,91.90,92.80,91.00,92.80,97.60,85.00,541800,HSX,stock
2022-02-18,FPT,92.30,92.50,91.70,92.20,99.20,86.40,363200,HSX,stock
2022-02-21,FPT,92.20,94.00,92.00,93.50,98.60,85.80,755000,HSX,stock
2022-02-22,FPT,93.00,93.30,92.00,92.90,100.00,87.00,617900,HSX,stock
2022-02-23,FPT,92.60,93.90,92.60,93.00,99.40,86.40,523700,HSX,stock
2022-02-24,FPT,93.00,93.50,90.00,92.00,99.50,86.50,706600,HSX,stock
2022-02-25,FPT,92.40,93.40,92.10,92.30,98.40,85.60,691800,HSX,stock
2022-02-28,FPT,92.30,93.50,92.30,93.30,98.70,85.90,816100,HSX,stock
2022-03-01,FPT,94.00,94.00,92.50,93.40,99.80,86.80,722600,HSX,stock
2022-03-02,FPT,93.00,93.40,92.70,93.10,99.90,86.90,663100,HSX,stock
2022-03-03,FPT,93.20,94.00,93.20,93.40,99.60,86.60,526300,HSX,stock
2022-03-04,FPT,93.30,93.80,93.00,93.50,99.90,86.90,881300,HSX,stock
2022-03-07,FPT,93.10,93.90,92.20,93.80,100.00,87.00,805200,HSX,stock
2022-03-08,FPT,93.80,95.40,92.60,94.80,100.30,87.30,1109000,HSX,stock
2022-03-09,FPT,94.60,96.50,94.60,95.50,101.40,88.20,1151900,HSX,stock
2022-03-10,FPT,96.30,96.30,94.60,94.60,102.10,88.90,440800,HSX,stock
2022-03-11,FPT,94.50,94.60,92.70,93.20,101.20,88.00,598300,HSX,stock
2022-03-14,FPT,93.00,93.00,90.50,91.80,99.70,86.70,1037700,HSX,stock
2022-03-15,FPT,91.80,91.80,89.80,91.00,98.20,85.40,834500,HSX,stock
2022-03-16,FPT,91.10,92.30,90.50,91.60,97.30,84.70,603100,HSX,stock
2022-03-17,FPT,91.80,92.70,91.50,92.00,98.00,85.20,724200,HSX,stock
2022-03-18,FPT,93.00,96.60,93.00,95.10,98.40,85.60,1280600,HSX,stock
2022-03-21,FPT,95.20,96.00,95.00,95.30,101.70,88.50,723900,HSX,stock
2022-03-22,FPT,96.00,97.00,95.40,96.40,101.90,88.70,845300,HSX,stock
2022-03-23,FPT,96.50,97.50,96.00,96.50,103.10,89.70,853900,HSX,stock
2022-03-24,FPT,96.00,97.20,95.30,96.00,103.20,89.80,828000,HSX,stock
2022-03-25,FPT,96.10,96.50,95.60,95.70,102.70,89.30,601600,HSX,stock
2022-03-28,FPT,95.50,98.70,95.20,98.10,102.30,89.10,1647600,HSX,stock
2022-03-29,FPT,98.60,104.90,98.60,104.90,104.90,91.30,3141600,HSX,stock
2022-03-30,FPT,105.80,107.30,104.50,106.00,112.20,97.60,1486500,HSX,stock
2022-03-31,FPT,105.50,110.60,104.60,107.00,113.40,98.60,1506000,HSX,stock
2022-04-01,FPT,106.90,111.00,106.10,111.00,114.40,99.60,1904900,HSX,stock
2022-04-04,FPT,113.50,113.50,109.30,109.30,,,1364000,HSX,stock
2022-04-05,FPT,109.10,111.60,109.00,109.00,116.90,101.70,1028900,HSX,stock
2022-04-06,FPT,108.40,114.00,108.40,113.00,116.60,101.40,1902200,HSX,stock
2022-04-07,FPT,113.70,116.90,112.10,113.30,120.90,105.10,1993300,HSX,stock
2022-04-08,FPT,113.30,113.90,108.50,108.50,121.20,105.40,1962200,HSX,stock
2022-04-12,FPT,109.00,111.50,106.60,109.80,116.00,101.00,1619000,HSX,stock
2022-04-13,FPT,110.00,115.10,109.80,115.10,117.40,102.20,1739200,HSX,stock
2022-04-14,FPT,115.20,118.90,115.20,116.60,123.10,107.10,1552400,HSX,stock
2022-04-15,FPT,115.10,117.90,114.00,115.00,124.70,108.50,1508800,HSX,stock
2022-04-18,FPT,115.00,118.60,114.00,115.50,123.00,107.00,1912700,HSX,stock
2022-04-19,FPT,116.50,117.00,112.00,112.00,123.50,107.50,2174100,HSX,stock
2022-04-20,FPT,112.00,113.00,109.60,112.00,119.80,104.20,1719700,HSX,stock
2022-04-21,FPT,111.20,115.90,111.20,112.00,119.80,104.20,2315600,HSX,stock
2022-04-22,FPT,112.50,113.90,106.00,111.10,119.80,104.20,2721300,HSX,stock
2022-04-25,FPT,110.10,110.90,103.40,103.40,118.80,103.40,2075900,HSX,stock
2022-04-26,FPT,100.20,105.00,97.00,104.30,110.60,96.20,3025200,HSX,stock
2022-04-27,FPT,102.50,104.00,100.50,103.00,111.60,97.00,1344700,HSX,stock
2022-04-28,FPT,102.90,106.80,102.50,105.50,110.20,95.80,1179300,HSX,stock
2022-04-29,FPT,105.00,107.10,104.20,105.00,112.80,98.20,2815100,HSX,stock
2022-05-04,FPT,104.90,105.90,104.10,104.50,112.30,97.70,956600,HSX,stock
2022-05-05,FPT,104.60,105.50,101.90,104.70,111.80,97.20,1148500,HSX,stock
2022-05-06,FPT,102.30,104.00,100.20,100.20,112.00,97.40,1272100,HSX,stock
2022-05-09,FPT,98.30,99.00,94.00,94.00,107.20,93.20,2195300,HSX,stock
2022-05-10,FPT,94.00,98.80,92.00,98.40,100.50,87.50,1555100,HSX,stock
2022-05-11,FPT,98.00,101.90,96.80,101.90,105.20,91.60,998600,HSX,stock
2022-05-12,FPT,99.30,101.90,95.00,95.60,109.00,94.80,1420700,HSX,stock
2022-05-13,FPT,96.10,99.00,93.10,93.60,102.20,89.00,2094700,HSX,stock
2022-05-16,FPT,97.50,97.50,93.20,93.20,100.10,87.10,989400,HSX,stock
2022-05-17,FPT,93.00,99.70,92.50,99.70,99.70,86.70,1030700,HSX,stock
2022-05-18,FPT,99.70,100.10,97.50,97.70,106.60,92.80,945200,HSX,stock
2022-05-19,FPT,95.10,97.70,95.10,97.00,104.50,90.90,666100,HSX,stock
2022-05-20,FPT,97.70,98.90,97.00,97.50,103.70,90.30,747500,HSX,stock
2022-05-23,FPT,98.20,98.20,96.10,96.50,104.30,90.70,621600,HSX,stock
2022-05-24,FPT,96.50,98.20,96.00,98.20,103.20,89.80,703800,HSX,stock
2022-05-25,FPT,99.50,105.00,98.70,105.00,105.00,91.40,1483200,HSX,stock
2022-05-26,FPT,105.20,107.10,104.60,105.60,112.30,97.70,691000,HSX,stock
2022-05-27,FPT,105.60,112.00,105.50,111.80,112.90,98.30,1858600,HSX,stock
2022-05-30,FPT,111.10,112.40,109.20,111.30,119.60,104.00,1243500,HSX,stock
2022-05-31,FPT,111.30,111.30,107.50,109.90,119.00,103.60,897000,HSX,stock
2022-06-01,FPT,109.90,112.90,109.80,111.80,117.50,102.30,1041300,HSX,stock
2022-06-02,FPT,112.80,114.80,111.10,111.50,,,368500,HSX,stock
2022-06-03,FPT,111.50,114.00,110.90,114.00,119.30,103.70,890600,HSX,stock
2022-06-06,FPT,114.00,116.00,112.00,113.00,121.90,106.10,1314600,HSX,stock
2022-06-07,FPT,112.70,115.60,108.60,115.60,120.90,105.10,1820700,HSX,stock
2022-06-08,FPT,116.30,117.60,114.50,115.00,123.60,107.60,1155200,HSX,stock
2022-06-09,FPT,115.50,115.90,113.30,115.30,123.00,107.00,918800,HSX,stock
2022-06-10,FPT,113.40,114.70,110.00,110.00,123.30,107.30,1592700,HSX,stock
2022-06-13,FPT,88.00,90.80,86.00,86.20,97.10,84.50,1610100,HSX,stock
2022-06-14,FPT,86.00,89.90,85.50,89.10,92.20,80.20,1212400,HSX,stock
2022-06-15,FPT,90.60,90.60,88.00,90.50,95.30,82.90,954700,HSX,stock
2022-06-16,FPT,91.00,93.80,90.20,92.00,96.80,84.20,1221600,HSX,stock
2022-06-17,FPT,90.30,92.60,89.00,92.00,98.40,85.60,1135600,HSX,stock
2022-06-20,FPT,93.50,94.50,91.30,92.00,98.40,85.60,1018700,HSX,stock
2022-06-21,FPT,92.40,93.50,89.00,89.10,98.40,85.60,1201300,HSX,stock
2022-06-22,FPT,89.80,90.40,84.40,84.50,95.30,82.90,1455500,HSX,stock
2022-06-23,FPT,84.00,86.80,83.70,85.50,90.40,78.60,1039400,HSX,stock
2022-06-24,FPT,86.10,87.80,85.50,85.50,91.40,79.60,492200,HSX,stock
2022-06-27,FPT,86.40,87.90,85.90,86.50,91.40,79.60,650400,HSX,stock
2022-06-28,FPT,89.50,90.20,87.20,89.70,92.50,80.50,1462600,HSX,stock
2022-06-29,FPT,88.90,90.00,88.20,90.00,95.90,83.50,735800,HSX,stock
2022-06-30,FPT,89.50,89.90,86.20,86.20,96.30,83.70,970100,HSX,stock
2022-07-01,FPT,87.00,88.80,84.80,88.00,92.20,80.20,765500,HSX,stock
2022-07-04,FPT,88.50,88.50,86.00,86.70,94.10,81.90,492500,HSX,stock
2022-07-05,FPT,87.80,87.80,85.40,85.40,92.70,80.70,796300,HSX,stock
2022-07-06,FPT,84.10,85.90,83.50,83.50,91.30,79.50,1284300,HSX,stock
2022-07-07,FPT,83.90,84.60,83.10,83.10,89.30,77.70,676800,HSX,stock
2022-07-08,FPT,83.90,84.00,83.10,83.60,88.90,77.30,466400,HSX,stock
2022-07-11,FPT,84.60,84.60,82.80,82.80,89.40,77.80,680700,HSX,stock
2022-07-12,FPT,82.80,83.50,82.70,83.50,88.50,77.10,319800,HSX,stock
2022-07-13,FPT,84.00,84.00,82.50,82.50,89.30,77.70,595400,HSX,stock
2022-07-14,FPT,82.80,83.50,82.20,82.80,88.20,76.80,439900,HSX,stock
2022-07-15,FPT,84.00,84.00,82.20,82.20,88.50,77.10,728100,HSX,stock
2022-07-18,FPT,82.80,84.50,82.30,83.00,87.90,76.50,566200,HSX,stock
2022-07-19,FPT,82.90,83.00,82.20,83.00,88.80,77.20,698300,HSX,stock
2022-07-20,FPT,85.00,85.90,84.00,84.90,88.80,77.20,1466300,HSX,stock
2022-07-21,FPT,85.90,85.90,84.50,85.00,90.80,79.00,918200,HSX,stock
2022-07-22,FPT,86.40,86.50,85.10,85.10,90.90,79.10,706100,HSX,stock
2022-07-25,FPT,87.00,87.00,85.10,85.40,91.00,79.20,1621100,HSX,stock
2022-07-26,FPT,86.00,86.00,84.80,84.80,91.30,79.50,551400,HSX,stock
2022-07-27,FPT,84.60,85.20,84.40,85.20,90.70,78.90,412200,HSX,stock
2022-07-28,FPT,85.20,85.80,83.10,84.90,91.10,79.30,658100,HSX,stock
2022-07-29,FPT,85.10,85.20,83.50,83.50,90.80,79.00,1365200,HSX,stock
2022-08-01,FPT,84.00,84.20,83.10,84.00,89.30,77.70,812200,HSX,stock
2022-08-02,FPT,84.00,85.10,83.50,85.00,89.80,78.20,939400,HSX,stock
2022-08-03,FPT,85.00,85.20,84.20,84.80,90.90,79.10,1232600,HSX,stock
2022-08-04,FPT,85.10,86.60,84.90,86.10,90.70,78.90,1590900,HSX,stock
2022-08-05,FPT,86.10,87.20,85.60,85.80,92.10,80.10,839400,HSX,stock
2022-08-08,FPT,85.90,86.40,85.30,86.00,91.80,79.80,752200,HSX,stock
2022-08-09,FPT,86.00,87.50,85.70,86.20,92.00,80.00,1077700,HSX,stock
2022-08-10,FPT,86.30,86.70,86.00,86.00,92.20,80.20,553300,HSX,stock
2022-08-11,FPT,86.20,86.80,85.70,86.00,92.00,80.00,1117000,HSX,stock
2022-08-12,FPT,85.70,86.50,85.70,86.50,92.00,80.00,778700,HSX,stock
2022-08-15,FPT,86.60,89.10,86.60,88.90,92.50,80.50,1372000,HSX,stock
2022-08-16,FPT,88.90,89.40,88.10,88.70,95.10,82.70,660500,HSX,stock
2022-08-17,FPT,89.00,89.10,88.00,88.30,94.90,82.50,833000,HSX,stock
2022-08-18,FPT,87.90,89.70,87.90,88.30,94.40,82.20,1400500,HSX,stock
2022-08-19,FPT,88.00,88.50,86.20,86.90,94.40,82.20,872200,HSX,stock
2022-08-22,FPT,86.60,87.30,85.90,86.80,92.90,80.90,662000,HSX,stock
2022-08-23,FPT,86.10,87.00,86.10,87.00,92.80,80.80,585000,HSX,stock
2022-08-24,FPT,86.50,86.80,86.10,86.20,92.00,80.00,569500,HSX,stock
2022-08-25,FPT,86.20,86.70,86.00,86.30,92.20,80.20,502700,HSX,stock
2022-08-26,FPT,86.40,87.80,86.30,87.20,92.30,80.30,985300,HSX,stock
2022-08-29,FPT,87.00,87.00,84.70,86.50,93.30,81.10,1027600,HSX,stock
2022-08-30,FPT,86.50,87.00,86.00,86.40,92.50,80.50,564400,HSX,stock
2022-08-31,FPT,85.80,87.00,85.80,86.60,92.40,80.40,584600,HSX,stock
2022-09-05,FPT,86.50,86.70,85.90,86.20,92.60,80.60,519600,HSX,stock
2022-09-06,FPT,86.00,86.40,85.80,85.80,92.20,80.20,560600,HSX,stock
2022-09-07,FPT,85.50,85.90,84.00,84.00,91.80,79.80,958700,HSX,stock
2022-09-08,FPT,84.10,85.00,83.80,84.30,89.80,78.20,591000,HSX,stock
2022-09-09,FPT,84.60,85.00,84.30,84.30,90.20,78.40,635400,HSX,stock
2022-09-12,FPT,85.10,85.20,84.30,84.60,90.20,78.40,402700,HSX,stock
2022-09-13,FPT,85.00,85.30,84.30,84.60,90.50,78.70,583300,HSX,stock
2022-09-14,FPT,83.50,84.50,83.50,84.00,90.50,78.70,612500,HSX,stock
2022-09-15,FPT,84.50,84.50,83.70,83.70,89.80,78.20,349100,HSX,stock
2022-09-16,FPT,83.70,83.90,82.50,82.50,89.50,77.90,617700,HSX,stock
2022-09-19,FPT,82.50,83.60,81.90,83.10,88.20,76.80,818900,HSX,stock
2022-09-20,FPT,83.10,83.80,82.30,83.40,88.90,77.30,261500,HSX,stock
2022-09-21,FPT,83.30,83.30,82.30,82.30,89.20,77.60,433100,HSX,stock
2022-09-22,FPT,82.00,83.00,81.90,82.90,88.00,76.60,471700,HSX,stock
2022-09-23,FPT,83.10,83.10,82.10,82.40,88.70,77.10,528500,HSX,stock
2022-09-26,FPT,81.50,82.00,80.30,81.50,88.10,76.70,915700,HSX,stock
2022-09-27,FPT,82.00,82.00,80.50,80.50,87.20,75.80,507100,HSX,stock
2022-09-28,FPT,80.10,80.40,78.00,78.00,86.10,74.90,1293800,HSX,stock
2022-09-29,FPT,79.80,80.10,77.00,77.00,83.40,72.60,757900,HSX,stock
2022-09-30,FPT,77.00,80.80,76.90,80.50,82.30,71.70,1131600,HSX,stock
2022-10-03,FPT,79.60,80.30,76.40,77.00,86.10,74.90,639000,HSX,stock
2022-10-04,FPT,78.00,79.00,77.20,77.50,82.30,71.70,1094000,HSX,stock
2022-10-05,FPT,79.00,79.50,78.40,78.40,82.90,72.10,518100,HSX,stock
2022-10-06,FPT,78.90,78.90,76.50,76.50,83.80,73.00,646300,HSX,stock
2022-10-07,FPT,76.20,76.20,74.00,74.00,81.80,71.20,1101400,HSX,stock
2022-10-10,FPT,73.50,75.50,72.10,74.00,79.10,68.90,900900,HSX,stock
2022-10-11,FPT,74.00,74.00,71.00,71.00,79.10,68.90,892600,HSX,stock
2022-10-12,FPT,71.00,73.30,71.00,72.40,75.90,66.10,782900,HSX,stock
2022-10-13,FPT,72.20,73.00,71.50,73.00,77.40,67.40,425600,HSX,stock
2022-10-14,FPT,74.40,74.50,73.60,74.00,78.10,67.90,407400,HSX,stock
2022-10-17,FPT,73.50,73.90,72.60,73.80,79.10,68.90,371400,HSX,stock
2022-10-18,FPT,74.00,75.30,74.00,74.90,78.90,68.70,447000,HSX,stock
2022-10-19,FPT,74.90,76.20,74.70,75.50,80.10,69.70,526200,HSX,stock
2022-10-20,FPT,75.80,78.50,75.30,77.80,80.70,70.30,861500,HSX,stock
2022-10-21,FPT,77.70,77.70,73.90,73.90,83.20,72.40,839100,HSX,stock
2022-10-24,FPT,73.90,74.50,71.00,71.10,79.00,68.80,678800,HSX,stock
2022-10-25,FPT,71.40,74.50,71.10,73.20,76.00,66.20,718400,HSX,stock
2022-10-26,FPT,74.50,74.50,72.70,73.80,78.30,68.10,315300,HSX,stock
2022-10-27,FPT,74.10,76.20,73.70,75.80,78.90,68.70,437100,HSX,stock
2022-10-28,FPT,76.30,76.30,74.70,75.00,81.10,70.50,409400,HSX,stock
2022-10-31,FPT,75.00,76.00,73.70,75.60,80.20,69.80,581900,HSX,stock
2022-11-01,FPT,76.30,76.80,75.00,75.50,80.80,70.40,239700,HSX,stock
2022-11-02,FPT,75.20,76.00,74.00,74.00,80.70,70.30,557300,HSX,stock
2022-11-03,FPT,74.50,75.70,73.70,74.10,79.10,68.90,312600,HSX,stock
2022-11-04,FPT,74.00,74.00,71.50,72.90,79.20,69.00,1111900,HSX,stock
2022-11-07,FPT,72.60,74.00,72.60,72.60,78.00,67.80,1150000,HSX,stock
2022-11-08,FPT,71.50,73.90,71.40,73.30,77.60,67.60,566100,HSX,stock
2022-11-09,FPT,73.30,74.30,73.30,74.00,78.40,68.20,402300,HSX,stock
2022-11-10,FPT,73.50,73.70,69.10,73.00,79.10,68.90,718900,HSX,stock
2022-11-11,FPT,73.10,73.60,72.00,72.80,78.10,67.90,514800,HSX,stock
2022-11-14,FPT,72.00,72.40,70.00,70.80,77.80,67.80,851800,HSX,stock
2022-11-15,FPT,70.00,70.00,65.90,65.90,75.70,65.90,1347800,HSX,stock
2022-11-16,FPT,61.30,70.00,61.30,69.30,70.50,61.30,1601100,HSX,stock
2022-11-17,FPT,69.30,72.00,64.50,71.00,74.10,64.50,779500,HSX,stock
2022-11-18,FPT,70.10,72.00,69.20,71.50,75.90,66.10,671100,HSX,stock
2022-11-21,FPT,69.50,71.80,69.50,70.10,76.50,66.50,469400,HSX,stock
2022-11-22,FPT,70.00,72.00,69.10,70.50,75.00,65.20,654400,HSX,stock
2022-11-23,FPT,70.00,71.00,69.70,70.50,75.40,65.60,274200,HSX,stock
2022-11-24,FPT,69.80,71.00,69.40,70.50,75.40,65.60,395800,HSX,stock
2022-11-25,FPT,70.60,72.00,70.50,72.00,75.40,65.60,591500,HSX,stock
2022-11-28,FPT,72.40,74.50,72.30,74.30,77.00,67.00,497800,HSX,stock
2022-11-29,FPT,74.90,74.90,73.00,74.30,79.50,69.10,630700,HSX,stock
2022-11-30,FPT,74.50,74.90,73.50,74.60,79.50,69.10,510300,HSX,stock
2022-12-01,FPT,75.10,75.80,74.10,74.70,79.80,69.40,776000,HSX,stock
2022-12-02,FPT,74.70,77.70,74.00,77.40,79.90,69.50,2221200,HSX,stock
2022-12-05,FPT,78.00,79.00,77.40,78.30,82.80,72.00,651800,HSX,stock
2022-12-06,FPT,78.30,78.90,76.00,76.00,83.70,72.90,969300,HSX,stock
2022-12-07,FPT,75.90,76.60,74.80,76.50,81.30,70.70,584700,HSX,stock
2022-12-08,FPT,76.90,78.80,75.60,77.00,81.80,71.20,598200,HSX,stock
2022-12-09,FPT,76.30,78.00,76.20,78.00,82.30,71.70,532700,HSX,stock
2022-12-12,FPT,77.60,78.20,76.40,77.00,83.40,72.60,722500,HSX,stock
2022-12-13,FPT,76.20,77.30,75.20,77.20,82.30,71.70,493400,HSX,stock
2022-12-14,FPT,77.20,77.50,76.10,76.30,82.60,71.80,712800,HSX,stock
2022-12-15,FPT,76.40,78.10,76.40,77.70,81.60,71.00,641900,HSX,stock
2022-12-16,FPT,77.00,78.00,76.40,77.90,83.10,72.30,487000,HSX,stock
2022-12-19,FPT,78.30,78.30,76.60,76.60,83.30,72.50,521900,HSX,stock
2022-12-20,FPT,77.20,77.20,75.40,76.60,81.90,71.30,395500,HSX,stock
2022-12-21,FPT,77.20,77.40,75.70,77.20,81.90,71.30,304600,HSX,stock
2022-12-22,FPT,77.20,77.50,76.00,77.20,82.60,71.80,402400,HSX,stock
2022-12-23,FPT,76.40,78.00,76.20,78.00,82.60,71.80,705700,HSX,stock
2022-12-26,FPT,77.70,78.10,76.40,76.40,83.40,72.60,478700,HSX,stock
2022-12-27,FPT,76.40,77.50,76.00,76.50,81.70,71.10,406400,HSX,stock
2022-12-28,FPT,77.00,77.00,76.00,76.70,81.80,71.20,348100,HSX,stock
2022-12-29,FPT,76.50,77.00,76.20,76.20,82.00,71.40,459400,HSX,stock
2022-12-30,FPT,76.20,76.90,76.00,76.90,81.50,70.90,359800,HSX,stock
2023-01-03,FPT,76.90,80.00,76.80,80.00,82.20,71.60,848200,HSX,stock
2023-01-04,FPT,80.80,81.00,79.30,80.00,85.60,74.40,438300,HSX,stock
2023-01-05,FPT,80.20,81.50,80.20,80.60,85.60,74.40,534500,HSX,stock
2023-01-06,FPT,80.40,81.10,80.20,80.30,86.20,75.00,345100,HSX,stock
2023-01-09,FPT,80.50,80.90,79.90,80.30,85.90,74.70,277500,HSX,stock
2023-01-10,FPT,80.70,81.30,80.20,80.40,85.90,74.70,443500,HSX,stock
2023-01-11,FPT,80.40,81.60,80.40,80.90,86.00,74.80,584700,HSX,stock
2023-01-12,FPT,81.00,81.50,80.20,80.70,86.50,75.30,278800,HSX,stock
2023-01-13,FPT,80.50,81.20,80.00,80.00,86.30,75.10,365500,HSX,stock
2023-01-16,FPT,80.10,81.00,79.70,80.80,85.60,74.40,288800,HSX,stock
2023-01-17,FPT,81.20,82.00,81.00,82.00,86.40,75.20,566400,HSX,stock
2023-01-18,FPT,82.10,83.40,81.80,83.40,87.70,76.30,454100,HSX,stock
2023-01-19,FPT,83.00,84.20,82.90,83.90,89.20,77.60,752500,HSX,stock
2023-01-27,FPT,84.10,85.50,84.00,84.00,89.70,78.10,651000,HSX,stock
2023-01-30,FPT,84.20,84.40,83.70,83.70,89.80,78.20,476200,HSX,stock
2023-01-31,FPT,83.50,83.70,81.70,83.50,89.50,77.90,798600,HSX,stock
2023-02-01,FPT,84.00,84.00,81.80,82.00,89.30,77.70,625100,HSX,stock
2023-02-02,FPT,82.10,82.40,81.30,81.90,87.70,76.30,844800,HSX,stock
2023-02-03,FPT,82.00,82.00,80.10,80.10,87.60,76.20,1492900,HSX,stock
2023-02-06,FPT,80.00,81.60,79.70,80.50,85.70,74.50,542200,HSX,stock
2023-02-07,FPT,80.50,81.90,80.50,80.70,86.10,74.90,375800,HSX,stock
2023-02-08,FPT,80.80,81.70,80.60,81.20,86.30,75.10,344900,HSX,stock
2023-02-09,FPT,81.00,81.60,80.70,80.70,86.80,75.60,438300,HSX,stock
2023-02-10,FPT,81.10,81.20,80.50,80.70,86.30,75.10,410800,HSX,stock
2023-02-13,FPT,80.70,81.20,80.00,80.70,86.30,75.10,268300,HSX,stock
2023-02-14,FPT,80.70,81.00,80.20,80.80,86.30,75.10,404200,HSX,stock
2023-02-15,FPT,80.50,81.90,80.30,81.60,86.40,75.20,374300,HSX,stock
2023-02-16,FPT,81.60,82.00,80.70,81.60,87.30,75.90,258600,HSX,stock
2023-02-17,FPT,81.20,81.60,81.00,81.60,87.30,75.90,234000,HSX,stock
2023-02-20,FPT,81.60,83.00,81.40,82.80,87.30,75.90,532200,HSX,stock
2023-02-21,FPT,82.80,83.70,82.60,82.80,88.50,77.10,392800,HSX,stock
2023-02-22,FPT,82.30,82.50,81.80,81.80,88.50,77.10,446900,HSX,stock
2023-02-23,FPT,81.70,81.70,80.60,81.40,87.50,76.10,649600,HSX,stock
2023-02-24,FPT,81.10,81.30,80.40,80.80,87.00,75.80,291900,HSX,stock
2023-02-27,FPT,80.00,80.50,79.90,80.30,86.40,75.20,497500,HSX,stock
2023-02-28,FPT,80.00,80.70,79.50,80.50,85.90,74.70,291000,HSX,stock
2023-03-01,FPT,79.50,80.50,78.70,80.50,86.10,74.90,788100,HSX,stock
2023-03-02,FPT,80.00,80.50,79.80,80.00,86.10,74.90,254900,HSX,stock
2023-03-03,FPT,79.30,80.00,78.50,78.50,85.60,74.40,427400,HSX,stock
2023-03-06,FPT,78.10,79.80,78.10,78.20,83.90,73.10,466700,HSX,stock
2023-03-07,FPT,79.10,79.90,78.80,78.80,83.60,72.80,415300,HSX,stock
2023-03-08,FPT,78.50,79.50,78.50,79.50,84.30,73.30,282500,HSX,stock
2023-03-09,FPT,79.50,80.70,79.20,80.60,85.00,74.00,371600,HSX,stock
2023-03-10,FPT,80.20,80.40,79.00,79.50,86.20,75.00,290900,HSX,stock
2023-03-13,FPT,78.10,79.40,78.10,78.90,85.00,74.00,527100,HSX,stock
2023-03-14,FPT,79.00,79.10,78.50,78.70,84.40,73.40,264300,HSX,stock
2023-03-15,FPT,79.10,80.50,79.10,80.50,84.20,73.20,370100,HSX,stock
2023-03-16,FPT,80.00,80.00,78.40,79.20,86.10,74.90,478200,HSX,stock
2023-03-17,FPT,79.60,80.00,78.60,79.00,84.70,73.70,230300,HSX,stock
2023-03-20,FPT,79.10,79.30,77.60,77.60,84.50,73.50,335100,HSX,stock
2023-03-21,FPT,78.60,78.70,77.10,78.10,83.00,72.20,293700,HSX,stock
2023-03-22,FPT,78.20,78.60,77.60,78.50,83.50,72.70,342900,HSX,stock
2023-03-23,FPT,78.40,78.50,77.60,78.00,83.90,73.10,200700,HSX,stock
2023-03-24,FPT,78.30,78.80,78.00,78.60,83.40,72.60,198800,HSX,stock
2023-03-27,FPT,78.90,79.20,78.50,79.10,84.10,73.10,517400,HSX,stock
2023-03-28,FPT,79.20,79.20,77.50,79.20,84.60,73.60,591900,HSX,stock
2023-03-29,FPT,79.20,79.30,78.60,79.00,84.70,73.70,235200,HSX,stock
2023-03-30,FPT,79.00,79.30,78.80,79.10,84.50,73.50,184800,HSX,stock
2023-03-31,FPT,79.10,79.50,79.00,79.10,84.60,73.60,374700,HSX,stock
2023-04-03,FPT,79.40,80.90,79.10,80.90,84.60,73.60,587900,HSX,stock
2023-04-04,FPT,80.90,81.00,80.00,80.50,86.50,75.30,297900,HSX,stock
2023-04-05,FPT,80.50,80.60,79.70,80.60,86.10,74.90,191100,HSX,stock
2023-04-06,FPT,80.70,81.50,80.30,80.30,86.20,75.00,308500,HSX,stock
2023-04-07,FPT,80.20,80.70,80.00,80.50,85.90,74.70,212600,HSX,stock
2023-04-10,FPT,81.00,81.00,80.10,80.30,86.10,74.90,328200,HSX,stock
2023-04-11,FPT,80.20,80.50,80.10,80.30,85.90,74.70,287300,HSX,stock
2023-04-12,FPT,80.30,80.50,79.90,80.30,85.90,74.70,315200,HSX,stock
2023-04-13,FPT,80.30,80.40,79.30,79.60,85.90,74.70,269300,HSX,stock
2023-04-14,FPT,79.90,80.10,79.30,79.60,85.10,74.10,202200,HSX,stock
2023-04-17,FPT,79.60,79.70,79.00,79.60,85.10,74.10,181600,HSX,stock
2023-04-18,FPT,79.60,80.00,79.20,79.40,85.10,74.10,190200,HSX,stock
2023-04-19,FPT,79.80,79.80,79.30,79.30,84.90,73.90,264500,HSX,stock
2023-04-20,FPT,79.80,79.80,79.20,79.40,84.80,73.80,200900,HSX,stock
2023-04-21,FPT,80.00,80.00,79.30,79.30,84.90,73.90,195200,HSX,stock
2023-04-24,FPT,79.50,80.60,79.00,79.10,84.80,73.80,396800,HSX,stock
2023-04-25,FPT,79.10,79.30,78.30,78.40,84.60,73.60,233900,HSX,stock
2023-04-26,FPT,78.10,78.40,77.60,78.30,83.80,73.00,383000,HSX,stock
2023-04-27,FPT,78.10,78.80,78.10,78.30,83.70,72.90,117000,HSX,stock
2023-04-28,FPT,78.80,78.80,77.50,77.50,83.70,72.90,652000,HSX,stock
2023-05-04,FPT,77.80,78.70,77.60,78.50,82.90,72.10,277300,HSX,stock
2023-05-05,FPT,78.60,78.60,78.20,78.40,83.90,73.10,173800,HSX,stock
2023-05-08,FPT,78.50,78.90,78.40,78.50,83.80,73.00,190000,HSX,stock
2023-05-09,FPT,78.60,79.80,78.60,78.90,83.90,73.10,278300,HSX,stock
2023-05-10,FPT,79.00,79.60,79.00,79.00,84.40,73.40,380300,HSX,stock
2023-05-11,FPT,79.10,79.60,79.00,79.10,84.50,73.50,212000,HSX,stock
2023-05-12,FPT,79.30,80.60,78.80,80.50,84.60,73.60,534200,HSX,stock
2023-05-15,FPT,81.40,81.80,80.80,81.00,86.10,74.90,477200,HSX,stock
2023-05-16,FPT,81.00,81.70,80.80,81.50,86.60,75.40,336200,HSX,stock
2023-05-17,FPT,81.90,82.70,81.10,81.50,87.20,75.80,498300,HSX,stock
2023-05-18,FPT,81.80,83.00,81.40,82.90,87.20,75.80,699300,HSX,stock
2023-05-19,FPT,83.00,83.30,81.80,82.80,88.70,77.10,526100,HSX,stock
2023-05-22,FPT,82.80,82.80,82.00,82.50,88.50,77.10,362600,HSX,stock
2023-05-23,FPT,82.50,82.50,81.40,82.00,88.20,76.80,294100,HSX,stock
2023-05-24,FPT,82.00,82.10,81.10,81.30,87.70,76.30,252100,HSX,stock
2023-05-25,FPT,81.20,83.40,81.00,83.20,86.90,75.70,607000,HSX,stock
2023-05-26,FPT,83.10,83.40,82.30,83.10,89.00,77.40,447800,HSX,stock
2023-05-29,FPT,83.50,83.70,82.90,83.10,88.90,77.30,520000,HSX,stock
2023-05-30,FPT,83.00,84.90,82.90,84.00,88.90,77.30,858500,HSX,stock
2023-05-31,FPT,84.20,84.20,83.10,84.10,89.80,78.20,440800,HSX,stock
2023-06-01,FPT,84.00,84.00,83.10,83.50,89.90,78.30,300700,HSX,stock
2023-06-02,FPT,83.50,84.30,83.10,83.80,89.30,77.70,386000,HSX,stock
2023-06-05,FPT,83.90,85.20,83.80,85.00,89.60,78.00,823700,HSX,stock
2023-06-06,FPT,85.30,85.30,84.70,85.30,90.90,79.10,267800,HSX,stock
2023-06-07,FPT,85.00,85.40,84.30,85.00,91.20,79.40,439500,HSX,stock
2023-06-08,FPT,84.70,84.90,83.50,83.60,90.90,79.10,584500,HSX,stock
2023-06-09,FPT,84.30,84.70,83.70,84.60,89.40,77.80,407000,HSX,stock
2023-06-12,FPT,84.50,84.90,83.60,84.90,90.50,78.70,336800,HSX,stock
2023-06-13,FPT,84.40,84.90,84.30,84.40,90.80,79.00,268600,HSX,stock
2023-06-14,FPT,84.30,84.80,84.10,84.20,90.30,78.50,359900,HSX,stock
2023-06-15,FPT,84.20,84.40,83.60,84.10,90.00,78.40,420000,HSX,stock
2023-06-16,FPT,84.10,86.20,83.40,84.50,89.90,78.30,1166100,HSX,stock
2023-06-19,FPT,84.70,85.50,84.50,84.70,90.40,78.60,393900,HSX,stock
2023-06-20,FPT,85.00,85.80,84.70,85.50,90.60,78.80,456400,HSX,stock
2023-06-21,FPT,85.50,86.40,85.40,85.80,91.40,79.60,388900,HSX,stock
2023-06-22,FPT,86.10,86.50,84.70,85.50,91.80,79.80,493600,HSX,stock
2023-06-23,FPT,85.60,85.60,84.80,85.10,91.40,79.60,488800,HSX,stock
2023-06-26,FPT,85.10,85.80,84.60,85.80,91.00,79.20,562100,HSX,stock
2023-06-27,FPT,86.00,87.30,86.00,87.30,91.80,79.80,904200,HSX,stock
2023-06-28,FPT,87.40,87.80,87.00,87.00,93.40,81.20,469000,HSX,stock
2023-06-29,FPT,87.00,87.10,86.50,86.50,93.00,81.00,359200,HSX,stock
2023-06-30,FPT,86.50,86.60,86.00,86.00,92.50,80.50,314500,HSX,stock
2023-07-03,FPT,86.50,86.80,86.00,86.40,92.00,80.00,602200,HSX,stock
2023-07-04,FPT,86.40,87.00,86.20,87.00,92.40,80.40,731100,HSX,stock
2023-07-05,FPT,75.10,76.50,74.80,74.80,80.00,69.60,911100,HSX,stock
2023-07-06,FPT,74.80,75.20,74.00,74.60,80.00,69.60,643100,HSX,stock
2023-07-07,FPT,74.20,75.50,74.20,75.30,79.80,69.40,553700,HSX,stock
2023-07-10,FPT,75.30,75.90,74.90,75.30,80.50,70.10,612900,HSX,stock
2023-07-11,FPT,75.30,75.40,75.00,75.00,80.50,70.10,516000,HSX,stock
2023-07-12,FPT,75.00,75.70,74.90,75.30,80.20,69.80,350700,HSX,stock
2023-07-13,FPT,75.80,75.80,75.40,75.80,80.50,70.10,433000,HSX,stock
2023-07-14,FPT,76.90,78.30,76.10,78.30,81.10,70.50,883300,HSX,stock
2023-07-17,FPT,79.00,79.20,78.50,79.00,83.70,72.90,625600,HSX,stock
2023-07-18,FPT,79.00,79.00,78.10,78.70,84.50,73.50,267500,HSX,stock
2023-07-19,FPT,78.50,78.90,78.30,78.50,84.20,73.20,183100,HSX,stock
2023-07-20,FPT,78.60,81.30,78.50,80.30,83.90,73.10,966800,HSX,stock
2023-07-21,FPT,79.70,81.00,79.60,81.00,85.90,74.70,691200,HSX,stock
2023-07-24,FPT,81.00,81.30,80.60,81.00,86.60,75.40,620000,HSX,stock
2023-07-25,FPT,81.00,82.20,81.00,81.30,86.60,75.40,529400,HSX,stock
2023-07-26,FPT,81.20,82.70,81.10,82.70,86.90,75.70,711200,HSX,stock
2023-07-27,FPT,82.80,84.40,82.80,83.70,88.40,77.00,677800,HSX,stock
2023-07-28,FPT,83.50,84.40,83.10,84.40,89.50,77.90,353200,HSX,stock
2023-07-31,FPT,84.70,85.80,84.40,85.60,90.30,78.50,683400,HSX,stock
2023-08-01,FPT,85.60,86.30,84.50,84.50,91.50,79.70,518800,HSX,stock
2023-08-02,FPT,84.50,84.80,83.50,83.50,90.40,78.60,413100,HSX,stock
2023-08-03,FPT,83.80,84.20,82.90,83.70,89.30,77.70,424100,HSX,stock
2023-08-04,FPT,84.00,84.50,83.30,83.30,89.50,77.90,1326800,HSX,stock
2023-08-07,FPT,83.60,84.50,83.30,84.50,89.10,77.50,460300,HSX,stock
2023-08-08,FPT,84.00,84.60,83.80,84.20,90.40,78.60,262500,HSX,stock
2023-08-09,FPT,84.00,84.70,83.00,83.10,90.00,78.40,498700,HSX,stock
2023-08-10,FPT,83.10,83.30,82.20,82.20,88.90,77.30,414200,HSX,stock
2023-08-11,FPT,82.00,83.00,81.50,82.00,87.90,76.50,466400,HSX,stock
2023-08-14,FPT,82.10,83.20,82.00,82.60,87.70,76.30,522400,HSX,stock
2023-08-15,FPT,82.60,84.30,81.50,84.00,88.30,76.90,893800,HSX,stock
2023-08-16,FPT,83.20,85.20,83.20,85.10,89.80,78.20,1096600,HSX,stock
2023-08-17,FPT,85.00,87.20,85.00,86.00,91.00,79.20,1943500,HSX,stock
2023-08-18,FPT,85.60,87.90,84.30,85.50,92.00,80.00,1082200,HSX,stock
2023-08-21,FPT,85.90,86.70,85.50,85.90,91.40,79.60,1193600,HSX,stock
2023-08-22,FPT,86.30,86.50,83.00,86.50,91.90,79.90,703100,HSX,stock
2023-08-23,FPT,86.40,86.80,84.70,86.50,92.50,80.50,611400,HSX,stock
2023-08-24,FPT,85.50,90.10,85.10,90.00,91.40,79.60,2008600,HSX,stock
2023-08-25,FPT,89.50,91.00,89.10,90.60,96.30,83.70,677700,HSX,stock
2023-08-28,FPT,92.00,94.30,91.00,94.00,96.90,84.30,1501100,HSX,stock
2023-08-29,FPT,94.00,94.00,92.80,93.60,100.50,87.50,810200,HSX,stock
2023-08-30,FPT,93.20,98.20,93.10,96.60,100.10,87.10,947800,HSX,stock
2023-08-31,FPT,96.60,97.50,96.10,96.70,103.30,89.90,769900,HSX,stock
2023-09-05,FPT,97.10,98.70,96.80,96.80,103.40,90.00,441900,HSX,stock
2023-09-06,FPT,97.10,99.00,96.30,99.00,103.50,90.10,705900,HSX,stock
2023-09-07,FPT,99.00,100.80,97.60,97.90,105.90,92.10,1194600,HSX,stock
2023-09-08,FPT,97.50,98.50,97.00,97.60,104.70,91.10,1113100,HSX,stock
2023-09-11,FPT,98.70,99.50,95.30,97.40,104.40,90.80,2289400,HSX,stock
2023-09-12,FPT,97.40,98.90,97.40,98.90,104.20,90.60,1338000,HSX,stock
2023-09-13,FPT,98.90,99.00,97.40,98.00,105.80,92.00,819800,HSX,stock
2023-09-14,FPT,98.00,98.00,95.50,95.90,104.80,91.20,640100,HSX,stock
2023-09-15,FPT,96.00,97.80,95.30,97.50,102.60,89.20,1156200,HSX,stock
2023-09-18,FPT,96.90,96.90,95.70,96.90,104.30,90.70,973600,HSX,stock
2023-09-19,FPT,96.80,98.40,95.90,98.40,103.60,90.20,1381100,HSX,stock
2023-09-20,FPT,98.80,99.70,98.50,98.50,105.20,91.60,1249800,HSX,stock
2023-09-21,FPT,98.50,98.90,96.30,96.80,105.30,91.70,1565900,HSX,stock
2023-09-22,FPT,95.10,97.00,92.60,96.70,103.50,90.10,2446300,HSX,stock
2023-09-25,FPT,97.00,97.60,94.30,94.30,103.40,90.00,916100,HSX,stock
2023-09-26,FPT,94.20,95.50,93.10,93.50,100.90,87.70,778700,HSX,stock
2023-09-27,FPT,93.90,94.30,90.40,94.30,100.00,87.00,1465400,HSX,stock
2023-09-28,FPT,94.10,94.30,91.40,94.00,100.90,87.70,784300,HSX,stock
2023-09-29,FPT,94.00,94.90,92.80,92.80,100.50,87.50,895400,HSX,stock
2023-10-02,FPT,93.40,93.80,92.00,93.20,99.20,86.40,465500,HSX,stock
2023-10-03,FPT,92.20,93.50,91.50,92.20,99.70,86.70,685800,HSX,stock
2023-10-04,FPT,91.30,93.40,91.30,92.50,98.60,85.80,536000,HSX,stock
2023-10-05,FPT,92.80,93.30,91.60,91.60,98.90,86.10,477300,HSX,stock
2023-10-06,FPT,91.50,92.80,91.00,92.70,98.00,85.20,372900,HSX,stock
2023-10-09,FPT,92.40,95.60,92.20,95.60,99.10,86.30,959300,HSX,stock
2023-10-10,FPT,96.50,97.20,95.40,96.30,102.20,89.00,1477100,HSX,stock
2023-10-11,FPT,95.90,98.00,95.90,97.00,103.00,89.60,1197200,HSX,stock
2023-10-12,FPT,97.00,97.80,96.00,96.40,103.70,90.30,924700,HSX,stock
2023-10-13,FPT,96.00,96.30,95.30,96.10,103.10,89.70,1137800,HSX,stock
2023-10-16,FPT,96.80,98.90,96.30,96.80,102.80,89.40,2402400,HSX,stock
2023-10-17,FPT,97.80,97.80,93.10,93.10,103.50,90.10,1351900,HSX,stock
2023-10-18,FPT,94.90,94.90,91.00,93.00,99.60,86.60,2230400,HSX,stock
2023-10-19,FPT,94.00,94.30,92.00,92.00,99.50,86.50,1837200,HSX,stock
2023-10-20,FPT,92.50,93.00,90.10,92.90,98.40,85.60,1435800,HSX,stock
2023-10-23,FPT,93.80,93.80,90.80,91.00,99.40,86.40,960300,HSX,stock
2023-10-24,FPT,92.40,92.40,90.80,92.00,97.30,84.70,932800,HSX,stock
2023-10-25,FPT,91.80,92.70,90.90,90.90,98.40,85.60,893200,HSX,stock
2023-10-26,FPT,88.30,89.90,86.00,86.80,97.20,84.60,2719900,HSX,stock
2023-10-27,FPT,87.50,88.00,86.30,87.00,,,484100,HSX,stock
2023-10-30,FPT,87.00,87.10,85.00,85.00,93.00,81.00,930100,HSX,stock
2023-10-31,FPT,85.10,85.30,83.00,83.00,90.90,79.10,1530100,HSX,stock
2023-11-01,FPT,84.30,85.40,82.60,85.40,88.80,77.20,1167100,HSX,stock
2023-11-02,FPT,86.40,89.00,85.90,89.00,91.30,79.50,1182900,HSX,stock
2023-11-03,FPT,89.00,89.20,87.00,87.00,95.20,82.80,4038000,HSX,stock
2023-11-06,FPT,88.20,88.90,87.80,88.50,93.00,81.00,698500,HSX,stock
2023-11-07,FPT,88.50,88.80,87.90,88.30,94.60,82.40,701800,HSX,stock
2023-11-08,FPT,88.20,92.60,88.00,92.60,94.40,82.20,1544800,HSX,stock
2023-11-09,FPT,92.00,93.30,91.80,92.50,99.00,86.20,1098500,HSX,stock
2023-11-10,FPT,91.50,92.70,91.30,91.50,98.90,86.10,1424100,HSX,stock
2023-11-13,FPT,91.60,92.00,90.50,91.40,97.90,85.10,792500,HSX,stock
2023-11-14,FPT,92.00,93.40,91.30,92.60,97.70,85.10,990300,HSX,stock
2023-11-15,FPT,93.70,93.80,92.00,92.40,99.00,86.20,1332100,HSX,stock
2023-11-16,FPT,92.20,93.00,91.60,93.00,98.80,86.00,1158600,HSX,stock
2023-11-17,FPT,93.40,93.50,90.60,91.00,99.50,86.50,1922400,HSX,stock
2023-11-20,FPT,90.10,92.60,89.10,90.70,97.30,84.70,799900,HSX,stock
2023-11-21,FPT,92.00,92.00,90.70,91.90,97.00,84.40,778900,HSX,stock
2023-11-22,FPT,91.90,93.10,91.90,93.00,98.30,85.50,1653300,HSX,stock
2023-11-23,FPT,93.30,93.70,90.80,90.80,99.50,86.50,1347600,HSX,stock
2023-11-24,FPT,90.80,92.00,90.20,91.20,97.10,84.50,1252500,HSX,stock
2023-11-27,FPT,91.40,91.40,90.10,90.70,97.50,84.90,741500,HSX,stock
2023-11-28,FPT,90.80,91.90,89.90,91.10,97.00,84.40,563000,HSX,stock
2023-11-29,FPT,91.60,92.00,91.10,91.70,97.40,84.80,396500,HSX,stock
2023-11-30,FPT,91.40,93.70,91.30,91.90,98.10,85.30,894000,HSX,stock
2023-12-01,FPT,92.20,92.90,91.30,92.40,98.30,85.50,662700,HSX,stock
2023-12-04,FPT,92.60,94.00,92.60,93.60,98.80,86.00,1601700,HSX,stock
2023-12-05,FPT,93.80,95.80,93.70,94.80,100.10,87.10,1591400,HSX,stock
2023-12-06,FPT,95.00,95.40,94.10,95.00,101.40,88.20,651000,HSX,stock
2023-12-07,FPT,95.10,95.30,92.80,94.30,101.60,88.40,1980000,HSX,stock
2023-12-08,FPT,94.30,95.10,93.50,94.20,100.90,87.70,1006400,HSX,stock
2023-12-11,FPT,95.50,95.70,94.60,95.00,100.70,87.70,855100,HSX,stock
2023-12-12,FPT,95.40,96.80,95.30,96.80,101.60,88.40,1892800,HSX,stock
2023-12-13,FPT,97.40,97.40,95.20,95.20,103.50,90.10,1198300,HSX,stock
2023-12-14,FPT,95.80,96.40,95.20,96.20,101.80,88.60,901500,HSX,stock
2023-12-15,FPT,96.20,96.30,95.00,96.20,102.90,89.50,748500,HSX,stock
2023-12-18,FPT,95.90,96.20,93.70,94.00,102.90,89.50,1055700,HSX,stock
2023-12-19,FPT,93.90,94.60,93.60,94.60,100.50,87.50,697700,HSX,stock
2023-12-20,FPT,94.30,95.00,94.10,94.70,101.20,88.00,742100,HSX,stock
2023-12-21,FPT,94.60,95.10,94.00,95.10,101.30,88.10,1094500,HSX,stock
2023-12-22,FPT,95.00,95.10,94.40,94.60,101.70,88.50,806100,HSX,stock
2023-12-25,FPT,94.90,96.20,94.80,96.00,101.20,88.00,1028300,HSX,stock
2023-12-26,FPT,96.50,98.60,96.40,97.20,102.70,89.30,1321500,HSX,stock
2023-12-27,FPT,97.40,97.80,96.90,96.90,104.00,90.40,639300,HSX,stock
2023-12-28,FPT,97.00,97.00,96.30,96.60,103.60,90.20,639900,HSX,stock
2023-12-29,FPT,96.60,97.00,96.10,96.10,103.30,89.90,1718000,HSX,stock
2024-01-02,FPT,96.90,96.90,95.70,95.90,102.80,89.40,845100,HSX,stock
2024-01-03,FPT,95.60,96.50,95.40,96.30,102.60,89.20,785400,HSX,stock
2024-01-04,FPT,96.30,98.40,96.20,97.20,103.00,89.60,1350500,HSX,stock
2024-01-05,FPT,97.30,97.50,96.50,97.40,104.00,90.40,645300,HSX,stock
2024-01-08,FPT,97.40,98.30,97.10,97.30,104.20,90.60,697500,HSX,stock
2024-01-09,FPT,97.30,97.30,96.60,96.60,104.10,90.50,671600,HSX,stock
2024-01-10,FPT,96.70,96.90,94.50,94.70,103.30,89.90,1440700,HSX,stock
2024-01-11,FPT,94.70,95.40,94.70,95.00,101.30,88.10,680400,HSX,stock
2024-01-12,FPT,94.80,95.60,94.10,94.70,101.60,88.40,1361800,HSX,stock
2024-01-15,FPT,95.00,95.90,94.90,95.40,101.30,88.10,692600,HSX,stock
2024-01-16,FPT,94.70,95.70,94.70,95.70,102.00,88.80,460700,HSX,stock
2024-01-17,FPT,95.60,96.00,95.00,95.70,102.30,89.10,827600,HSX,stock
2024-01-18,FPT,95.70,96.00,95.20,95.60,102.30,89.10,636500,HSX,stock
2024-01-19,FPT,96.00,96.90,95.70,96.30,102.20,89.00,724600,HSX,stock
2024-01-22,FPT,96.80,96.80,95.80,96.40,103.00,89.60,597400,HSX,stock
2024-01-23,FPT,96.10,96.40,95.40,95.60,103.10,89.70,728200,HSX,stock
2024-01-24,FPT,95.80,95.80,94.90,95.00,102.20,89.00,691200,HSX,stock
2024-01-25,FPT,95.10,95.70,94.80,95.10,101.60,88.40,427200,HSX,stock
2024-01-26,FPT,95.50,96.20,95.30,95.90,101.70,88.50,481800,HSX,stock
2024-01-29,FPT,95.90,96.10,95.30,95.90,102.60,89.20,469400,HSX,stock
2024-01-30,FPT,95.90,95.90,95.40,95.60,102.60,89.20,559500,HSX,stock
2024-01-31,FPT,95.60,96.00,95.50,95.70,102.20,89.00,769300,HSX,stock
2024-02-01,FPT,95.90,99.90,95.70,99.90,102.30,89.10,3298600,HSX,stock
2024-02-02,FPT,100.20,102.20,100.10,102.00,106.80,93.00,1236600,HSX,stock
2024-02-05,FPT,102.00,104.10,101.90,103.50,109.10,94.90,1367900,HSX,stock
2024-02-06,FPT,103.60,105.00,102.90,104.10,110.70,96.30,969600,HSX,stock
2024-02-07,FPT,104.70,105.00,103.90,104.90,111.30,96.90,1298100,HSX,stock
2024-02-15,FPT,105.20,105.50,103.80,104.00,112.20,97.60,1166000,HSX,stock
2024-02-16,FPT,104.00,105.10,103.80,105.10,111.20,96.80,1164100,HSX,stock
2024-02-19,FPT,105.50,107.00,105.00,105.00,112.40,97.80,1082200,HSX,stock
2024-02-20,FPT,105.20,105.20,104.00,104.30,112.30,97.70,982700,HSX,stock
2024-02-21,FPT,104.00,106.90,103.50,105.90,111.60,97.00,1559900,HSX,stock
2024-02-22,FPT,105.90,106.00,104.60,104.60,113.30,98.50,894600,HSX,stock
2024-02-23,FPT,105.50,106.70,103.30,103.90,111.90,97.30,1983500,HSX,stock
2024-02-26,FPT,103.90,108.00,103.50,108.00,111.10,96.70,2094800,HSX,stock
2024-02-27,FPT,108.50,109.50,107.40,107.90,115.50,100.50,1341700,HSX,stock
2024-02-28,FPT,108.00,108.50,106.30,108.50,115.40,100.40,1621400,HSX,stock
2024-02-29,FPT,108.20,109.40,107.70,109.00,116.00,101.00,1276500,HSX,stock
2024-03-01,FPT,109.20,111.40,109.10,110.80,116.60,101.40,1838700,HSX,stock
2024-03-04,FPT,111.00,111.80,110.80,111.40,118.50,103.10,1613700,HSX,stock
2024-03-05,FPT,111.40,111.40,109.90,110.70,119.10,103.70,1502500,HSX,stock
2024-03-06,FPT,110.00,110.40,108.40,109.10,118.40,103.00,1635800,HSX,stock
2024-03-07,FPT,109.10,113.90,108.20,111.30,116.70,101.50,1860800,HSX,stock
2024-03-08,FPT,111.30,112.60,109.50,110.00,119.00,103.60,1615500,HSX,stock
2024-03-11,FPT,110.00,113.50,110.00,110.00,117.70,102.30,1588900,HSX,stock
2024-03-12,FPT,110.00,113.50,110.00,111.90,117.70,102.30,1402100,HSX,stock
2024-03-13,FPT,112.80,117.00,112.00,117.00,119.70,104.10,2451500,HSX,stock
2024-03-14,FPT,118.50,118.50,115.70,117.00,125.10,108.90,1635700,HSX,stock
2024-03-15,FPT,116.80,116.80,114.50,116.00,125.10,108.90,1776300,HSX,stock
2024-03-18,FPT,115.80,115.80,111.10,113.00,124.10,107.90,2672600,HSX,stock
2024-03-19,FPT,113.00,113.00,111.10,112.00,120.90,105.10,1640700,HSX,stock
2024-03-20,FPT,112.30,115.00,111.10,114.50,119.80,104.20,1822100,HSX,stock
2024-03-21,FPT,115.20,116.20,114.60,116.20,122.50,106.50,1910600,HSX,stock
2024-03-22,FPT,116.30,116.30,114.50,114.90,124.30,108.10,1096700,HSX,stock
2024-03-25,FPT,114.10,115.10,113.80,114.00,122.90,106.90,1453200,HSX,stock
2024-03-26,FPT,114.00,115.50,113.60,115.00,121.90,106.10,840300,HSX,stock
2024-03-27,FPT,114.70,115.30,114.10,115.20,123.00,107.00,653100,HSX,stock
2024-03-28,FPT,115.90,117.40,115.30,117.10,123.20,107.20,1274700,HSX,stock
2024-03-29,FPT,116.40,117.20,116.00,116.50,125.20,109.00,646800,HSX,stock
2024-04-01,FPT,116.00,117.60,115.20,116.80,124.60,108.40,912100,HSX,stock
2024-04-02,FPT,115.40,117.00,115.40,117.00,124.90,108.70,1191100,HSX,stock
2024-04-03,FPT,116.10,117.00,115.10,115.10,125.10,108.90,1184600,HSX,stock
2024-04-04,FPT,115.00,115.80,114.00,114.00,123.10,107.10,1192900,HSX,stock
2024-04-05,FPT,113.10,114.70,112.60,113.70,121.90,106.10,1356900,HSX,stock
2024-04-08,FPT,113.70,113.70,112.60,112.60,121.60,105.80,872200,HSX,stock
2024-04-09,FPT,112.60,113.20,112.50,113.00,120.40,104.80,687800,HSX,stock
2024-04-10,FPT,113.50,115.60,113.30,113.80,120.90,105.10,819000,HSX,stock
2024-04-11,FPT,113.50,115.40,113.30,114.90,121.70,105.90,736300,HSX,stock
2024-04-12,FPT,115.90,115.90,114.30,115.50,122.90,106.90,694200,HSX,stock
2024-04-15,FPT,115.50,115.60,111.50,111.60,123.50,107.50,2111300,HSX,stock
2024-04-16,FPT,112.00,113.20,111.50,113.00,119.40,103.80,1774200,HSX,stock
2024-04-17,FPT,113.10,113.10,111.60,111.80,120.90,105.10,1101800,HSX,stock
2024-04-19,FPT,110.50,111.20,109.00,109.00,119.60,104.00,2655800,HSX,stock
2024-04-22,FPT,110.00,111.40,108.90,110.30,116.60,101.40,1224600,HSX,stock
2024-04-23,FPT,110.90,113.30,109.90,112.30,118.00,102.60,1924500,HSX,stock
2024-04-24,FPT,113.60,120.10,113.20,120.10,120.10,104.50,3812200,HSX,stock
2024-04-25,FPT,122.50,128.00,121.90,123.20,128.50,111.70,2923100,HSX,stock
2024-04-26,FPT,123.00,125.40,122.20,123.20,131.80,114.60,1606800,HSX,stock
2024-05-02,FPT,123.80,129.00,123.50,127.30,131.80,114.60,1400700,HSX,stock
2024-05-03,FPT,128.10,128.40,125.60,125.90,136.20,118.40,1471100,HSX,stock
2024-05-06,FPT,126.50,127.60,124.50,127.60,134.70,117.10,1262000,HSX,stock
2024-05-07,FPT,128.00,131.60,127.20,131.30,136.50,118.70,1555600,HSX,stock
2024-05-08,FPT,130.10,131.00,129.30,131.00,140.40,122.20,1406100,HSX,stock
2024-05-09,FPT,130.60,132.80,130.00,130.30,140.10,121.90,1156500,HSX,stock
2024-05-10,FPT,131.30,132.20,129.20,131.00,139.40,121.20,1757300,HSX,stock
2024-05-13,FPT,131.30,131.50,128.80,129.70,140.10,121.90,883700,HSX,stock
2024-05-14,FPT,130.00,131.70,129.60,130.50,138.70,120.70,1084000,HSX,stock
2024-05-15,FPT,131.50,134.50,131.30,134.10,139.60,121.40,1508300,HSX,stock
2024-05-16,FPT,135.60,137.30,134.20,135.40,143.40,124.80,1576100,HSX,stock
2024-05-17,FPT,135.40,136.00,133.70,134.50,144.80,126.00,983700,HSX,stock
2024-05-20,FPT,135.20,136.10,133.00,133.00,143.90,125.10,1110100,HSX,stock
2024-05-21,FPT,134.00,136.00,133.50,136.00,142.30,123.70,2142900,HSX,stock
2024-05-22,FPT,137.90,139.70,136.10,138.00,145.50,126.50,2469100,HSX,stock
2024-05-23,FPT,137.50,137.80,135.00,137.50,147.60,128.40,1832400,HSX,stock
2024-05-24,FPT,138.00,138.00,130.60,131.90,147.10,127.90,5139800,HSX,stock
2024-05-27,FPT,133.00,133.50,130.60,132.80,141.10,122.70,2514700,HSX,stock
2024-05-28,FPT,134.00,137.00,133.10,137.00,142.00,123.60,2233000,HSX,stock
2024-05-29,FPT,137.10,138.20,134.80,135.70,146.50,127.50,2675800,HSX,stock
2024-05-30,FPT,133.80,135.00,131.90,135.00,145.10,126.30,3371300,HSX,stock
2024-05-31,FPT,135.00,136.80,133.80,134.60,144.40,125.60,1210900,HSX,stock
2024-06-03,FPT,135.00,137.60,134.70,136.90,144.00,125.20,3399000,HSX,stock
2024-06-04,FPT,139.00,139.30,137.80,139.10,146.40,127.40,3512300,HSX,stock
2024-06-05,FPT,140.00,144.90,139.70,140.10,148.80,129.40,2952200,HSX,stock
2024-06-06,FPT,140.30,141.70,138.80,139.60,149.90,130.30,2662200,HSX,stock
2024-06-07,FPT,141.00,142.00,140.50,142.00,149.30,129.90,2078000,HSX,stock
2024-06-10,FPT,143.50,145.00,143.00,144.00,151.90,132.10,2224000,HSX,stock
2024-06-11,FPT,144.30,146.50,143.10,146.50,154.00,134.00,3147400,HSX,stock
2024-06-12,FPT,127.90,132.70,127.80,132.00,135.30,117.70,4924500,HSX,stock
2024-06-13,FPT,133.70,133.80,130.00,130.00,141.20,122.80,3802300,HSX,stock
2024-06-14,FPT,130.10,132.60,129.00,131.00,139.10,120.90,3088500,HSX,stock
2024-06-17,FPT,131.00,131.40,128.50,128.80,140.10,121.90,2258300,HSX,stock
2024-06-18,FPT,128.80,129.70,128.00,128.00,137.80,119.80,3276800,HSX,stock
2024-06-19,FPT,128.00,132.80,126.60,131.50,136.90,119.10,4348400,HSX,stock
2024-06-20,FPT,133.00,135.70,131.80,133.30,140.70,122.30,4328900,HSX,stock
2024-06-21,FPT,133.90,136.10,133.30,136.10,142.60,124.00,3447700,HSX,stock
2024-06-24,FPT,135.00,135.50,132.00,132.10,145.60,126.60,6020200,HSX,stock
2024-06-25,FPT,131.00,131.10,128.60,130.00,141.30,122.90,6079800,HSX,stock
2024-06-26,FPT,131.00,131.80,129.40,131.80,139.10,120.90,3838500,HSX,stock
2024-06-27,FPT,131.30,134.10,130.80,132.80,141.00,122.60,2862600,HSX,stock
2024-06-28,FPT,132.80,132.80,130.40,130.50,142.00,123.60,3871700,HSX,stock
2024-07-01,FPT,130.40,130.40,128.50,128.60,139.60,121.40,3189300,HSX,stock
2024-07-02,FPT,128.60,132.10,127.50,128.00,137.60,119.60,3155000,HSX,stock
2024-07-03,FPT,130.50,132.80,130.10,131.00,136.90,119.10,2852700,HSX,stock
2024-07-04,FPT,132.10,135.80,132.10,135.80,140.10,121.90,3459200,HSX,stock
2024-07-05,FPT,136.10,139.70,136.10,138.70,145.30,126.30,3398000,HSX,stock
2024-07-08,FPT,138.50,139.60,137.50,139.60,148.40,129.00,2911600,HSX,stock
2024-07-09,FPT,139.10,139.30,136.00,137.50,149.30,129.90,4016300,HSX,stock
2024-07-10,FPT,136.00,137.00,134.00,134.00,147.10,127.90,3186500,HSX,stock
2024-07-11,FPT,134.10,135.40,132.50,133.00,143.30,124.70,3037300,HSX,stock
2024-07-12,FPT,132.20,136.00,132.20,133.80,142.30,123.70,1923700,HSX,stock
2024-07-15,FPT,133.50,134.80,132.30,132.70,143.10,124.50,1480000,HSX,stock
2024-07-16,FPT,133.60,134.50,132.30,134.00,141.90,123.50,1953900,HSX,stock
2024-07-17,FPT,134.00,134.10,129.90,131.90,143.30,124.70,3475100,HSX,stock
2024-07-18,FPT,131.40,131.40,127.80,127.90,141.10,122.70,4551600,HSX,stock
2024-07-19,FPT,128.60,129.30,126.00,126.00,136.80,119.00,3162200,HSX,stock
2024-07-22,FPT,126.00,126.00,123.20,124.10,134.80,117.20,2703900,HSX,stock
2024-07-23,FPT,124.90,127.50,124.80,125.50,132.70,115.50,2297800,HSX,stock
2024-07-24,FPT,125.50,126.60,124.00,126.00,134.20,116.80,2044600,HSX,stock
2024-07-25,FPT,124.20,125.50,124.10,125.00,134.80,117.20,1308300,HSX,stock
2024-07-26,FPT,125.90,128.00,124.40,128.00,133.70,116.30,2064300,HSX,stock
2024-07-29,FPT,130.00,130.60,129.00,129.00,136.90,119.10,2436500,HSX,stock
2024-07-30,FPT,129.00,129.50,127.00,128.00,138.00,120.00,1187700,HSX,stock
2024-07-31,FPT,127.30,128.60,126.60,128.60,136.90,119.10,1685300,HSX,stock
2024-08-01,FPT,129.60,129.70,124.10,124.80,137.60,119.60,3276900,HSX,stock
2024-08-02,FPT,122.10,124.80,121.00,123.20,133.50,116.10,6022300,HSX,stock
2024-08-05,FPT,121.10,122.90,117.40,118.60,131.80,114.60,4551500,HSX,stock
2024-08-06,FPT,120.00,121.90,119.80,120.80,126.90,110.30,3600000,HSX,stock
2024-08-07,FPT,121.00,122.00,120.20,122.00,129.20,112.40,1413400,HSX,stock
2024-08-08,FPT,121.60,122.40,120.90,121.40,130.50,113.50,1435100,HSX,stock
2024-08-09,FPT,122.40,126.90,122.00,126.90,129.80,113.00,2298000,HSX,stock
2024-08-12,FPT,126.90,130.20,126.20,130.00,135.70,118.10,2458800,HSX,stock
2024-08-13,FPT,129.70,130.20,128.00,129.70,139.10,120.90,1870300,HSX,stock
2024-08-14,FPT,130.70,131.50,129.50,129.50,138.70,120.70,1332900,HSX,stock
2024-08-15,FPT,129.10,129.50,128.20,128.70,138.50,120.50,1060000,HSX,stock
2024-08-16,FPT,129.10,131.00,129.10,130.60,137.70,119.70,2218200,HSX,stock
2024-08-19,FPT,131.10,131.40,130.00,130.50,139.70,121.50,1291500,HSX,stock
2024-08-20,FPT,130.70,132.50,130.70,131.50,139.60,121.40,1561200,HSX,stock
2024-08-21,FPT,130.60,133.80,130.60,133.50,140.70,122.30,2644600,HSX,stock
2024-08-22,FPT,134.00,134.50,133.50,133.80,142.80,124.20,1323500,HSX,stock
2024-08-23,FPT,133.70,133.70,132.40,133.10,143.10,124.50,1373000,HSX,stock
2024-08-26,FPT,133.30,133.50,131.50,131.50,142.40,123.80,1279800,HSX,stock
2024-08-27,FPT,131.50,132.60,130.40,132.50,140.70,122.30,1178800,HSX,stock
2024-08-28,FPT,133.00,134.50,132.90,133.30,141.70,123.30,1142100,HSX,stock
2024-08-29,FPT,132.80,133.80,132.20,133.70,142.60,124.00,1088500,HSX,stock
2024-08-30,FPT,133.50,134.90,133.00,134.80,143.00,124.40,1596200,HSX,stock
2024-09-04,FPT,133.00,133.00,131.50,133.00,144.20,125.40,2227400,HSX,stock
2024-09-05,FPT,133.00,133.00,129.70,130.60,142.30,123.70,3468300,HSX,stock
2024-09-06,FPT,130.50,132.90,130.30,132.10,139.70,121.50,1837600,HSX,stock
2024-09-09,FPT,130.80,131.90,130.10,131.30,141.30,122.90,1510700,HSX,stock
2024-09-10,FPT,131.00,131.00,129.60,130.00,140.40,122.20,2153600,HSX,stock
2024-09-11,FPT,130.00,131.30,129.80,130.60,139.10,120.90,1469500,HSX,stock
2024-09-12,FPT,131.00,132.50,131.00,132.30,139.70,121.50,1926900,HSX,stock
2024-09-13,FPT,132.20,133.40,132.00,133.00,141.50,123.10,1426200,HSX,stock
2024-09-16,FPT,131.80,133.00,131.10,131.10,142.30,123.70,1015900,HSX,stock
2024-09-17,FPT,131.20,132.90,131.20,132.90,140.20,122.00,1249300,HSX,stock
2024-09-18,FPT,133.40,135.20,132.90,134.60,142.20,123.60,2080100,HSX,stock
2024-09-19,FPT,135.00,135.80,134.30,135.20,144.00,125.20,2215000,HSX,stock
2024-09-20,FPT,136.30,137.00,135.00,135.30,144.60,125.80,1746400,HSX,stock
2024-09-23,FPT,135.90,135.90,133.40,134.00,144.70,125.90,1345900,HSX,stock
2024-09-24,FPT,134.00,134.70,133.70,134.50,143.30,124.70,1006000,HSX,stock
2024-09-25,FPT,134.30,134.80,133.60,134.80,143.90,125.10,2194400,HSX,stock
2024-09-26,FPT,135.00,135.00,133.90,134.30,144.20,125.40,1481700,HSX,stock
2024-09-27,FPT,134.30,134.40,133.50,134.20,143.70,124.90,1548700,HSX,stock
2024-09-30,FPT,134.20,134.50,133.00,134.50,143.50,124.90,1601300,HSX,stock
2024-10-01,FPT,134.70,136.20,134.70,135.90,143.90,125.10,2113500,HSX,stock
2024-10-02,FPT,134.60,135.90,134.60,135.40,145.40,126.40,791200,HSX,stock
2024-10-03,FPT,135.40,136.10,134.00,134.00,144.80,126.00,1300700,HSX,stock
2024-10-04,FPT,134.30,134.80,133.50,134.10,143.30,124.70,759400,HSX,stock
2024-10-07,FPT,134.20,134.90,133.60,134.10,143.40,124.80,757000,HSX,stock
2024-10-08,FPT,134.10,135.10,133.60,133.80,143.40,124.80,1119500,HSX,stock
2024-10-09,FPT,134.30,135.80,134.30,135.40,143.10,124.50,1263200,HSX,stock
2024-10-10,FPT,135.80,142.00,135.80,141.70,144.80,126.00,3484700,HSX,stock
2024-10-11,FPT,142.00,142.80,139.60,139.60,151.60,131.80,1965100,HSX,stock
2024-10-14,FPT,141.10,141.30,137.10,137.60,149.30,129.90,2435000,HSX,stock
2024-10-15,FPT,137.60,138.60,136.60,137.00,147.20,128.00,1390800,HSX,stock
2024-10-16,FPT,136.40,137.10,136.00,136.30,146.50,127.50,1369100,HSX,stock
2024-10-17,FPT,136.50,137.10,135.50,137.00,145.80,126.80,1147200,HSX,stock
2024-10-18,FPT,137.40,137.80,136.60,137.00,146.50,127.50,1119800,HSX,stock
2024-10-21,FPT,137.00,137.70,135.50,135.50,146.50,127.50,1615500,HSX,stock
2024-10-22,FPT,135.70,135.70,133.00,133.10,144.90,126.10,2610100,HSX,stock
2024-10-23,FPT,132.90,134.80,132.60,134.20,142.40,123.80,1352800,HSX,stock
2024-10-24,FPT,134.20,134.30,133.80,134.30,143.50,124.90,1240600,HSX,stock
2024-10-25,FPT,134.30,134.60,133.60,134.00,143.70,124.90,865300,HSX,stock
2024-10-28,FPT,134.10,135.00,133.60,134.90,143.30,124.70,713100,HSX,stock
2024-10-29,FPT,135.40,135.50,134.80,135.40,144.30,125.50,969700,HSX,stock
2024-10-30,FPT,135.40,135.90,135.20,135.90,144.80,126.00,946200,HSX,stock
2024-10-31,FPT,135.90,136.00,135.30,135.90,145.40,126.40,656200,HSX,stock
2024-11-01,FPT,135.00,135.00,133.60,134.60,145.40,126.40,1305000,HSX,stock
2024-11-04,FPT,134.60,134.60,132.70,132.80,144.00,125.20,1587200,HSX,stock
2024-11-05,FPT,133.00,134.00,132.30,132.60,142.00,123.60,863900,HSX,stock
2024-11-06,FPT,133.10,134.60,133.00,134.60,141.80,123.40,860800,HSX,stock
2024-11-07,FPT,135.30,137.60,134.20,135.10,144.00,125.20,1628700,HSX,stock
2024-11-08,FPT,136.10,136.80,135.10,135.80,144.50,125.70,1130100,HSX,stock
2024-11-11,FPT,136.50,139.50,136.00,138.30,145.30,126.30,2448000,HSX,stock
2024-11-12,FPT,138.60,138.90,135.90,136.80,147.90,128.70,1423600,HSX,stock
2024-11-13,FPT,136.70,138.10,136.10,137.80,146.30,127.30,1810400,HSX,stock
2024-11-14,FPT,137.90,139.90,136.00,136.00,147.40,128.20,2371800,HSX,stock
2024-11-15,FPT,135.30,135.70,132.60,133.90,145.50,126.50,3008300,HSX,stock
2024-11-18,FPT,134.00,134.60,132.50,134.00,143.20,124.60,1912500,HSX,stock
2024-11-19,FPT,133.50,133.60,129.90,130.00,143.30,124.70,3288700,HSX,stock
2024-11-20,FPT,130.00,132.40,126.70,132.40,139.10,120.90,3829000,HSX,stock
2024-11-21,FPT,132.40,133.00,131.00,133.00,141.60,123.20,1952600,HSX,stock
2024-11-22,FPT,132.90,134.40,132.50,133.90,142.30,123.70,1482800,HSX,stock
2024-11-25,FPT,134.00,134.00,133.20,133.90,143.20,124.60,1045300,HSX,stock
2024-11-26,FPT,133.40,135.90,133.30,135.20,143.20,124.60,1871600,HSX,stock
2024-11-27,FPT,135.20,139.70,135.20,138.90,144.60,125.80,3268200,HSX,stock
2024-11-28,FPT,139.40,140.00,138.30,139.40,148.60,129.20,2211700,HSX,stock
2024-11-29,FPT,139.40,145.40,139.00,144.30,149.10,129.70,4136100,HSX,stock
2024-12-02,FPT,144.30,146.00,141.60,142.20,153.30,133.30,2936900,HSX,stock
2024-12-03,FPT,141.70,145.90,141.70,145.00,152.10,132.30,2012000,HSX,stock
2024-12-04,FPT,145.00,146.30,142.80,143.50,155.10,134.90,2888600,HSX,stock
2024-12-05,FPT,144.00,148.50,143.60,148.50,153.50,133.50,2449200,HSX,stock
2024-12-06,FPT,151.90,151.90,148.00,149.50,158.80,138.20,2378500,HSX,stock
2024-12-09,FPT,149.20,149.50,146.10,147.00,159.90,139.10,2029900,HSX,stock
2024-12-10,FPT,147.10,149.50,147.00,149.50,157.20,136.80,1684300,HSX,stock
2024-12-11,FPT,150.00,151.70,149.70,150.50,159.90,139.10,2236200,HSX,stock
2024-12-12,FPT,151.90,151.90,149.20,150.20,161.00,140.00,2069700,HSX,stock
2024-12-13,FPT,149.50,150.90,149.40,149.50,160.70,139.70,1466000,HSX,stock
2024-12-16,FPT,149.60,150.60,149.50,149.90,159.90,139.10,1295000,HSX,stock
2024-12-17,FPT,150.10,150.50,147.70,148.00,160.30,139.50,2706400,HSX,stock
2024-12-18,FPT,148.00,149.80,148.00,148.70,158.30,137.70,1382200,HSX,stock
2024-12-19,FPT,147.30,149.00,147.20,148.10,159.10,138.30,2395700,HSX,stock
2024-12-20,FPT,148.50,150.60,148.30,149.50,158.40,137.80,1431600,HSX,stock
2024-12-23,FPT,149.50,149.90,148.70,149.80,159.90,139.10,1460300,HSX,stock
2024-12-24,FPT,150.00,150.80,149.40,150.40,160.20,139.40,1079500,HSX,stock
2024-12-25,FPT,150.60,151.20,150.40,150.80,160.90,139.90,1349200,HSX,stock
2024-12-26,FPT,151.00,151.40,149.10,149.80,161.30,140.30,1060700,HSX,stock
2024-12-27,FPT,149.50,149.90,148.70,149.60,160.20,139.40,1328500,HSX,stock
2024-12-30,FPT,149.40,150.80,148.50,150.50,160.00,139.20,1128900,HSX,stock
2024-12-31,FPT,150.70,153.90,150.30,152.50,161.00,140.00,1780100,HSX,stock
2025-01-02,FPT,152.50,152.70,150.10,152.00,163.10,141.90,1680000,HSX,stock
2025-01-03,FPT,151.30,151.30,149.00,149.00,162.60,141.40,2018600,HSX,stock
2025-01-06,FPT,149.10,150.20,148.40,149.30,159.40,138.60,1742000,HSX,stock
2025-01-07,FPT,149.50,151.30,149.50,150.10,159.70,138.90,1703600,HSX,stock
2025-01-08,FPT,150.00,150.00,148.10,148.30,160.60,139.60,1877800,HSX,stock
2025-01-09,FPT,148.30,149.20,148.00,148.80,158.60,138.00,839500,HSX,stock
2025-01-10,FPT,148.80,149.10,147.20,147.30,159.20,138.40,1232600,HSX,stock
2025-01-13,FPT,146.10,148.50,144.70,147.60,157.60,137.00,1652800,HSX,stock
2025-01-14,FPT,147.60,148.00,145.10,145.10,157.90,137.30,1428900,HSX,stock
2025-01-15,FPT,146.00,146.50,144.80,145.50,155.20,135.00,1433400,HSX,stock
2025-01-16,FPT,146.20,147.00,145.20,146.50,155.60,135.40,2067800,HSX,stock
2025-01-17,FPT,146.60,150.10,146.00,149.00,156.70,136.30,1621900,HSX,stock
2025-01-20,FPT,149.00,150.40,148.20,150.00,159.40,138.60,1041900,HSX,stock
2025-01-21,FPT,150.50,151.40,149.00,149.90,160.50,139.50,1190900,HSX,stock
2025-01-22,FPT,149.60,150.60,149.20,149.70,160.30,139.50,1498700,HSX,stock
2025-01-23,FPT,150.10,156.00,150.00,154.30,160.10,139.30,2966800,HSX,stock
2025-01-24,FPT,154.10,154.50,153.40,153.40,165.10,143.50,2154100,HSX,stock
2025-02-03,FPT,148.00,149.20,145.30,145.50,164.10,142.70,5202800,HSX,stock
2025-02-04,FPT,146.00,147.00,145.30,146.20,155.60,135.40,2228600,HSX,stock
2025-02-05,FPT,146.90,147.50,145.80,146.30,156.40,136.00,2032000,HSX,stock
2025-02-06,FPT,147.00,147.30,145.60,146.50,156.50,136.10,1584100,HSX,stock
2025-02-07,FPT,146.50,146.70,145.80,146.10,156.70,136.30,2086000,HSX,stock
2025-02-10,FPT,145.50,145.50,142.00,142.00,156.30,135.90,3451300,HSX,stock
2025-02-11,FPT,142.20,145.40,140.10,145.40,151.90,132.10,2317300,HSX,stock
2025-02-12,FPT,145.60,145.70,144.30,145.00,155.50,135.30,823200,HSX,stock
2025-02-13,FPT,145.00,145.00,142.70,143.10,155.10,134.90,1244400,HSX,stock
2025-02-14,FPT,144.00,145.00,143.60,144.90,153.10,133.10,1422900,HSX,stock
2025-02-17,FPT,145.00,145.00,143.40,143.60,155.00,134.80,1215100,HSX,stock
2025-02-18,FPT,143.80,144.40,143.10,143.90,153.60,133.60,805600,HSX,stock
2025-02-19,FPT,143.90,144.90,143.10,144.00,153.90,133.90,1431100,HSX,stock
2025-02-20,FPT,144.20,144.60,143.00,143.00,154.00,134.00,1728700,HSX,stock
2025-02-21,FPT,142.80,142.90,141.50,142.00,153.00,133.00,2253600,HSX,stock
2025-02-24,FPT,142.00,142.00,139.50,140.50,151.90,132.10,3024800,HSX,stock
2025-02-25,FPT,140.40,140.40,138.20,139.00,150.30,130.70,1980100,HSX,stock
2025-02-26,FPT,139.10,141.80,138.90,141.80,148.70,129.30,1531800,HSX,stock
2025-02-27,FPT,142.00,142.20,140.70,141.30,151.70,131.90,1559900,HSX,stock
2025-02-28,FPT,140.10,141.10,139.00,140.30,151.10,131.50,2173000,HSX,stock
2025-03-03,FPT,140.50,141.40,140.30,140.50,150.10,130.50,1164100,HSX,stock
2025-03-04,FPT,139.50,140.60,139.30,140.00,150.30,130.70,1735700,HSX,stock
2025-03-05,FPT,140.00,140.10,139.10,139.10,149.80,130.20,1461400,HSX,stock
2025-03-06,FPT,139.50,143.50,139.50,141.60,148.80,129.40,3087500,HSX,stock
2025-03-07,FPT,141.70,142.70,141.10,141.40,151.50,131.70,1462600,HSX,stock
2025-03-10,FPT,141.50,141.50,139.20,139.30,151.20,131.60,2244300,HSX,stock
2025-03-11,FPT,138.00,138.50,137.00,137.50,149.00,129.60,2716500,HSX,stock
2025-03-12,FPT,137.70,138.70,135.90,135.90,147.10,127.90,2521100,HSX,stock
2025-03-13,FPT,136.10,138.00,136.10,136.50,145.40,126.40,1616200,HSX,stock
2025-03-14,FPT,135.60,136.30,130.80,131.40,146.00,127.00,5133600,HSX,stock
2025-03-17,FPT,131.60,132.10,129.60,130.00,140.50,122.30,2509900,HSX,stock
2025-03-18,FPT,130.10,132.20,130.00,130.00,139.10,120.90,2348300,HSX,stock
2025-03-19,FPT,130.10,130.60,123.50,124.60,139.10,120.90,6393600,HSX,stock
2025-03-20,FPT,124.60,126.80,124.50,125.00,133.30,115.90,3638300,HSX,stock
2025-03-21,FPT,125.00,129.00,125.00,128.00,133.70,116.30,2868400,HSX,stock
2025-03-24,FPT,128.50,129.30,127.30,129.00,136.90,119.10,2112200,HSX,stock
2025-03-25,FPT,129.80,129.90,126.50,126.50,138.00,120.00,2754400,HSX,stock
2025-03-26,FPT,126.50,126.50,122.70,123.00,135.30,117.70,3971700,HSX,stock
2025-03-27,FPT,122.00,126.50,121.10,126.20,131.60,114.40,2691200,HSX,stock
2025-03-28,FPT,126.10,126.40,124.00,124.00,135.00,117.40,1462800,HSX,stock
2025-03-31,FPT,123.40,123.40,121.00,121.00,132.60,115.40,2633200,HSX,stock
2025-04-01,FPT,122.00,122.20,118.80,120.50,129.40,112.60,3032200,HSX,stock
2025-04-02,FPT,121.20,122.30,120.80,122.00,128.90,112.10,1828700,HSX,stock
2025-04-03,FPT,114.70,117.60,113.50,113.50,130.50,113.50,4999900,HSX,stock
2025-04-04,FPT,105.60,113.90,105.60,113.00,121.40,105.60,9236100,HSX,stock
2025-04-08,FPT,106.00,108.00,105.10,105.10,120.90,105.10,5842900,HSX,stock
2025-04-09,FPT,97.80,108.00,97.80,105.30,112.40,97.80,8867500,HSX,stock
2025-04-10,FPT,112.60,112.60,112.60,112.60,112.60,98.00,978800,HSX,stock
2025-04-11,FPT,117.00,118.50,114.30,118.50,120.40,104.80,9329600,HSX,stock
2025-04-14,FPT,120.00,120.00,114.00,118.50,126.70,110.30,3869000,HSX,stock
2025-04-15,FPT,116.10,117.00,113.70,116.00,126.70,110.30,3527400,HSX,stock
2025-04-16,FPT,114.50,115.90,107.90,107.90,124.10,107.90,6936500,HSX,stock
2025-04-17,FPT,105.00,111.30,104.90,109.40,115.40,100.40,4275500,HSX,stock
2025-04-18,FPT,110.50,115.00,110.50,111.60,117.00,101.80,3130700,HSX,stock
2025-04-21,FPT,112.00,112.50,110.00,111.70,119.40,103.80,1696700,HSX,stock
2025-04-22,FPT,111.00,111.20,104.00,110.40,119.50,103.90,3299900,HSX,stock
2025-04-23,FPT,111.70,111.70,107.70,110.40,118.10,102.70,2327000,HSX,stock
2025-04-24,FPT,111.50,113.70,110.60,112.00,118.10,102.70,3224600,HSX,stock
2025-04-25,FPT,112.00,112.40,110.20,112.40,119.80,104.20,3191100,HSX,stock
2025-04-28,FPT,112.00,112.40,109.20,109.50,120.20,104.60,1669200,HSX,stock
2025-04-29,FPT,109.60,110.50,109.10,109.40,117.10,101.90,1540600,HSX,stock
2025-05-05,FPT,109.50,109.70,106.90,108.60,117.00,101.80,9318400,HSX,stock
2025-05-06,FPT,108.60,111.00,108.60,109.70,,,7438700,HSX,stock
2025-05-07,FPT,109.60,111.20,108.90,109.70,117.30,102.10,14362200,HSX,stock
2025-05-08,FPT,110.40,114.60,109.00,114.30,117.30,102.10,30585700,HSX,stock
2025-05-09,FPT,114.30,116.40,113.50,116.00,122.30,106.30,27763700,HSX,stock
2025-05-12,FPT,117.00,118.70,116.70,118.30,124.10,107.90,41613600,HSX,stock
2025-05-13,FPT,120.00,120.30,118.60,119.50,126.50,110.10,78987000,HSX,stock
2025-05-14,FPT,120.00,126.30,120.00,126.30,127.80,111.20,55301400,HSX,stock
2025-05-15,FPT,126.50,126.90,123.60,125.00,135.10,117.50,28807800,HSX,stock
2025-05-16,FPT,124.50,124.70,120.90,121.00,133.70,116.30,51259000,HSX,stock
2025-05-19,FPT,118.80,120.50,116.60,118.20,129.40,112.60,70361900,HSX,stock
2025-05-20,FPT,116.80,119.30,116.80,119.20,126.40,110.00,32689400,HSX,stock
2025-05-21,FPT,120.00,120.00,117.00,118.30,127.50,110.90,13900800,HSX,stock
2025-05-22,FPT,117.10,117.60,115.60,116.80,126.50,110.10,24196900,HSX,stock
2025-05-23,FPT,116.70,117.80,116.00,117.10,124.90,108.70,12559400,HSX,stock
2025-05-26,FPT,116.70,117.80,115.00,117.30,125.20,109.00,16333000,HSX,stock
2025-05-27,FPT,117.40,119.40,117.40,119.00,125.50,109.10,16601300,HSX,stock
2025-05-28,FPT,119.20,119.40,117.50,118.40,127.30,110.70,9105800,HSX,stock
2025-05-29,FPT,119.00,119.00,117.10,117.10,126.60,110.20,22186600,HSX,stock
2025-05-30,FPT,118.00,118.20,116.50,116.50,125.20,109.00,68075200,HSX,stock
2025-06-02,FPT,116.50,117.10,115.60,116.10,124.60,108.40,6761500,HSX,stock
2025-06-03,FPT,116.70,118.00,116.30,117.40,124.20,108.00,7301800,HSX,stock
2025-06-04,FPT,118.00,118.20,116.50,117.10,125.60,109.20,10982600,HSX,stock
2025-06-05,FPT,117.10,117.30,116.50,116.80,125.20,109.00,5572100,HSX,stock
2025-06-06,FPT,116.80,116.80,115.00,115.00,124.90,108.70,66916900,HSX,stock
2025-06-09,FPT,115.50,116.90,115.00,116.20,123.00,107.00,4537100,HSX,stock
2025-06-10,FPT,117.00,117.40,115.70,115.70,124.30,108.10,16722700,HSX,stock
2025-06-11,FPT,116.10,118.20,116.10,117.90,123.70,107.70,29053400,HSX,stock
2025-06-12,FPT,117.60,117.70,116.50,117.00,125.00,108.80,47136800,HSX,stock
2025-06-13,FPT,116.00,116.50,114.90,115.40,125.10,108.90,17286800,HSX,stock
2025-06-16,FPT,115.10,119.80,115.00,119.00,123.40,107.40,34380500,HSX,stock
2025-06-17,FPT,119.00,119.30,118.20,118.80,127.30,110.70,17967700,HSX,stock
2025-06-18,FPT,118.80,119.50,116.40,117.00,127.10,110.50,29273600,HSX,stock
2025-06-19,FPT,117.00,117.10,115.70,116.00,125.10,108.90,6503800,HSX,stock
2025-06-20,FPT,116.10,116.90,115.80,116.10,124.10,107.90,13639000,HSX,stock
2025-06-23,FPT,115.50,116.30,114.50,115.90,124.20,108.00,15135300,HSX,stock
2025-06-24,FPT,116.30,117.00,116.30,116.50,124.00,107.80,9740200,HSX,stock
2025-06-25,FPT,117.00,119.40,117.00,117.10,124.60,108.40,13091500,HSX,stock
2025-06-26,FPT,118.00,118.30,116.60,117.00,125.20,109.00,10321600,HSX,stock
2025-06-27,FPT,117.00,118.30,116.90,117.30,125.10,108.90,11951300,HSX,stock
2025-06-30,FPT,117.90,119.50,117.60,118.20,125.50,109.10,22565500,HSX,stock
2025-07-01,FPT,119.00,119.50,118.20,118.80,126.40,110.00,7558900,HSX,stock
2025-07-02,FPT,118.50,118.70,117.60,118.60,127.10,110.50,9811100,HSX,stock
2025-07-03,FPT,118.50,119.80,117.80,118.00,126.90,110.30,17469800,HSX,stock
2025-07-04,FPT,118.50,123.40,118.40,122.50,126.20,109.80,31203500,HSX,stock
2025-07-07,FPT,123.30,124.70,123.00,123.80,131.00,114.00,22236400,HSX,stock
2025-07-08,FPT,124.10,125.70,124.00,124.50,132.40,115.20,18960500,HSX,stock
2025-07-09,FPT,124.80,124.90,122.30,122.80,133.20,115.80,53309500,HSX,stock
2025-07-10,FPT,123.80,125.30,123.50,123.90,131.30,114.30,14959900,HSX,stock
2025-07-11,FPT,125.00,128.00,124.60,126.60,132.50,115.30,28783900,HSX,stock
2025-07-14,FPT,127.20,127.90,125.00,127.10,135.40,117.80,14278900,HSX,stock
2025-07-15,FPT,126.60,127.80,126.00,126.00,135.90,118.30,77776700,HSX,stock
2025-07-16,FPT,126.70,127.00,125.10,126.30,134.80,117.20,9703600,HSX,stock
2025-07-17,FPT,126.70,129.10,126.00,127.00,135.10,117.50,3905600,HSX,stock
2025-07-18,FPT,128.00,128.00,126.00,126.00,135.80,118.20,60810200,HSX,stock
2025-07-21,FPT,112.40,112.40,110.30,110.30,117.20,102.00,97308800,HSX,stock
2025-07-22,FPT,110.30,112.20,108.70,112.10,118.00,102.60,3141100,HSX,stock
2025-07-23,FPT,112.30,112.80,111.30,111.80,119.90,104.30,6398200,HSX,stock
2025-07-24,FPT,112.00,112.10,110.80,111.10,119.60,104.00,9437700,HSX,stock
2025-07-25,FPT,111.10,111.50,110.50,110.70,118.80,103.40,15871800,HSX,stock
2025-07-28,FPT,110.80,111.60,110.50,111.30,118.40,103.00,14660700,HSX,stock
2025-07-29,FPT,111.30,111.60,106.00,106.00,119.00,103.60,201685400,HSX,stock
2025-07-30,FPT,107.00,108.00,105.30,106.10,113.40,98.60,36857500,HSX,stock
2025-07-31,FPT,106.10,106.90,103.80,104.00,113.50,98.70,44764300,HSX,stock
2025-08-01,FPT,103.70,107.40,101.50,107.00,111.20,96.80,69873000,HSX,stock
2025-08-04,FPT,106.50,106.60,104.80,106.60,114.40,99.60,22742600,HSX,stock
2025-08-05,FPT,107.00,108.70,105.00,105.80,114.00,99.20,17436100,HSX,stock
2025-08-06,FPT,106.00,106.20,104.50,104.90,113.20,98.40,37965700,HSX,stock
2025-08-07,FPT,105.60,107.40,104.90,106.20,112.20,97.60,32360800,HSX,stock
2025-08-08,FPT,106.50,107.40,104.80,105.60,113.60,98.80,19298500,HSX,stock
2025-08-11,FPT,105.90,109.50,105.30,106.40,112.90,98.30,14519900,HSX,stock
2025-08-12,FPT,107.40,108.20,106.60,107.50,113.80,99.00,35796200,HSX,stock
2025-08-13,FPT,107.60,107.80,104.90,105.10,115.00,100.00,86657400,HSX,stock
2025-08-14,FPT,105.80,105.80,103.70,103.80,112.40,97.80,72380200,HSX,stock
2025-08-15,FPT,103.80,104.80,101.30,101.40,111.00,96.60,71902900,HSX,stock
2025-08-18,FPT,101.40,103.00,100.00,100.50,108.40,94.40,74994600,HSX,stock
2025-08-19,FPT,100.60,101.50,100.00,100.30,107.50,93.50,29627200,HSX,stock
2025-08-20,FPT,100.10,100.30,97.50,97.70,107.30,93.30,90740900,HSX,stock
2025-08-21,FPT,97.70,102.90,97.70,101.70,104.50,90.90,83848300,HSX,stock
2025-08-22,FPT,101.60,101.60,98.80,99.00,108.80,94.60,33437100,HSX,stock
2025-08-25,FPT,102.00,102.00,98.80,98.80,105.90,92.10,56421800,HSX,stock
2025-08-26,FPT,98.80,100.00,97.90,100.00,105.70,91.90,65694200,HSX,stock
2025-08-27,FPT,101.40,105.10,101.20,105.00,107.00,93.00,40534900,HSX,stock
2025-08-28,FPT,105.10,105.10,102.80,104.50,112.30,97.70,30078000,HSX,stock
2025-08-29,FPT,105.00,105.00,101.60,101.60,111.80,97.20,271947300,HSX,stock
2025-09-03,FPT,102.00,103.30,100.00,103.20,108.70,94.50,28827600,HSX,stock
2025-09-04,FPT,103.30,105.50,103.20,105.00,110.40,96.00,28465600,HSX,stock
2025-09-05,FPT,105.20,105.50,103.40,103.40,112.30,97.70,92206900,HSX,stock
2025-09-08,FPT,103.00,103.90,101.90,101.90,110.60,96.20,90073900,HSX,stock
2025-09-09,FPT,102.00,103.00,101.00,102.10,109.00,94.80,9018100,HSX,stock
2025-09-10,FPT,102.10,102.90,101.10,101.20,109.20,95.00,20763200,HSX,stock
2025-09-11,FPT,101.20,102.90,100.50,102.00,108.20,94.20,11072100,HSX,stock
2025-09-12,FPT,102.00,102.90,101.10,101.60,109.10,94.90,15191300,HSX,stock
2025-09-15,FPT,101.90,103.50,101.50,101.90,108.70,94.50,35542300,HSX,stock
2025-09-16,FPT,102.70,104.80,102.00,103.50,109.00,94.80,36245300,HSX,stock
2025-09-17,FPT,104.00,107.80,104.00,105.50,110.70,96.30,58838700,HSX,stock
2025-09-18,FPT,106.00,106.30,103.00,103.00,112.80,98.20,247265100,HSX,stock
2025-09-19,FPT,103.80,103.80,100.50,103.00,110.20,95.80,792223500,HSX,stock
2025-09-22,FPT,102.50,102.70,99.60,99.70,110.20,95.80,47636000,HSX,stock
2025-09-23,FPT,100.00,100.00,97.50,98.00,106.60,92.80,26657500,HSX,stock
2025-09-24,FPT,98.10,99.50,97.40,99.50,104.80,91.20,26999000,HSX,stock
2025-09-25,FPT,99.50,99.50,97.90,98.00,106.40,92.60,41563600,HSX,stock
2025-09-26,FPT,98.20,99.30,97.40,97.50,104.80,91.20,42976000,HSX,stock
2025-09-29,FPT,97.80,97.80,95.50,95.50,104.30,90.70,101264700,HSX,stock
2025-09-30,FPT,95.50,95.80,92.80,93.00,102.10,88.90,32460400,HSX,stock
2025-10-01,FPT,93.20,94.50,91.40,93.40,99.50,86.50,16081200,HSX,stock
2025-10-02,FPT,92.90,93.40,92.00,92.10,99.90,86.90,20868000,HSX,stock
2025-10-03,FPT,92.20,94.00,92.10,93.40,98.50,85.70,24856300,HSX,stock
2025-10-06,FPT,94.30,95.90,93.50,95.50,99.90,86.90,14446500,HSX,stock
2025-10-07,FPT,96.00,96.30,95.20,95.50,102.10,88.90,15912700,HSX,stock
2025-10-08,FPT,95.50,96.90,94.50,94.50,102.10,88.90,36774000,HSX,stock
2025-10-09,FPT,95.00,95.00,93.50,94.20,101.10,87.90,17109700,HSX,stock
2025-10-10,FPT,94.20,96.50,93.80,96.10,100.70,87.70,26604900,HSX,stock
2025-10-13,FPT,94.90,94.90,93.70,94.00,102.80,89.40,52642400,HSX,stock
2025-10-14,FPT,94.10,94.50,92.40,92.40,100.50,87.50,82517100,HSX,stock
2025-10-15,FPT,92.60,93.10,89.50,89.60,98.80,86.00,90882700,HSX,stock
2025-10-16,FPT,89.80,91.50,89.60,89.80,95.80,83.40,25794000,HSX,stock
2025-10-17,FPT,90.10,91.50,88.10,88.10,96.00,83.60,107073500,HSX,stock
2025-10-20,FPT,88.30,91.80,87.00,87.00,94.20,82.00,226830100,HSX,stock
2025-10-21,FPT,89.00,93.00,88.50,93.00,93.00,81.00,20212100,HSX,stock
2025-10-22,FPT,95.20,99.00,95.00,97.00,99.50,86.50,101362400,HSX,stock
2025-10-23,FPT,97.20,97.30,94.00,95.00,103.70,90.30,72900700,HSX,stock
2025-10-24,FPT,95.00,97.70,94.70,97.70,101.60,88.40,125057500,HSX,stock
2025-10-27,FPT,99.00,99.70,96.30,98.00,104.50,90.90,43117700,HSX,stock
2025-10-28,FPT,98.60,102.20,98.60,102.20,104.80,91.20,120398000,HSX,stock
2025-10-29,FPT,102.40,103.20,101.10,101.70,109.30,95.10,27283800,HSX,stock
2025-10-30,FPT,102.10,103.50,101.60,102.70,108.80,94.60,22983200,HSX,stock
2025-10-31,FPT,102.60,103.90,101.00,103.90,109.80,95.60,243603300,HSX,stock
2025-11-03,FPT,103.80,106.30,103.50,105.00,111.10,96.70,93873100,HSX,stock
2025-11-04,FPT,104.10,104.70,101.70,103.30,112.30,97.70,37457400,HSX,stock
2025-11-05,FPT,101.80,102.00,99.60,100.90,110.50,96.10,44382800,HSX,stock
2025-11-06,FPT,100.90,102.00,99.40,100.20,107.90,93.90,13364200,HSX,stock
2025-11-07,FPT,99.50,101.80,99.50,101.00,107.20,93.20,35250100,HSX,stock
2025-11-10,FPT,101.20,101.20,96.20,96.20,108.00,94.00,404592400,HSX,stock
2025-11-11,FPT,96.80,97.90,96.10,96.10,102.90,89.50,38624000,HSX,stock
2025-11-12,FPT,96.50,100.60,96.50,100.60,102.80,89.40,21022400,HSX,stock
2025-11-13,FPT,100.60,100.70,98.70,98.90,107.60,93.60,12379400,HSX,stock
2025-11-14,FPT,98.90,100.90,98.20,100.00,105.80,92.00,11894200,HSX,stock
2025-11-17,FPT,100.60,101.80,100.60,101.00,107.00,93.00,10645200,HSX,stock
2025-11-18,FPT,101.00,101.10,98.80,100.00,108.00,94.00,10090800,HSX,stock
2025-11-19,FPT,99.50,99.50,98.00,98.00,107.00,93.00,44047700,HSX,stock
2025-11-20,FPT,98.60,99.70,98.10,99.00,104.80,91.20,20385900,HSX,stock
2025-11-21,FPT,98.00,101.20,97.80,100.80,105.90,92.10,25800400,HSX,stock
2025-11-24,FPT,100.70,101.10,99.60,100.20,107.80,93.80,8718400,HSX,stock
2025-11-25,FPT,99.70,100.30,99.00,99.70,107.20,93.20,25918900,HSX,stock
2025-11-26,FPT,99.80,100.20,98.90,99.00,106.60,92.80,18876100,HSX,stock
2025-11-27,FPT,99.20,99.80,98.10,99.50,105.90,92.10,16546900,HSX,stock
2025-11-28,FPT,99.10,99.40,97.10,97.10,106.40,92.60,90618500,HSX,stock
2025-12-01,FPT,96.90,97.70,96.10,96.60,102.80,89.40,21457100,HSX,stock
2025-12-02,FPT,96.80,97.30,95.40,96.60,103.30,89.90,9868500,HSX,stock
2025-12-03,FPT,97.00,97.00,96.00,96.60,103.30,89.90,11341200,HSX,stock
2025-12-04,FPT,96.60,98.50,96.60,97.50,103.30,89.90,8882300,HSX,stock
2025-12-05,FPT,97.50,97.50,96.10,96.20,104.30,90.70,22382000,HSX,stock
2025-12-08,FPT,96.60,97.30,95.50,95.50,102.90,89.50,23656500,HSX,stock
2025-12-09,FPT,95.50,97.00,94.40,96.90,102.10,88.90,21871900,HSX,stock
2025-12-10,FPT,97.10,97.10,95.60,95.60,103.60,90.20,15140700,HSX,stock
2025-12-11,FPT,95.90,96.60,95.60,96.00,102.20,89.00,10552900,HSX,stock
2025-12-12,FPT,96.00,96.00,93.50,93.70,102.70,89.30,85488500,HSX,stock
2025-12-15,FPT,93.90,94.40,93.50,93.80,100.20,87.20,9515200,HSX,stock
2025-12-16,FPT,93.90,95.40,92.00,94.90,100.30,87.30,10716900,HSX,stock
2025-12-17,FPT,94.40,96.30,94.40,95.90,101.50,88.30,12528800,HSX,stock
2025-12-18,FPT,95.50,95.60,93.90,94.40,102.60,89.20,9557400,HSX,stock
2025-12-19,FPT,94.00,95.00,93.60,93.90,101.00,87.80,23931100,HSX,stock
2025-12-22,FPT,94.10,94.30,93.50,93.70,100.40,87.40,21819700,HSX,stock
2025-12-23,FPT,94.00,95.90,93.60,94.00,100.20,87.20,9480300,HSX,stock
2025-12-24,FPT,94.10,94.20,93.10,93.60,100.50,87.50,14441200,HSX,stock
2025-12-25,FPT,93.60,94.80,93.00,93.00,100.10,87.10,45766500,HSX,stock
2025-12-26,FPT,92.70,93.00,91.00,92.50,99.50,86.50,9978300,HSX,stock
2025-12-29,FPT,92.50,94.90,92.50,94.30,98.90,86.10,11759500,HSX,stock
2025-12-30,FPT,94.50,96.60,94.30,96.50,100.90,87.70,9355600,HSX,stock
2025-12-31,FPT,96.80,97.00,95.20,95.80,103.20,89.80,38228700,HSX,stock
2026-01-05,FPT,95.70,95.70,93.20,95.00,102.50,89.10,14071700,HSX,stock
2026-01-06,FPT,94.70,94.80,93.60,94.00,101.60,88.40,11897500,HSX,stock
2026-01-07,FPT,94.10,97.60,94.00,97.50,100.50,87.50,35176700,HSX,stock
2026-01-08,FPT,98.10,98.10,96.50,96.50,104.30,90.70,18505300,HSX,stock
2026-01-09,FPT,96.10,99.90,96.00,97.40,103.20,89.80,24040400,HSX,stock
2026-01-12,FPT,98.00,99.50,98.00,99.50,104.20,90.60,108962700,HSX,stock
2026-01-13,FPT,99.70,101.70,97.90,98.90,106.40,92.60,32595800,HSX,stock
2026-01-14,FPT,99.00,101.10,97.80,99.80,105.80,92.00,40628800,HSX,stock
2026-01-15,FPT,99.80,101.70,98.40,98.50,106.70,92.90,11886200,HSX,stock
2026-01-16,FPT,99.50,105.30,99.50,105.30,105.30,91.70,19675200,HSX,stock
2026-01-19,FPT,108.70,108.70,105.50,105.80,112.60,98.00,220049200,HSX,stock
2026-01-20,FPT,106.10,107.00,104.00,104.10,113.20,98.40,88106700,HSX,stock
2026-01-21,FPT,103.20,106.50,101.10,105.00,111.30,96.90,34842600,HSX,stock
2026-01-22,FPT,105.50,105.80,103.50,103.50,112.30,97.70,33539800,HSX,stock
2026-01-23,FPT,103.60,104.60,101.00,101.00,110.70,96.30,174270900,HSX,stock
2026-01-26,FPT,100.20,101.60,98.00,98.50,108.00,94.00,32840600,HSX,stock
2026-01-27,FPT,99.60,102.50,99.10,102.10,105.30,91.70,29370900,HSX,stock
2026-01-28,FPT,102.40,105.80,102.30,104.50,109.20,95.00,23358100,HSX,stock
2026-01-29,FPT,105.00,107.20,103.70,106.10,111.80,97.20,59722300,HSX,stock
2026-01-30,FPT,106.40,106.40,103.90,104.50,113.50,98.70,948630000,HSX,stock
2026-02-02,FPT,103.30,104.30,101.60,104.30,111.80,97.20,42062000,HSX,stock
2026-02-03,FPT,104.90,105.40,102.90,103.90,111.60,97.00,35254200,HSX,stock
2026-02-04,FPT,103.10,103.50,101.50,101.90,111.10,96.70,48641700,HSX,stock
2026-02-05,FPT,101.20,101.90,99.00,99.00,109.00,94.80,291475300,HSX,stock
2026-02-06,FPT,98.00,100.00,96.70,97.60,105.90,92.10,114806800,HSX,stock
2026-02-09,FPT,98.80,99.40,97.90,99.00,104.40,90.80,27717900,HSX,stock
2026-02-10,FPT,99.90,99.90,97.30,97.80,105.90,92.10,46054200,HSX,stock
2026-02-11,FPT,98.20,99.50,97.40,98.60,104.60,91.00,27863700,HSX,stock
2026-02-12,FPT,99.00,99.20,98.40,98.80,105.50,91.70,16253300,HSX,stock
2026-02-13,FPT,98.10,98.50,96.30,96.30,105.70,91.90,756364400,HSX,stock
2026-02-23,FPT,96.80,96.80,93.10,94.50,103.00,89.60,105680200,HSX,stock
2026-02-24,FPT,94.00,94.00,92.50,92.50,101.10,87.90,193435100,HSX,stock
2026-02-25,FPT,92.20,92.50,89.00,89.10,98.90,86.10,251455300,HSX,stock
2026-02-26,FPT,90.00,92.20,89.90,90.50,95.30,82.90,107524700,HSX,stock
2026-02-27,FPT,91.00,93.50,90.30,92.90,96.80,84.20,220666400,HSX,stock
2026-03-02,FPT,90.10,91.50,89.30,89.60,99.40,86.40,462902800,HSX,stock
2026-03-03,FPT,90.10,90.90,87.00,87.00,95.80,83.40,155973000,HSX,stock
2026-03-04,FPT,86.90,87.00,84.20,85.10,93.00,81.00,82769400,HSX,stock
2026-03-05,FPT,86.50,86.80,84.40,84.40,91.00,79.20,139240200,HSX,stock
2026-03-06,FPT,84.40,84.60,81.50,81.60,90.30,78.50,263767100,HSX,stock
2026-03-09,FPT,76.00,76.70,75.90,75.90,87.30,75.90,541829400,HSX,stock
2026-03-10,FPT,76.40,79.60,76.40,79.50,81.20,70.60,251698000,HSX,stock
2026-03-11,FPT,80.00,81.00,78.30,80.20,85.00,74.00,56916500,HSX,stock
2026-03-12,FPT,78.80,79.20,77.50,77.70,85.80,74.60,53849800,HSX,stock
2026-03-13,FPT,77.10,78.50,76.30,77.00,83.10,72.30,54180200,HSX,stock
2026-03-16,FPT,77.10,79.30,77.10,78.20,82.30,71.70,24808000,HSX,stock
2026-03-17,FPT,79.40,81.30,79.10,79.40,83.60,72.80,30104000,HSX,stock
2026-03-18,FPT,80.00,80.20,78.10,78.60,84.90,73.90,31252600,HSX,stock
2026-03-19,FPT,77.70,77.80,76.60,76.80,84.10,73.10,68352500,HSX,stock
2026-03-20,FPT,76.50,76.50,73.60,74.60,82.10,71.50,286864400,HSX,stock
2026-03-23,FPT,73.70,76.10,71.60,73.10,79.80,69.40,73978300,HSX,stock
2026-03-24,FPT,75.50,75.90,74.10,75.40,78.20,68.00,41719900,HSX,stock
2026-03-25,FPT,76.20,77.00,75.60,77.00,80.60,70.20,37440100,HSX,stock
2026-03-26,FPT,77.00,77.00,74.20,74.20,82.30,71.70,39614500,HSX,stock
2026-03-27,FPT,74.50,76.30,74.00,76.10,79.30,69.10,112065300,HSX,stock
2026-03-30,FPT,74.40,75.20,73.50,74.00,81.40,70.80,34831100,HSX,stock
2026-03-31,FPT,74.90,75.50,74.40,74.70,79.10,68.90,18464900,HSX,stock
2026-04-01,FPT,75.90,76.30,75.00,75.30,79.90,69.50,50494200,HSX,stock
2026-04-02,FPT,75.20,75.20,74.20,74.70,80.50,70.10,13543800,HSX,stock
2026-04-03,FPT,74.70,75.50,73.90,74.00,79.90,69.50,30920200,HSX,stock
2026-04-06,FPT,74.00,74.50,73.50,73.90,79.10,68.90,14206700,HSX,stock
2026-04-07,FPT,74.50,74.50,73.80,74.00,79.00,68.80,11428500,HSX,stock
2026-04-08,FPT,76.00,79.10,75.10,79.10,79.10,68.90,46296200,HSX,stock
2026-04-09,FPT,79.10,79.20,78.10,78.30,84.60,73.60,43788400,HSX,stock
2026-04-10,FPT,78.60,79.00,77.30,77.70,83.70,72.90,22775700,HSX,stock
2026-04-13,FPT,76.90,77.00,75.90,76.00,83.10,72.30,41775900,HSX,stock
2026-04-14,FPT,77.00,77.20,76.00,76.20,81.30,70.70,22693200,HSX,stock
2026-04-15,FPT,76.90,77.00,75.00,75.10,81.50,70.90,44403900,HSX,stock
2026-04-16,FPT,75.60,75.60,74.00,74.10,80.30,69.90,34900400,HSX,stock
2026-04-17,FPT,75.00,78.00,74.90,76.00,79.20,69.00,38076200,HSX,stock
2026-04-20,FPT,76.30,77.00,76.10,76.90,81.30,70.70,34197300,HSX,stock
2026-04-21,FPT,77.00,77.40,75.10,75.10,82.20,71.60,30889800,HSX,stock
2026-04-22,FPT,75.50,75.50,74.10,74.60,80.30,69.90,21882600,HSX,stock
2026-04-23,FPT,75.00,76.00,74.10,74.30,79.80,69.40,20106800,HSX,stock
2026-04-24,FPT,74.00,74.10,73.20,73.40,79.50,69.10,64388000,HSX,stock
2026-04-28,FPT,73.40,74.40,72.90,74.40,78.50,68.30,48424000,HSX,stock
2026-04-29,FPT,73.40,75.50,73.40,75.50,79.60,69.20,88804400,HSX,stock
2026-05-04,FPT,74.90,75.10,73.60,73.70,80.70,70.30,98424400,HSX,stock
2026-05-05,FPT,73.70,74.50,72.80,74.30,78.80,68.60,27780400,HSX,stock
2026-05-06,FPT,74.20,74.20,73.00,73.30,79.50,69.10,55748900,HSX,stock
2026-05-07,FPT,73.90,74.30,73.00,73.00,78.40,68.20,37584100,HSX,stock
2026-05-08,FPT,73.20,73.30,71.90,71.90,78.10,67.90,201139800,HSX,stock
2026-05-11,FPT,71.70,71.70,70.00,70.00,76.90,66.90,420990200,HSX,stock
2026-05-12,FPT,70.10,71.50,70.00,70.60,74.90,65.10,34169600,HSX,stock
2026-05-13,FPT,70.60,71.50,70.00,70.70,75.50,65.70,21982200,HSX,stock
2026-05-14,FPT,71.10,75.30,71.00,73.90,75.60,65.80,125106700,HSX,stock
2026-05-15,FPT,74.20,74.20,72.70,72.90,79.00,68.80,35002600,HSX,stock
2026-05-18,FPT,72.90,75.30,72.00,74.90,78.00,67.80,127451300,HSX,stock
2026-05-19,FPT,75.00,75.80,74.30,74.50,80.10,69.70,37393100,HSX,stock
2026-05-20,FPT,74.80,78.50,72.80,77.70,79.70,69.30,233696100,HSX,stock
2026-05-21,FPT,77.70,77.90,75.70,76.50,83.10,72.30,49637600,HSX,stock
2026-05-22,FPT,76.80,77.60,75.10,75.10,81.80,71.20,68850400,HSX,stock
2026-05-25,FPT,74.60,75.60,73.50,73.50,80.30,69.90,46528900,HSX,stock
2026-05-26,FPT,73.60,74.60,73.60,74.50,78.60,68.40,13829600,HSX,stock
2026-05-27,FPT,74.50,75.30,73.10,73.60,79.70,69.30,27633200,HSX,stock
2026-05-28,FPT,72.80,73.10,71.20,71.20,77.60,67.60,78643700,HSX,stock
2026-05-29,FPT,71.20,72.50,70.80,71.60,76.10,66.30,24480500,HSX,stock
2026-06-01,FPT,72.20,73.40,72.10,72.90,76.60,66.60,14458400,HSX,stock
2026-06-02,FPT,73.00,75.60,73.00,74.80,78.00,67.80,32757400,HSX,stock
2026-06-03,FPT,75.10,77.70,75.00,76.50,80.00,69.60,153156700,HSX,stock
2026-06-04,FPT,76.70,77.20,75.80,76.10,81.80,71.20,28776000,HSX,stock
2026-06-05,FPT,76.00,76.00,74.30,75.00,81.40,70.80,27175900,HSX,stock
2026-06-08,FPT,73.70,74.50,72.80,72.90,80.20,69.80,69858500,HSX,stock
2026-06-09,FPT,73.40,74.20,72.60,73.70,78.00,67.80,19156800,HSX,stock
2026-06-10,FPT,73.50,74.50,73.50,74.20,78.80,68.60,12081500,HSX,stock
2026-06-11,FPT,73.90,73.90,73.10,73.10,79.30,69.10,48086400,HSX,stock
2026-06-12,FPT,73.60,74.30,73.50,73.50,78.20,68.00,16829000,HSX,stock
2026-06-15,FPT,74.40,75.20,73.50,73.60,78.60,68.40,18364100,HSX,stock
2026-06-16,FPT,73.70,74.20,73.10,73.20,78.70,68.50,21853100,HSX,stock
2026-06-17,FPT,73.30,73.40,72.20,72.30,78.30,68.10,42462700,HSX,stock
2026-06-18,FPT,72.30,72.30,71.50,71.60,77.30,67.30,36284300,HSX,stock
2026-06-19,FPT,71.60,71.80,70.80,71.50,76.60,66.60,150489700,HSX,stock
2026-06-22,FPT,71.50,71.70,70.30,70.60,76.50,66.50,24053800,HSX,stock
2026-06-23,FPT,70.90,71.80,70.70,70.80,75.50,65.70,31942700,HSX,stock
2026-06-24,FPT,71.00,71.20,70.10,70.80,75.70,65.90,16245600,HSX,stock
2026-06-25,FPT,71.00,71.70,70.80,71.00,75.70,65.90,24802600,HSX,stock
2026-06-26,FPT,71.30,71.30,70.30,70.80,75.90,66.10,23305300,HSX,stock
2026-06-29,FPT,70.70,70.80,70.20,70.40,75.70,65.90,19837400,HSX,stock
2026-06-30,FPT,70.50,70.80,70.20,70.20,75.30,65.50,39577100,HSX,stock
2026-07-01,FPT,70.40,73.20,70.30,72.90,75.10,65.30,26778100,HSX,stock
2026-07-02,FPT,72.90,73.30,72.50,72.50,78.00,67.80,10452000,HSX,stock
2026-07-03,FPT,72.50,73.10,71.70,72.30,77.50,67.50,13958900,HSX,stock
2026-07-06,FPT,72.40,74.00,71.90,73.00,77.30,67.30,44091800,HSX,stock
2026-07-07,FPT,73.00,73.70,72.50,73.20,78.10,67.90,5912100,HSX,stock
2026-07-08,FPT,72.40,72.80,71.50,72.10,78.30,68.10,26736500,HSX,stock
2026-07-09,FPT,71.80,73.00,71.70,72.10,77.10,67.10,27218000,HSX,stock
2026-07-10,FPT,72.00,72.30,70.60,70.60,77.10,67.10,153064200,HSX,stock
2026-07-13,FPT,70.30,71.30,70.20,70.50,75.50,65.70,18342600,HSX,stock
2026-07-14,FPT,70.30,70.90,70.00,70.30,75.40,65.60,16655100,HSX,stock
2026-07-15,FPT,70.40,70.40,66.80,66.80,75.20,65.40,332359700,HSX,stock
2026-07-16,FPT,66.70,68.00,64.70,68.00,71.40,62.20,48982500,HSX,stock
2022-01-04,HPG,46.80,47.20,46.60,46.75,49.60,43.20,8424600,HSX,stock
2022-01-05,HPG,46.90,47.35,46.80,46.80,50.00,43.50,8681400,HSX,stock
2022-01-06,HPG,46.50,46.70,46.10,46.10,50.00,43.55,8014800,HSX,stock
2022-01-07,HPG,46.10,46.20,45.65,45.80,49.30,42.90,7534300,HSX,stock
2022-01-10,HPG,45.85,46.65,45.50,45.65,49.00,42.60,6408900,HSX,stock
2022-01-11,HPG,46.05,46.05,45.10,45.10,48.80,42.50,6027100,HSX,stock
2022-01-12,HPG,45.20,46.25,45.15,46.20,48.25,41.95,6388900,HSX,stock
2022-01-13,HPG,46.30,47.30,46.20,46.70,49.40,43.00,10042500,HSX,stock
2022-01-14,HPG,46.50,46.85,46.20,46.25,49.95,43.45,3672000,HSX,stock
2022-01-17,HPG,46.25,46.50,44.70,44.70,49.45,43.05,9087600,HSX,stock
2022-01-18,HPG,44.50,45.25,43.00,44.00,47.80,41.60,8872800,HSX,stock
2022-01-19,HPG,44.40,44.55,43.45,43.50,47.05,40.95,8992400,HSX,stock
2022-01-20,HPG,43.80,44.20,43.30,44.00,46.50,40.50,6903900,HSX,stock
2022-01-21,HPG,44.00,44.45,43.10,43.30,47.05,40.95,6710200,HSX,stock
2022-01-24,HPG,43.10,43.20,40.70,40.70,46.30,40.30,12293400,HSX,stock
2022-01-25,HPG,40.50,43.30,40.20,43.25,43.50,37.90,8196900,HSX,stock
2022-01-26,HPG,43.50,44.45,43.45,43.45,46.25,40.25,7301100,HSX,stock
2022-01-27,HPG,43.20,43.50,42.00,42.15,46.45,40.45,6537600,HSX,stock
2022-01-28,HPG,42.25,42.80,41.70,42.20,45.10,39.20,6834900,HSX,stock
2022-02-07,HPG,42.80,43.70,41.80,43.05,45.15,39.25,6067600,HSX,stock
2022-02-08,HPG,43.00,45.55,43.00,45.55,46.05,40.05,9646100,HSX,stock
2022-02-09,HPG,45.80,48.30,45.70,47.30,48.70,42.40,14779800,HSX,stock
2022-02-10,HPG,47.40,47.90,46.70,47.00,50.60,44.00,9224000,HSX,stock
2022-02-11,HPG,46.60,47.50,46.30,47.15,50.20,43.75,6980200,HSX,stock
2022-02-14,HPG,46.50,47.50,46.15,46.20,50.40,43.85,8908700,HSX,stock
2022-02-15,HPG,46.20,46.55,45.40,46.00,49.40,43.00,6288500,HSX,stock
2022-02-16,HPG,46.10,46.50,45.60,46.00,49.20,42.80,4683100,HSX,stock
2022-02-17,HPG,46.00,46.75,46.00,46.50,49.20,42.80,5941900,HSX,stock
2022-02-18,HPG,46.20,47.65,46.05,47.05,49.75,43.25,8437200,HSX,stock
2022-02-21,HPG,47.10,47.50,46.55,46.65,50.30,43.80,5301800,HSX,stock
2022-02-22,HPG,46.30,46.60,45.70,46.40,49.90,43.40,7588300,HSX,stock
2022-02-23,HPG,46.65,47.20,46.25,46.70,49.60,43.20,5246000,HSX,stock
2022-02-24,HPG,46.75,46.85,45.10,46.00,49.95,43.45,9172500,HSX,stock
2022-02-25,HPG,46.10,46.35,45.90,45.90,49.20,42.80,5461400,HSX,stock
2022-02-28,HPG,46.05,47.80,46.05,47.20,49.10,42.70,12684400,HSX,stock
2022-03-01,HPG,47.70,48.10,46.85,46.90,50.50,43.90,10229300,HSX,stock
2022-03-02,HPG,47.00,47.35,46.60,46.90,50.10,43.65,9140300,HSX,stock
2022-03-03,HPG,47.60,50.10,47.30,50.10,50.10,43.65,26698400,HSX,stock
2022-03-04,HPG,51.00,51.30,49.80,49.80,53.60,46.60,14104300,HSX,stock
2022-03-07,HPG,50.20,52.50,50.00,51.10,53.20,46.35,15204500,HSX,stock
2022-03-08,HPG,50.60,51.20,49.45,49.45,54.60,47.55,16496500,HSX,stock
2022-03-09,HPG,50.00,50.30,48.85,49.85,52.90,46.00,15540100,HSX,stock
2022-03-10,HPG,50.00,50.10,49.10,49.15,53.30,46.40,11255600,HSX,stock
2022-03-11,HPG,49.20,49.30,46.85,47.60,52.50,45.75,14414700,HSX,stock
2022-03-14,HPG,47.30,48.20,45.80,45.80,50.90,44.30,16957400,HSX,stock
2022-03-15,HPG,45.95,46.70,45.45,46.15,49.00,42.60,8817000,HSX,stock
2022-03-16,HPG,46.90,47.15,46.20,46.20,49.35,42.95,5651000,HSX,stock
2022-03-17,HPG,46.60,46.70,45.90,45.95,49.40,43.00,6070700,HSX,stock
2022-03-18,HPG,46.20,46.85,46.05,46.50,49.15,42.75,9437300,HSX,stock
2022-03-21,HPG,46.70,47.20,46.40,46.85,49.75,43.25,8124600,HSX,stock
2022-03-22,HPG,46.90,46.95,46.30,46.90,50.10,43.60,9736000,HSX,stock
2022-03-23,HPG,47.20,47.45,46.80,46.80,50.10,43.65,8192900,HSX,stock
2022-03-24,HPG,47.00,47.00,46.35,46.40,50.00,43.55,6669300,HSX,stock
2022-03-25,HPG,46.55,46.95,46.20,46.40,49.60,43.20,5582100,HSX,stock
2022-03-28,HPG,46.10,46.85,45.80,45.90,49.60,43.20,8215200,HSX,stock
2022-03-29,HPG,46.20,46.25,45.80,45.85,49.10,42.70,5051400,HSX,stock
2022-03-30,HPG,45.80,46.40,45.40,45.50,49.05,42.65,6472800,HSX,stock
2022-03-31,HPG,45.65,45.95,44.80,45.10,48.65,42.35,7750300,HSX,stock
2022-04-01,HPG,45.00,46.00,44.50,45.70,48.25,41.95,8961400,HSX,stock
2022-04-04,HPG,46.00,46.30,45.75,45.85,,,5619600,HSX,stock
2022-04-05,HPG,46.00,46.40,45.95,46.10,49.05,42.65,5259100,HSX,stock
2022-04-06,HPG,46.00,47.95,46.00,47.25,49.30,42.90,11369600,HSX,stock
2022-04-07,HPG,47.50,47.60,46.55,46.55,50.50,43.95,6448700,HSX,stock
2022-04-08,HPG,46.75,47.05,46.35,46.40,49.80,43.30,6307000,HSX,stock
2022-04-12,HPG,46.50,46.50,45.05,45.10,49.60,43.20,7530800,HSX,stock
2022-04-13,HPG,45.30,45.45,44.70,45.20,48.25,41.95,5383800,HSX,stock
2022-04-14,HPG,45.30,45.55,44.90,44.90,48.35,42.05,6547800,HSX,stock
2022-04-15,HPG,44.90,45.00,44.15,44.20,48.00,41.80,8641200,HSX,stock
2022-04-18,HPG,44.05,44.55,42.65,42.65,47.25,41.15,10317000,HSX,stock
2022-04-19,HPG,43.00,43.90,42.90,43.30,45.60,39.70,9003200,HSX,stock
2022-04-20,HPG,43.50,44.00,43.10,43.20,46.30,40.30,6914300,HSX,stock
2022-04-21,HPG,43.00,44.10,42.10,43.35,46.20,40.20,9548700,HSX,stock
2022-04-22,HPG,44.00,44.05,42.35,43.80,46.35,40.35,5997500,HSX,stock
2022-04-25,HPG,43.80,43.80,40.75,40.75,46.85,40.75,13282600,HSX,stock
2022-04-26,HPG,40.15,41.40,39.60,41.20,43.60,37.90,11005700,HSX,stock
2022-04-27,HPG,41.20,42.90,41.10,42.50,44.05,38.35,9086000,HSX,stock
2022-04-28,HPG,42.50,43.45,42.50,43.10,45.45,39.55,6140700,HSX,stock
2022-04-29,HPG,42.90,43.40,42.85,43.30,46.10,40.10,5867600,HSX,stock
2022-05-04,HPG,43.30,43.30,42.00,42.00,46.30,40.30,6556300,HSX,stock
2022-05-05,HPG,42.60,42.60,41.50,42.05,44.90,39.10,6511700,HSX,stock
2022-05-06,HPG,41.40,43.00,41.40,41.80,44.95,39.15,7462500,HSX,stock
2022-05-09,HPG,41.50,41.90,39.95,39.95,44.70,38.90,13107500,HSX,stock
2022-05-10,HPG,39.50,41.10,38.70,41.10,42.70,37.20,10165800,HSX,stock
2022-05-11,HPG,41.00,41.30,40.55,40.65,43.95,38.25,4389100,HSX,stock
2022-05-12,HPG,40.60,40.65,38.25,38.25,43.45,37.85,12265500,HSX,stock
2022-05-13,HPG,38.15,38.55,35.75,35.90,40.90,35.60,20629100,HSX,stock
2022-05-16,HPG,37.05,37.50,36.30,36.30,38.40,33.40,15632100,HSX,stock
2022-05-17,HPG,36.20,38.20,36.00,38.20,38.80,33.80,10260000,HSX,stock
2022-05-18,HPG,38.40,38.70,37.85,38.20,40.85,35.55,7459300,HSX,stock
2022-05-19,HPG,37.30,38.10,36.85,37.90,40.85,35.55,7306100,HSX,stock
2022-05-20,HPG,37.70,37.80,37.25,37.65,40.55,35.25,7229800,HSX,stock
2022-05-23,HPG,37.95,38.20,36.30,36.75,40.25,35.05,5163400,HSX,stock
2022-05-24,HPG,36.75,37.00,34.20,34.90,39.30,34.20,15865000,HSX,stock
2022-05-25,HPG,34.50,34.95,33.05,34.45,37.30,32.50,15411800,HSX,stock
2022-05-26,HPG,35.00,35.60,34.55,35.00,36.85,32.05,6966100,HSX,stock
2022-05-27,HPG,35.00,35.90,34.80,35.45,37.45,32.55,7230100,HSX,stock
2022-05-30,HPG,35.50,35.85,35.30,35.45,37.90,33.00,6540600,HSX,stock
2022-05-31,HPG,35.35,35.35,34.50,34.70,37.90,33.00,8069900,HSX,stock
2022-06-01,HPG,34.50,34.80,33.80,34.35,37.10,32.30,8987800,HSX,stock
2022-06-02,HPG,34.00,34.30,33.05,33.15,,,5833800,HSX,stock
2022-06-03,HPG,33.30,34.00,33.25,33.40,35.45,30.85,6616400,HSX,stock
2022-06-06,HPG,34.15,34.25,33.10,33.30,35.70,31.10,8003000,HSX,stock
2022-06-07,HPG,33.30,33.55,32.65,33.20,35.60,31.00,8702200,HSX,stock
2022-06-08,HPG,33.30,33.45,32.75,32.90,35.50,30.90,11661300,HSX,stock
2022-06-09,HPG,32.90,34.55,32.75,33.80,35.20,30.60,10782300,HSX,stock
2022-06-10,HPG,33.80,34.25,33.60,33.60,36.15,31.45,7451100,HSX,stock
2022-06-13,HPG,33.00,33.50,31.70,31.80,35.95,31.25,8699200,HSX,stock
2022-06-14,HPG,31.50,31.55,30.20,30.30,34.00,29.60,12426200,HSX,stock
2022-06-15,HPG,30.10,30.90,28.85,29.40,32.40,28.20,12558600,HSX,stock
2022-06-16,HPG,30.15,31.35,29.90,31.00,31.45,27.35,19017300,HSX,stock
2022-06-17,HPG,23.45,23.50,21.95,23.20,25.05,21.85,15346900,HSX,stock
2022-06-20,HPG,22.75,23.00,21.60,21.60,24.80,21.60,16240500,HSX,stock
2022-06-21,HPG,21.35,21.50,20.50,20.80,23.10,20.10,18164700,HSX,stock
2022-06-22,HPG,20.85,22.00,20.85,21.50,22.25,19.35,9794400,HSX,stock
2022-06-23,HPG,21.50,21.85,21.50,21.80,23.00,20.00,3755100,HSX,stock
2022-06-24,HPG,21.85,22.50,21.70,21.80,23.30,20.30,5788900,HSX,stock
2022-06-27,HPG,22.00,22.90,21.35,22.90,23.30,20.30,8706000,HSX,stock
2022-06-28,HPG,22.85,22.85,22.25,22.50,24.50,21.30,7768000,HSX,stock
2022-06-29,HPG,22.30,23.15,22.10,22.75,24.05,20.95,9480900,HSX,stock
2022-06-30,HPG,22.90,23.40,22.30,22.30,24.30,21.20,8911300,HSX,stock
2022-07-01,HPG,22.30,22.60,21.55,22.40,23.85,20.75,6740200,HSX,stock
2022-07-04,HPG,22.65,22.65,22.00,22.00,23.95,20.85,5378400,HSX,stock
2022-07-05,HPG,22.10,22.35,21.75,21.90,23.50,20.50,6956100,HSX,stock
2022-07-06,HPG,21.70,22.25,21.30,21.45,23.40,20.40,8375300,HSX,stock
2022-07-07,HPG,21.45,21.75,21.40,21.75,22.95,19.95,5250500,HSX,stock
2022-07-08,HPG,22.00,22.55,22.00,22.45,23.25,20.25,8324800,HSX,stock
2022-07-11,HPG,22.40,22.65,21.95,22.05,24.00,20.90,5856700,HSX,stock
2022-07-12,HPG,22.05,22.50,21.95,22.30,23.55,20.55,4831900,HSX,stock
2022-07-13,HPG,22.20,22.80,22.15,22.30,23.85,20.75,7029900,HSX,stock
2022-07-14,HPG,22.20,22.40,22.10,22.20,23.85,20.75,5857100,HSX,stock
2022-07-15,HPG,22.35,23.50,22.35,23.20,23.75,20.65,17771000,HSX,stock
2022-07-18,HPG,23.20,23.30,22.50,22.60,24.80,21.60,7854600,HSX,stock
2022-07-19,HPG,22.50,22.60,22.10,22.15,24.15,21.05,7342300,HSX,stock
2022-07-20,HPG,22.35,22.75,22.30,22.35,23.70,20.60,7390300,HSX,stock
2022-07-21,HPG,22.35,23.00,22.30,22.70,23.90,20.80,9246400,HSX,stock
2022-07-22,HPG,22.70,22.80,22.20,22.20,24.25,21.15,7669700,HSX,stock
2022-07-25,HPG,22.20,22.30,21.80,21.90,23.75,20.65,8208600,HSX,stock
2022-07-26,HPG,21.80,22.00,21.60,21.65,23.40,20.40,11020400,HSX,stock
2022-07-27,HPG,21.45,21.50,21.05,21.25,23.15,20.15,9900200,HSX,stock
2022-07-28,HPG,21.50,21.70,21.25,21.40,22.70,19.80,10294400,HSX,stock
2022-07-29,HPG,21.60,21.95,21.50,21.50,22.85,19.95,9793600,HSX,stock
2022-08-01,HPG,21.70,22.85,21.60,22.80,23.00,20.00,14344600,HSX,stock
2022-08-02,HPG,22.90,23.15,22.70,22.90,24.35,21.25,12189500,HSX,stock
2022-08-03,HPG,22.70,23.85,22.60,23.75,24.50,21.30,24322500,HSX,stock
2022-08-04,HPG,23.90,23.95,23.50,23.65,25.40,22.10,13402900,HSX,stock
2022-08-05,HPG,23.40,23.65,23.15,23.30,25.30,22.00,15728600,HSX,stock
2022-08-08,HPG,23.40,23.90,23.30,23.60,24.90,21.70,11705900,HSX,stock
2022-08-09,HPG,23.90,24.30,23.65,24.10,25.25,21.95,18867000,HSX,stock
2022-08-10,HPG,24.00,24.40,23.80,23.80,25.75,22.45,12613900,HSX,stock
2022-08-11,HPG,24.05,24.15,23.30,23.40,25.45,22.15,14416100,HSX,stock
2022-08-12,HPG,23.30,24.05,23.25,23.95,25.00,21.80,13516800,HSX,stock
2022-08-15,HPG,24.10,24.20,23.80,24.00,25.60,22.30,13331600,HSX,stock
2022-08-16,HPG,24.00,24.70,24.00,24.55,25.65,22.35,24748500,HSX,stock
2022-08-17,HPG,24.60,24.65,24.15,24.30,26.25,22.85,11449700,HSX,stock
2022-08-18,HPG,24.10,24.35,24.05,24.15,26.00,22.60,11324100,HSX,stock
2022-08-19,HPG,24.10,24.25,23.65,23.75,25.80,22.50,13150100,HSX,stock
2022-08-22,HPG,23.65,23.75,23.15,23.35,25.40,22.10,8599600,HSX,stock
2022-08-23,HPG,23.10,23.65,23.10,23.65,24.95,21.75,8265700,HSX,stock
2022-08-24,HPG,23.65,23.75,23.50,23.50,25.30,22.00,5620600,HSX,stock
2022-08-25,HPG,23.75,24.05,23.60,23.85,25.10,21.90,7464700,HSX,stock
2022-08-26,HPG,24.00,24.00,23.50,23.50,25.50,22.20,6970700,HSX,stock
2022-08-29,HPG,23.05,23.25,22.65,23.00,25.10,21.90,13456100,HSX,stock
2022-08-30,HPG,23.10,23.30,22.95,23.05,24.60,21.40,6441700,HSX,stock
2022-08-31,HPG,23.00,23.15,22.75,23.00,24.65,21.45,6405500,HSX,stock
2022-09-05,HPG,23.05,24.10,23.05,23.90,24.60,21.40,9760600,HSX,stock
2022-09-06,HPG,24.00,24.20,23.55,23.55,25.55,22.25,6568700,HSX,stock
2022-09-07,HPG,23.55,23.80,23.00,23.00,25.15,21.95,12222200,HSX,stock
2022-09-08,HPG,23.20,23.45,22.90,23.10,24.60,21.40,8884200,HSX,stock
2022-09-09,HPG,23.35,23.80,23.10,23.80,24.70,21.50,11427200,HSX,stock
2022-09-12,HPG,23.90,24.30,23.80,23.80,25.45,22.15,12208200,HSX,stock
2022-09-13,HPG,23.75,24.00,23.50,23.70,25.45,22.15,6812000,HSX,stock
2022-09-14,HPG,23.25,23.80,23.25,23.70,25.35,22.05,12635400,HSX,stock
2022-09-15,HPG,23.90,23.90,23.45,23.60,25.35,22.05,7009500,HSX,stock
2022-09-16,HPG,23.40,23.60,23.00,23.00,25.25,21.95,17826100,HSX,stock
2022-09-19,HPG,23.10,23.25,22.45,22.65,24.60,21.40,10983900,HSX,stock
2022-09-20,HPG,22.80,23.00,22.60,23.00,24.20,21.10,5764200,HSX,stock
2022-09-21,HPG,22.90,22.95,22.70,22.90,24.60,21.40,4905700,HSX,stock
2022-09-22,HPG,22.70,23.10,22.65,23.00,24.50,21.30,5096300,HSX,stock
2022-09-23,HPG,23.05,23.20,22.70,22.70,24.60,21.40,6601700,HSX,stock
2022-09-26,HPG,22.45,22.60,21.85,22.40,24.25,21.15,10928300,HSX,stock
2022-09-27,HPG,22.45,22.50,22.10,22.40,23.95,20.85,4817300,HSX,stock
2022-09-28,HPG,22.20,22.45,21.60,21.80,23.95,20.85,6287700,HSX,stock
2022-09-29,HPG,22.15,22.30,21.65,21.65,23.30,20.30,5138100,HSX,stock
2022-09-30,HPG,21.50,21.65,20.70,21.20,23.15,20.15,10658900,HSX,stock
2022-10-03,HPG,21.20,21.20,19.75,19.75,22.65,19.75,15112400,HSX,stock
2022-10-04,HPG,20.10,20.25,18.65,18.85,21.10,18.40,14695400,HSX,stock
2022-10-05,HPG,19.20,19.35,18.85,19.20,20.15,17.55,11564800,HSX,stock
2022-10-06,HPG,19.30,19.30,18.00,18.00,20.50,17.90,17353300,HSX,stock
2022-10-07,HPG,17.65,17.80,17.05,17.60,19.25,16.75,16647800,HSX,stock
2022-10-10,HPG,17.30,18.60,17.20,18.35,18.80,16.40,11861200,HSX,stock
2022-10-11,HPG,18.40,18.40,17.35,17.50,19.60,17.10,12517800,HSX,stock
2022-10-12,HPG,17.80,18.70,17.50,18.70,18.70,16.30,12901200,HSX,stock
2022-10-13,HPG,18.80,19.60,18.55,19.50,20.00,17.40,10110200,HSX,stock
2022-10-14,HPG,19.75,19.90,19.30,19.45,20.85,18.15,9370400,HSX,stock
2022-10-17,HPG,19.25,19.35,18.90,19.25,20.80,18.10,6913600,HSX,stock
2022-10-18,HPG,19.50,19.70,18.70,18.85,20.55,17.95,10072000,HSX,stock
2022-10-19,HPG,18.85,18.85,18.35,18.40,20.15,17.55,9346500,HSX,stock
2022-10-20,HPG,18.35,18.60,18.05,18.10,19.65,17.15,11629800,HSX,stock
2022-10-21,HPG,18.30,18.30,16.90,16.90,19.35,16.85,16809000,HSX,stock
2022-10-24,HPG,17.00,17.05,16.20,16.40,18.05,15.75,12898300,HSX,stock
2022-10-25,HPG,16.40,17.50,16.05,17.10,17.50,15.30,13239200,HSX,stock
2022-10-26,HPG,17.00,17.40,16.85,16.90,18.25,15.95,4904400,HSX,stock
2022-10-27,HPG,16.95,17.60,16.90,17.40,18.05,15.75,9985900,HSX,stock
2022-10-28,HPG,17.40,17.65,16.80,16.80,18.60,16.20,13203700,HSX,stock
2022-10-31,HPG,15.65,16.00,15.65,15.65,17.95,15.65,25892700,HSX,stock
2022-11-01,HPG,15.75,16.00,14.80,15.00,16.70,14.60,30284300,HSX,stock
2022-11-02,HPG,15.00,15.70,15.00,15.35,16.05,13.95,16121000,HSX,stock
2022-11-03,HPG,15.25,15.45,15.10,15.20,16.40,14.30,8378700,HSX,stock
2022-11-04,HPG,15.00,15.15,14.50,14.65,16.25,14.15,19033700,HSX,stock
2022-11-07,HPG,14.55,14.80,13.70,13.70,15.65,13.65,16612800,HSX,stock
2022-11-08,HPG,13.10,13.70,13.00,13.15,14.65,12.75,20646000,HSX,stock
2022-11-09,HPG,13.20,13.60,12.95,13.00,14.05,12.25,12644500,HSX,stock
2022-11-10,HPG,12.70,12.80,12.10,12.10,13.90,12.10,28755000,HSX,stock
2022-11-11,HPG,12.30,12.65,12.00,12.30,12.90,11.30,28103800,HSX,stock
2022-11-14,HPG,12.15,12.45,11.85,12.20,13.15,11.45,29168600,HSX,stock
2022-11-15,HPG,12.00,12.55,12.00,12.50,13.05,11.35,18423700,HSX,stock
2022-11-16,HPG,12.30,13.35,11.80,13.35,13.35,11.65,14694700,HSX,stock
2022-11-17,HPG,13.90,14.25,13.80,14.25,14.25,12.45,10468400,HSX,stock
2022-11-18,HPG,14.60,15.20,14.25,15.10,15.20,13.30,35464100,HSX,stock
2022-11-21,HPG,15.20,15.25,14.75,14.95,16.15,14.05,13940100,HSX,stock
2022-11-22,HPG,14.65,15.45,14.45,14.80,15.95,13.95,17338700,HSX,stock
2022-11-23,HPG,14.70,14.85,13.80,13.80,15.80,13.80,13342700,HSX,stock
2022-11-24,HPG,13.70,14.40,13.60,14.35,14.75,12.85,13155400,HSX,stock
2022-11-25,HPG,14.60,15.30,14.35,15.30,15.35,13.35,10799300,HSX,stock
2022-11-28,HPG,15.60,16.35,15.60,16.35,16.35,14.25,19745400,HSX,stock
2022-11-29,HPG,16.60,17.45,16.35,17.40,17.45,15.25,22876500,HSX,stock
2022-11-30,HPG,17.55,18.40,17.20,18.40,18.60,16.20,24395300,HSX,stock
2022-12-01,HPG,18.75,19.65,18.00,18.20,19.65,17.15,25425600,HSX,stock
2022-12-02,HPG,18.00,19.45,17.80,19.45,19.45,16.95,18274500,HSX,stock
2022-12-05,HPG,19.80,20.40,19.50,20.00,20.80,18.10,18450600,HSX,stock
2022-12-06,HPG,19.90,19.95,18.60,18.60,21.40,18.60,23119800,HSX,stock
2022-12-07,HPG,18.00,19.15,17.70,18.25,19.90,17.30,15697700,HSX,stock
2022-12-08,HPG,18.90,19.35,18.50,18.90,19.50,17.00,13913100,HSX,stock
2022-12-09,HPG,18.90,19.45,18.50,19.20,20.20,17.60,15506600,HSX,stock
2022-12-12,HPG,19.20,19.55,18.60,18.60,20.50,17.90,16415500,HSX,stock
2022-12-13,HPG,18.60,19.00,18.25,19.00,19.90,17.30,12466200,HSX,stock
2022-12-14,HPG,19.35,19.60,19.00,19.20,20.30,17.70,14042300,HSX,stock
2022-12-15,HPG,19.10,19.65,19.10,19.35,20.50,17.90,9502600,HSX,stock
2022-12-16,HPG,19.20,20.45,18.95,20.40,20.70,18.00,25268800,HSX,stock
2022-12-19,HPG,20.60,21.25,20.00,20.00,21.80,19.00,22675300,HSX,stock
2022-12-20,HPG,19.80,20.10,18.75,19.00,21.40,18.60,17549400,HSX,stock
2022-12-21,HPG,19.40,19.45,18.10,18.90,20.30,17.70,11849800,HSX,stock
2022-12-22,HPG,19.10,19.60,18.70,18.90,20.20,17.60,7976900,HSX,stock
2022-12-23,HPG,18.85,18.90,18.10,18.35,20.20,17.60,11502400,HSX,stock
2022-12-26,HPG,18.30,18.30,17.10,17.10,19.60,17.10,13391700,HSX,stock
2022-12-27,HPG,17.10,18.25,17.10,18.25,18.25,15.95,10838800,HSX,stock
2022-12-28,HPG,18.40,18.50,17.95,18.20,19.50,17.00,7164600,HSX,stock
2022-12-29,HPG,18.30,18.50,17.85,18.00,19.45,16.95,8183900,HSX,stock
2022-12-30,HPG,18.10,18.45,17.90,18.00,19.25,16.75,7712900,HSX,stock
2023-01-03,HPG,18.30,19.25,18.20,19.25,19.25,16.75,14401400,HSX,stock
2023-01-04,HPG,19.45,19.80,19.30,19.40,20.55,17.95,9369100,HSX,stock
2023-01-05,HPG,19.40,20.00,19.15,19.80,20.75,18.05,9779000,HSX,stock
2023-01-06,HPG,19.70,20.10,19.20,19.40,21.15,18.45,8221700,HSX,stock
2023-01-09,HPG,19.80,20.10,19.50,19.60,20.75,18.05,6726600,HSX,stock
2023-01-10,HPG,19.60,20.10,19.20,19.80,20.95,18.25,10959000,HSX,stock
2023-01-11,HPG,20.00,20.55,19.90,20.20,21.15,18.45,11397700,HSX,stock
2023-01-12,HPG,20.10,20.25,19.90,20.05,21.60,18.80,8286100,HSX,stock
2023-01-13,HPG,20.25,20.35,19.90,19.95,21.45,18.65,10081100,HSX,stock
2023-01-16,HPG,20.00,20.65,19.95,20.25,21.30,18.60,9429600,HSX,stock
2023-01-17,HPG,20.45,21.65,20.45,21.65,21.65,18.85,14976000,HSX,stock
2023-01-18,HPG,22.00,22.05,21.55,21.70,23.15,20.15,11899700,HSX,stock
2023-01-19,HPG,21.60,21.85,20.85,21.15,23.20,20.20,19409900,HSX,stock
2023-01-27,HPG,21.00,21.55,20.85,21.50,22.60,19.70,11907400,HSX,stock
2023-01-30,HPG,21.70,22.20,21.35,21.75,23.00,20.00,17306900,HSX,stock
2023-01-31,HPG,21.90,22.10,21.70,22.10,23.25,20.25,11601000,HSX,stock
2023-02-01,HPG,22.20,22.65,21.00,21.10,23.60,20.60,21493300,HSX,stock
2023-02-02,HPG,21.20,21.70,21.10,21.30,22.55,19.65,10762100,HSX,stock
2023-02-03,HPG,21.45,21.55,21.00,21.10,22.75,19.85,8194200,HSX,stock
2023-02-06,HPG,21.10,21.15,20.55,21.15,22.55,19.65,10025800,HSX,stock
2023-02-07,HPG,21.15,21.20,19.70,19.75,22.60,19.70,15884700,HSX,stock
2023-02-08,HPG,19.75,21.10,19.75,20.85,21.10,18.40,13907800,HSX,stock
2023-02-09,HPG,21.00,21.25,20.60,20.60,22.30,19.40,7503400,HSX,stock
2023-02-10,HPG,20.70,20.80,20.15,20.50,22.00,19.20,7417000,HSX,stock
2023-02-13,HPG,20.40,20.40,19.75,20.20,21.90,19.10,8432700,HSX,stock
2023-02-14,HPG,20.30,20.90,20.25,20.60,21.60,18.80,7234500,HSX,stock
2023-02-15,HPG,20.60,21.05,20.25,20.80,22.00,19.20,8171100,HSX,stock
2023-02-16,HPG,20.95,21.40,20.60,21.30,22.25,19.35,9224900,HSX,stock
2023-02-17,HPG,21.30,21.35,21.00,21.00,22.75,19.85,5465900,HSX,stock
2023-02-20,HPG,21.00,21.90,21.00,21.90,22.45,19.55,9353200,HSX,stock
2023-02-21,HPG,22.05,22.30,21.60,21.60,23.40,20.40,8131600,HSX,stock
2023-02-22,HPG,21.40,22.10,21.20,21.20,23.10,20.10,14406500,HSX,stock
2023-02-23,HPG,21.15,21.50,20.40,21.50,22.65,19.75,15274600,HSX,stock
2023-02-24,HPG,21.50,21.50,20.65,20.80,23.00,20.00,6194300,HSX,stock
2023-02-27,HPG,20.40,20.55,19.95,20.10,22.25,19.35,11422400,HSX,stock
2023-02-28,HPG,20.45,20.50,19.90,20.00,21.50,18.70,7167500,HSX,stock
2023-03-01,HPG,20.00,20.90,19.80,20.90,21.40,18.60,7967900,HSX,stock
2023-03-02,HPG,21.00,21.10,20.60,20.60,22.35,19.45,4157100,HSX,stock
2023-03-03,HPG,20.80,21.10,20.35,20.35,22.00,19.20,6210800,HSX,stock
2023-03-06,HPG,20.65,20.85,20.40,20.40,21.75,18.95,4851900,HSX,stock
2023-03-07,HPG,20.60,21.35,20.55,21.10,21.80,19.00,10575800,HSX,stock
2023-03-08,HPG,20.90,21.20,20.80,21.20,22.55,19.65,8502000,HSX,stock
2023-03-09,HPG,21.20,21.55,21.20,21.20,22.65,19.75,9638700,HSX,stock
2023-03-10,HPG,21.15,21.45,21.00,21.30,22.65,19.75,10155800,HSX,stock
2023-03-13,HPG,21.05,21.40,20.90,21.10,22.75,19.85,10016400,HSX,stock
2023-03-14,HPG,21.05,21.10,20.20,20.30,22.55,19.65,12736800,HSX,stock
2023-03-15,HPG,20.80,21.30,20.60,21.30,21.70,18.90,11880100,HSX,stock
2023-03-16,HPG,21.00,21.10,20.50,20.85,22.75,19.85,12800100,HSX,stock
2023-03-17,HPG,21.05,21.05,20.40,20.40,22.30,19.40,22122300,HSX,stock
2023-03-20,HPG,20.40,20.60,20.00,20.00,21.80,19.00,10232100,HSX,stock
2023-03-21,HPG,20.20,20.55,19.85,20.45,21.40,18.60,8619400,HSX,stock
2023-03-22,HPG,20.55,20.60,20.15,20.30,21.85,19.05,5835800,HSX,stock
2023-03-23,HPG,20.20,20.40,20.05,20.40,21.70,18.90,5483600,HSX,stock
2023-03-24,HPG,20.45,20.50,20.30,20.40,21.80,19.00,6953900,HSX,stock
2023-03-27,HPG,20.40,20.90,20.35,20.80,21.80,19.00,7610000,HSX,stock
2023-03-28,HPG,20.90,21.00,20.70,20.70,22.25,19.35,6222000,HSX,stock
2023-03-29,HPG,20.70,21.10,20.70,20.80,22.10,19.30,6943300,HSX,stock
2023-03-30,HPG,21.00,21.15,20.75,20.80,22.25,19.35,6816900,HSX,stock
2023-03-31,HPG,20.80,20.90,20.35,20.80,22.25,19.35,9931200,HSX,stock
2023-04-03,HPG,21.05,21.10,20.85,21.00,22.25,19.35,8801200,HSX,stock
2023-04-04,HPG,21.15,21.20,20.95,21.10,22.45,19.55,8477800,HSX,stock
2023-04-05,HPG,21.10,21.50,20.95,21.50,22.55,19.65,11124000,HSX,stock
2023-04-06,HPG,21.55,21.90,21.40,21.50,23.00,20.00,11286500,HSX,stock
2023-04-07,HPG,21.50,21.60,21.10,21.20,23.00,20.00,8429800,HSX,stock
2023-04-10,HPG,21.25,21.35,20.60,20.70,22.65,19.75,8599900,HSX,stock
2023-04-11,HPG,20.70,20.85,20.60,20.80,22.10,19.30,5783700,HSX,stock
2023-04-12,HPG,20.90,20.90,20.65,20.75,22.25,19.35,4819800,HSX,stock
2023-04-13,HPG,20.80,20.80,20.35,20.45,22.20,19.30,5983200,HSX,stock
2023-04-14,HPG,20.55,20.85,20.50,20.65,21.85,19.05,5697900,HSX,stock
2023-04-17,HPG,20.60,20.90,20.60,20.85,22.05,19.25,3857600,HSX,stock
2023-04-18,HPG,20.90,21.00,20.80,20.95,22.30,19.40,4956100,HSX,stock
2023-04-19,HPG,21.05,21.05,20.80,20.80,22.40,19.50,4503400,HSX,stock
2023-04-20,HPG,20.80,20.90,20.75,20.80,22.25,19.35,3537100,HSX,stock
2023-04-21,HPG,20.80,20.85,20.70,20.70,22.25,19.35,5760400,HSX,stock
2023-04-24,HPG,20.70,20.80,20.55,20.65,22.10,19.30,4289700,HSX,stock
2023-04-25,HPG,20.80,21.25,20.70,21.05,22.05,19.25,8231600,HSX,stock
2023-04-26,HPG,21.05,22.00,20.90,22.00,22.50,19.60,11426700,HSX,stock
2023-04-27,HPG,22.00,22.00,21.60,21.70,23.50,20.50,7656700,HSX,stock
2023-04-28,HPG,21.70,21.80,21.40,21.65,23.20,20.20,7622200,HSX,stock
2023-05-04,HPG,21.45,21.60,21.20,21.30,23.15,20.15,6913500,HSX,stock
2023-05-05,HPG,21.30,21.70,21.20,21.45,22.75,19.85,4526800,HSX,stock
2023-05-08,HPG,21.55,21.75,21.45,21.60,22.95,19.95,4981200,HSX,stock
2023-05-09,HPG,21.60,22.15,21.60,21.80,23.10,20.10,7870000,HSX,stock
2023-05-10,HPG,21.80,21.90,21.65,21.70,23.30,20.30,4244800,HSX,stock
2023-05-11,HPG,21.80,21.95,21.60,21.75,23.20,20.20,5626800,HSX,stock
2023-05-12,HPG,21.75,22.50,21.60,22.35,23.25,20.25,15911200,HSX,stock
2023-05-15,HPG,22.45,22.60,22.10,22.10,23.90,20.80,7363700,HSX,stock
2023-05-16,HPG,22.10,22.30,21.90,22.00,23.60,20.60,6622900,HSX,stock
2023-05-17,HPG,22.00,22.10,21.75,21.80,23.50,20.50,9809200,HSX,stock
2023-05-18,HPG,21.90,22.20,21.80,21.95,23.30,20.30,7982200,HSX,stock
2023-05-19,HPG,22.00,22.10,21.65,21.80,23.45,20.45,4858300,HSX,stock
2023-05-22,HPG,21.80,22.10,21.75,21.90,23.30,20.30,7245000,HSX,stock
2023-05-23,HPG,21.95,22.05,21.60,21.70,23.40,20.40,6203200,HSX,stock
2023-05-24,HPG,21.90,21.90,21.30,21.30,23.20,20.20,7792200,HSX,stock
2023-05-25,HPG,21.30,21.45,21.20,21.20,22.75,19.85,5683200,HSX,stock
2023-05-26,HPG,21.30,21.40,20.85,21.10,22.65,19.75,5836500,HSX,stock
2023-05-29,HPG,21.30,21.45,21.20,21.45,22.55,19.65,5059000,HSX,stock
2023-05-30,HPG,21.50,21.60,21.25,21.35,22.95,19.95,5667000,HSX,stock
2023-05-31,HPG,21.40,21.45,21.15,21.20,22.80,19.90,6123500,HSX,stock
2023-06-01,HPG,21.15,21.40,21.05,21.40,22.65,19.75,4727200,HSX,stock
2023-06-02,HPG,21.50,21.80,21.45,21.60,22.85,19.95,8730300,HSX,stock
2023-06-05,HPG,21.80,22.05,21.60,21.65,23.10,20.10,8279200,HSX,stock
2023-06-06,HPG,21.70,21.85,21.55,21.75,23.15,20.15,6227000,HSX,stock
2023-06-07,HPG,22.00,22.80,22.00,22.60,23.25,20.25,21378700,HSX,stock
2023-06-08,HPG,22.70,23.15,22.70,22.80,24.15,21.05,16113600,HSX,stock
2023-06-09,HPG,22.80,22.90,22.50,22.90,24.35,21.25,10180500,HSX,stock
2023-06-12,HPG,23.10,23.15,22.50,22.95,24.50,21.30,10584200,HSX,stock
2023-06-13,HPG,23.00,23.45,22.90,23.40,24.55,21.35,14121400,HSX,stock
2023-06-14,HPG,23.45,23.45,23.10,23.10,25.00,21.80,9350800,HSX,stock
2023-06-15,HPG,23.00,23.25,23.00,23.15,24.70,21.50,8130600,HSX,stock
2023-06-16,HPG,23.25,23.80,23.15,23.45,24.75,21.55,15087300,HSX,stock
2023-06-19,HPG,23.45,23.50,23.30,23.35,25.05,21.85,6376400,HSX,stock
2023-06-20,HPG,23.35,23.65,23.30,23.65,24.95,21.75,6934700,HSX,stock
2023-06-21,HPG,23.70,24.65,23.50,24.60,25.30,22.00,10491400,HSX,stock
2023-06-22,HPG,24.70,24.95,24.35,24.85,26.30,22.90,9555300,HSX,stock
2023-06-23,HPG,24.85,25.55,24.75,25.40,26.55,23.15,10448200,HSX,stock
2023-06-26,HPG,25.40,25.50,24.70,25.20,27.15,23.65,8854600,HSX,stock
2023-06-27,HPG,25.35,25.80,25.10,25.80,26.95,23.45,9046500,HSX,stock
2023-06-28,HPG,26.00,26.70,25.90,26.60,27.60,24.00,11269500,HSX,stock
2023-06-29,HPG,26.65,26.70,25.80,25.80,28.45,24.75,13550400,HSX,stock
2023-06-30,HPG,25.70,26.20,25.65,26.15,27.60,24.00,8797900,HSX,stock
2023-07-03,HPG,26.20,26.45,25.90,26.20,27.95,24.35,8160200,HSX,stock
2023-07-04,HPG,26.15,26.25,25.90,26.25,28.00,24.40,8951100,HSX,stock
2023-07-05,HPG,26.40,27.20,26.25,26.95,28.05,24.45,12475000,HSX,stock
2023-07-06,HPG,26.90,27.15,26.50,27.00,28.80,25.10,11216600,HSX,stock
2023-07-07,HPG,26.90,27.45,26.50,27.45,28.85,25.15,9480200,HSX,stock
2023-07-10,HPG,27.45,27.95,27.35,27.70,29.35,25.55,9983300,HSX,stock
2023-07-11,HPG,27.80,28.05,27.25,27.30,29.60,25.80,9248100,HSX,stock
2023-07-12,HPG,27.30,27.45,26.65,27.00,29.20,25.40,7356200,HSX,stock
2023-07-13,HPG,27.50,27.50,26.90,27.05,28.85,25.15,4600300,HSX,stock
2023-07-14,HPG,27.15,27.50,27.05,27.50,28.90,25.20,5215700,HSX,stock
2023-07-17,HPG,27.70,27.75,27.20,27.30,29.40,25.60,6631300,HSX,stock
2023-07-18,HPG,27.30,27.35,27.05,27.20,29.20,25.40,3181100,HSX,stock
2023-07-19,HPG,27.10,27.70,27.05,27.40,29.10,25.30,2635900,HSX,stock
2023-07-20,HPG,27.30,28.20,27.30,28.20,29.30,25.50,9004000,HSX,stock
2023-07-21,HPG,28.35,28.40,28.10,28.40,30.15,26.25,5559300,HSX,stock
2023-07-24,HPG,28.45,28.60,28.00,28.25,30.35,26.45,7407300,HSX,stock
2023-07-25,HPG,28.25,28.35,28.00,28.25,30.20,26.30,9679100,HSX,stock
2023-07-26,HPG,28.25,28.45,28.15,28.40,30.20,26.30,8838600,HSX,stock
2023-07-27,HPG,28.40,28.70,28.10,28.40,30.35,26.45,9099100,HSX,stock
2023-07-28,HPG,28.40,28.60,28.15,28.30,30.35,26.45,6071700,HSX,stock
2023-07-31,HPG,28.20,28.25,27.35,28.20,30.25,26.35,13231300,HSX,stock
2023-08-01,HPG,28.10,28.10,27.50,27.50,30.15,26.25,10862700,HSX,stock
2023-08-02,HPG,27.40,27.85,27.25,27.50,29.40,25.60,5947400,HSX,stock
2023-08-03,HPG,27.35,27.50,26.50,26.85,29.40,25.60,15049100,HSX,stock
2023-08-04,HPG,26.80,27.50,26.80,27.35,28.70,25.00,10549200,HSX,stock
2023-08-07,HPG,27.55,27.75,27.30,27.55,29.25,25.45,9091500,HSX,stock
2023-08-08,HPG,27.60,27.90,27.15,27.20,29.45,25.65,8444600,HSX,stock
2023-08-09,HPG,27.20,27.85,27.05,27.80,29.10,25.30,18404200,HSX,stock
2023-08-10,HPG,27.90,27.90,27.30,27.35,29.70,25.90,4831000,HSX,stock
2023-08-11,HPG,27.40,27.75,27.15,27.70,29.25,25.45,6193800,HSX,stock
2023-08-14,HPG,27.80,28.35,27.65,28.15,29.60,25.80,16994900,HSX,stock
2023-08-15,HPG,28.15,28.25,27.85,27.95,30.10,26.20,6484900,HSX,stock
2023-08-16,HPG,27.95,28.00,27.65,27.95,29.90,26.00,5520400,HSX,stock
2023-08-17,HPG,28.00,28.70,28.00,28.10,29.90,26.00,17673300,HSX,stock
2023-08-18,HPG,27.90,28.00,26.20,26.50,30.05,26.15,11822600,HSX,stock
2023-08-21,HPG,26.45,26.55,25.90,26.20,28.35,24.65,14956300,HSX,stock
2023-08-22,HPG,26.20,26.35,25.10,26.15,28.00,24.40,6984100,HSX,stock
2023-08-23,HPG,26.35,26.45,25.65,25.65,27.95,24.35,6575700,HSX,stock
2023-08-24,HPG,25.65,26.30,25.60,26.30,27.40,23.90,4933900,HSX,stock
2023-08-25,HPG,26.20,26.40,25.95,25.95,28.10,24.50,5248400,HSX,stock
2023-08-28,HPG,26.00,26.85,26.00,26.85,27.75,24.15,9602800,HSX,stock
2023-08-29,HPG,26.90,27.15,26.70,27.00,28.70,25.00,7998800,HSX,stock
2023-08-30,HPG,27.00,27.25,26.75,27.20,28.85,25.15,9680500,HSX,stock
2023-08-31,HPG,27.40,27.90,27.30,27.60,29.10,25.30,12611900,HSX,stock
2023-09-05,HPG,27.80,27.95,27.25,27.80,29.50,25.70,7440900,HSX,stock
2023-09-06,HPG,27.75,29.00,27.40,29.00,29.70,25.90,9979300,HSX,stock
2023-09-07,HPG,29.00,29.30,28.50,28.65,31.00,27.00,9177500,HSX,stock
2023-09-08,HPG,28.50,29.15,28.40,28.75,30.65,26.65,12312200,HSX,stock
2023-09-11,HPG,29.00,29.05,27.75,28.00,30.75,26.75,16491500,HSX,stock
2023-09-12,HPG,28.00,28.75,27.70,28.75,29.95,26.05,10290800,HSX,stock
2023-09-13,HPG,28.80,29.40,28.25,28.40,30.75,26.75,9775000,HSX,stock
2023-09-14,HPG,28.40,28.55,27.75,27.80,30.35,26.45,9126300,HSX,stock
2023-09-15,HPG,27.90,28.10,27.60,27.60,29.70,25.90,14790800,HSX,stock
2023-09-18,HPG,27.60,28.10,27.20,27.60,29.50,25.70,9115100,HSX,stock
2023-09-19,HPG,28.00,28.15,27.50,28.15,29.50,25.70,8987700,HSX,stock
2023-09-20,HPG,28.15,28.55,28.05,28.40,30.10,26.20,9727100,HSX,stock
2023-09-21,HPG,28.40,29.10,28.15,28.40,30.35,26.45,15317700,HSX,stock
2023-09-22,HPG,27.75,27.95,26.75,27.30,30.35,26.45,12570900,HSX,stock
2023-09-25,HPG,27.00,27.50,25.70,26.00,29.20,25.40,9820300,HSX,stock
2023-09-26,HPG,25.85,26.80,25.85,26.20,27.80,24.20,10652700,HSX,stock
2023-09-27,HPG,26.15,26.70,26.15,26.50,28.00,24.40,6392200,HSX,stock
2023-09-28,HPG,26.60,26.85,26.20,26.60,28.35,24.65,6235500,HSX,stock
2023-09-29,HPG,26.80,26.85,26.25,26.30,28.45,24.75,6806800,HSX,stock
2023-10-02,HPG,26.30,26.45,26.00,26.20,28.10,24.50,3897100,HSX,stock
2023-10-03,HPG,26.10,26.10,24.70,24.80,28.00,24.40,13017900,HSX,stock
2023-10-04,HPG,24.50,25.50,24.00,25.25,26.50,23.10,6719100,HSX,stock
2023-10-05,HPG,25.40,25.50,24.85,24.90,27.00,23.50,3107900,HSX,stock
2023-10-06,HPG,24.85,25.30,24.65,24.95,26.60,23.20,6085700,HSX,stock
2023-10-09,HPG,24.95,25.60,24.95,25.50,26.65,23.25,2469700,HSX,stock
2023-10-10,HPG,25.70,26.25,25.60,26.00,27.25,23.75,8754500,HSX,stock
2023-10-11,HPG,26.15,26.25,25.80,26.20,27.80,24.20,6610700,HSX,stock
2023-10-12,HPG,26.30,26.30,25.60,25.80,28.00,24.40,8513700,HSX,stock
2023-10-13,HPG,25.60,25.75,25.05,25.75,27.60,24.00,8473500,HSX,stock
2023-10-16,HPG,25.75,25.80,25.00,25.00,27.55,23.95,7530400,HSX,stock
2023-10-17,HPG,25.20,25.45,24.80,24.80,26.75,23.25,8507700,HSX,stock
2023-10-18,HPG,24.80,24.95,23.20,24.00,26.50,23.10,8147700,HSX,stock
2023-10-19,HPG,24.10,24.20,23.45,23.70,25.65,22.35,7841100,HSX,stock
2023-10-20,HPG,23.70,24.35,23.35,24.35,25.35,22.05,7646300,HSX,stock
2023-10-23,HPG,24.35,24.35,23.70,24.00,26.05,22.65,5608900,HSX,stock
2023-10-24,HPG,24.05,24.40,23.65,24.00,25.65,22.35,4687300,HSX,stock
2023-10-25,HPG,24.05,24.60,24.05,24.05,25.65,22.35,6136100,HSX,stock
2023-10-26,HPG,23.80,23.85,22.60,22.80,25.70,22.40,14929900,HSX,stock
2023-10-27,HPG,23.25,23.50,22.85,23.35,,,4981200,HSX,stock
2023-10-30,HPG,23.35,23.75,23.00,23.00,24.95,21.75,7821400,HSX,stock
2023-10-31,HPG,23.50,23.50,22.90,23.00,24.60,21.40,10380500,HSX,stock
2023-11-01,HPG,23.00,23.95,22.95,23.95,24.60,21.40,8909000,HSX,stock
2023-11-02,HPG,24.20,25.60,24.10,25.25,25.60,22.30,11525200,HSX,stock
2023-11-03,HPG,25.40,25.50,24.75,25.10,27.00,23.50,8542600,HSX,stock
2023-11-06,HPG,25.35,25.90,25.20,25.75,26.85,23.35,8993500,HSX,stock
2023-11-07,HPG,25.80,26.20,25.45,25.80,27.55,23.95,8015500,HSX,stock
2023-11-08,HPG,25.80,26.95,25.60,26.95,27.60,24.00,16258100,HSX,stock
2023-11-09,HPG,26.95,27.40,26.60,26.70,28.80,25.10,12294100,HSX,stock
2023-11-10,HPG,26.40,27.10,26.35,26.50,28.55,24.85,13049700,HSX,stock
2023-11-13,HPG,26.50,27.60,26.50,27.20,28.35,24.65,17639600,HSX,stock
2023-11-14,HPG,27.40,27.50,26.70,27.00,29.10,25.30,9660800,HSX,stock
2023-11-15,HPG,27.55,27.80,27.00,27.00,28.85,25.15,15799500,HSX,stock
2023-11-16,HPG,26.85,27.20,26.80,27.20,28.85,25.15,8077100,HSX,stock
2023-11-17,HPG,27.20,27.40,26.30,26.50,29.10,25.30,16677300,HSX,stock
2023-11-20,HPG,26.10,26.90,26.10,26.65,28.35,24.65,7613600,HSX,stock
2023-11-21,HPG,27.00,27.50,26.95,27.05,28.50,24.80,12677300,HSX,stock
2023-11-22,HPG,27.00,27.20,26.90,27.20,28.90,25.20,8081100,HSX,stock
2023-11-23,HPG,27.30,27.35,25.85,25.85,29.10,25.30,12555500,HSX,stock
2023-11-24,HPG,26.00,26.40,25.55,26.40,27.65,24.05,12159800,HSX,stock
2023-11-27,HPG,26.50,26.75,26.20,26.30,28.20,24.60,9059700,HSX,stock
2023-11-28,HPG,26.40,26.70,26.05,26.70,28.10,24.50,9444900,HSX,stock
2023-11-29,HPG,26.70,27.10,26.65,27.00,28.55,24.85,10076900,HSX,stock
2023-11-30,HPG,27.10,27.20,26.55,26.55,28.85,25.15,11644700,HSX,stock
2023-12-01,HPG,26.80,27.10,26.45,26.90,28.40,24.70,6586100,HSX,stock
2023-12-04,HPG,27.20,27.75,27.05,27.50,28.75,25.05,16150000,HSX,stock
2023-12-05,HPG,27.50,27.55,27.15,27.25,29.40,25.60,9668900,HSX,stock
2023-12-06,HPG,27.25,27.60,27.20,27.60,29.15,25.35,7932400,HSX,stock
2023-12-07,HPG,27.65,27.90,26.95,27.60,29.50,25.70,20914400,HSX,stock
2023-12-08,HPG,27.80,28.25,27.50,27.70,29.50,25.70,20514500,HSX,stock
2023-12-11,HPG,27.70,27.80,27.30,27.50,29.60,25.80,8495500,HSX,stock
2023-12-12,HPG,27.50,28.20,27.50,27.95,29.40,25.60,13137400,HSX,stock
2023-12-13,HPG,28.10,28.20,27.30,27.35,29.90,26.00,14558200,HSX,stock
2023-12-14,HPG,27.55,27.55,27.05,27.05,29.25,25.45,14713100,HSX,stock
2023-12-15,HPG,27.10,27.20,26.75,26.80,28.90,25.20,16261200,HSX,stock
2023-12-18,HPG,26.90,27.00,26.60,26.60,28.65,24.95,7622000,HSX,stock
2023-12-19,HPG,26.60,27.20,26.55,27.20,28.45,24.75,8568300,HSX,stock
2023-12-20,HPG,27.20,27.35,27.10,27.20,29.10,25.30,9642200,HSX,stock
2023-12-21,HPG,27.10,27.30,26.95,27.20,29.10,25.30,6980400,HSX,stock
2023-12-22,HPG,27.20,27.35,27.05,27.05,29.10,25.30,9254500,HSX,stock
2023-12-25,HPG,27.15,27.60,27.15,27.45,28.90,25.20,9695100,HSX,stock
2023-12-26,HPG,27.40,27.90,27.40,27.80,29.35,25.55,13451700,HSX,stock
2023-12-27,HPG,27.85,28.00,27.75,27.75,29.70,25.90,7456900,HSX,stock
2023-12-28,HPG,27.75,28.20,27.65,27.95,29.65,25.85,12259300,HSX,stock
2023-12-29,HPG,27.95,28.10,27.80,27.95,29.90,26.00,17013000,HSX,stock
2024-01-02,HPG,28.10,28.15,27.45,27.45,29.90,26.00,10666100,HSX,stock
2024-01-03,HPG,27.40,27.80,27.40,27.80,29.35,25.55,9784500,HSX,stock
2024-01-04,HPG,27.80,28.10,27.70,27.75,29.70,25.90,16384900,HSX,stock
2024-01-05,HPG,27.75,27.90,27.55,27.80,29.65,25.85,8513700,HSX,stock
2024-01-08,HPG,27.95,28.25,27.85,27.85,29.70,25.90,14397000,HSX,stock
2024-01-09,HPG,27.90,27.95,27.50,27.70,29.75,25.95,13744900,HSX,stock
2024-01-10,HPG,27.70,27.75,27.25,27.35,29.60,25.80,13219300,HSX,stock
2024-01-11,HPG,27.45,27.65,27.40,27.50,29.25,25.45,8192800,HSX,stock
2024-01-12,HPG,27.35,27.45,27.05,27.15,29.40,25.60,13108000,HSX,stock
2024-01-15,HPG,27.20,27.45,27.10,27.10,29.05,25.25,6073100,HSX,stock
2024-01-16,HPG,27.10,27.80,27.05,27.80,28.95,25.25,9230900,HSX,stock
2024-01-17,HPG,27.85,27.95,27.65,27.65,29.70,25.90,10987200,HSX,stock
2024-01-18,HPG,27.70,27.85,27.60,27.65,29.55,25.75,6840300,HSX,stock
2024-01-19,HPG,27.75,27.90,27.60,27.80,29.55,25.75,8337000,HSX,stock
2024-01-22,HPG,28.00,28.65,27.85,28.30,29.70,25.90,24844200,HSX,stock
2024-01-23,HPG,28.45,28.50,28.25,28.35,30.25,26.35,10385300,HSX,stock
2024-01-24,HPG,28.30,28.50,28.25,28.25,30.30,26.40,7543000,HSX,stock
2024-01-25,HPG,28.25,28.40,28.00,28.25,30.20,26.30,6719600,HSX,stock
2024-01-26,HPG,28.40,28.50,28.25,28.35,30.20,26.30,7363200,HSX,stock
2024-01-29,HPG,28.35,28.40,28.00,28.00,30.30,26.40,9762400,HSX,stock
2024-01-30,HPG,28.00,28.10,27.85,28.00,29.95,26.05,9505000,HSX,stock
2024-01-31,HPG,27.95,28.10,27.75,27.75,29.95,26.05,12230400,HSX,stock
2024-02-01,HPG,27.75,28.10,27.70,27.85,29.65,25.85,4366400,HSX,stock
2024-02-02,HPG,27.70,28.10,27.70,27.90,29.75,25.95,6852900,HSX,stock
2024-02-05,HPG,27.90,28.30,27.90,28.00,29.85,25.95,7824900,HSX,stock
2024-02-06,HPG,28.15,28.25,28.00,28.05,29.95,26.05,6799800,HSX,stock
2024-02-07,HPG,28.05,28.30,28.05,28.15,30.00,26.10,7076600,HSX,stock
2024-02-15,HPG,28.30,28.90,28.25,28.70,30.10,26.20,15542800,HSX,stock
2024-02-16,HPG,28.75,28.80,28.60,28.60,30.70,26.70,7371300,HSX,stock
2024-02-19,HPG,28.65,29.40,28.45,29.20,30.60,26.60,16043200,HSX,stock
2024-02-20,HPG,29.20,29.35,29.05,29.20,31.20,27.20,9618300,HSX,stock
2024-02-21,HPG,29.10,29.15,28.70,28.80,31.20,27.20,13013700,HSX,stock
2024-02-22,HPG,28.70,28.80,28.55,28.55,30.80,26.80,9888300,HSX,stock
2024-02-23,HPG,28.55,28.85,28.40,28.40,30.50,26.60,13367200,HSX,stock
2024-02-26,HPG,28.40,28.80,28.30,28.80,30.35,26.45,9328200,HSX,stock
2024-02-27,HPG,28.90,30.45,28.80,30.35,30.80,26.80,30136300,HSX,stock
2024-02-28,HPG,30.40,30.95,30.15,30.60,32.45,28.25,14689900,HSX,stock
2024-02-29,HPG,30.75,31.15,30.50,31.00,32.70,28.50,15387600,HSX,stock
2024-03-01,HPG,31.20,31.20,30.65,30.85,33.15,28.85,12376500,HSX,stock
2024-03-04,HPG,31.00,31.40,30.70,30.80,33.00,28.70,13303700,HSX,stock
2024-03-05,HPG,30.80,31.30,30.70,31.15,32.95,28.65,11988500,HSX,stock
2024-03-06,HPG,31.10,31.15,30.50,30.80,33.30,29.00,11046000,HSX,stock
2024-03-07,HPG,30.70,31.35,30.60,31.00,32.95,28.65,12423600,HSX,stock
2024-03-08,HPG,31.00,31.05,30.25,30.30,33.15,28.85,17307100,HSX,stock
2024-03-11,HPG,30.30,30.60,29.80,29.90,32.40,28.20,11351300,HSX,stock
2024-03-12,HPG,29.85,30.40,29.80,30.20,31.95,27.85,12545800,HSX,stock
2024-03-13,HPG,30.20,30.85,30.10,30.80,32.30,28.10,12986800,HSX,stock
2024-03-14,HPG,30.90,30.90,30.25,30.35,32.95,28.65,13461800,HSX,stock
2024-03-15,HPG,30.35,30.70,30.00,30.10,32.45,28.25,15453600,HSX,stock
2024-03-18,HPG,30.15,30.20,29.00,29.60,32.20,28.00,20829500,HSX,stock
2024-03-19,HPG,29.50,30.60,29.40,29.80,31.65,27.55,10079000,HSX,stock
2024-03-20,HPG,29.85,30.10,29.75,30.00,31.85,27.75,6669400,HSX,stock
2024-03-21,HPG,30.35,30.55,30.10,30.25,32.10,27.90,9602900,HSX,stock
2024-03-22,HPG,30.35,30.70,30.20,30.55,32.35,28.15,14147400,HSX,stock
2024-03-25,HPG,30.55,30.95,30.05,30.20,32.65,28.45,9141200,HSX,stock
2024-03-26,HPG,30.20,30.55,30.10,30.55,32.30,28.10,6053700,HSX,stock
2024-03-27,HPG,30.90,31.10,30.60,30.60,32.65,28.45,11605400,HSX,stock
2024-03-28,HPG,30.85,30.85,30.45,30.55,32.70,28.50,10448800,HSX,stock
2024-03-29,HPG,30.60,30.60,30.25,30.25,32.65,28.45,6011700,HSX,stock
2024-04-01,HPG,30.20,30.35,29.95,30.10,32.35,28.15,8635700,HSX,stock
2024-04-02,HPG,29.90,30.40,29.80,30.40,32.20,28.00,11652700,HSX,stock
2024-04-03,HPG,30.35,30.45,29.95,29.95,32.50,28.30,9097800,HSX,stock
2024-04-04,HPG,29.95,30.05,29.55,29.60,32.00,27.90,11044500,HSX,stock
2024-04-05,HPG,29.45,29.75,29.25,29.45,31.65,27.55,11632900,HSX,stock
2024-04-08,HPG,29.45,29.80,29.30,29.60,31.50,27.40,7972100,HSX,stock
2024-04-09,HPG,29.60,29.90,29.55,29.90,31.65,27.55,4779500,HSX,stock
2024-04-10,HPG,29.95,30.10,29.65,29.65,31.95,27.85,5337700,HSX,stock
2024-04-11,HPG,29.45,30.15,29.45,29.90,31.70,27.60,9276800,HSX,stock
2024-04-12,HPG,30.00,30.10,29.85,29.95,31.95,27.85,7005000,HSX,stock
2024-04-15,HPG,29.85,29.95,28.10,28.50,32.00,27.90,16602000,HSX,stock
2024-04-16,HPG,28.50,28.55,27.85,28.35,30.45,26.55,14368800,HSX,stock
2024-04-17,HPG,28.50,28.55,27.90,28.00,30.30,26.40,7488200,HSX,stock
2024-04-19,HPG,27.80,28.35,27.50,27.80,29.95,26.05,11753600,HSX,stock
2024-04-22,HPG,28.20,28.20,27.85,28.00,29.70,25.90,5309500,HSX,stock
2024-04-23,HPG,28.00,28.05,27.45,27.60,29.95,26.05,8377500,HSX,stock
2024-04-24,HPG,27.90,28.95,27.75,28.80,29.50,25.70,10487000,HSX,stock
2024-04-25,HPG,28.70,28.70,28.30,28.55,30.80,26.80,5656000,HSX,stock
2024-04-26,HPG,28.30,28.55,28.05,28.40,30.50,26.60,8809400,HSX,stock
2024-05-02,HPG,28.40,28.40,28.05,28.35,30.35,26.45,4055200,HSX,stock
2024-05-03,HPG,28.35,29.10,28.35,28.65,30.30,26.40,7742100,HSX,stock
2024-05-06,HPG,28.85,29.35,28.80,29.30,30.65,26.65,11300100,HSX,stock
2024-05-07,HPG,29.40,30.20,29.25,30.15,31.35,27.25,12819800,HSX,stock
2024-05-08,HPG,30.15,31.00,29.75,30.70,32.25,28.05,14615900,HSX,stock
2024-05-09,HPG,30.90,30.90,30.05,30.45,32.80,28.60,8822100,HSX,stock
2024-05-10,HPG,30.60,30.65,29.95,30.45,32.55,28.35,8896700,HSX,stock
2024-05-13,HPG,30.55,30.65,30.10,30.20,32.55,28.35,6690200,HSX,stock
2024-05-14,HPG,30.40,30.70,30.10,30.20,32.30,28.10,7021000,HSX,stock
2024-05-15,HPG,30.25,31.35,30.25,31.20,32.30,28.10,15519900,HSX,stock
2024-05-16,HPG,31.60,31.85,31.45,31.60,33.35,29.05,12695400,HSX,stock
2024-05-17,HPG,31.60,31.60,31.15,31.60,33.80,29.40,12480700,HSX,stock
2024-05-20,HPG,31.65,32.15,31.60,32.00,33.80,29.40,17655700,HSX,stock
2024-05-21,HPG,32.00,32.00,31.45,31.85,34.20,29.80,9117900,HSX,stock
2024-05-22,HPG,31.85,31.95,31.15,31.30,34.05,29.65,16625200,HSX,stock
2024-05-23,HPG,28.85,29.50,28.60,29.50,30.40,26.50,18607600,HSX,stock
2024-05-24,HPG,29.30,29.50,28.50,28.90,31.55,27.45,13612600,HSX,stock
2024-05-27,HPG,28.90,29.30,28.65,28.90,30.90,26.90,7411000,HSX,stock
2024-05-28,HPG,29.00,29.20,28.80,29.15,30.90,26.90,7977700,HSX,stock
2024-05-29,HPG,29.10,29.25,28.60,28.60,31.15,27.15,10613500,HSX,stock
2024-05-30,HPG,28.50,28.55,28.00,28.25,30.60,26.60,11572900,HSX,stock
2024-05-31,HPG,28.40,28.80,28.05,28.60,30.20,26.30,8743100,HSX,stock
2024-06-03,HPG,28.80,29.10,28.80,29.00,30.60,26.60,9198400,HSX,stock
2024-06-04,HPG,29.00,29.80,29.00,29.30,31.00,27.00,14962700,HSX,stock
2024-06-05,HPG,29.30,29.50,29.10,29.25,31.35,27.25,8566600,HSX,stock
2024-06-06,HPG,29.25,29.65,28.90,29.30,31.25,27.25,10874100,HSX,stock
2024-06-07,HPG,29.35,29.40,29.10,29.30,31.35,27.25,7404400,HSX,stock
2024-06-10,HPG,29.40,29.45,29.15,29.30,31.35,27.25,10422900,HSX,stock
2024-06-11,HPG,29.40,29.65,29.05,29.10,31.35,27.25,11363700,HSX,stock
2024-06-12,HPG,29.00,29.60,29.00,29.60,31.10,27.10,9537100,HSX,stock
2024-06-13,HPG,29.65,29.70,29.30,29.50,31.65,27.55,10987300,HSX,stock
2024-06-14,HPG,29.50,29.95,29.10,29.10,31.55,27.45,16472900,HSX,stock
2024-06-17,HPG,29.10,29.95,29.00,29.45,31.10,27.10,13605900,HSX,stock
2024-06-18,HPG,29.50,29.70,29.40,29.40,31.50,27.40,8350100,HSX,stock
2024-06-19,HPG,29.50,29.55,29.25,29.35,31.45,27.35,10135800,HSX,stock
2024-06-20,HPG,29.25,29.40,28.95,29.35,31.40,27.30,13087800,HSX,stock
2024-06-21,HPG,29.35,29.35,29.00,29.05,31.40,27.30,8438200,HSX,stock
2024-06-24,HPG,29.00,29.10,28.25,28.70,31.05,27.05,16548500,HSX,stock
2024-06-25,HPG,28.60,29.05,28.50,28.70,30.70,26.70,7793500,HSX,stock
2024-06-26,HPG,28.75,29.20,28.60,28.90,30.70,26.70,7544200,HSX,stock
2024-06-27,HPG,29.00,29.05,28.70,28.85,30.90,26.90,5365100,HSX,stock
2024-06-28,HPG,28.75,28.90,28.30,28.30,30.85,26.85,12176500,HSX,stock
2024-07-01,HPG,28.30,28.50,28.05,28.35,30.25,26.35,6574100,HSX,stock
2024-07-02,HPG,28.35,28.85,28.25,28.70,30.30,26.40,8148300,HSX,stock
2024-07-03,HPG,29.00,29.10,28.70,28.75,30.70,26.70,8421500,HSX,stock
2024-07-04,HPG,28.85,29.05,28.60,28.70,30.75,26.75,4856300,HSX,stock
2024-07-05,HPG,28.70,28.95,28.60,28.65,30.70,26.70,7665900,HSX,stock
2024-07-08,HPG,28.70,29.05,28.65,28.80,30.65,26.65,9148100,HSX,stock
2024-07-09,HPG,28.80,29.20,28.75,29.00,30.80,26.80,10434200,HSX,stock
2024-07-10,HPG,29.10,29.50,28.95,28.95,31.00,27.00,13141200,HSX,stock
2024-07-11,HPG,29.15,29.25,28.85,28.85,30.95,26.95,6093500,HSX,stock
2024-07-12,HPG,28.90,28.95,28.45,28.50,30.85,26.85,8400900,HSX,stock
2024-07-15,HPG,28.55,28.75,28.20,28.45,30.45,26.55,6266600,HSX,stock
2024-07-16,HPG,28.50,28.65,28.40,28.45,30.40,26.50,5675900,HSX,stock
2024-07-17,HPG,28.55,28.60,27.60,28.20,30.40,26.50,11825600,HSX,stock
2024-07-18,HPG,28.20,28.45,28.05,28.40,30.15,26.25,9211500,HSX,stock
2024-07-19,HPG,28.40,28.40,28.20,28.20,30.35,26.45,6158500,HSX,stock
2024-07-22,HPG,28.10,28.20,27.75,28.05,30.15,26.25,8691000,HSX,stock
2024-07-23,HPG,28.05,28.20,27.80,27.80,30.00,26.10,7807100,HSX,stock
2024-07-24,HPG,27.75,27.95,27.10,27.70,29.70,25.90,9010300,HSX,stock
2024-07-25,HPG,27.60,27.65,27.30,27.35,29.60,25.80,6252100,HSX,stock
2024-07-26,HPG,27.35,27.65,27.35,27.45,29.25,25.45,3803300,HSX,stock
2024-07-29,HPG,27.65,28.10,27.60,27.90,29.35,25.55,7108600,HSX,stock
2024-07-30,HPG,28.00,28.20,27.90,27.90,29.85,25.95,8009200,HSX,stock
2024-07-31,HPG,27.90,27.90,27.10,27.20,29.85,25.95,10819600,HSX,stock
2024-08-01,HPG,27.50,27.65,26.60,26.70,29.10,25.30,12770600,HSX,stock
2024-08-02,HPG,26.65,27.30,26.50,27.25,28.55,24.85,8427200,HSX,stock
2024-08-05,HPG,26.80,26.85,25.80,25.95,29.15,25.35,19854000,HSX,stock
2024-08-06,HPG,26.05,26.45,25.85,26.30,27.75,24.15,8586300,HSX,stock
2024-08-07,HPG,26.45,26.45,25.95,26.05,28.10,24.50,7364300,HSX,stock
2024-08-08,HPG,25.95,26.10,25.55,25.60,27.85,24.25,10501400,HSX,stock
2024-08-09,HPG,25.90,26.10,25.70,26.05,27.35,23.85,4959200,HSX,stock
2024-08-12,HPG,26.05,26.10,25.70,25.85,27.85,24.25,6123500,HSX,stock
2024-08-13,HPG,25.90,25.95,25.20,25.40,27.65,24.05,10448500,HSX,stock
2024-08-14,HPG,25.50,25.70,25.30,25.45,27.15,23.65,6850900,HSX,stock
2024-08-15,HPG,25.45,25.45,25.20,25.20,27.20,23.70,8759800,HSX,stock
2024-08-16,HPG,25.20,25.70,25.00,25.60,26.95,23.45,15771500,HSX,stock
2024-08-19,HPG,25.80,26.35,25.70,25.85,27.35,23.85,10725100,HSX,stock
2024-08-20,HPG,26.00,26.20,25.80,25.80,27.65,24.05,9309600,HSX,stock
2024-08-21,HPG,25.85,26.25,25.80,26.15,27.60,24.00,11911200,HSX,stock
2024-08-22,HPG,26.20,26.25,25.70,25.75,27.95,24.35,11374300,HSX,stock
2024-08-23,HPG,25.75,26.05,25.40,26.05,27.55,23.95,10055200,HSX,stock
2024-08-26,HPG,26.15,26.40,25.95,26.00,27.85,24.25,10825200,HSX,stock
2024-08-27,HPG,26.00,26.05,25.70,25.75,27.80,24.20,5435700,HSX,stock
2024-08-28,HPG,25.85,25.95,25.65,25.70,27.55,23.95,10121900,HSX,stock
2024-08-29,HPG,25.80,25.95,25.60,25.60,27.45,23.95,8620000,HSX,stock
2024-08-30,HPG,25.70,25.75,25.50,25.50,27.35,23.85,9763800,HSX,stock
2024-09-04,HPG,25.30,25.45,25.10,25.25,27.25,23.75,8136300,HSX,stock
2024-09-05,HPG,25.35,25.35,25.00,25.05,27.00,23.50,9056000,HSX,stock
2024-09-06,HPG,25.05,25.40,24.75,25.40,26.80,23.30,10559000,HSX,stock
2024-09-09,HPG,25.40,26.20,25.30,25.60,27.15,23.65,13894900,HSX,stock
2024-09-10,HPG,25.75,25.85,25.15,25.15,27.35,23.85,7330900,HSX,stock
2024-09-11,HPG,25.15,25.55,25.05,25.35,26.90,23.40,5606600,HSX,stock
2024-09-12,HPG,25.40,25.55,25.10,25.10,27.10,23.60,4368200,HSX,stock
2024-09-13,HPG,25.15,25.30,25.00,25.00,26.85,23.35,6094300,HSX,stock
2024-09-16,HPG,25.00,25.25,24.85,24.85,26.75,23.25,6774200,HSX,stock
2024-09-17,HPG,24.90,25.25,24.80,25.25,26.55,23.15,6284900,HSX,stock
2024-09-18,HPG,25.25,25.35,25.10,25.10,27.00,23.50,6328300,HSX,stock
2024-09-19,HPG,25.30,25.50,25.20,25.25,26.85,23.35,6315700,HSX,stock
2024-09-20,HPG,25.50,26.05,25.45,25.65,27.00,23.50,18470400,HSX,stock
2024-09-23,HPG,25.80,26.10,25.70,25.70,27.40,23.90,7301900,HSX,stock
2024-09-24,HPG,25.70,25.85,25.65,25.85,27.45,23.95,4759200,HSX,stock
2024-09-25,HPG,26.10,26.40,26.05,26.20,27.65,24.05,16858800,HSX,stock
2024-09-26,HPG,26.30,26.45,26.05,26.05,28.00,24.40,10104300,HSX,stock
2024-09-27,HPG,26.15,26.30,25.90,26.05,27.85,24.25,11836500,HSX,stock
2024-09-30,HPG,26.20,26.60,26.15,26.35,27.85,24.25,13740700,HSX,stock
2024-10-01,HPG,26.80,27.00,26.65,26.75,28.15,24.55,15868300,HSX,stock
2024-10-02,HPG,26.70,26.70,26.30,26.30,28.60,24.90,9322400,HSX,stock
2024-10-03,HPG,26.45,26.65,26.10,26.20,28.10,24.50,12242400,HSX,stock
2024-10-04,HPG,26.20,26.50,26.10,26.20,28.00,24.40,8207000,HSX,stock
2024-10-07,HPG,26.40,26.50,26.20,26.40,28.00,24.40,5789300,HSX,stock
2024-10-08,HPG,26.40,27.10,26.35,26.95,28.20,24.60,14242300,HSX,stock
2024-10-09,HPG,27.15,27.50,27.05,27.50,28.80,25.10,17213400,HSX,stock
2024-10-10,HPG,27.60,27.70,27.25,27.25,29.40,25.60,10804200,HSX,stock
2024-10-11,HPG,27.35,27.45,27.00,27.30,29.15,25.35,6615600,HSX,stock
2024-10-14,HPG,27.35,27.45,27.05,27.05,29.20,25.40,8770000,HSX,stock
2024-10-15,HPG,27.40,27.45,27.15,27.15,28.90,25.20,9710900,HSX,stock
2024-10-16,HPG,27.15,27.30,27.10,27.10,29.05,25.25,5622900,HSX,stock
2024-10-17,HPG,27.15,27.25,26.75,27.25,28.95,25.25,8938600,HSX,stock
2024-10-18,HPG,27.25,27.30,26.95,26.95,29.15,25.35,7134000,HSX,stock
2024-10-21,HPG,26.95,27.05,26.70,26.75,28.80,25.10,6786300,HSX,stock
2024-10-22,HPG,26.65,26.85,26.50,26.65,28.60,24.90,9124700,HSX,stock
2024-10-23,HPG,26.65,26.70,26.35,26.45,28.50,24.80,6780400,HSX,stock
2024-10-24,HPG,26.50,26.70,26.35,26.45,28.30,24.60,7265600,HSX,stock
2024-10-25,HPG,26.60,26.65,26.45,26.45,28.30,24.60,4950200,HSX,stock
2024-10-28,HPG,26.50,26.95,26.50,26.75,28.30,24.60,5026100,HSX,stock
2024-10-29,HPG,26.80,27.15,26.70,27.05,28.60,24.90,6090900,HSX,stock
2024-10-30,HPG,27.05,27.10,26.80,27.00,28.90,25.20,5711600,HSX,stock
2024-10-31,HPG,27.05,27.05,26.80,26.90,28.85,25.15,7343400,HSX,stock
2024-11-01,HPG,26.80,26.85,26.45,26.55,28.75,25.05,6327300,HSX,stock
2024-11-04,HPG,26.55,26.55,26.15,26.30,28.40,24.70,8214600,HSX,stock
2024-11-05,HPG,26.30,26.55,26.20,26.50,28.10,24.50,3661600,HSX,stock
2024-11-06,HPG,26.65,27.15,26.55,26.95,28.35,24.65,9064300,HSX,stock
2024-11-07,HPG,27.10,27.30,26.95,26.95,28.80,25.10,7040700,HSX,stock
2024-11-08,HPG,27.20,27.50,27.00,27.00,28.80,25.10,9576900,HSX,stock
2024-11-11,HPG,27.05,27.70,26.95,27.70,28.85,25.15,15756000,HSX,stock
2024-11-12,HPG,27.75,27.90,27.30,27.50,29.60,25.80,11592700,HSX,stock
2024-11-13,HPG,27.20,27.40,26.85,27.05,29.40,25.60,10673200,HSX,stock
2024-11-14,HPG,27.05,27.10,26.30,26.30,28.90,25.20,9414400,HSX,stock
2024-11-15,HPG,26.30,26.35,25.90,25.90,28.10,24.50,11587300,HSX,stock
2024-11-18,HPG,26.00,26.05,25.50,25.80,27.70,24.10,8534200,HSX,stock
2024-11-19,HPG,25.85,26.00,25.45,25.45,27.60,24.00,7475100,HSX,stock
2024-11-20,HPG,25.40,26.00,25.25,25.60,27.20,23.70,10382800,HSX,stock
2024-11-21,HPG,25.65,25.95,25.55,25.85,27.35,23.85,6798300,HSX,stock
2024-11-22,HPG,25.90,26.25,25.85,26.10,27.65,24.05,7377800,HSX,stock
2024-11-25,HPG,26.10,26.30,26.05,26.30,27.90,24.30,7682000,HSX,stock
2024-11-26,HPG,26.30,26.50,26.20,26.35,28.10,24.50,6758000,HSX,stock
2024-11-27,HPG,26.35,26.45,26.10,26.30,28.15,24.55,3638400,HSX,stock
2024-11-28,HPG,26.45,26.75,26.30,26.40,28.10,24.50,6629300,HSX,stock
2024-11-29,HPG,26.45,26.75,26.30,26.75,28.20,24.60,6760700,HSX,stock
2024-12-02,HPG,26.95,27.15,26.75,26.90,28.60,24.90,9159000,HSX,stock
2024-12-03,HPG,26.85,27.00,26.60,27.00,28.75,25.05,7282900,HSX,stock
2024-12-04,HPG,26.85,26.85,26.65,26.70,28.85,25.15,6076000,HSX,stock
2024-12-05,HPG,26.70,27.85,26.40,27.85,28.55,24.85,15977800,HSX,stock
2024-12-06,HPG,27.85,27.90,27.50,27.60,29.75,25.95,11309500,HSX,stock
2024-12-09,HPG,27.65,27.90,27.50,27.65,29.50,25.70,7536100,HSX,stock
2024-12-10,HPG,27.70,28.20,27.60,27.90,29.55,25.75,12441600,HSX,stock
2024-12-11,HPG,27.90,28.15,27.60,27.75,29.85,25.95,8312300,HSX,stock
2024-12-12,HPG,27.75,27.90,27.35,27.50,29.65,25.85,8798300,HSX,stock
2024-12-13,HPG,27.30,27.40,27.10,27.20,29.40,25.60,6733200,HSX,stock
2024-12-16,HPG,27.20,27.35,26.85,27.00,29.10,25.30,7779100,HSX,stock
2024-12-17,HPG,27.00,27.10,26.85,27.00,28.85,25.15,6395200,HSX,stock
2024-12-18,HPG,27.00,27.35,26.95,27.35,28.85,25.15,6982800,HSX,stock
2024-12-19,HPG,27.00,27.15,26.80,26.85,29.25,25.45,13060100,HSX,stock
2024-12-20,HPG,26.85,26.95,26.70,26.70,28.70,25.00,8350300,HSX,stock
2024-12-23,HPG,26.75,27.05,26.75,27.00,28.55,24.85,6535900,HSX,stock
2024-12-24,HPG,26.90,26.90,26.60,26.70,28.85,25.15,5899000,HSX,stock
2024-12-25,HPG,26.75,27.15,26.75,27.15,28.55,24.85,9027100,HSX,stock
2024-12-26,HPG,27.15,27.20,26.85,27.00,29.05,25.25,5543000,HSX,stock
2024-12-27,HPG,27.00,27.00,26.80,26.85,28.85,25.15,6618900,HSX,stock
2024-12-30,HPG,26.80,26.85,26.65,26.75,28.70,25.00,6405300,HSX,stock
2024-12-31,HPG,26.75,26.75,26.60,26.65,28.60,24.90,5056100,HSX,stock
2025-01-02,HPG,26.70,27.05,26.70,27.00,28.50,24.80,7987500,HSX,stock
2025-01-03,HPG,26.90,27.00,26.60,26.60,28.85,25.15,6732700,HSX,stock
2025-01-06,HPG,26.60,26.70,26.05,26.05,28.45,24.75,8226100,HSX,stock
2025-01-07,HPG,26.15,26.40,26.05,26.05,27.85,24.25,6643800,HSX,stock
2025-01-08,HPG,26.05,26.25,25.95,26.25,27.85,24.25,5810500,HSX,stock
2025-01-09,HPG,26.30,26.30,25.90,26.00,28.05,24.45,3997700,HSX,stock
2025-01-10,HPG,26.00,26.10,25.55,25.55,27.80,24.20,7036100,HSX,stock
2025-01-13,HPG,25.55,26.05,25.45,25.90,27.30,23.80,6086400,HSX,stock
2025-01-14,HPG,25.95,26.00,25.80,25.85,27.70,24.10,4061700,HSX,stock
2025-01-15,HPG,26.00,26.25,25.90,26.20,27.65,24.05,5418700,HSX,stock
2025-01-16,HPG,26.30,26.45,26.05,26.30,28.00,24.40,5556800,HSX,stock
2025-01-17,HPG,26.30,26.50,26.10,26.50,28.10,24.50,7211700,HSX,stock
2025-01-20,HPG,26.50,26.75,26.45,26.45,28.35,24.65,4520900,HSX,stock
2025-01-21,HPG,26.60,26.60,26.20,26.30,28.30,24.60,5099800,HSX,stock
2025-01-22,HPG,26.40,26.40,26.15,26.15,28.10,24.50,5566100,HSX,stock
2025-01-23,HPG,26.20,26.75,26.15,26.65,27.95,24.35,7698500,HSX,stock
2025-01-24,HPG,26.65,26.65,26.45,26.55,28.50,24.80,6016800,HSX,stock
2025-02-03,HPG,26.50,26.60,26.25,26.40,28.40,24.70,8982800,HSX,stock
2025-02-04,HPG,26.50,27.00,26.45,26.85,28.20,24.60,7101600,HSX,stock
2025-02-05,HPG,26.85,27.00,26.75,26.80,28.70,25.00,7253500,HSX,stock
2025-02-06,HPG,26.80,26.95,26.75,26.80,28.65,24.95,6604200,HSX,stock
2025-02-07,HPG,26.80,26.80,26.60,26.65,28.65,24.95,5980900,HSX,stock
2025-02-10,HPG,26.50,26.50,25.40,25.40,28.50,24.80,22927200,HSX,stock
2025-02-11,HPG,25.45,26.10,25.45,26.10,27.15,23.65,12556900,HSX,stock
2025-02-12,HPG,26.20,26.20,25.85,25.85,27.90,24.30,7245500,HSX,stock
2025-02-13,HPG,25.95,26.00,25.85,25.90,27.65,24.05,5327600,HSX,stock
2025-02-14,HPG,26.10,26.30,26.00,26.10,27.70,24.10,7683300,HSX,stock
2025-02-17,HPG,26.15,26.25,26.05,26.15,27.90,24.30,6947800,HSX,stock
2025-02-18,HPG,26.35,26.60,26.30,26.55,27.95,24.35,10621400,HSX,stock
2025-02-19,HPG,26.60,26.60,26.40,26.50,28.40,24.70,7285700,HSX,stock
2025-02-20,HPG,26.55,26.60,26.50,26.55,28.35,24.65,6889800,HSX,stock
2025-02-21,HPG,26.55,26.60,26.40,26.45,28.40,24.70,5851900,HSX,stock
2025-02-24,HPG,28.30,28.30,27.55,27.70,28.30,24.60,40750000,HSX,stock
2025-02-25,HPG,27.60,27.70,27.20,27.50,29.60,25.80,10548100,HSX,stock
2025-02-26,HPG,27.60,27.95,27.55,27.75,29.40,25.60,13618500,HSX,stock
2025-02-27,HPG,27.80,28.45,27.60,28.45,29.65,25.85,20489800,HSX,stock
2025-02-28,HPG,28.40,28.40,27.95,28.00,30.40,26.50,12494600,HSX,stock
2025-03-03,HPG,28.05,28.25,28.00,28.05,29.95,26.05,10613600,HSX,stock
2025-03-04,HPG,28.05,28.05,27.65,27.85,30.00,26.10,12553800,HSX,stock
2025-03-05,HPG,27.85,27.90,27.55,27.55,29.75,25.95,15162400,HSX,stock
2025-03-06,HPG,27.60,27.95,27.60,27.95,29.45,25.65,19175900,HSX,stock
2025-03-07,HPG,28.00,28.10,27.75,28.05,29.90,26.00,14353100,HSX,stock
2025-03-10,HPG,28.10,28.20,27.95,27.95,30.00,26.10,11814400,HSX,stock
2025-03-11,HPG,27.60,28.15,27.60,28.15,29.90,26.00,11782000,HSX,stock
2025-03-12,HPG,28.20,28.20,27.80,27.80,30.10,26.20,9799900,HSX,stock
2025-03-13,HPG,27.85,28.05,27.70,27.70,29.70,25.90,12167400,HSX,stock
2025-03-14,HPG,27.70,27.85,27.55,27.55,29.60,25.80,8924500,HSX,stock
2025-03-17,HPG,27.90,28.15,27.75,27.85,29.45,25.65,8829400,HSX,stock
2025-03-18,HPG,27.90,28.05,27.60,27.60,29.75,25.95,9298900,HSX,stock
2025-03-19,HPG,27.60,27.60,27.10,27.25,29.50,25.70,16652000,HSX,stock
2025-03-20,HPG,27.30,27.45,27.05,27.15,29.15,25.35,10321700,HSX,stock
2025-03-21,HPG,27.10,27.25,27.05,27.15,29.05,25.25,10370000,HSX,stock
2025-03-24,HPG,27.15,27.25,26.90,27.15,29.05,25.25,7408100,HSX,stock
2025-03-25,HPG,27.25,27.40,27.10,27.20,29.05,25.25,9607600,HSX,stock
2025-03-26,HPG,27.20,27.95,27.15,27.55,29.10,25.30,18827900,HSX,stock
2025-03-27,HPG,27.70,27.70,27.45,27.50,29.45,25.65,5570400,HSX,stock
2025-03-28,HPG,27.45,27.50,27.10,27.15,29.40,25.60,8026400,HSX,stock
2025-03-31,HPG,27.05,27.10,26.75,26.75,29.05,25.25,11841000,HSX,stock
2025-04-01,HPG,26.80,27.05,26.75,27.00,28.60,24.90,6474600,HSX,stock
2025-04-02,HPG,27.15,27.40,27.10,27.25,28.85,25.15,9171200,HSX,stock
2025-04-03,HPG,25.80,26.45,25.35,25.35,29.15,25.35,29298900,HSX,stock
2025-04-04,HPG,23.60,24.85,23.60,24.60,27.10,23.60,31275300,HSX,stock
2025-04-08,HPG,23.50,24.00,22.90,22.90,26.30,22.90,14612500,HSX,stock
2025-04-09,HPG,21.30,22.30,21.30,21.30,24.50,21.30,29448600,HSX,stock
2025-04-10,HPG,22.75,22.75,22.75,22.75,22.75,19.85,2965000,HSX,stock
2025-04-11,HPG,24.20,24.30,23.50,24.30,24.30,21.20,35295000,HSX,stock
2025-04-14,HPG,24.80,25.75,24.75,25.35,26.00,22.60,21782600,HSX,stock
2025-04-15,HPG,25.15,26.15,25.05,25.85,27.10,23.60,21499600,HSX,stock
2025-04-16,HPG,25.90,26.00,25.05,25.50,27.65,24.05,11131700,HSX,stock
2025-04-17,HPG,25.20,25.60,24.80,25.50,27.25,23.75,11127400,HSX,stock
2025-04-18,HPG,25.65,25.75,25.45,25.45,27.25,23.75,10518800,HSX,stock
2025-04-21,HPG,25.45,25.45,24.95,24.95,27.20,23.70,6928000,HSX,stock
2025-04-22,HPG,24.80,25.10,23.40,25.05,26.65,23.25,18818700,HSX,stock
2025-04-23,HPG,25.50,25.70,25.35,25.55,26.80,23.30,10314700,HSX,stock
2025-04-24,HPG,25.70,25.70,25.20,25.60,27.30,23.80,8854600,HSX,stock
2025-04-25,HPG,25.45,25.70,25.25,25.70,27.35,23.85,16151800,HSX,stock
2025-04-28,HPG,25.70,25.70,25.35,25.65,27.45,23.95,5058200,HSX,stock
2025-04-29,HPG,25.65,25.70,25.40,25.50,27.40,23.90,8234900,HSX,stock
2025-05-05,HPG,25.65,25.75,25.35,25.70,27.25,23.75,65713000,HSX,stock
2025-05-06,HPG,25.75,26.05,25.45,25.45,,,94909700,HSX,stock
2025-05-07,HPG,25.35,25.50,25.35,25.40,27.20,23.70,28954200,HSX,stock
2025-05-08,HPG,25.40,25.85,25.30,25.70,27.15,23.65,81957600,HSX,stock
2025-05-09,HPG,25.70,25.75,25.50,25.65,27.45,23.95,43166700,HSX,stock
2025-05-12,HPG,25.55,25.75,24.75,25.40,27.40,23.90,114142000,HSX,stock
2025-05-13,HPG,25.60,26.00,25.60,25.80,27.15,23.65,173728900,HSX,stock
2025-05-14,HPG,25.90,26.55,25.85,26.15,27.60,24.00,74159700,HSX,stock
2025-05-15,HPG,26.20,26.20,25.85,26.15,27.95,24.35,70828500,HSX,stock
2025-05-16,HPG,26.15,26.20,25.80,25.80,27.95,24.35,77528900,HSX,stock
2025-05-19,HPG,25.75,25.95,25.55,25.65,27.60,24.00,94812600,HSX,stock
2025-05-20,HPG,25.60,25.80,25.60,25.65,27.40,23.90,39988800,HSX,stock
2025-05-21,HPG,25.75,26.10,25.65,25.75,27.40,23.90,81238800,HSX,stock
2025-05-22,HPG,25.75,25.95,25.55,25.65,27.55,23.95,101563800,HSX,stock
2025-05-23,HPG,25.75,25.85,25.55,25.60,27.40,23.90,78323800,HSX,stock
2025-05-26,HPG,25.65,25.65,25.05,25.55,27.35,23.85,111219300,HSX,stock
2025-05-27,HPG,25.55,26.15,25.55,25.55,27.30,23.80,93860000,HSX,stock
2025-05-28,HPG,25.75,25.90,25.55,25.60,27.30,23.80,28112000,HSX,stock
2025-05-29,HPG,25.70,25.80,25.50,25.55,27.35,23.85,61539600,HSX,stock
2025-05-30,HPG,25.65,26.65,25.65,25.75,27.30,23.80,232304000,HSX,stock
2025-06-02,HPG,25.60,25.65,25.35,25.55,27.55,23.95,117977100,HSX,stock
2025-06-03,HPG,25.80,26.20,25.75,26.00,27.30,23.80,235696900,HSX,stock
2025-06-04,HPG,26.10,26.40,25.95,25.95,27.80,24.20,58535000,HSX,stock
2025-06-05,HPG,26.00,26.05,25.70,25.75,27.75,24.15,72433900,HSX,stock
2025-06-06,HPG,26.05,26.50,25.90,26.05,27.55,23.95,203575000,HSX,stock
2025-06-09,HPG,26.10,26.40,25.95,26.30,27.85,24.25,301542000,HSX,stock
2025-06-10,HPG,26.50,26.85,26.20,26.20,28.10,24.50,118057400,HSX,stock
2025-06-11,HPG,26.30,26.35,26.00,26.10,28.00,24.40,46581100,HSX,stock
2025-06-12,HPG,26.15,27.10,26.15,26.80,27.90,24.30,143835800,HSX,stock
2025-06-13,HPG,26.60,26.75,26.30,26.40,28.65,24.95,122976100,HSX,stock
2025-06-16,HPG,26.35,27.00,26.35,26.75,28.20,24.60,137120600,HSX,stock
2025-06-17,HPG,26.90,27.10,26.75,26.85,28.60,24.90,99822500,HSX,stock
2025-06-18,HPG,26.90,27.20,26.80,27.15,28.70,25.00,78186900,HSX,stock
2025-06-19,HPG,27.15,27.20,26.80,26.90,29.05,25.25,69915000,HSX,stock
2025-06-20,HPG,27.00,27.10,26.85,27.00,28.75,25.05,436499700,HSX,stock
2025-06-23,HPG,26.85,27.00,26.60,26.85,28.85,25.15,111766700,HSX,stock
2025-06-24,HPG,27.05,27.20,26.95,27.00,28.70,25.00,180555800,HSX,stock
2025-06-25,HPG,27.10,27.45,26.95,27.20,28.85,25.15,502769900,HSX,stock
2025-06-26,HPG,23.05,23.15,22.75,22.80,24.20,21.10,564499500,HSX,stock
2025-06-27,HPG,22.95,22.95,22.75,22.85,24.35,21.25,72546900,HSX,stock
2025-06-30,HPG,22.90,22.95,22.70,22.70,24.40,21.30,166167500,HSX,stock
2025-07-01,HPG,22.75,22.90,22.60,22.65,24.25,21.15,130549500,HSX,stock
2025-07-02,HPG,22.65,22.90,22.55,22.90,24.20,21.10,146166600,HSX,stock
2025-07-03,HPG,23.00,23.65,23.00,23.10,24.50,21.30,222059000,HSX,stock
2025-07-04,HPG,23.15,23.25,23.10,23.25,24.70,21.50,129110600,HSX,stock
2025-07-07,HPG,23.70,23.70,23.40,23.60,24.85,21.65,502339000,HSX,stock
2025-07-08,HPG,23.65,24.80,23.55,24.70,25.25,21.95,201236300,HSX,stock
2025-07-09,HPG,24.80,25.10,24.60,24.75,26.40,23.00,160459700,HSX,stock
2025-07-10,HPG,24.85,25.20,24.55,25.15,26.45,23.05,223836000,HSX,stock
2025-07-11,HPG,25.25,26.25,25.05,26.00,26.90,23.40,272085400,HSX,stock
2025-07-14,HPG,26.20,26.45,25.55,25.75,27.80,24.20,212407900,HSX,stock
2025-07-15,HPG,25.80,26.00,25.50,25.50,27.55,23.95,628268200,HSX,stock
2025-07-16,HPG,25.45,26.20,25.40,26.10,27.25,23.75,149898400,HSX,stock
2025-07-17,HPG,26.20,26.35,25.90,26.00,27.90,24.30,52951100,HSX,stock
2025-07-18,HPG,26.00,26.10,25.75,25.90,27.80,24.20,203299300,HSX,stock
2025-07-21,HPG,26.40,27.00,26.10,26.20,27.70,24.10,415821800,HSX,stock
2025-07-22,HPG,26.15,26.45,26.00,26.45,28.00,24.40,30333100,HSX,stock
2025-07-23,HPG,26.55,26.95,26.40,26.40,28.30,24.60,123341400,HSX,stock
2025-07-24,HPG,26.40,26.45,25.90,26.00,28.20,24.60,238256800,HSX,stock
2025-07-25,HPG,26.00,26.30,25.90,26.05,27.80,24.20,244895900,HSX,stock
2025-07-28,HPG,26.10,26.85,26.00,26.35,27.85,24.25,400894500,HSX,stock
2025-07-29,HPG,26.45,26.60,25.35,25.35,28.15,24.55,2346945400,HSX,stock
2025-07-30,HPG,25.60,25.75,25.10,25.40,27.10,23.60,343426900,HSX,stock
2025-07-31,HPG,25.45,25.60,24.75,24.95,27.15,23.65,296922500,HSX,stock
2025-08-01,HPG,24.85,25.30,24.80,25.15,26.65,23.25,311771400,HSX,stock
2025-08-04,HPG,25.10,25.45,24.95,25.30,26.90,23.40,216039100,HSX,stock
2025-08-05,HPG,25.45,27.05,25.45,26.40,27.05,23.55,613985900,HSX,stock
2025-08-06,HPG,26.75,27.70,26.65,27.10,28.20,24.60,385925500,HSX,stock
2025-08-07,HPG,27.35,28.55,27.00,28.50,28.95,25.25,831497400,HSX,stock
2025-08-08,HPG,28.60,28.65,27.60,28.00,30.45,26.55,414262900,HSX,stock
2025-08-11,HPG,28.15,28.45,27.80,28.15,29.95,26.05,331809300,HSX,stock
2025-08-12,HPG,28.35,29.10,28.15,28.50,30.10,26.20,399623700,HSX,stock
2025-08-13,HPG,28.55,28.60,27.85,28.10,30.45,26.55,156001500,HSX,stock
2025-08-14,HPG,28.20,28.45,28.00,28.20,30.05,26.15,286164600,HSX,stock
2025-08-15,HPG,28.45,28.80,27.85,28.00,30.15,26.25,923955500,HSX,stock
2025-08-18,HPG,28.30,28.80,28.20,28.40,29.95,26.05,451141300,HSX,stock
2025-08-19,HPG,28.60,28.70,28.10,28.15,30.35,26.45,335311900,HSX,stock
2025-08-20,HPG,28.20,28.25,27.05,27.40,30.10,26.20,390397600,HSX,stock
2025-08-21,HPG,27.45,27.80,27.30,27.40,29.30,25.50,670201000,HSX,stock
2025-08-22,HPG,26.95,27.10,26.00,26.00,29.30,25.50,1938681000,HSX,stock
2025-08-25,HPG,26.50,26.75,25.85,25.95,27.80,24.20,428110200,HSX,stock
2025-08-26,HPG,26.10,27.20,26.10,27.20,27.75,24.15,941535600,HSX,stock
2025-08-27,HPG,27.25,27.25,26.75,26.75,29.10,25.30,519751900,HSX,stock
2025-08-28,HPG,26.95,27.50,26.85,27.10,28.60,24.90,535555300,HSX,stock
2025-08-29,HPG,27.20,27.85,27.05,27.50,28.95,25.25,781801100,HSX,stock
2025-09-03,HPG,27.40,29.00,27.25,28.15,29.40,25.60,551936500,HSX,stock
2025-09-04,HPG,28.45,29.90,28.35,29.85,30.10,26.20,1763320900,HSX,stock
2025-09-05,HPG,30.00,30.10,28.80,28.80,31.90,27.80,3815135000,HSX,stock
2025-09-08,HPG,28.70,29.75,28.65,28.90,30.80,26.80,1790745600,HSX,stock
2025-09-09,HPG,29.20,29.25,28.20,28.85,30.90,26.90,547807000,HSX,stock
2025-09-10,HPG,28.85,29.20,28.40,28.85,30.85,26.85,229713700,HSX,stock
2025-09-11,HPG,28.70,29.20,28.00,29.15,30.85,26.85,945769200,HSX,stock
2025-09-12,HPG,29.20,30.10,29.15,30.00,31.15,27.15,2090423500,HSX,stock
2025-09-15,HPG,30.25,30.85,30.10,30.35,32.10,27.90,413444800,HSX,stock
2025-09-16,HPG,30.55,30.55,29.75,29.95,32.45,28.25,796709600,HSX,stock
2025-09-17,HPG,29.90,30.25,29.20,29.20,32.00,27.90,1726800800,HSX,stock
2025-09-18,HPG,29.35,29.40,28.60,29.15,31.20,27.20,280070000,HSX,stock
2025-09-19,HPG,29.30,29.40,28.80,29.25,31.15,27.15,834668900,HSX,stock
2025-09-22,HPG,29.25,29.25,28.30,28.40,31.25,27.25,756860700,HSX,stock
2025-09-23,HPG,28.55,28.85,28.45,28.65,30.35,26.45,199987400,HSX,stock
2025-09-24,HPG,28.65,29.05,28.25,29.05,30.65,26.65,304012800,HSX,stock
2025-09-25,HPG,29.15,29.30,28.75,28.80,31.05,27.05,269295200,HSX,stock
2025-09-26,HPG,28.85,29.20,28.55,28.55,30.80,26.80,592645200,HSX,stock
2025-09-29,HPG,28.55,28.90,28.40,28.60,30.50,26.60,225579300,HSX,stock
2025-09-30,HPG,28.55,28.60,27.90,28.15,30.60,26.60,316477400,HSX,stock
2025-10-01,HPG,28.30,28.50,28.10,28.30,30.10,26.20,125443400,HSX,stock
2025-10-02,HPG,28.35,28.65,28.05,28.10,30.25,26.35,296947900,HSX,stock
2025-10-03,HPG,28.10,28.10,27.35,27.65,30.05,26.15,530079200,HSX,stock
2025-10-06,HPG,28.10,29.20,28.10,29.20,29.55,25.75,466482400,HSX,stock
2025-10-07,HPG,29.20,29.35,29.00,29.00,31.20,27.20,687473300,HSX,stock
2025-10-08,HPG,29.25,29.40,28.75,29.20,31.00,27.00,797834800,HSX,stock
2025-10-09,HPG,29.40,29.40,28.85,28.95,31.20,27.20,199139300,HSX,stock
2025-10-10,HPG,29.00,29.75,28.90,29.60,30.95,26.95,309777800,HSX,stock
2025-10-13,HPG,29.05,29.25,28.85,29.00,31.65,27.55,1306755300,HSX,stock
2025-10-14,HPG,29.05,29.25,28.30,28.35,31.00,27.00,908928700,HSX,stock
2025-10-15,HPG,28.40,28.70,28.20,28.25,30.30,26.40,227497100,HSX,stock
2025-10-16,HPG,28.25,28.80,28.00,28.25,30.20,26.30,262033300,HSX,stock
2025-10-17,HPG,28.30,28.65,28.00,28.00,30.20,26.30,1394123800,HSX,stock
2025-10-20,HPG,27.90,28.25,26.05,26.05,29.95,26.05,7681484800,HSX,stock
2025-10-21,HPG,26.30,27.00,26.00,26.80,27.85,24.25,659201200,HSX,stock
2025-10-22,HPG,26.90,26.90,26.15,26.70,28.65,24.95,292774600,HSX,stock
2025-10-23,HPG,26.75,27.00,26.50,26.50,28.55,24.85,383185100,HSX,stock
2025-10-24,HPG,26.50,26.70,26.10,26.40,28.35,24.65,143467600,HSX,stock
2025-10-27,HPG,26.75,26.85,26.25,26.25,28.20,24.60,357343700,HSX,stock
2025-10-28,HPG,26.35,26.80,26.15,26.80,28.05,24.45,209589100,HSX,stock
2025-10-29,HPG,26.90,27.55,26.90,27.25,28.65,24.95,271062300,HSX,stock
2025-10-30,HPG,27.40,27.40,26.90,26.90,29.15,25.35,153753300,HSX,stock
2025-10-31,HPG,26.90,27.10,26.70,26.70,28.75,25.05,482654100,HSX,stock
2025-11-03,HPG,26.75,26.90,26.05,26.05,28.55,24.85,1448251100,HSX,stock
2025-11-04,HPG,26.15,26.85,25.95,26.75,27.85,24.25,339269500,HSX,stock
2025-11-05,HPG,26.45,26.75,26.25,26.30,28.60,24.90,91357400,HSX,stock
2025-11-06,HPG,26.35,26.50,26.10,26.10,28.10,24.50,92890400,HSX,stock
2025-11-07,HPG,26.15,26.55,26.00,26.05,27.90,24.30,323191300,HSX,stock
2025-11-10,HPG,26.20,26.75,26.10,26.45,27.85,24.25,172113700,HSX,stock
2025-11-11,HPG,26.60,26.90,26.45,26.60,28.30,24.60,98161700,HSX,stock
2025-11-12,HPG,26.65,27.10,26.65,27.00,28.45,24.75,277584500,HSX,stock
2025-11-13,HPG,27.00,27.05,26.55,26.55,28.85,25.15,79486500,HSX,stock
2025-11-14,HPG,26.50,26.95,26.50,26.90,28.40,24.70,106786800,HSX,stock
2025-11-17,HPG,27.05,27.35,27.05,27.30,28.75,25.05,159300100,HSX,stock
2025-11-18,HPG,27.25,27.60,27.15,27.50,29.20,25.40,142563900,HSX,stock
2025-11-19,HPG,27.50,28.35,27.45,27.60,29.40,25.60,209453900,HSX,stock
2025-11-20,HPG,27.70,27.80,27.15,27.25,29.50,25.70,117877400,HSX,stock
2025-11-21,HPG,27.15,27.45,26.90,27.40,29.15,25.35,122417100,HSX,stock
2025-11-24,HPG,27.40,27.55,27.10,27.10,29.30,25.50,154374500,HSX,stock
2025-11-25,HPG,27.15,27.35,26.90,26.90,28.95,25.25,397505400,HSX,stock
2025-11-26,HPG,26.95,27.20,26.85,27.10,28.75,25.05,59843900,HSX,stock
2025-11-27,HPG,27.20,27.30,26.90,26.90,28.95,25.25,89962500,HSX,stock
2025-11-28,HPG,26.90,27.05,26.55,26.55,28.75,25.05,223752300,HSX,stock
2025-12-01,HPG,26.65,26.75,26.50,26.50,28.40,24.70,161806600,HSX,stock
2025-12-02,HPG,26.55,26.65,26.20,26.50,28.35,24.65,77975600,HSX,stock
2025-12-03,HPG,26.60,26.85,26.45,26.80,28.35,24.65,66075700,HSX,stock
2025-12-04,HPG,26.95,27.45,26.90,27.30,28.65,24.95,207529600,HSX,stock
2025-12-05,HPG,27.35,27.35,27.00,27.00,29.20,25.40,232182500,HSX,stock
2025-12-08,HPG,26.90,27.10,26.75,26.75,28.85,25.15,361531600,HSX,stock
2025-12-09,HPG,26.70,26.90,26.40,26.40,28.60,24.90,230901000,HSX,stock
2025-12-10,HPG,26.65,27.00,26.60,26.65,28.20,24.60,78681500,HSX,stock
2025-12-11,HPG,26.70,26.90,26.50,26.55,28.50,24.80,137665100,HSX,stock
2025-12-12,HPG,26.60,26.70,26.00,26.00,28.40,24.70,1333974500,HSX,stock
2025-12-15,HPG,26.25,26.40,26.05,26.25,27.80,24.20,280810800,HSX,stock
2025-12-16,HPG,26.35,26.95,26.25,26.70,28.05,24.45,124593600,HSX,stock
2025-12-17,HPG,26.70,26.70,26.40,26.40,28.55,24.85,146477700,HSX,stock
2025-12-18,HPG,26.40,26.55,26.25,26.40,28.20,24.60,40264900,HSX,stock
2025-12-19,HPG,26.40,26.70,26.40,26.70,28.20,24.60,653473000,HSX,stock
2025-12-22,HPG,26.70,27.10,26.60,26.90,28.55,24.85,206948400,HSX,stock
2025-12-23,HPG,27.05,27.20,26.65,26.75,28.75,25.05,117020700,HSX,stock
2025-12-24,HPG,26.85,26.85,26.50,26.55,28.60,24.90,97762300,HSX,stock
2025-12-25,HPG,26.55,26.65,26.25,26.25,28.40,24.70,828107100,HSX,stock
2025-12-26,HPG,27.10,27.70,26.65,26.90,28.05,24.45,1492695400,HSX,stock
2025-12-29,HPG,27.00,27.00,26.65,26.70,28.75,25.05,249252800,HSX,stock
2025-12-30,HPG,26.70,26.85,26.50,26.50,28.55,24.85,235057600,HSX,stock
2025-12-31,HPG,26.45,26.60,26.35,26.40,28.35,24.65,419101000,HSX,stock
2026-01-05,HPG,26.40,26.55,25.70,25.95,28.20,24.60,236390900,HSX,stock
2026-01-06,HPG,26.00,26.20,25.35,25.95,27.75,24.15,95436400,HSX,stock
2026-01-07,HPG,25.95,26.75,25.95,26.60,27.75,24.15,168853300,HSX,stock
2026-01-08,HPG,26.70,26.80,26.40,26.40,28.45,24.75,120426000,HSX,stock
2026-01-09,HPG,26.80,26.80,26.20,26.20,28.20,24.60,352325200,HSX,stock
2026-01-12,HPG,26.35,27.60,26.35,27.50,28.00,24.40,522948700,HSX,stock
2026-01-13,HPG,27.75,27.90,27.00,27.25,29.40,25.60,431597000,HSX,stock
2026-01-14,HPG,27.45,27.60,27.00,27.25,29.15,25.35,260347600,HSX,stock
2026-01-15,HPG,27.25,27.90,27.25,27.60,29.15,25.35,124011000,HSX,stock
2026-01-16,HPG,27.80,28.25,27.30,27.60,29.50,25.70,366538500,HSX,stock
2026-01-19,HPG,27.90,28.20,27.65,27.70,29.50,25.70,61101200,HSX,stock
2026-01-20,HPG,27.85,27.95,27.10,27.25,29.60,25.80,426560200,HSX,stock
2026-01-21,HPG,27.15,27.25,26.65,26.80,29.15,25.35,126582300,HSX,stock
2026-01-22,HPG,26.90,27.30,26.85,26.85,28.65,24.95,153688000,HSX,stock
2026-01-23,HPG,27.10,27.15,26.75,26.75,28.70,25.00,191398400,HSX,stock
2026-01-26,HPG,26.75,26.80,26.15,26.30,28.60,24.90,219209500,HSX,stock
2026-01-27,HPG,26.35,26.55,26.20,26.45,28.10,24.50,168329400,HSX,stock
2026-01-28,HPG,26.55,27.10,26.55,26.70,28.30,24.60,65103600,HSX,stock
2026-01-29,HPG,26.80,27.10,26.80,27.10,28.55,24.85,393866800,HSX,stock
2026-01-30,HPG,27.30,27.50,26.75,26.80,28.95,25.25,466798500,HSX,stock
2026-02-02,HPG,26.80,26.80,26.25,26.55,28.65,24.95,245561000,HSX,stock
2026-02-03,HPG,26.65,27.10,26.65,26.75,28.40,24.70,83767300,HSX,stock
2026-02-04,HPG,26.85,28.60,26.85,28.30,28.60,24.90,524191000,HSX,stock
2026-02-05,HPG,28.30,28.35,27.55,27.55,30.25,26.35,616352800,HSX,stock
2026-02-06,HPG,27.35,28.10,26.80,26.80,29.45,25.65,1207831300,HSX,stock
2026-02-09,HPG,27.05,27.30,26.70,26.75,28.65,24.95,156761200,HSX,stock
2026-02-10,HPG,26.90,26.95,26.40,26.55,28.60,24.90,102109000,HSX,stock
2026-02-11,HPG,26.65,27.10,26.50,26.85,28.40,24.70,163173300,HSX,stock
2026-02-12,HPG,27.00,27.10,26.75,26.90,28.70,25.00,54973000,HSX,stock
2026-02-13,HPG,26.90,27.15,26.80,26.85,28.75,25.05,570137100,HSX,stock
2026-02-23,HPG,27.10,27.50,27.10,27.50,28.70,25.00,146291200,HSX,stock
2026-02-24,HPG,27.50,28.40,27.35,28.30,29.40,25.60,739680100,HSX,stock
2026-02-25,HPG,28.40,29.70,28.40,29.30,30.25,26.35,567727400,HSX,stock
2026-02-26,HPG,29.50,29.55,28.80,29.40,31.35,27.25,360546500,HSX,stock
2026-02-27,HPG,29.35,29.40,28.80,28.80,31.45,27.35,1306508200,HSX,stock
2026-03-02,HPG,28.20,29.25,28.05,28.50,30.80,26.80,2946265900,HSX,stock
2026-03-03,HPG,28.80,28.85,27.60,27.70,30.45,26.55,1130953800,HSX,stock
2026-03-04,HPG,27.60,27.85,26.80,27.70,29.60,25.80,279175500,HSX,stock
2026-03-05,HPG,27.95,28.15,27.10,27.25,29.60,25.80,547128600,HSX,stock
2026-03-06,HPG,27.00,27.60,26.85,27.25,29.15,25.35,429877200,HSX,stock
2026-03-09,HPG,25.50,26.15,25.35,25.35,29.15,25.35,2113010400,HSX,stock
2026-03-10,HPG,26.80,27.10,26.15,27.10,27.10,23.60,2381444100,HSX,stock
2026-03-11,HPG,27.15,27.65,26.95,27.40,28.95,25.25,364018800,HSX,stock
2026-03-12,HPG,27.00,27.15,26.65,26.80,29.30,25.50,412149200,HSX,stock
2026-03-13,HPG,26.70,27.20,26.50,26.65,28.65,24.95,261814200,HSX,stock
2026-03-16,HPG,26.65,26.95,26.55,26.75,28.50,24.80,101715500,HSX,stock
2026-03-17,HPG,27.00,27.35,26.90,26.90,28.60,24.90,115048300,HSX,stock
2026-03-18,HPG,26.90,27.15,26.65,26.80,28.75,25.05,108084900,HSX,stock
2026-03-19,HPG,26.50,26.85,26.35,26.70,28.65,24.95,156829300,HSX,stock
2026-03-20,HPG,26.50,26.55,25.90,25.90,28.55,24.85,9150318700,HSX,stock
2026-03-23,HPG,25.65,26.20,25.25,25.50,27.70,24.10,836564700,HSX,stock
2026-03-24,HPG,26.00,26.30,25.85,25.95,27.25,23.75,363401700,HSX,stock
2026-03-25,HPG,26.30,26.40,26.10,26.35,27.75,24.15,128677200,HSX,stock
2026-03-26,HPG,26.30,26.35,25.90,25.90,28.15,24.55,92028700,HSX,stock
2026-03-27,HPG,25.95,26.70,25.85,26.50,27.70,24.10,128651900,HSX,stock
2026-03-30,HPG,26.15,27.10,25.95,26.90,28.35,24.65,186507100,HSX,stock
2026-03-31,HPG,27.05,27.25,26.80,26.90,28.75,25.05,151213700,HSX,stock
2026-04-01,HPG,27.35,27.45,27.10,27.15,28.75,25.05,199652300,HSX,stock
2026-04-02,HPG,27.00,27.50,26.75,27.35,29.05,25.25,710069300,HSX,stock
2026-04-03,HPG,27.35,27.40,26.60,26.65,29.25,25.45,276123700,HSX,stock
2026-04-06,HPG,26.65,27.10,26.60,26.85,28.50,24.80,144381000,HSX,stock
2026-04-07,HPG,26.80,27.10,26.75,26.80,28.70,25.00,114271600,HSX,stock
2026-04-08,HPG,27.50,28.05,27.40,28.00,28.65,24.95,793195500,HSX,stock
2026-04-09,HPG,27.90,28.60,27.65,28.25,29.95,26.05,409417400,HSX,stock
2026-04-10,HPG,28.60,28.60,28.00,28.00,30.20,26.30,869230400,HSX,stock
2026-04-13,HPG,27.85,28.15,27.80,27.80,29.95,26.05,164481400,HSX,stock
2026-04-14,HPG,28.10,28.80,27.95,28.55,29.70,25.90,252554800,HSX,stock
2026-04-15,HPG,28.70,28.75,28.05,28.05,30.50,26.60,292000400,HSX,stock
2026-04-16,HPG,28.05,28.20,27.75,27.95,30.00,26.10,104279400,HSX,stock
2026-04-17,HPG,27.95,28.25,27.90,28.00,29.90,26.00,185840900,HSX,stock
2026-04-20,HPG,28.15,28.45,28.05,28.45,29.95,26.05,415577000,HSX,stock
2026-04-21,HPG,29.15,29.45,28.50,28.55,30.40,26.50,1250907600,HSX,stock
2026-04-22,HPG,28.55,28.70,28.05,28.20,30.50,26.60,160030500,HSX,stock
2026-04-23,HPG,28.20,28.35,27.60,27.80,30.15,26.25,207466000,HSX,stock
2026-04-24,HPG,27.90,27.95,27.50,27.90,29.70,25.90,176200800,HSX,stock
2026-04-28,HPG,27.80,28.00,27.70,27.75,29.85,25.95,301643500,HSX,stock
2026-04-29,HPG,27.65,27.90,27.60,27.75,29.65,25.85,190961900,HSX,stock
2026-05-04,HPG,27.75,27.95,27.40,27.60,29.65,25.85,164164700,HSX,stock
2026-05-05,HPG,27.65,27.70,27.20,27.30,29.50,25.70,177628700,HSX,stock
2026-05-06,HPG,27.40,27.80,27.30,27.60,29.20,25.40,175676900,HSX,stock
2026-05-07,HPG,27.80,27.90,27.60,27.75,29.50,25.70,126511200,HSX,stock
2026-05-08,HPG,27.75,27.90,27.55,27.85,29.65,25.85,145864500,HSX,stock
2026-05-11,HPG,27.50,27.50,27.00,27.00,29.25,25.45,337201200,HSX,stock
2026-05-12,HPG,27.00,27.20,26.85,26.90,28.85,25.15,103000100,HSX,stock
2026-05-13,HPG,26.95,27.25,26.80,27.10,28.75,25.05,91824300,HSX,stock
2026-05-14,HPG,27.30,27.40,27.05,27.05,28.95,25.25,125915100,HSX,stock
2026-05-15,HPG,27.05,27.10,26.45,26.55,28.90,25.20,429502300,HSX,stock
2026-05-18,HPG,26.50,26.70,26.25,26.45,28.40,24.70,229154500,HSX,stock
2026-05-19,HPG,26.50,26.65,26.25,26.25,28.30,24.60,280988500,HSX,stock
2026-05-20,HPG,26.30,26.40,25.75,26.20,28.05,24.45,124369100,HSX,stock
2026-05-21,HPG,26.35,26.70,26.30,26.55,28.00,24.40,85016200,HSX,stock
2026-05-22,HPG,26.60,26.65,26.35,26.35,28.40,24.70,295835900,HSX,stock
2026-05-25,HPG,24.25,24.35,24.10,24.10,25.60,22.30,537725800,HSX,stock
2026-05-26,HPG,24.10,24.25,24.00,24.25,25.75,22.45,269501200,HSX,stock
2026-05-27,HPG,24.40,24.50,24.15,24.15,25.90,22.60,141287300,HSX,stock
2026-05-28,HPG,24.15,24.25,24.00,24.00,25.80,22.50,275106600,HSX,stock
2026-05-29,HPG,24.05,24.20,23.90,24.00,25.65,22.35,291291900,HSX,stock
2026-06-01,HPG,24.00,24.15,23.95,24.05,25.65,22.35,48041600,HSX,stock
2026-06-02,HPG,24.00,24.05,23.70,23.70,25.70,22.40,401898500,HSX,stock
2026-06-03,HPG,23.70,24.15,23.60,24.15,25.35,22.05,215316300,HSX,stock
2026-06-04,HPG,24.15,24.15,23.90,23.95,25.80,22.50,66286700,HSX,stock
2026-06-05,HPG,23.95,24.05,23.75,23.75,25.60,22.30,194406800,HSX,stock
2026-06-08,HPG,23.65,23.75,23.30,23.30,25.40,22.10,312771000,HSX,stock
2026-06-09,HPG,23.35,23.55,23.30,23.55,24.90,21.70,101284700,HSX,stock
2026-06-10,HPG,23.55,23.70,23.45,23.60,25.15,21.95,63292500,HSX,stock
2026-06-11,HPG,23.50,23.55,23.30,23.30,25.25,21.95,151091200,HSX,stock
2026-06-12,HPG,23.55,23.55,23.20,23.20,24.90,21.70,218527000,HSX,stock
2026-06-15,HPG,23.55,24.35,23.55,24.35,24.80,21.60,488723200,HSX,stock
2026-06-16,HPG,24.25,24.35,24.10,24.20,26.05,22.65,120573800,HSX,stock
2026-06-17,HPG,24.20,24.30,24.00,24.00,25.85,22.55,144044800,HSX,stock
2026-06-18,HPG,24.05,24.15,23.65,23.65,25.65,22.35,268062400,HSX,stock
2026-06-19,HPG,23.80,23.90,23.60,23.60,25.30,22.00,467131900,HSX,stock
2026-06-22,HPG,23.70,23.85,23.60,23.60,25.25,21.95,115854700,HSX,stock
2026-06-23,HPG,23.65,23.70,23.30,23.30,25.25,21.95,206558100,HSX,stock
2026-06-24,HPG,23.40,23.60,23.30,23.50,24.90,21.70,32554600,HSX,stock
2026-06-25,HPG,23.50,23.60,23.40,23.40,25.10,21.90,61001800,HSX,stock
2026-06-26,HPG,23.40,23.50,23.35,23.50,25.00,21.80,46539100,HSX,stock
2026-06-29,HPG,23.55,23.65,23.45,23.65,25.10,21.90,62931800,HSX,stock
2026-06-30,HPG,23.70,23.70,23.25,23.30,25.30,22.00,249768400,HSX,stock
2026-07-01,HPG,23.40,23.55,23.35,23.45,24.90,21.70,34833200,HSX,stock
2026-07-02,HPG,23.50,23.65,23.35,23.40,25.05,21.85,171299700,HSX,stock
2026-07-03,HPG,23.40,23.50,23.25,23.25,25.00,21.80,147585500,HSX,stock
2026-07-06,HPG,23.40,23.60,23.00,23.10,24.85,21.65,98824400,HSX,stock
2026-07-07,HPG,23.20,23.25,23.00,23.10,24.70,21.50,71122800,HSX,stock
2026-07-08,HPG,23.15,23.40,23.05,23.20,24.70,21.50,25746900,HSX,stock
2026-07-09,HPG,23.20,23.25,23.10,23.20,24.80,21.60,39865000,HSX,stock
2026-07-10,HPG,23.20,23.25,22.95,22.95,24.80,21.60,284175800,HSX,stock
2026-07-13,HPG,22.95,22.95,22.35,22.40,24.55,21.35,370605000,HSX,stock
2026-07-14,HPG,22.30,22.50,22.00,22.50,23.95,20.85,199154400,HSX,stock
2026-07-15,HPG,22.50,22.60,22.15,22.40,24.05,20.95,299066500,HSX,stock
2026-07-16,HPG,22.30,22.40,21.80,22.20,23.95,20.85,85800400,HSX,stock
2022-01-04,MBB,29.20,29.40,29.05,29.10,30.90,26.90,3803700,HSX,stock
2022-01-05,MBB,29.10,29.15,28.65,28.70,31.10,27.10,3873900,HSX,stock
2022-01-06,MBB,28.50,28.60,28.15,28.35,30.70,26.70,4791500,HSX,stock
2022-01-07,MBB,28.35,28.85,28.30,28.60,30.30,26.40,4276500,HSX,stock
2022-01-10,MBB,28.55,28.75,28.10,28.10,30.60,26.60,3566800,HSX,stock
2022-01-11,MBB,28.25,28.50,27.90,27.90,30.05,26.15,3607000,HSX,stock
2022-01-12,MBB,28.20,29.20,28.05,29.20,29.85,25.95,7274900,HSX,stock
2022-01-13,MBB,29.70,30.85,29.55,29.70,31.20,27.20,13167100,HSX,stock
2022-01-14,MBB,29.50,30.15,29.25,29.65,31.75,27.65,3985100,HSX,stock
2022-01-17,MBB,29.70,30.75,29.50,29.50,31.70,27.60,11288200,HSX,stock
2022-01-18,MBB,29.70,30.35,29.50,29.90,31.55,27.45,6171600,HSX,stock
2022-01-19,MBB,30.20,30.80,29.60,29.60,31.95,27.85,5149100,HSX,stock
2022-01-20,MBB,29.70,30.50,29.25,30.20,31.65,27.55,6911400,HSX,stock
2022-01-21,MBB,30.20,32.30,30.10,31.80,32.30,28.10,17702000,HSX,stock
2022-01-24,MBB,31.85,33.00,31.65,32.10,34.00,29.60,13841500,HSX,stock
2022-01-25,MBB,32.00,32.70,31.90,32.60,34.30,29.90,8323600,HSX,stock
2022-01-26,MBB,32.95,33.90,32.80,33.30,34.85,30.35,11656800,HSX,stock
2022-01-27,MBB,33.00,33.35,32.55,33.00,35.60,31.00,7095900,HSX,stock
2022-01-28,MBB,33.30,34.20,33.20,33.70,35.30,30.70,10762500,HSX,stock
2022-02-07,MBB,34.30,34.50,33.55,33.80,36.05,31.35,7102000,HSX,stock
2022-02-08,MBB,33.60,34.15,33.30,33.80,36.15,31.45,7568700,HSX,stock
2022-02-09,MBB,33.80,34.15,33.30,33.30,36.15,31.45,8651600,HSX,stock
2022-02-10,MBB,33.20,34.20,33.05,33.75,35.60,31.00,9598800,HSX,stock
2022-02-11,MBB,33.75,34.15,33.70,33.95,36.10,31.40,6141400,HSX,stock
2022-02-14,MBB,33.50,33.80,32.00,32.00,36.30,31.60,12252400,HSX,stock
2022-02-15,MBB,32.15,32.90,31.95,32.70,34.20,29.80,8813900,HSX,stock
2022-02-16,MBB,32.95,33.05,32.25,32.65,34.95,30.45,3814200,HSX,stock
2022-02-17,MBB,32.65,33.20,32.60,33.20,34.90,30.40,4307300,HSX,stock
2022-02-18,MBB,32.90,33.05,32.55,32.65,35.50,30.90,4980000,HSX,stock
2022-02-21,MBB,32.60,32.90,31.85,32.65,34.90,30.40,7767800,HSX,stock
2022-02-22,MBB,32.50,34.40,32.10,34.40,34.90,30.40,16766600,HSX,stock
2022-02-23,MBB,34.60,34.90,34.15,34.35,36.80,32.00,7114300,HSX,stock
2022-02-24,MBB,34.00,34.80,33.20,34.00,36.75,31.95,12648200,HSX,stock
2022-02-25,MBB,34.45,34.90,34.10,34.10,36.35,31.65,7473000,HSX,stock
2022-02-28,MBB,34.05,34.80,34.00,34.40,36.45,31.75,5665700,HSX,stock
2022-03-01,MBB,34.60,34.90,33.85,34.00,36.80,32.00,7871400,HSX,stock
2022-03-02,MBB,33.80,33.80,32.40,32.50,36.35,31.65,18745100,HSX,stock
2022-03-03,MBB,32.90,33.30,31.60,33.10,34.75,30.25,12324900,HSX,stock
2022-03-04,MBB,33.00,33.30,32.60,32.90,35.40,30.80,5612000,HSX,stock
2022-03-07,MBB,32.20,32.65,32.00,32.20,35.20,30.60,8433800,HSX,stock
2022-03-08,MBB,31.80,32.00,31.00,31.00,34.45,29.95,11107500,HSX,stock
2022-03-09,MBB,31.00,31.30,30.25,30.75,33.15,28.85,11371000,HSX,stock
2022-03-10,MBB,31.30,31.75,31.00,31.05,32.90,28.60,5281000,HSX,stock
2022-03-11,MBB,31.05,31.70,31.05,31.45,33.20,28.90,4961300,HSX,stock
2022-03-14,MBB,31.50,32.00,31.20,31.65,33.65,29.25,6525400,HSX,stock
2022-03-15,MBB,31.90,31.90,31.35,31.60,33.85,29.45,3490600,HSX,stock
2022-03-16,MBB,32.15,32.40,31.90,32.10,33.80,29.40,5333900,HSX,stock
2022-03-17,MBB,32.45,32.75,32.20,32.25,34.30,29.90,5109100,HSX,stock
2022-03-18,MBB,32.50,32.55,32.00,32.10,34.50,30.00,4022500,HSX,stock
2022-03-21,MBB,32.30,32.30,31.80,32.20,34.30,29.90,4712800,HSX,stock
2022-03-22,MBB,32.20,32.70,32.20,32.45,34.45,29.95,4659400,HSX,stock
2022-03-23,MBB,32.50,32.70,32.15,32.15,34.70,30.20,3829800,HSX,stock
2022-03-24,MBB,32.05,32.35,32.00,32.05,34.40,29.90,3680300,HSX,stock
2022-03-25,MBB,32.05,32.20,31.80,31.80,34.25,29.85,3456700,HSX,stock
2022-03-28,MBB,31.80,31.95,31.10,31.50,34.00,29.60,4848300,HSX,stock
2022-03-29,MBB,31.65,32.00,31.50,32.00,33.70,29.30,2869300,HSX,stock
2022-03-30,MBB,31.90,33.40,31.80,32.65,34.20,29.80,11032800,HSX,stock
2022-03-31,MBB,32.65,33.10,32.65,32.95,34.90,30.40,5809700,HSX,stock
2022-04-01,MBB,33.00,33.50,32.80,33.30,35.25,30.65,7136500,HSX,stock
2022-04-04,MBB,33.75,33.75,33.00,33.00,,,5603000,HSX,stock
2022-04-05,MBB,32.95,33.20,32.65,32.65,35.30,30.70,4835100,HSX,stock
2022-04-06,MBB,32.65,33.50,32.50,33.35,34.90,30.40,7644500,HSX,stock
2022-04-07,MBB,33.55,34.40,33.50,33.70,35.65,31.05,9813800,HSX,stock
2022-04-08,MBB,33.75,34.00,33.10,33.20,36.05,31.35,4893000,HSX,stock
2022-04-12,MBB,33.20,33.25,32.20,32.25,35.50,30.90,6636200,HSX,stock
2022-04-13,MBB,32.25,32.80,32.20,32.60,34.50,30.00,6457100,HSX,stock
2022-04-14,MBB,32.70,32.90,32.30,32.30,34.85,30.35,3496600,HSX,stock
2022-04-15,MBB,32.30,32.35,31.30,31.40,34.55,30.05,5962000,HSX,stock
2022-04-18,MBB,31.30,31.30,30.15,30.30,33.55,29.25,8175300,HSX,stock
2022-04-19,MBB,30.50,30.85,29.30,29.30,32.40,28.20,6653200,HSX,stock
2022-04-20,MBB,29.40,30.05,29.15,29.50,31.35,27.25,6177400,HSX,stock
2022-04-21,MBB,29.50,30.55,29.10,30.00,31.55,27.45,6496100,HSX,stock
2022-04-22,MBB,30.30,30.80,29.80,30.00,32.10,27.90,5028800,HSX,stock
2022-04-25,MBB,30.20,30.50,27.90,28.10,32.10,27.90,7353800,HSX,stock
2022-04-26,MBB,28.00,29.45,27.00,29.35,30.05,26.15,7277300,HSX,stock
2022-04-27,MBB,29.25,29.75,28.85,29.70,31.40,27.30,3609600,HSX,stock
2022-04-28,MBB,29.80,29.90,29.40,29.45,31.75,27.65,2910300,HSX,stock
2022-04-29,MBB,29.35,29.90,29.30,29.80,31.50,27.40,4771200,HSX,stock
2022-05-04,MBB,29.80,29.85,28.90,28.90,31.85,27.75,3659500,HSX,stock
2022-05-05,MBB,29.30,29.30,28.25,29.00,30.90,26.90,3454500,HSX,stock
2022-05-06,MBB,28.50,28.80,28.00,28.00,31.00,27.00,4164300,HSX,stock
2022-05-09,MBB,27.60,27.80,26.15,26.20,29.95,26.05,7515600,HSX,stock
2022-05-10,MBB,25.80,27.05,25.10,27.05,28.00,24.40,5232800,HSX,stock
2022-05-11,MBB,27.05,27.50,26.70,27.50,28.90,25.20,2937500,HSX,stock
2022-05-12,MBB,27.00,27.30,25.65,25.65,29.40,25.60,5102500,HSX,stock
2022-05-13,MBB,26.00,26.20,24.10,24.10,27.40,23.90,8174500,HSX,stock
2022-05-16,MBB,25.20,25.35,24.50,24.60,25.75,22.45,3834700,HSX,stock
2022-05-17,MBB,24.65,26.30,24.55,26.30,26.30,22.90,3260800,HSX,stock
2022-05-18,MBB,26.80,27.50,26.40,26.65,28.10,24.50,4284800,HSX,stock
2022-05-19,MBB,26.20,27.05,26.00,26.75,28.50,24.80,3501100,HSX,stock
2022-05-20,MBB,26.80,27.25,26.60,27.00,28.60,24.90,2511000,HSX,stock
2022-05-23,MBB,27.00,27.10,26.10,26.30,28.85,25.15,2686100,HSX,stock
2022-05-24,MBB,26.50,26.85,26.15,26.85,28.10,24.50,3058000,HSX,stock
2022-05-25,MBB,27.00,28.25,27.00,28.05,28.70,25.00,4697200,HSX,stock
2022-05-26,MBB,28.30,28.30,27.65,27.65,30.00,26.10,3213000,HSX,stock
2022-05-27,MBB,27.70,28.15,27.55,28.00,29.55,25.75,4498900,HSX,stock
2022-05-30,MBB,28.25,28.25,27.90,28.10,29.95,26.05,3912400,HSX,stock
2022-05-31,MBB,28.00,28.00,27.50,27.75,30.05,26.15,2416800,HSX,stock
2022-06-01,MBB,27.60,28.00,27.55,27.60,29.65,25.85,1884600,HSX,stock
2022-06-02,MBB,27.55,27.85,27.20,27.20,,,1547300,HSX,stock
2022-06-03,MBB,27.25,27.40,26.65,27.40,29.10,25.30,2047000,HSX,stock
2022-06-06,MBB,27.40,27.55,26.90,27.25,29.30,25.50,4037400,HSX,stock
2022-06-07,MBB,27.30,27.30,26.40,26.95,29.15,25.35,2580700,HSX,stock
2022-06-08,MBB,27.20,28.10,26.95,27.95,28.80,25.10,5506800,HSX,stock
2022-06-09,MBB,28.15,28.15,27.50,27.80,29.90,26.00,1968500,HSX,stock
2022-06-10,MBB,27.50,28.00,27.45,27.50,29.70,25.90,2475200,HSX,stock
2022-06-13,MBB,26.80,26.80,25.60,25.65,29.40,25.60,7349300,HSX,stock
2022-06-14,MBB,25.00,25.90,25.00,25.50,27.40,23.90,4614700,HSX,stock
2022-06-15,MBB,25.25,25.50,24.20,24.90,27.25,23.75,7255300,HSX,stock
2022-06-16,MBB,25.00,25.40,24.90,24.90,26.60,23.20,3604700,HSX,stock
2022-06-17,MBB,23.65,24.10,23.20,23.30,26.60,23.20,7896000,HSX,stock
2022-06-20,MBB,23.30,23.65,21.85,22.50,24.90,21.70,4978300,HSX,stock
2022-06-21,MBB,22.50,22.90,22.05,22.45,24.05,20.95,3332000,HSX,stock
2022-06-22,MBB,22.65,23.90,22.65,23.45,24.00,20.90,4735200,HSX,stock
2022-06-23,MBB,23.25,24.05,23.25,24.05,25.05,21.85,3141300,HSX,stock
2022-06-24,MBB,24.20,24.20,23.70,23.70,25.70,22.40,1919800,HSX,stock
2022-06-27,MBB,23.80,24.20,23.60,24.10,25.35,22.05,2932900,HSX,stock
2022-06-28,MBB,23.70,25.20,23.65,24.70,25.75,22.45,5290600,HSX,stock
2022-06-29,MBB,24.55,25.10,24.35,24.70,26.40,23.00,4337100,HSX,stock
2022-06-30,MBB,24.75,24.90,24.20,24.20,26.40,23.00,3633500,HSX,stock
2022-07-01,MBB,23.75,24.40,23.45,24.20,25.85,22.55,3314200,HSX,stock
2022-07-04,MBB,24.35,24.65,24.10,24.60,25.85,22.55,3310800,HSX,stock
2022-07-05,MBB,24.65,25.80,24.50,25.45,26.30,22.90,7254300,HSX,stock
2022-07-06,MBB,25.00,25.55,24.85,24.90,27.20,23.70,4088300,HSX,stock
2022-07-07,MBB,24.90,25.35,24.50,25.10,26.60,23.20,3311800,HSX,stock
2022-07-08,MBB,25.30,25.30,24.95,25.05,26.85,23.35,2757200,HSX,stock
2022-07-11,MBB,24.90,25.05,24.30,24.40,26.80,23.30,3948500,HSX,stock
2022-07-12,MBB,24.50,25.20,24.35,25.05,26.10,22.70,2769400,HSX,stock
2022-07-13,MBB,25.30,25.75,25.10,25.30,26.80,23.30,4378600,HSX,stock
2022-07-14,MBB,25.15,25.55,25.15,25.50,27.05,23.55,3733900,HSX,stock
2022-07-15,MBB,25.50,25.70,25.40,25.45,27.25,23.75,3915300,HSX,stock
2022-07-18,MBB,25.50,25.70,25.40,25.40,27.20,23.70,3215100,HSX,stock
2022-07-19,MBB,25.35,25.40,25.00,25.20,27.15,23.65,2377000,HSX,stock
2022-07-20,MBB,25.50,25.65,25.40,25.55,26.95,23.45,3671600,HSX,stock
2022-07-21,MBB,25.50,25.75,25.50,25.60,27.30,23.80,3254100,HSX,stock
2022-07-22,MBB,25.60,25.90,25.55,25.55,27.35,23.85,3103300,HSX,stock
2022-07-25,MBB,25.45,25.55,25.20,25.25,27.30,23.80,1712700,HSX,stock
2022-07-26,MBB,25.25,25.45,25.10,25.15,27.00,23.50,2065500,HSX,stock
2022-07-27,MBB,25.00,25.10,24.75,24.90,26.90,23.40,2658200,HSX,stock
2022-07-28,MBB,25.25,25.75,25.10,25.55,26.60,23.20,4448800,HSX,stock
2022-07-29,MBB,25.70,25.75,25.50,25.65,27.30,23.80,4646300,HSX,stock
2022-08-01,MBB,25.70,26.50,25.65,26.50,27.40,23.90,4599500,HSX,stock
2022-08-02,MBB,26.45,26.85,26.30,26.70,28.35,24.65,4713900,HSX,stock
2022-08-03,MBB,26.60,26.90,26.20,26.90,28.55,24.85,5099800,HSX,stock
2022-08-04,MBB,26.95,27.20,26.80,26.95,28.75,25.05,5556700,HSX,stock
2022-08-05,MBB,26.90,26.95,26.55,26.95,28.80,25.10,3813400,HSX,stock
2022-08-08,MBB,27.00,27.20,26.80,27.10,28.80,25.10,4421800,HSX,stock
2022-08-09,MBB,27.40,27.60,27.20,27.35,28.95,25.25,4688500,HSX,stock
2022-08-10,MBB,27.40,27.45,27.10,27.20,29.25,25.45,2811500,HSX,stock
2022-08-11,MBB,27.45,27.50,26.75,26.80,29.10,25.30,4815500,HSX,stock
2022-08-12,MBB,26.80,27.10,26.70,27.05,28.65,24.95,1883000,HSX,stock
2022-08-15,MBB,27.30,27.60,27.25,27.35,28.90,25.20,3591400,HSX,stock
2022-08-16,MBB,27.30,27.40,27.15,27.25,29.25,25.45,3282700,HSX,stock
2022-08-17,MBB,27.30,27.85,27.30,27.75,29.15,25.35,6984900,HSX,stock
2022-08-18,MBB,27.70,27.85,27.55,27.65,29.65,25.85,4619900,HSX,stock
2022-08-19,MBB,27.70,27.70,27.50,27.60,29.55,25.75,4514000,HSX,stock
2022-08-22,MBB,23.30,23.45,23.00,23.10,24.60,21.40,4691800,HSX,stock
2022-08-23,MBB,22.80,23.25,22.80,23.20,24.70,21.50,2689500,HSX,stock
2022-08-24,MBB,23.25,23.40,23.15,23.30,24.80,21.60,3218900,HSX,stock
2022-08-25,MBB,23.40,23.65,23.25,23.65,24.90,21.70,4447300,HSX,stock
2022-08-26,MBB,23.75,23.90,23.60,23.60,25.30,22.00,5084800,HSX,stock
2022-08-29,MBB,23.05,23.50,22.90,23.40,25.25,21.95,5127100,HSX,stock
2022-08-30,MBB,23.55,23.90,23.45,23.65,25.00,21.80,3852700,HSX,stock
2022-08-31,MBB,23.65,23.95,23.55,23.75,25.30,22.00,3203200,HSX,stock
2022-09-05,MBB,23.70,23.90,23.55,23.60,25.40,22.10,2951200,HSX,stock
2022-09-06,MBB,23.60,23.90,23.55,23.65,25.25,21.95,2850700,HSX,stock
2022-09-07,MBB,23.70,23.80,23.00,23.00,25.30,22.00,7620700,HSX,stock
2022-09-08,MBB,23.10,23.25,22.75,22.80,24.60,21.40,3593700,HSX,stock
2022-09-09,MBB,22.95,22.95,22.25,22.70,24.35,21.25,3957800,HSX,stock
2022-09-12,MBB,23.00,23.00,22.60,22.60,24.25,21.15,1585800,HSX,stock
2022-09-13,MBB,22.65,22.75,22.50,22.55,24.15,21.05,2908000,HSX,stock
2022-09-14,MBB,22.05,22.45,22.00,22.40,24.10,21.00,3004600,HSX,stock
2022-09-15,MBB,22.45,22.55,22.05,22.15,23.95,20.85,1880400,HSX,stock
2022-09-16,MBB,22.25,22.35,21.75,21.80,23.70,20.60,2957700,HSX,stock
2022-09-19,MBB,21.70,21.80,21.00,21.00,23.30,20.30,3727200,HSX,stock
2022-09-20,MBB,21.35,21.35,20.95,21.35,22.45,19.55,2690200,HSX,stock
2022-09-21,MBB,21.20,21.20,20.95,21.20,22.80,19.90,2103800,HSX,stock
2022-09-22,MBB,21.00,21.25,20.85,21.25,22.65,19.75,2593400,HSX,stock
2022-09-23,MBB,21.20,21.35,21.00,21.00,22.70,19.80,1862100,HSX,stock
2022-09-26,MBB,20.60,20.90,19.90,20.10,22.45,19.55,4194600,HSX,stock
2022-09-27,MBB,20.35,20.35,20.00,20.20,21.50,18.70,2248500,HSX,stock
2022-09-28,MBB,20.00,20.25,19.95,19.95,21.60,18.80,1928500,HSX,stock
2022-09-29,MBB,20.20,20.25,19.80,19.80,21.30,18.60,2169000,HSX,stock
2022-09-30,MBB,19.70,20.00,19.30,20.00,21.15,18.45,4088100,HSX,stock
2022-10-03,MBB,19.90,19.90,18.60,18.70,21.40,18.60,4280100,HSX,stock
2022-10-04,MBB,19.20,19.20,18.50,18.80,20.00,17.40,4587700,HSX,stock
2022-10-05,MBB,19.10,19.45,19.05,19.20,20.10,17.50,2975700,HSX,stock
2022-10-06,MBB,19.15,19.15,18.05,18.10,20.50,17.90,3555600,HSX,stock
2022-10-07,MBB,17.55,17.80,16.85,16.95,19.35,16.85,13378700,HSX,stock
2022-10-10,MBB,16.95,17.40,16.55,17.25,18.10,15.80,5915900,HSX,stock
2022-10-11,MBB,17.30,17.30,16.05,16.05,18.45,16.05,8339000,HSX,stock
2022-10-12,MBB,16.15,17.15,16.15,17.15,17.15,14.95,5519700,HSX,stock
2022-10-13,MBB,17.15,17.55,17.00,17.40,18.35,15.95,3680800,HSX,stock
2022-10-14,MBB,17.90,18.30,17.60,17.80,18.60,16.20,5153700,HSX,stock
2022-10-17,MBB,17.70,17.80,17.10,17.50,19.00,16.60,4593300,HSX,stock
2022-10-18,MBB,17.95,18.20,17.45,17.55,18.70,16.30,3735100,HSX,stock
2022-10-19,MBB,17.70,17.80,17.25,17.50,18.75,16.35,2881900,HSX,stock
2022-10-20,MBB,17.45,17.50,17.15,17.15,18.70,16.30,3473700,HSX,stock
2022-10-21,MBB,17.25,17.25,16.10,16.10,18.35,15.95,5418900,HSX,stock
2022-10-24,MBB,16.30,16.45,15.45,15.60,17.20,15.00,7104300,HSX,stock
2022-10-25,MBB,15.75,16.65,15.50,16.40,16.65,14.55,6561300,HSX,stock
2022-10-26,MBB,16.40,16.80,16.25,16.40,17.50,15.30,3188200,HSX,stock
2022-10-27,MBB,16.50,17.50,16.50,17.50,17.50,15.30,5890600,HSX,stock
2022-10-28,MBB,17.80,18.15,17.40,17.65,18.70,16.30,6291400,HSX,stock
2022-10-31,MBB,17.70,17.90,17.00,17.70,18.85,16.45,5265600,HSX,stock
2022-11-01,MBB,18.00,18.40,17.85,18.00,18.90,16.50,7970700,HSX,stock
2022-11-02,MBB,18.00,18.20,17.80,17.90,19.25,16.75,5218100,HSX,stock
2022-11-03,MBB,17.65,18.00,17.60,17.65,19.15,16.65,4051500,HSX,stock
2022-11-04,MBB,17.35,17.90,16.50,17.90,18.85,16.45,12326600,HSX,stock
2022-11-07,MBB,17.60,17.75,16.95,16.95,19.15,16.65,5952900,HSX,stock
2022-11-08,MBB,16.75,17.45,16.60,17.20,18.10,15.80,4614900,HSX,stock
2022-11-09,MBB,17.30,17.55,16.90,16.95,18.40,16.00,3983100,HSX,stock
2022-11-10,MBB,16.85,16.90,15.80,15.80,18.10,15.80,7290500,HSX,stock
2022-11-11,MBB,16.25,16.70,15.95,16.00,16.90,14.70,5244200,HSX,stock
2022-11-14,MBB,15.95,15.95,15.10,15.20,17.10,14.90,5620600,HSX,stock
2022-11-15,MBB,15.00,15.20,14.15,14.15,16.25,14.15,8543400,HSX,stock
2022-11-16,MBB,13.45,15.10,13.20,15.10,15.10,13.20,10523800,HSX,stock
2022-11-17,MBB,15.35,15.90,15.10,15.70,16.15,14.05,6459200,HSX,stock
2022-11-18,MBB,15.50,16.20,15.00,15.70,16.75,14.65,5851000,HSX,stock
2022-11-21,MBB,15.90,16.10,15.60,15.70,16.75,14.65,4925500,HSX,stock
2022-11-22,MBB,15.70,16.45,15.60,15.80,16.75,14.65,6439600,HSX,stock
2022-11-23,MBB,15.80,16.10,15.70,15.70,16.90,14.70,3954700,HSX,stock
2022-11-24,MBB,15.65,15.85,15.40,15.70,16.75,14.65,3272100,HSX,stock
2022-11-25,MBB,15.80,16.20,15.75,16.20,16.75,14.65,4482300,HSX,stock
2022-11-28,MBB,16.45,17.20,16.40,17.20,17.30,15.10,6288800,HSX,stock
2022-11-29,MBB,17.20,17.45,16.80,17.20,18.40,16.00,6970600,HSX,stock
2022-11-30,MBB,17.30,17.55,16.95,17.40,18.40,16.00,5584900,HSX,stock
2022-12-01,MBB,17.70,18.40,17.45,17.80,18.60,16.20,11255700,HSX,stock
2022-12-02,MBB,17.80,18.80,17.55,18.80,19.00,16.60,8203700,HSX,stock
2022-12-05,MBB,19.00,19.30,18.75,19.00,20.10,17.50,9808300,HSX,stock
2022-12-06,MBB,19.00,19.05,17.70,17.70,20.30,17.70,9712400,HSX,stock
2022-12-07,MBB,17.65,17.90,17.25,17.30,18.90,16.50,6373200,HSX,stock
2022-12-08,MBB,17.70,18.50,17.55,18.10,18.50,16.10,5370800,HSX,stock
2022-12-09,MBB,18.20,18.30,17.75,18.20,19.35,16.85,4384400,HSX,stock
2022-12-12,MBB,18.20,18.40,17.65,17.70,19.45,16.95,6165400,HSX,stock
2022-12-13,MBB,17.75,18.00,17.50,18.00,18.90,16.50,5152700,HSX,stock
2022-12-14,MBB,18.35,18.40,18.00,18.15,19.25,16.75,4799400,HSX,stock
2022-12-15,MBB,18.00,19.20,18.00,18.95,19.40,16.90,9584600,HSX,stock
2022-12-16,MBB,18.70,19.10,18.70,18.80,20.25,17.65,5188800,HSX,stock
2022-12-19,MBB,18.80,19.25,18.35,18.35,20.10,17.50,7359700,HSX,stock
2022-12-20,MBB,18.30,18.45,17.40,17.60,19.60,17.10,7259100,HSX,stock
2022-12-21,MBB,17.85,17.90,17.10,17.70,18.80,16.40,3837400,HSX,stock
2022-12-22,MBB,17.90,18.30,17.70,18.00,18.90,16.50,3652100,HSX,stock
2022-12-23,MBB,17.95,17.95,17.60,17.75,19.25,16.75,2611200,HSX,stock
2022-12-26,MBB,17.70,17.75,16.80,16.80,18.95,16.55,4062200,HSX,stock
2022-12-27,MBB,16.85,17.30,16.75,17.25,17.95,15.65,2337900,HSX,stock
2022-12-28,MBB,17.30,17.60,17.05,17.45,18.45,16.05,2358000,HSX,stock
2022-12-29,MBB,17.30,17.60,17.30,17.40,18.65,16.25,2123100,HSX,stock
2022-12-30,MBB,17.55,17.55,17.10,17.10,18.60,16.20,2427800,HSX,stock
2023-01-03,MBB,17.20,18.00,17.20,18.00,18.25,15.95,3757000,HSX,stock
2023-01-04,MBB,18.10,18.25,17.95,17.95,19.25,16.75,3357600,HSX,stock
2023-01-05,MBB,18.00,18.25,17.80,18.20,19.20,16.70,3633300,HSX,stock
2023-01-06,MBB,18.05,18.75,18.00,18.25,19.45,16.95,5047200,HSX,stock
2023-01-09,MBB,18.50,18.50,18.20,18.25,19.50,17.00,2616000,HSX,stock
2023-01-10,MBB,18.20,18.35,18.10,18.20,19.50,17.00,3088400,HSX,stock
2023-01-11,MBB,18.25,18.45,18.20,18.25,19.45,16.95,3227800,HSX,stock
2023-01-12,MBB,18.30,18.40,18.15,18.25,19.50,17.00,3651000,HSX,stock
2023-01-13,MBB,18.40,18.55,18.25,18.25,19.50,17.00,4251700,HSX,stock
2023-01-16,MBB,18.30,18.55,18.20,18.50,19.50,17.00,2498900,HSX,stock
2023-01-17,MBB,18.70,19.40,18.60,19.40,19.75,17.25,8424600,HSX,stock
2023-01-18,MBB,19.50,19.55,19.20,19.55,20.75,18.05,5318700,HSX,stock
2023-01-19,MBB,19.50,19.75,19.40,19.60,20.90,18.20,5555300,HSX,stock
2023-01-27,MBB,19.90,20.10,19.65,19.70,20.95,18.25,4488500,HSX,stock
2023-01-30,MBB,19.80,19.80,19.25,19.25,21.05,18.35,5210500,HSX,stock
2023-01-31,MBB,19.20,19.55,18.75,19.55,20.55,17.95,6501800,HSX,stock
2023-02-01,MBB,19.70,19.95,18.90,18.90,20.90,18.20,7683500,HSX,stock
2023-02-02,MBB,19.10,19.10,18.55,18.95,20.20,17.60,5394400,HSX,stock
2023-02-03,MBB,18.95,19.10,18.60,18.60,20.25,17.65,6358800,HSX,stock
2023-02-06,MBB,18.60,18.90,18.50,18.70,19.90,17.30,3260700,HSX,stock
2023-02-07,MBB,18.85,18.85,18.35,18.35,20.00,17.40,3333700,HSX,stock
2023-02-08,MBB,18.50,18.70,18.25,18.40,19.60,17.10,3029800,HSX,stock
2023-02-09,MBB,18.40,18.70,18.35,18.45,19.65,17.15,3212700,HSX,stock
2023-02-10,MBB,18.55,18.60,18.30,18.30,19.70,17.20,3263100,HSX,stock
2023-02-13,MBB,18.20,18.20,17.75,18.00,19.55,17.05,4617200,HSX,stock
2023-02-14,MBB,18.00,18.15,17.80,17.85,19.25,16.75,3207300,HSX,stock
2023-02-15,MBB,17.75,18.25,17.75,18.00,19.05,16.65,3787800,HSX,stock
2023-02-16,MBB,18.10,18.35,18.05,18.25,19.25,16.75,2458400,HSX,stock
2023-02-17,MBB,18.25,18.40,18.10,18.10,19.50,17.00,2121700,HSX,stock
2023-02-20,MBB,18.10,18.90,18.10,18.90,19.35,16.85,3682000,HSX,stock
2023-02-21,MBB,19.00,19.10,18.60,18.60,20.20,17.60,3422100,HSX,stock
2023-02-22,MBB,18.40,18.50,18.25,18.25,19.90,17.30,5734200,HSX,stock
2023-02-23,MBB,18.00,18.20,17.70,18.15,19.50,17.00,7049800,HSX,stock
2023-02-24,MBB,18.15,18.25,17.70,17.70,19.40,16.90,4962700,HSX,stock
2023-02-27,MBB,17.45,17.50,17.25,17.25,18.90,16.50,3343600,HSX,stock
2023-02-28,MBB,17.35,17.65,17.15,17.25,18.45,16.05,2421300,HSX,stock
2023-03-01,MBB,17.15,17.65,17.00,17.65,18.45,16.05,3195500,HSX,stock
2023-03-02,MBB,17.65,17.70,17.35,17.40,18.85,16.45,1822400,HSX,stock
2023-03-03,MBB,17.50,17.50,17.15,17.15,18.60,16.20,2457200,HSX,stock
2023-03-06,MBB,17.40,17.70,17.30,17.30,18.35,15.95,3401900,HSX,stock
2023-03-07,MBB,17.40,17.60,17.35,17.40,18.50,16.10,3189500,HSX,stock
2023-03-08,MBB,17.30,17.60,17.20,17.60,18.60,16.20,4011500,HSX,stock
2023-03-09,MBB,17.65,17.95,17.60,17.80,18.80,16.40,3872500,HSX,stock
2023-03-10,MBB,17.80,17.80,17.60,17.75,19.00,16.60,2539500,HSX,stock
2023-03-13,MBB,17.35,17.60,17.35,17.50,18.95,16.55,4700400,HSX,stock
2023-03-14,MBB,17.50,17.55,17.20,17.20,18.70,16.30,3330400,HSX,stock
2023-03-15,MBB,17.60,17.85,17.50,17.80,18.40,16.00,2724100,HSX,stock
2023-03-16,MBB,17.70,17.70,17.40,17.45,19.00,16.60,3222700,HSX,stock
2023-03-17,MBB,17.70,17.70,17.45,17.45,18.65,16.25,1998500,HSX,stock
2023-03-20,MBB,17.60,17.60,17.30,17.30,18.65,16.25,3338200,HSX,stock
2023-03-21,MBB,17.45,17.50,17.20,17.35,18.50,16.10,3220300,HSX,stock
2023-03-22,MBB,17.50,17.55,17.35,17.40,18.55,16.15,2581300,HSX,stock
2023-03-23,MBB,17.30,17.45,17.30,17.40,18.60,16.20,1635200,HSX,stock
2023-03-24,MBB,17.70,17.95,17.60,17.75,18.60,16.20,7968300,HSX,stock
2023-03-27,MBB,17.80,18.00,17.70,17.95,18.95,16.55,3040600,HSX,stock
2023-03-28,MBB,18.05,18.30,18.00,18.00,19.20,16.70,5007700,HSX,stock
2023-03-29,MBB,18.15,18.40,18.10,18.30,19.25,16.75,4910500,HSX,stock
2023-03-30,MBB,18.40,18.50,18.25,18.25,19.55,17.05,3154400,HSX,stock
2023-03-31,MBB,18.30,18.40,18.15,18.25,19.50,17.00,4830000,HSX,stock
2023-04-03,MBB,18.50,18.70,18.40,18.70,19.50,17.00,9851600,HSX,stock
2023-04-04,MBB,18.75,18.80,18.60,18.75,20.00,17.40,5867700,HSX,stock
2023-04-05,MBB,18.75,18.85,18.60,18.80,20.05,17.45,4897100,HSX,stock
2023-04-06,MBB,18.85,18.90,18.50,18.50,20.10,17.50,5588800,HSX,stock
2023-04-07,MBB,18.50,18.60,18.35,18.60,19.75,17.25,3530600,HSX,stock
2023-04-10,MBB,18.70,19.00,18.60,18.60,19.90,17.30,4739700,HSX,stock
2023-04-11,MBB,18.60,18.80,18.45,18.75,19.90,17.30,2950300,HSX,stock
2023-04-12,MBB,18.80,18.80,18.55,18.70,20.05,17.45,4126400,HSX,stock
2023-04-13,MBB,18.70,18.75,18.50,18.55,20.00,17.40,2351500,HSX,stock
2023-04-14,MBB,18.60,18.70,18.30,18.30,19.80,17.30,4128100,HSX,stock
2023-04-17,MBB,18.20,18.35,18.15,18.25,19.55,17.05,2512700,HSX,stock
2023-04-18,MBB,18.35,18.40,18.05,18.15,19.50,17.00,2628400,HSX,stock
2023-04-19,MBB,18.25,18.30,18.10,18.10,19.40,16.90,1940900,HSX,stock
2023-04-20,MBB,18.10,18.20,18.05,18.15,19.35,16.85,1597700,HSX,stock
2023-04-21,MBB,18.15,18.25,18.05,18.05,19.40,16.90,1967300,HSX,stock
2023-04-24,MBB,18.05,18.30,18.00,18.25,19.30,16.80,2607300,HSX,stock
2023-04-25,MBB,18.40,18.40,18.15,18.25,19.50,17.00,2354200,HSX,stock
2023-04-26,MBB,18.25,18.35,18.10,18.35,19.50,17.00,2795500,HSX,stock
2023-04-27,MBB,18.40,18.45,18.30,18.40,19.60,17.10,1799600,HSX,stock
2023-04-28,MBB,18.50,18.55,18.35,18.45,19.65,17.15,2873700,HSX,stock
2023-05-04,MBB,18.35,18.45,18.15,18.20,19.70,17.20,2535500,HSX,stock
2023-05-05,MBB,18.20,18.25,18.10,18.10,19.45,16.95,2089700,HSX,stock
2023-05-08,MBB,18.20,18.30,18.15,18.25,19.35,16.85,2020900,HSX,stock
2023-05-09,MBB,18.30,18.35,18.20,18.30,19.50,17.00,2086200,HSX,stock
2023-05-10,MBB,18.30,18.50,18.25,18.50,19.55,17.05,3109000,HSX,stock
2023-05-11,MBB,18.60,18.65,18.45,18.50,19.75,17.25,3382100,HSX,stock
2023-05-12,MBB,18.55,18.65,18.40,18.65,19.75,17.25,3397100,HSX,stock
2023-05-15,MBB,18.75,19.10,18.70,18.85,19.95,17.35,8153400,HSX,stock
2023-05-16,MBB,18.85,18.95,18.70,18.80,20.15,17.55,3040800,HSX,stock
2023-05-17,MBB,18.75,18.80,18.45,18.45,20.10,17.50,4776500,HSX,stock
2023-05-18,MBB,18.55,18.65,18.45,18.60,19.70,17.20,3151100,HSX,stock
2023-05-19,MBB,18.60,18.70,18.55,18.65,19.90,17.30,1886000,HSX,stock
2023-05-22,MBB,18.70,18.90,18.65,18.85,19.95,17.35,3901700,HSX,stock
2023-05-23,MBB,18.90,19.00,18.70,18.75,20.15,17.55,3193600,HSX,stock
2023-05-24,MBB,18.80,18.85,18.55,18.60,20.05,17.45,2428300,HSX,stock
2023-05-25,MBB,18.60,18.60,18.45,18.45,19.90,17.30,1982500,HSX,stock
2023-05-26,MBB,18.50,18.50,18.40,18.45,19.70,17.20,1984600,HSX,stock
2023-05-29,MBB,18.60,18.75,18.50,18.75,19.70,17.20,2916700,HSX,stock
2023-05-30,MBB,18.80,18.85,18.65,18.75,20.05,17.45,3047300,HSX,stock
2023-05-31,MBB,18.80,18.85,18.60,18.60,20.05,17.45,3564100,HSX,stock
2023-06-01,MBB,18.60,18.80,18.55,18.80,19.90,17.30,4138600,HSX,stock
2023-06-02,MBB,19.10,19.85,19.05,19.70,20.10,17.50,13863700,HSX,stock
2023-06-05,MBB,19.90,20.10,19.75,19.80,21.05,18.35,8374200,HSX,stock
2023-06-06,MBB,19.90,20.45,19.80,20.45,21.15,18.45,9714200,HSX,stock
2023-06-07,MBB,20.45,20.55,20.25,20.35,21.85,19.05,6359000,HSX,stock
2023-06-08,MBB,20.35,20.45,20.00,20.00,21.75,18.95,6579300,HSX,stock
2023-06-09,MBB,20.10,20.25,20.00,20.25,21.40,18.60,5332800,HSX,stock
2023-06-12,MBB,20.30,20.40,20.00,20.35,21.65,18.85,4199300,HSX,stock
2023-06-13,MBB,20.40,20.40,20.15,20.30,21.75,18.95,4754000,HSX,stock
2023-06-14,MBB,20.10,20.20,19.75,19.75,21.15,18.45,4172500,HSX,stock
2023-06-15,MBB,19.75,19.85,19.65,19.70,21.10,18.40,5480700,HSX,stock
2023-06-16,MBB,19.85,20.20,19.70,19.70,21.05,18.35,6008700,HSX,stock
2023-06-19,MBB,19.70,19.80,19.55,19.55,21.05,18.35,3541700,HSX,stock
2023-06-20,MBB,19.60,19.65,19.45,19.65,20.90,18.20,2584700,HSX,stock
2023-06-21,MBB,19.70,19.85,19.65,19.85,21.00,18.30,3288400,HSX,stock
2023-06-22,MBB,20.10,20.35,19.90,19.90,21.20,18.50,7044100,HSX,stock
2023-06-23,MBB,20.15,20.30,20.05,20.20,21.25,18.55,7319400,HSX,stock
2023-06-26,MBB,20.20,20.55,19.95,20.20,21.60,18.80,4614000,HSX,stock
2023-06-27,MBB,20.25,20.30,20.00,20.10,21.60,18.80,4493400,HSX,stock
2023-06-28,MBB,20.20,20.80,20.10,20.70,21.50,18.70,8067700,HSX,stock
2023-06-29,MBB,20.70,20.70,20.30,20.30,22.10,19.30,5915100,HSX,stock
2023-06-30,MBB,20.30,20.40,20.15,20.20,21.70,18.90,3579300,HSX,stock
2023-07-03,MBB,20.30,20.35,20.10,20.20,21.60,18.80,5081400,HSX,stock
2023-07-04,MBB,20.20,20.35,20.10,20.35,21.60,18.80,3591000,HSX,stock
2023-07-05,MBB,20.50,20.65,20.30,20.40,21.75,18.95,5105400,HSX,stock
2023-07-06,MBB,20.45,20.55,20.15,20.20,21.80,19.00,6226500,HSX,stock
2023-07-07,MBB,20.20,20.45,20.10,20.45,21.60,18.80,5636700,HSX,stock
2023-07-10,MBB,20.60,20.85,20.55,20.75,21.85,19.05,6232300,HSX,stock
2023-07-11,MBB,20.75,21.20,20.75,21.20,22.20,19.30,7551600,HSX,stock
2023-07-12,MBB,21.20,21.30,20.90,21.00,22.65,19.75,3689200,HSX,stock
2023-07-13,MBB,21.05,21.25,20.90,21.10,22.45,19.55,4745300,HSX,stock
2023-07-14,MBB,18.65,18.75,18.40,18.65,19.60,17.10,5454600,HSX,stock
2023-07-17,MBB,18.75,18.85,18.50,18.60,19.95,17.35,4162200,HSX,stock
2023-07-18,MBB,18.60,18.65,18.45,18.60,19.90,17.30,2009000,HSX,stock
2023-07-19,MBB,18.60,18.70,18.40,18.40,19.90,17.30,1984000,HSX,stock
2023-07-20,MBB,18.40,18.50,18.30,18.45,19.65,17.15,2768100,HSX,stock
2023-07-21,MBB,18.55,18.65,18.40,18.65,19.70,17.20,3602900,HSX,stock
2023-07-24,MBB,18.65,18.75,18.55,18.75,19.95,17.35,4098000,HSX,stock
2023-07-25,MBB,18.75,19.10,18.70,18.80,20.05,17.45,4226000,HSX,stock
2023-07-26,MBB,18.80,18.85,18.65,18.75,20.10,17.50,2749500,HSX,stock
2023-07-27,MBB,18.75,18.80,18.50,18.60,20.05,17.45,4085900,HSX,stock
2023-07-28,MBB,18.55,18.70,18.55,18.70,19.90,17.30,2644200,HSX,stock
2023-07-31,MBB,18.85,18.90,18.70,18.85,20.00,17.40,4157800,HSX,stock
2023-08-01,MBB,18.90,19.35,18.85,18.85,20.15,17.55,5748800,HSX,stock
2023-08-02,MBB,18.85,18.95,18.75,18.90,20.15,17.55,2275100,HSX,stock
2023-08-03,MBB,18.95,19.10,18.80,18.85,20.20,17.60,4143300,HSX,stock
2023-08-04,MBB,18.85,19.15,18.80,19.00,20.15,17.55,8779100,HSX,stock
2023-08-07,MBB,19.15,19.40,19.05,19.35,20.30,17.70,6357500,HSX,stock
2023-08-08,MBB,19.50,19.50,19.15,19.20,20.70,18.00,3142400,HSX,stock
2023-08-09,MBB,19.20,19.25,19.00,19.15,20.50,17.90,4508900,HSX,stock
2023-08-10,MBB,19.20,19.20,18.90,18.90,20.45,17.85,2319200,HSX,stock
2023-08-11,MBB,19.00,19.05,18.65,18.90,20.20,17.60,3469800,HSX,stock
2023-08-14,MBB,18.95,19.10,18.75,18.95,20.20,17.60,3477700,HSX,stock
2023-08-15,MBB,18.95,19.00,18.80,18.95,20.25,17.65,2290000,HSX,stock
2023-08-16,MBB,18.90,19.20,18.80,19.00,20.25,17.65,3733200,HSX,stock
2023-08-17,MBB,19.00,19.00,18.85,18.85,20.30,17.70,3929700,HSX,stock
2023-08-18,MBB,18.80,18.80,17.90,18.10,20.15,17.55,5504300,HSX,stock
2023-08-21,MBB,18.00,18.35,17.85,18.15,19.35,16.85,3928800,HSX,stock
2023-08-22,MBB,18.30,18.30,17.75,18.20,19.40,16.90,1817700,HSX,stock
2023-08-23,MBB,18.30,18.30,18.00,18.00,19.45,16.95,2004500,HSX,stock
2023-08-24,MBB,18.10,18.35,18.00,18.25,19.25,16.75,2236500,HSX,stock
2023-08-25,MBB,18.20,18.20,18.10,18.10,19.50,17.00,1329400,HSX,stock
2023-08-28,MBB,18.25,18.30,18.05,18.20,19.35,16.85,2918800,HSX,stock
2023-08-29,MBB,18.25,18.35,18.15,18.25,19.45,16.95,4973600,HSX,stock
2023-08-30,MBB,18.30,18.50,18.25,18.40,19.50,17.00,3237300,HSX,stock
2023-08-31,MBB,18.40,18.55,18.40,18.50,19.65,17.15,3549700,HSX,stock
2023-09-05,MBB,18.60,19.25,18.55,19.15,19.75,17.25,6014500,HSX,stock
2023-09-06,MBB,19.20,19.25,18.90,19.25,20.45,17.85,3849800,HSX,stock
2023-09-07,MBB,19.25,19.60,19.15,19.30,20.55,17.95,5666500,HSX,stock
2023-09-08,MBB,19.30,19.35,19.10,19.10,20.65,17.95,5064100,HSX,stock
2023-09-11,MBB,19.35,19.35,18.75,18.75,20.40,17.80,5889500,HSX,stock
2023-09-12,MBB,18.85,19.25,18.75,19.25,20.05,17.45,4645900,HSX,stock
2023-09-13,MBB,19.30,19.35,18.90,19.05,20.55,17.95,2933300,HSX,stock
2023-09-14,MBB,19.10,19.35,19.00,19.15,20.35,17.75,4837400,HSX,stock
2023-09-15,MBB,19.20,19.70,19.10,19.40,20.45,17.85,9515900,HSX,stock
2023-09-18,MBB,19.40,19.40,19.00,19.15,20.75,18.05,5277800,HSX,stock
2023-09-19,MBB,19.15,19.20,18.90,19.00,20.45,17.85,3657100,HSX,stock
2023-09-20,MBB,19.05,19.20,18.95,19.20,20.30,17.70,3916100,HSX,stock
2023-09-21,MBB,19.20,19.35,18.85,18.95,20.50,17.90,4817300,HSX,stock
2023-09-22,MBB,18.75,18.80,18.30,18.70,20.25,17.65,5063700,HSX,stock
2023-09-25,MBB,18.70,18.75,18.10,18.10,20.00,17.40,4532500,HSX,stock
2023-09-26,MBB,18.15,18.45,18.10,18.25,19.35,16.85,3174300,HSX,stock
2023-09-27,MBB,18.15,18.50,18.15,18.50,19.50,17.00,2348600,HSX,stock
2023-09-28,MBB,18.35,18.55,18.20,18.50,19.75,17.25,2761400,HSX,stock
2023-09-29,MBB,18.50,18.65,18.50,18.50,19.75,17.25,1977200,HSX,stock
2023-10-02,MBB,18.55,18.70,18.40,18.60,19.75,17.25,1712600,HSX,stock
2023-10-03,MBB,18.40,18.50,18.00,18.05,19.90,17.30,3123100,HSX,stock
2023-10-04,MBB,18.05,18.25,17.95,18.15,19.30,16.80,2454000,HSX,stock
2023-10-05,MBB,18.20,18.30,18.00,18.05,19.40,16.90,2649300,HSX,stock
2023-10-06,MBB,18.05,18.20,17.95,18.15,19.30,16.80,1793300,HSX,stock
2023-10-09,MBB,18.15,18.30,18.00,18.30,19.40,16.90,2525600,HSX,stock
2023-10-10,MBB,18.40,18.55,18.35,18.45,19.55,17.05,2483600,HSX,stock
2023-10-11,MBB,18.40,18.50,18.30,18.50,19.70,17.20,2246800,HSX,stock
2023-10-12,MBB,18.50,18.55,18.35,18.35,19.75,17.25,2738900,HSX,stock
2023-10-13,MBB,18.30,18.50,18.25,18.45,19.60,17.10,2701400,HSX,stock
2023-10-16,MBB,18.45,18.45,18.20,18.20,19.70,17.20,2467000,HSX,stock
2023-10-17,MBB,18.30,18.45,18.10,18.10,19.45,16.95,2519900,HSX,stock
2023-10-18,MBB,18.10,18.20,17.60,17.75,19.35,16.85,3422500,HSX,stock
2023-10-19,MBB,17.75,17.90,17.60,17.65,18.95,16.55,2531200,HSX,stock
2023-10-20,MBB,17.65,18.00,17.50,17.95,18.85,16.45,2322000,HSX,stock
2023-10-23,MBB,17.95,18.00,17.70,17.80,19.20,16.70,1767800,HSX,stock
2023-10-24,MBB,17.80,18.00,17.75,17.90,19.00,16.60,2296100,HSX,stock
2023-10-25,MBB,17.95,18.05,17.80,17.80,19.15,16.65,2047600,HSX,stock
2023-10-26,MBB,17.65,17.65,17.05,17.20,19.00,16.60,5753200,HSX,stock
2023-10-27,MBB,17.25,17.50,17.15,17.45,,,2829600,HSX,stock
2023-10-30,MBB,17.25,17.45,17.00,17.00,18.65,16.25,1775300,HSX,stock
2023-10-31,MBB,17.20,17.30,16.95,17.10,18.15,15.85,3029600,HSX,stock
2023-11-01,MBB,17.20,17.30,17.10,17.20,18.25,15.95,2781800,HSX,stock
2023-11-02,MBB,17.35,17.75,17.30,17.70,18.40,16.00,3340000,HSX,stock
2023-11-03,MBB,17.80,17.85,17.40,17.40,18.90,16.50,8912300,HSX,stock
2023-11-06,MBB,17.60,18.00,17.55,17.95,18.60,16.20,4021000,HSX,stock
2023-11-07,MBB,17.95,18.00,17.70,17.80,19.20,16.70,1815600,HSX,stock
2023-11-08,MBB,17.80,18.40,17.70,18.35,19.00,16.60,5872400,HSX,stock
2023-11-09,MBB,18.40,18.50,18.25,18.35,19.60,17.10,4662100,HSX,stock
2023-11-10,MBB,18.20,18.40,17.95,18.00,19.60,17.10,5492800,HSX,stock
2023-11-13,MBB,18.00,18.15,17.85,18.10,19.25,16.75,3513500,HSX,stock
2023-11-14,MBB,18.15,18.65,18.15,18.45,19.35,16.85,6637600,HSX,stock
2023-11-15,MBB,18.70,18.75,18.45,18.55,19.70,17.20,6864600,HSX,stock
2023-11-16,MBB,18.45,18.55,18.35,18.50,19.80,17.30,3003400,HSX,stock
2023-11-17,MBB,18.60,18.60,17.90,18.20,19.75,17.25,5875400,HSX,stock
2023-11-20,MBB,17.75,18.25,17.75,18.00,19.45,16.95,4173900,HSX,stock
2023-11-21,MBB,18.20,18.25,17.95,18.10,19.25,16.75,3092200,HSX,stock
2023-11-22,MBB,18.15,18.15,17.95,18.05,19.35,16.85,3649000,HSX,stock
2023-11-23,MBB,18.10,18.15,17.90,17.90,19.30,16.80,3457600,HSX,stock
2023-11-24,MBB,17.90,18.00,17.60,17.85,19.15,16.65,4563100,HSX,stock
2023-11-27,MBB,17.85,17.95,17.55,17.60,19.05,16.65,2892700,HSX,stock
2023-11-28,MBB,17.60,17.90,17.45,17.85,18.80,16.40,2680600,HSX,stock
2023-11-29,MBB,17.80,17.90,17.70,17.85,19.05,16.65,2575900,HSX,stock
2023-11-30,MBB,17.85,17.95,17.75,17.80,19.05,16.65,2964000,HSX,stock
2023-12-01,MBB,17.85,17.85,17.70,17.80,19.00,16.60,2474100,HSX,stock
2023-12-04,MBB,17.80,18.10,17.80,18.05,19.00,16.60,6948400,HSX,stock
2023-12-05,MBB,18.05,18.10,17.95,18.05,19.30,16.80,3783700,HSX,stock
2023-12-06,MBB,18.05,18.15,18.00,18.10,19.30,16.80,3497200,HSX,stock
2023-12-07,MBB,18.15,18.35,18.05,18.25,19.35,16.85,6668200,HSX,stock
2023-12-08,MBB,18.25,18.35,18.15,18.20,19.50,17.00,3745900,HSX,stock
2023-12-11,MBB,18.20,18.25,18.05,18.15,19.45,16.95,2345800,HSX,stock
2023-12-12,MBB,18.15,18.25,18.10,18.25,19.40,16.90,2805100,HSX,stock
2023-12-13,MBB,18.25,18.35,18.05,18.05,19.50,17.00,2999600,HSX,stock
2023-12-14,MBB,18.15,18.20,18.00,18.05,19.30,16.80,2970000,HSX,stock
2023-12-15,MBB,18.05,18.20,18.00,18.05,19.30,16.80,2366600,HSX,stock
2023-12-18,MBB,18.05,18.15,17.95,18.00,19.30,16.80,2793700,HSX,stock
2023-12-19,MBB,18.00,18.20,17.95,18.15,19.25,16.75,2211400,HSX,stock
2023-12-20,MBB,18.15,18.20,18.05,18.15,19.40,16.90,1485400,HSX,stock
2023-12-21,MBB,18.10,18.15,18.00,18.15,19.40,16.90,2560300,HSX,stock
2023-12-22,MBB,18.15,18.45,18.10,18.30,19.40,16.90,3940700,HSX,stock
2023-12-25,MBB,18.35,18.55,18.30,18.40,19.55,17.05,2893000,HSX,stock
2023-12-26,MBB,18.40,18.50,18.30,18.45,19.65,17.15,2099700,HSX,stock
2023-12-27,MBB,18.50,18.50,18.35,18.40,19.70,17.20,2892800,HSX,stock
2023-12-28,MBB,18.40,18.60,18.35,18.55,19.65,17.15,4597900,HSX,stock
2023-12-29,MBB,18.60,18.85,18.55,18.65,19.80,17.30,9438300,HSX,stock
2024-01-02,MBB,18.70,19.00,18.65,18.85,19.95,17.35,5793300,HSX,stock
2024-01-03,MBB,18.75,19.20,18.70,19.15,20.15,17.55,5838700,HSX,stock
2024-01-04,MBB,19.15,20.45,19.15,20.10,20.45,17.85,17834600,HSX,stock
2024-01-05,MBB,20.10,20.50,20.10,20.50,21.50,18.70,10434600,HSX,stock
2024-01-08,MBB,20.60,20.85,20.40,20.70,21.90,19.10,8969000,HSX,stock
2024-01-09,MBB,20.75,20.90,20.50,20.85,22.10,19.30,8209900,HSX,stock
2024-01-10,MBB,20.85,21.15,20.65,20.90,22.30,19.40,10573800,HSX,stock
2024-01-11,MBB,20.90,21.10,20.50,20.65,22.35,19.45,10242200,HSX,stock
2024-01-12,MBB,20.50,21.55,20.40,21.35,22.05,19.25,17440800,HSX,stock
2024-01-15,MBB,21.50,21.90,21.40,21.45,22.80,19.90,10917600,HSX,stock
2024-01-16,MBB,21.45,21.50,21.15,21.50,22.95,19.95,7716000,HSX,stock
2024-01-17,MBB,21.60,21.80,21.30,21.50,23.00,20.00,10253100,HSX,stock
2024-01-18,MBB,21.40,21.75,21.30,21.70,23.00,20.00,10159100,HSX,stock
2024-01-19,MBB,21.80,22.15,21.70,22.05,23.20,20.20,9788200,HSX,stock
2024-01-22,MBB,22.30,22.55,22.00,22.10,23.55,20.55,12919000,HSX,stock
2024-01-23,MBB,22.10,22.35,21.90,21.95,23.60,20.60,7146800,HSX,stock
2024-01-24,MBB,21.85,22.15,21.80,21.90,23.45,20.45,5891000,HSX,stock
2024-01-25,MBB,21.95,21.95,21.70,21.90,23.40,20.40,6079300,HSX,stock
2024-01-26,MBB,21.90,22.15,21.90,22.00,23.40,20.40,4511200,HSX,stock
2024-01-29,MBB,22.00,22.45,22.00,22.15,23.50,20.50,6867500,HSX,stock
2024-01-30,MBB,22.15,22.25,21.85,22.10,23.70,20.60,6815200,HSX,stock
2024-01-31,MBB,22.25,22.25,21.65,21.75,23.60,20.60,10104000,HSX,stock
2024-02-01,MBB,21.70,21.95,21.60,21.90,23.25,20.25,5940900,HSX,stock
2024-02-02,MBB,21.90,22.00,21.75,21.75,23.40,20.40,8020400,HSX,stock
2024-02-05,MBB,21.75,23.15,21.75,22.95,23.25,20.25,13547100,HSX,stock
2024-02-06,MBB,23.00,23.15,22.95,23.05,24.55,21.35,4801600,HSX,stock
2024-02-07,MBB,23.10,23.70,23.10,23.50,24.65,21.45,7805500,HSX,stock
2024-02-15,MBB,23.70,24.20,23.55,24.15,25.10,21.90,11265800,HSX,stock
2024-02-16,MBB,24.10,24.10,23.70,24.00,25.80,22.50,7638400,HSX,stock
2024-02-19,MBB,24.00,24.10,23.60,23.95,25.65,22.35,8897900,HSX,stock
2024-02-20,MBB,23.85,24.10,23.65,23.85,25.60,22.30,7817400,HSX,stock
2024-02-21,MBB,23.85,24.20,23.70,24.00,25.50,22.20,10912400,HSX,stock
2024-02-22,MBB,24.00,24.10,23.85,23.95,25.65,22.35,5794300,HSX,stock
2024-02-23,MBB,24.00,24.70,23.75,23.90,25.60,22.30,20674700,HSX,stock
2024-02-26,MBB,23.90,24.05,23.65,24.00,25.55,22.25,9828400,HSX,stock
2024-02-27,MBB,24.05,24.45,23.85,24.25,25.65,22.35,9648600,HSX,stock
2024-02-28,MBB,24.35,24.55,24.15,24.40,25.90,22.60,8580300,HSX,stock
2024-02-29,MBB,24.50,24.55,23.95,24.15,26.10,22.70,9191800,HSX,stock
2024-03-01,MBB,24.10,24.15,23.80,24.00,25.80,22.50,8436000,HSX,stock
2024-03-04,MBB,24.10,24.45,23.75,24.20,25.65,22.35,12039600,HSX,stock
2024-03-05,MBB,24.20,24.65,24.10,24.60,25.85,22.55,9709300,HSX,stock
2024-03-06,MBB,24.60,25.15,24.35,24.60,26.30,22.90,12389200,HSX,stock
2024-03-07,MBB,24.70,24.80,24.35,24.40,26.30,22.90,9041200,HSX,stock
2024-03-08,MBB,24.50,24.50,23.60,23.60,26.10,22.70,18571600,HSX,stock
2024-03-11,MBB,23.55,23.60,22.80,22.95,25.25,21.95,13345100,HSX,stock
2024-03-12,MBB,22.90,23.25,22.75,23.10,24.55,21.35,8051400,HSX,stock
2024-03-13,MBB,23.10,23.85,23.10,23.85,24.70,21.50,6710000,HSX,stock
2024-03-14,MBB,23.95,23.95,23.40,23.45,25.50,22.20,8384100,HSX,stock
2024-03-15,MBB,23.45,23.85,23.15,23.80,25.05,21.85,7985600,HSX,stock
2024-03-18,MBB,23.75,23.80,22.40,23.20,25.45,22.15,12785900,HSX,stock
2024-03-19,MBB,23.20,23.35,22.95,23.20,24.80,21.60,5626100,HSX,stock
2024-03-20,MBB,23.20,24.40,23.10,24.15,24.80,21.60,14634700,HSX,stock
2024-03-21,MBB,24.30,24.75,24.10,24.75,25.80,22.50,15229600,HSX,stock
2024-03-22,MBB,25.00,25.70,24.85,25.05,26.45,23.05,17049300,HSX,stock
2024-03-25,MBB,25.05,25.35,24.60,24.70,26.80,23.30,9322800,HSX,stock
2024-03-26,MBB,24.70,25.25,24.60,25.25,26.40,23.00,6969500,HSX,stock
2024-03-27,MBB,25.25,25.40,25.00,25.30,27.00,23.50,5605600,HSX,stock
2024-03-28,MBB,25.65,25.70,25.20,25.50,27.05,23.55,7876400,HSX,stock
2024-03-29,MBB,25.55,25.55,25.15,25.40,27.25,23.75,5716600,HSX,stock
2024-04-01,MBB,25.20,25.25,24.70,24.90,27.15,23.65,7291000,HSX,stock
2024-04-02,MBB,24.60,24.80,24.20,24.80,26.60,23.20,10388800,HSX,stock
2024-04-03,MBB,24.80,24.80,24.20,24.20,26.50,23.10,10346900,HSX,stock
2024-04-04,MBB,24.20,24.25,23.80,23.80,25.85,22.55,11748200,HSX,stock
2024-04-05,MBB,23.55,23.75,23.30,23.35,25.45,22.15,11624000,HSX,stock
2024-04-08,MBB,23.40,23.80,23.15,23.50,24.95,21.75,10738500,HSX,stock
2024-04-09,MBB,23.50,24.00,23.40,24.00,25.10,21.90,8441300,HSX,stock
2024-04-10,MBB,24.30,24.35,23.80,23.80,25.65,22.35,10161200,HSX,stock
2024-04-11,MBB,23.50,23.85,23.40,23.75,25.45,22.15,4477400,HSX,stock
2024-04-12,MBB,23.85,24.70,23.75,24.65,25.40,22.10,10221300,HSX,stock
2024-04-15,MBB,24.45,25.05,23.00,23.40,26.35,22.95,20473100,HSX,stock
2024-04-16,MBB,23.40,23.90,23.05,23.90,25.00,21.80,15416700,HSX,stock
2024-04-17,MBB,24.00,24.05,23.10,23.10,25.55,22.25,11654300,HSX,stock
2024-04-19,MBB,22.60,23.30,22.60,22.70,24.70,21.50,13443500,HSX,stock
2024-04-22,MBB,22.80,23.05,22.55,22.60,24.25,21.15,8559600,HSX,stock
2024-04-23,MBB,22.60,22.70,21.75,22.00,24.15,21.05,13363800,HSX,stock
2024-04-24,MBB,22.20,22.65,21.95,22.55,23.50,20.50,7768300,HSX,stock
2024-04-25,MBB,22.60,22.60,22.15,22.25,24.10,21.00,6261700,HSX,stock
2024-04-26,MBB,22.00,22.45,22.00,22.25,23.80,20.70,6098800,HSX,stock
2024-05-02,MBB,22.30,22.55,22.20,22.40,23.80,20.70,5016200,HSX,stock
2024-05-03,MBB,22.60,22.80,22.30,22.40,23.95,20.85,6169100,HSX,stock
2024-05-06,MBB,22.55,22.95,22.55,22.90,23.95,20.85,6888100,HSX,stock
2024-05-07,MBB,23.00,23.05,22.65,22.75,24.50,21.30,4775100,HSX,stock
2024-05-08,MBB,22.40,22.70,22.30,22.55,24.30,21.20,8763400,HSX,stock
2024-05-09,MBB,22.60,22.80,22.35,22.65,24.10,21.00,7146600,HSX,stock
2024-05-10,MBB,22.75,22.90,22.50,22.60,24.20,21.10,5172500,HSX,stock
2024-05-13,MBB,22.60,23.00,22.60,22.65,24.15,21.05,5914300,HSX,stock
2024-05-14,MBB,22.90,23.20,22.70,22.85,24.20,21.10,6794900,HSX,stock
2024-05-15,MBB,22.95,23.05,22.80,22.90,24.40,21.30,7465500,HSX,stock
2024-05-16,MBB,23.15,23.55,23.00,23.40,24.50,21.30,12860500,HSX,stock
2024-05-17,MBB,23.45,23.45,23.15,23.25,25.00,21.80,6566400,HSX,stock
2024-05-20,MBB,23.60,23.60,23.40,23.45,24.85,21.65,8748300,HSX,stock
2024-05-21,MBB,23.45,23.60,23.25,23.60,25.05,21.85,6659800,HSX,stock
2024-05-22,MBB,23.60,23.65,23.20,23.20,25.25,21.95,9727500,HSX,stock
2024-05-23,MBB,22.70,22.85,22.50,22.80,24.25,21.15,5927900,HSX,stock
2024-05-24,MBB,22.55,23.30,22.15,22.45,24.35,21.25,14146100,HSX,stock
2024-05-27,MBB,22.60,22.60,22.35,22.45,24.00,20.90,3882200,HSX,stock
2024-05-28,MBB,22.70,22.75,22.35,22.60,24.00,20.90,4935900,HSX,stock
2024-05-29,MBB,22.60,22.65,22.30,22.30,24.15,21.05,8261700,HSX,stock
2024-05-30,MBB,22.10,22.15,21.70,21.85,23.85,20.75,11023100,HSX,stock
2024-05-31,MBB,21.85,22.00,21.75,21.75,23.35,20.35,7372600,HSX,stock
2024-06-03,MBB,21.95,22.80,21.95,22.60,23.25,20.25,9385300,HSX,stock
2024-06-04,MBB,22.75,22.80,22.50,22.50,24.15,21.05,4241700,HSX,stock
2024-06-05,MBB,22.55,22.70,22.20,22.20,24.05,20.95,5803400,HSX,stock
2024-06-06,MBB,22.40,22.60,22.30,22.35,23.75,20.65,4073200,HSX,stock
2024-06-07,MBB,22.55,22.65,22.30,22.45,23.90,20.80,3640300,HSX,stock
2024-06-10,MBB,22.55,22.90,22.50,22.65,24.00,20.90,5678900,HSX,stock
2024-06-11,MBB,22.65,22.70,22.45,22.55,24.20,21.10,5126400,HSX,stock
2024-06-12,MBB,22.55,23.10,22.40,23.10,24.10,21.00,11782800,HSX,stock
2024-06-13,MBB,23.20,23.70,23.15,23.55,24.70,21.50,15234100,HSX,stock
2024-06-14,MBB,24.00,24.00,23.10,23.10,25.15,21.95,11883000,HSX,stock
2024-06-17,MBB,23.40,23.40,22.95,23.25,24.70,21.50,7823400,HSX,stock
2024-06-18,MBB,23.50,23.55,23.25,23.25,24.85,21.65,5699800,HSX,stock
2024-06-19,MBB,23.40,23.45,23.05,23.30,24.85,21.65,6212300,HSX,stock
2024-06-20,MBB,23.40,23.45,23.15,23.25,24.90,21.70,6879200,HSX,stock
2024-06-21,MBB,23.25,23.35,23.10,23.20,24.85,21.65,4505000,HSX,stock
2024-06-24,MBB,23.10,23.20,22.55,22.65,24.80,21.60,10849400,HSX,stock
2024-06-25,MBB,22.70,22.85,22.50,22.60,24.20,21.10,4262200,HSX,stock
2024-06-26,MBB,22.60,22.65,22.35,22.50,24.15,21.05,5469700,HSX,stock
2024-06-27,MBB,22.45,22.60,22.40,22.50,24.05,20.95,3319800,HSX,stock
2024-06-28,MBB,22.55,22.55,22.20,22.20,24.05,20.95,4831900,HSX,stock
2024-07-01,MBB,22.25,22.45,22.15,22.45,23.75,20.65,2040900,HSX,stock
2024-07-02,MBB,22.50,22.85,22.45,22.70,24.00,20.90,4736500,HSX,stock
2024-07-03,MBB,22.80,22.95,22.60,22.90,24.25,21.15,3088800,HSX,stock
2024-07-04,MBB,22.90,23.00,22.60,22.80,24.50,21.30,2153100,HSX,stock
2024-07-05,MBB,22.80,22.85,22.60,22.80,24.35,21.25,3211100,HSX,stock
2024-07-08,MBB,22.80,22.95,22.60,22.70,24.35,21.25,2786600,HSX,stock
2024-07-09,MBB,22.80,23.15,22.65,23.15,24.25,21.15,6037000,HSX,stock
2024-07-10,MBB,23.15,23.60,23.15,23.30,24.75,21.55,8058500,HSX,stock
2024-07-11,MBB,23.45,23.50,23.10,23.10,24.90,21.70,3944300,HSX,stock
2024-07-12,MBB,22.95,23.20,22.90,23.00,24.70,21.50,3716800,HSX,stock
2024-07-15,MBB,23.05,23.20,22.95,23.05,24.60,21.40,2192200,HSX,stock
2024-07-16,MBB,23.10,23.95,23.05,23.55,24.65,21.45,9112000,HSX,stock
2024-07-17,MBB,23.80,25.15,23.55,24.50,25.15,21.95,26183300,HSX,stock
2024-07-18,MBB,24.60,25.00,24.10,24.90,26.20,22.80,13083500,HSX,stock
2024-07-19,MBB,24.90,25.65,24.80,25.40,26.60,23.20,18943300,HSX,stock
2024-07-22,MBB,25.30,25.75,24.65,25.20,27.15,23.65,14029400,HSX,stock
2024-07-23,MBB,25.35,25.35,23.80,23.90,26.95,23.45,19253000,HSX,stock
2024-07-24,MBB,23.80,24.25,23.65,23.95,25.55,22.25,11469700,HSX,stock
2024-07-25,MBB,23.85,24.10,23.50,23.95,25.60,22.30,8411900,HSX,stock
2024-07-26,MBB,23.90,24.35,23.85,24.30,25.60,22.30,5738300,HSX,stock
2024-07-29,MBB,24.45,24.45,24.10,24.10,26.00,22.60,4308500,HSX,stock
2024-07-30,MBB,24.10,24.50,23.85,24.50,25.75,22.45,7972700,HSX,stock
2024-07-31,MBB,24.50,24.90,24.20,24.40,26.20,22.80,8503600,HSX,stock
2024-08-01,MBB,24.40,24.55,23.25,23.40,26.10,22.70,13403400,HSX,stock
2024-08-02,MBB,23.00,23.80,23.00,23.80,25.00,21.80,11209000,HSX,stock
2024-08-05,MBB,23.05,23.55,22.80,22.95,25.45,22.15,14451100,HSX,stock
2024-08-06,MBB,23.20,23.50,23.00,23.40,24.55,21.35,7637500,HSX,stock
2024-08-07,MBB,23.40,23.50,23.20,23.35,25.00,21.80,4779000,HSX,stock
2024-08-08,MBB,23.30,23.50,23.00,23.05,24.95,21.75,4707200,HSX,stock
2024-08-09,MBB,23.20,23.50,23.20,23.45,24.65,21.45,3842700,HSX,stock
2024-08-12,MBB,23.50,23.70,23.35,23.70,25.05,21.85,5430700,HSX,stock
2024-08-13,MBB,23.65,23.75,23.40,23.60,25.35,22.05,2997300,HSX,stock
2024-08-14,MBB,23.75,23.75,23.40,23.40,25.25,21.95,3299000,HSX,stock
2024-08-15,MBB,23.40,23.55,23.25,23.25,25.00,21.80,3563400,HSX,stock
2024-08-16,MBB,23.40,24.10,23.35,24.05,24.85,21.65,9449000,HSX,stock
2024-08-19,MBB,24.10,24.25,23.95,24.05,25.70,22.40,3541900,HSX,stock
2024-08-20,MBB,24.10,24.50,24.05,24.25,25.70,22.40,6642600,HSX,stock
2024-08-21,MBB,24.25,24.80,24.05,24.75,25.90,22.60,9135000,HSX,stock
2024-08-22,MBB,24.85,24.90,24.40,24.40,26.45,23.05,6241800,HSX,stock
2024-08-23,MBB,24.40,24.65,24.30,24.55,26.10,22.70,4270300,HSX,stock
2024-08-26,MBB,24.70,24.80,24.30,24.45,26.25,22.85,4949900,HSX,stock
2024-08-27,MBB,24.35,24.50,24.30,24.40,26.15,22.75,5246900,HSX,stock
2024-08-28,MBB,24.45,24.70,24.35,24.65,26.10,22.70,4926100,HSX,stock
2024-08-29,MBB,24.65,25.20,24.65,24.85,26.35,22.95,9474400,HSX,stock
2024-08-30,MBB,24.85,25.00,24.80,24.85,26.55,23.15,4078200,HSX,stock
2024-09-04,MBB,24.45,24.60,24.35,24.40,26.55,23.15,6839900,HSX,stock
2024-09-05,MBB,24.40,24.70,23.90,23.95,26.10,22.70,6165400,HSX,stock
2024-09-06,MBB,23.90,24.05,23.75,24.00,25.60,22.30,6810600,HSX,stock
2024-09-09,MBB,23.90,23.95,23.75,23.95,25.65,22.35,3553200,HSX,stock
2024-09-10,MBB,24.05,24.20,23.65,23.75,25.60,22.30,4980400,HSX,stock
2024-09-11,MBB,23.75,24.05,23.50,23.90,25.40,22.10,4358500,HSX,stock
2024-09-12,MBB,24.00,24.15,23.95,24.00,25.55,22.25,2858000,HSX,stock
2024-09-13,MBB,24.05,24.05,23.85,23.90,25.65,22.35,2187700,HSX,stock
2024-09-16,MBB,23.90,24.25,23.85,23.90,25.55,22.25,3612900,HSX,stock
2024-09-17,MBB,24.00,24.25,23.80,24.25,25.55,22.25,4269800,HSX,stock
2024-09-18,MBB,24.30,24.60,24.15,24.40,25.90,22.60,5692500,HSX,stock
2024-09-19,MBB,24.45,24.55,24.35,24.40,26.10,22.70,3341900,HSX,stock
2024-09-20,MBB,24.55,25.00,24.55,24.75,26.10,22.70,11220300,HSX,stock
2024-09-23,MBB,24.80,25.40,24.80,24.80,26.45,23.05,9074100,HSX,stock
2024-09-24,MBB,24.90,25.30,24.80,25.25,26.50,23.10,7047100,HSX,stock
2024-09-25,MBB,25.40,25.90,25.35,25.75,27.00,23.50,12652400,HSX,stock
2024-09-26,MBB,25.75,25.95,25.50,25.70,27.55,23.95,10689300,HSX,stock
2024-09-27,MBB,25.70,26.15,25.60,25.70,27.45,23.95,7397600,HSX,stock
2024-09-30,MBB,25.45,25.80,25.45,25.70,27.45,23.95,6112000,HSX,stock
2024-10-01,MBB,25.75,26.15,25.65,25.65,27.45,23.95,7465900,HSX,stock
2024-10-02,MBB,25.55,25.85,25.50,25.70,27.40,23.90,5778700,HSX,stock
2024-10-03,MBB,25.65,26.10,25.40,25.50,27.45,23.95,9223400,HSX,stock
2024-10-04,MBB,25.50,25.50,25.10,25.10,27.25,23.75,8641600,HSX,stock
2024-10-07,MBB,25.30,25.40,25.00,25.20,26.85,23.35,4641100,HSX,stock
2024-10-08,MBB,25.20,25.50,25.10,25.20,26.95,23.45,5510900,HSX,stock
2024-10-09,MBB,25.30,25.65,25.25,25.60,26.95,23.45,6087700,HSX,stock
2024-10-10,MBB,25.70,25.95,25.50,25.50,27.35,23.85,5791500,HSX,stock
2024-10-11,MBB,25.50,25.60,25.35,25.55,27.25,23.75,3213300,HSX,stock
2024-10-14,MBB,25.65,26.10,25.50,25.85,27.30,23.80,6428900,HSX,stock
2024-10-15,MBB,25.95,26.10,25.65,25.65,27.65,24.05,7547000,HSX,stock
2024-10-16,MBB,25.65,25.65,25.40,25.50,27.40,23.90,4957100,HSX,stock
2024-10-17,MBB,25.55,25.90,25.35,25.90,27.25,23.75,6564300,HSX,stock
2024-10-18,MBB,26.00,26.20,25.70,25.75,27.70,24.10,7838100,HSX,stock
2024-10-21,MBB,25.75,25.90,25.55,25.55,27.55,23.95,4662300,HSX,stock
2024-10-22,MBB,25.50,25.65,25.15,25.25,27.30,23.80,9714100,HSX,stock
2024-10-23,MBB,25.25,25.35,25.15,25.25,27.00,23.50,4913000,HSX,stock
2024-10-24,MBB,25.25,25.40,24.70,24.70,27.00,23.50,7984900,HSX,stock
2024-10-25,MBB,24.80,24.80,24.55,24.65,26.40,23.00,5182800,HSX,stock
2024-10-28,MBB,24.75,24.85,24.65,24.80,26.35,22.95,1914600,HSX,stock
2024-10-29,MBB,24.90,25.10,24.85,25.00,26.50,23.10,2739300,HSX,stock
2024-10-30,MBB,25.00,25.15,24.70,25.00,26.75,23.25,2630800,HSX,stock
2024-10-31,MBB,25.00,25.20,24.80,25.05,26.75,23.25,3049000,HSX,stock
2024-11-01,MBB,24.95,25.05,24.60,24.60,26.80,23.30,5810900,HSX,stock
2024-11-04,MBB,24.70,24.75,24.40,24.45,26.30,22.90,5011200,HSX,stock
2024-11-05,MBB,24.55,24.60,24.40,24.45,26.15,22.75,2934800,HSX,stock
2024-11-06,MBB,24.65,24.90,24.50,24.85,26.15,22.75,2950300,HSX,stock
2024-11-07,MBB,25.00,25.00,24.80,24.80,26.55,23.15,2363300,HSX,stock
2024-11-08,MBB,24.85,24.90,24.40,24.55,26.50,23.10,3801900,HSX,stock
2024-11-11,MBB,24.55,24.60,23.95,24.30,26.25,22.85,6081900,HSX,stock
2024-11-12,MBB,24.30,24.35,24.10,24.10,26.00,22.60,3990700,HSX,stock
2024-11-13,MBB,24.10,24.25,23.85,24.15,25.75,22.45,4468800,HSX,stock
2024-11-14,MBB,24.10,24.10,23.80,23.80,25.80,22.50,3835600,HSX,stock
2024-11-15,MBB,23.70,23.80,23.50,23.50,25.45,22.15,5313800,HSX,stock
2024-11-18,MBB,23.50,23.65,23.10,23.40,25.10,21.90,7297400,HSX,stock
2024-11-19,MBB,23.50,23.60,23.15,23.15,25.00,21.80,3925400,HSX,stock
2024-11-20,MBB,23.15,23.70,23.15,23.55,24.75,21.55,4412300,HSX,stock
2024-11-21,MBB,23.60,24.00,23.40,24.00,25.15,21.95,3728100,HSX,stock
2024-11-22,MBB,23.95,24.20,23.90,24.00,25.65,22.35,3374400,HSX,stock
2024-11-25,MBB,24.00,24.05,23.90,23.95,25.65,22.35,2662500,HSX,stock
2024-11-26,MBB,24.05,24.20,24.00,24.10,25.60,22.30,2251900,HSX,stock
2024-11-27,MBB,24.00,24.25,23.90,24.10,25.75,22.45,2020100,HSX,stock
2024-11-28,MBB,24.20,24.25,24.00,24.00,25.75,22.45,3437500,HSX,stock
2024-11-29,MBB,24.05,24.15,23.95,24.15,25.65,22.35,2270200,HSX,stock
2024-12-02,MBB,24.20,24.30,24.05,24.15,25.80,22.50,2294900,HSX,stock
2024-12-03,MBB,24.15,24.20,23.95,23.95,25.80,22.50,3703200,HSX,stock
2024-12-04,MBB,23.90,24.00,23.80,23.85,25.60,22.30,3070000,HSX,stock
2024-12-05,MBB,23.85,24.60,23.80,24.55,25.50,22.20,5272500,HSX,stock
2024-12-06,MBB,24.60,24.60,24.35,24.35,26.25,22.85,3007200,HSX,stock
2024-12-09,MBB,24.40,24.55,24.25,24.40,26.05,22.65,2599700,HSX,stock
2024-12-10,MBB,24.40,24.50,24.25,24.25,26.10,22.70,2286600,HSX,stock
2024-12-11,MBB,24.25,24.40,24.10,24.30,25.90,22.60,2829100,HSX,stock
2024-12-12,MBB,24.40,24.55,24.30,24.30,26.00,22.60,2490000,HSX,stock
2024-12-13,MBB,24.25,24.35,24.20,24.25,26.00,22.60,2253900,HSX,stock
2024-12-16,MBB,24.25,24.35,24.00,24.10,25.90,22.60,2344700,HSX,stock
2024-12-17,MBB,24.05,24.20,24.05,24.15,25.75,22.45,1980400,HSX,stock
2024-12-18,MBB,24.15,24.20,24.05,24.20,25.80,22.50,1828000,HSX,stock
2024-12-19,MBB,23.80,24.05,23.80,23.85,25.85,22.55,5219200,HSX,stock
2024-12-20,MBB,23.85,24.00,23.80,24.00,25.50,22.20,1982300,HSX,stock
2024-12-23,MBB,24.00,24.15,24.00,24.05,25.65,22.35,1865000,HSX,stock
2024-12-24,MBB,24.05,24.05,23.85,23.90,25.70,22.40,1559300,HSX,stock
2024-12-25,MBB,23.95,24.80,23.95,24.45,25.55,22.25,6308900,HSX,stock
2024-12-26,MBB,24.50,24.90,24.45,24.90,26.15,22.75,7993100,HSX,stock
2024-12-27,MBB,25.05,25.30,25.00,25.05,26.60,23.20,7768100,HSX,stock
2024-12-30,MBB,25.15,25.15,24.80,24.80,26.80,23.30,4659700,HSX,stock
2024-12-31,MBB,24.80,25.10,24.80,25.10,26.50,23.10,5844500,HSX,stock
2025-01-02,MBB,25.15,25.45,25.05,25.20,26.85,23.35,5186100,HSX,stock
2025-01-03,MBB,25.20,25.20,24.70,24.70,26.95,23.45,5842600,HSX,stock
2025-01-06,MBB,24.70,24.90,24.40,24.40,26.40,23.00,7134600,HSX,stock
2025-01-07,MBB,21.70,21.70,21.20,21.65,22.65,19.75,5711800,HSX,stock
2025-01-08,MBB,21.45,21.70,21.45,21.60,23.15,20.15,2977700,HSX,stock
2025-01-09,MBB,21.60,21.70,21.45,21.50,23.10,20.10,2385900,HSX,stock
2025-01-10,MBB,21.45,21.50,21.15,21.15,23.00,20.00,4311200,HSX,stock
2025-01-13,MBB,21.15,21.50,20.95,21.50,22.60,19.70,3655400,HSX,stock
2025-01-14,MBB,21.40,21.50,21.15,21.30,23.00,20.00,2686100,HSX,stock
2025-01-15,MBB,21.45,21.50,21.30,21.35,22.75,19.85,2379500,HSX,stock
2025-01-16,MBB,21.50,21.60,21.35,21.40,22.80,19.90,3651000,HSX,stock
2025-01-17,MBB,21.50,21.50,21.35,21.50,22.85,19.95,2271300,HSX,stock
2025-01-20,MBB,21.50,21.95,21.50,21.85,23.00,20.00,4377800,HSX,stock
2025-01-21,MBB,21.95,22.05,21.75,21.85,23.35,20.35,3599500,HSX,stock
2025-01-22,MBB,21.95,21.95,21.75,21.80,23.35,20.35,3190800,HSX,stock
2025-01-23,MBB,21.90,22.25,21.80,22.20,23.30,20.30,5723900,HSX,stock
2025-01-24,MBB,22.05,22.45,22.05,22.40,23.75,20.65,4792300,HSX,stock
2025-02-03,MBB,22.05,22.25,21.95,22.05,23.95,20.85,5194000,HSX,stock
2025-02-04,MBB,22.20,22.60,22.10,22.45,23.55,20.55,4785100,HSX,stock
2025-02-05,MBB,22.50,22.55,22.30,22.50,24.00,20.90,2809100,HSX,stock
2025-02-06,MBB,22.55,22.95,22.55,22.60,24.05,20.95,3786500,HSX,stock
2025-02-07,MBB,22.70,23.00,22.40,22.75,24.15,21.05,5757100,HSX,stock
2025-02-10,MBB,22.70,23.25,22.45,22.90,24.30,21.20,8218000,HSX,stock
2025-02-11,MBB,23.00,23.00,22.85,23.00,24.50,21.30,3441900,HSX,stock
2025-02-12,MBB,23.00,23.05,22.70,22.70,24.60,21.40,3385400,HSX,stock
2025-02-13,MBB,22.85,22.90,22.60,22.90,24.25,21.15,3082500,HSX,stock
2025-02-14,MBB,23.00,23.00,22.80,22.85,24.50,21.30,4454800,HSX,stock
2025-02-17,MBB,22.90,22.90,22.60,22.65,24.40,21.30,3293600,HSX,stock
2025-02-18,MBB,22.65,22.95,22.60,22.70,24.20,21.10,4765600,HSX,stock
2025-02-19,MBB,22.80,22.95,22.70,22.85,24.25,21.15,3513000,HSX,stock
2025-02-20,MBB,23.00,23.00,22.85,22.85,24.40,21.30,5663300,HSX,stock
2025-02-21,MBB,22.90,23.15,22.80,22.90,24.40,21.30,8190300,HSX,stock
2025-02-24,MBB,22.80,23.05,22.80,23.00,24.50,21.30,7031700,HSX,stock
2025-02-25,MBB,23.05,23.55,23.05,23.40,24.60,21.40,6944500,HSX,stock
2025-02-26,MBB,23.50,23.55,23.20,23.20,25.00,21.80,3962800,HSX,stock
2025-02-27,MBB,23.20,23.25,22.95,23.20,24.80,21.60,5613800,HSX,stock
2025-02-28,MBB,23.10,23.15,22.95,23.00,24.80,21.60,5651400,HSX,stock
2025-03-03,MBB,23.00,23.10,22.95,23.10,24.60,21.40,4677500,HSX,stock
2025-03-04,MBB,23.05,23.60,22.85,23.40,24.70,21.50,8964700,HSX,stock
2025-03-05,MBB,23.40,24.10,23.30,23.55,25.00,21.80,12903100,HSX,stock
2025-03-06,MBB,23.70,24.10,23.50,24.10,25.15,21.95,14078500,HSX,stock
2025-03-07,MBB,24.25,24.90,24.10,24.50,25.75,22.45,20309300,HSX,stock
2025-03-10,MBB,24.75,24.90,24.45,24.50,26.20,22.80,8203300,HSX,stock
2025-03-11,MBB,24.20,24.80,24.15,24.80,26.20,22.80,12753900,HSX,stock
2025-03-12,MBB,24.90,25.00,24.60,24.60,26.50,23.10,14208200,HSX,stock
2025-03-13,MBB,24.65,24.70,24.20,24.30,26.30,22.90,11069300,HSX,stock
2025-03-14,MBB,24.25,24.45,24.15,24.30,26.00,22.60,9391800,HSX,stock
2025-03-17,MBB,24.40,24.45,24.10,24.30,26.00,22.60,10142200,HSX,stock
2025-03-18,MBB,24.40,24.40,23.90,23.90,26.00,22.60,8653000,HSX,stock
2025-03-19,MBB,23.90,24.00,23.70,23.85,25.55,22.25,9334100,HSX,stock
2025-03-20,MBB,24.00,24.35,23.90,24.25,25.50,22.20,9424900,HSX,stock
2025-03-21,MBB,24.30,24.50,24.20,24.30,25.90,22.60,6704400,HSX,stock
2025-03-24,MBB,24.30,24.40,23.95,24.40,26.00,22.60,7556500,HSX,stock
2025-03-25,MBB,24.50,24.55,24.15,24.20,26.10,22.70,5616900,HSX,stock
2025-03-26,MBB,24.15,24.40,24.00,24.00,25.85,22.55,8974200,HSX,stock
2025-03-27,MBB,24.00,24.10,23.90,23.90,25.65,22.35,5954100,HSX,stock
2025-03-28,MBB,24.00,24.10,23.80,23.90,25.55,22.25,6675800,HSX,stock
2025-03-31,MBB,23.85,24.10,23.80,24.10,25.55,22.25,8710500,HSX,stock
2025-04-01,MBB,24.15,24.60,24.00,24.60,25.75,22.45,6449300,HSX,stock
2025-04-02,MBB,24.60,24.65,24.35,24.35,26.30,22.90,4758900,HSX,stock
2025-04-03,MBB,23.60,23.70,22.65,22.65,26.05,22.65,32543400,HSX,stock
2025-04-04,MBB,21.10,22.45,21.10,22.45,24.20,21.10,32623900,HSX,stock
2025-04-08,MBB,21.15,21.90,20.90,20.90,24.00,20.90,22086200,HSX,stock
2025-04-09,MBB,19.45,21.40,19.45,20.65,22.35,19.45,27875100,HSX,stock
2025-04-10,MBB,22.05,22.05,22.05,22.05,22.05,19.25,1637300,HSX,stock
2025-04-11,MBB,22.50,23.50,22.40,23.45,23.55,20.55,36593300,HSX,stock
2025-04-14,MBB,23.50,23.55,23.15,23.45,25.05,21.85,13929100,HSX,stock
2025-04-15,MBB,23.00,23.40,22.90,23.00,25.05,21.85,13893800,HSX,stock
2025-04-16,MBB,23.00,23.25,22.75,22.90,24.60,21.40,9573300,HSX,stock
2025-04-17,MBB,22.70,23.00,22.60,23.00,24.50,21.30,11782700,HSX,stock
2025-04-18,MBB,23.10,23.45,23.05,23.25,24.60,21.40,14399600,HSX,stock
2025-04-21,MBB,23.50,23.50,22.80,22.95,24.85,21.65,14030900,HSX,stock
2025-04-22,MBB,22.85,23.15,21.55,23.10,24.55,21.35,19358000,HSX,stock
2025-04-23,MBB,23.45,23.70,23.10,23.40,24.70,21.50,16761600,HSX,stock
2025-04-24,MBB,23.40,23.40,23.05,23.25,25.00,21.80,8108100,HSX,stock
2025-04-25,MBB,23.50,23.75,23.30,23.55,24.85,21.65,20057300,HSX,stock
2025-04-28,MBB,23.80,23.85,23.55,23.70,25.15,21.95,9975000,HSX,stock
2025-04-29,MBB,23.70,23.75,23.55,23.55,25.35,22.05,6423000,HSX,stock
2025-05-05,MBB,23.70,23.75,23.45,23.55,25.15,21.95,32099500,HSX,stock
2025-05-06,MBB,23.60,23.70,23.50,23.55,,,46641900,HSX,stock
2025-05-07,MBB,23.55,23.60,23.20,23.25,25.15,21.95,143951600,HSX,stock
2025-05-08,MBB,23.30,23.60,23.20,23.55,24.85,21.65,36061900,HSX,stock
2025-05-09,MBB,23.70,23.70,23.40,23.50,25.15,21.95,57199300,HSX,stock
2025-05-12,MBB,23.40,23.90,23.35,23.80,25.10,21.90,115210700,HSX,stock
2025-05-13,MBB,24.05,24.50,24.00,24.50,25.45,22.15,371652400,HSX,stock
2025-05-14,MBB,24.50,24.70,24.35,24.50,26.20,22.80,132472900,HSX,stock
2025-05-15,MBB,24.60,25.45,24.60,25.05,26.20,22.80,133271400,HSX,stock
2025-05-16,MBB,25.15,25.15,24.65,24.65,26.80,23.30,225213300,HSX,stock
2025-05-19,MBB,24.50,24.90,24.35,24.60,26.35,22.95,113410500,HSX,stock
2025-05-20,MBB,24.70,25.10,24.50,24.85,26.30,22.90,38892900,HSX,stock
2025-05-21,MBB,25.20,25.55,24.85,25.05,26.55,23.15,114716800,HSX,stock
2025-05-22,MBB,25.35,25.35,24.50,24.65,26.80,23.30,473109500,HSX,stock
2025-05-23,MBB,24.90,24.90,24.55,24.65,26.35,22.95,172636700,HSX,stock
2025-05-26,MBB,24.70,24.80,24.00,24.80,26.35,22.95,44229900,HSX,stock
2025-05-27,MBB,25.00,25.00,24.65,24.75,26.50,23.10,29533100,HSX,stock
2025-05-28,MBB,24.85,24.85,24.55,24.60,26.45,23.05,46389600,HSX,stock
2025-05-29,MBB,24.75,24.75,24.45,24.50,26.30,22.90,35115300,HSX,stock
2025-05-30,MBB,24.65,24.65,24.35,24.35,26.20,22.80,118480300,HSX,stock
2025-06-02,MBB,24.45,24.70,24.15,24.60,26.05,22.65,69187700,HSX,stock
2025-06-03,MBB,24.65,24.80,24.65,24.70,26.30,22.90,34272700,HSX,stock
2025-06-04,MBB,24.75,24.80,24.50,24.55,26.40,23.00,18197600,HSX,stock
2025-06-05,MBB,24.55,24.65,24.40,24.40,26.25,22.85,60034200,HSX,stock
2025-06-06,MBB,24.35,24.40,24.15,24.15,26.10,22.70,83651100,HSX,stock
2025-06-09,MBB,24.15,24.30,24.10,24.25,25.80,22.50,27255700,HSX,stock
2025-06-10,MBB,24.30,24.55,24.10,24.20,25.90,22.60,22665500,HSX,stock
2025-06-11,MBB,24.20,24.30,24.15,24.25,25.85,22.55,16180000,HSX,stock
2025-06-12,MBB,24.30,24.70,24.30,24.70,25.90,22.60,173463600,HSX,stock
2025-06-13,MBB,24.45,25.00,24.40,24.85,26.40,23.00,364026800,HSX,stock
2025-06-16,MBB,24.85,25.20,24.80,25.10,26.55,23.15,63568600,HSX,stock
2025-06-17,MBB,25.25,25.40,24.85,25.00,26.85,23.35,93224900,HSX,stock
2025-06-18,MBB,25.10,25.30,24.90,25.05,26.75,23.25,48389500,HSX,stock
2025-06-19,MBB,25.20,25.20,24.95,25.10,26.80,23.30,65936700,HSX,stock
2025-06-20,MBB,25.20,26.15,25.15,25.80,26.85,23.35,92629800,HSX,stock
2025-06-23,MBB,25.55,26.10,25.50,25.90,27.60,24.00,109245700,HSX,stock
2025-06-24,MBB,26.10,26.40,25.90,25.90,27.70,24.10,103473500,HSX,stock
2025-06-25,MBB,26.00,26.05,25.60,25.60,27.70,24.10,254643400,HSX,stock
2025-06-26,MBB,25.70,25.90,25.50,25.90,27.35,23.85,116105100,HSX,stock
2025-06-27,MBB,25.90,26.10,25.70,25.70,27.70,24.10,127770700,HSX,stock
2025-06-30,MBB,25.75,25.90,25.70,25.80,27.45,23.95,27791800,HSX,stock
2025-07-01,MBB,25.90,26.15,25.80,26.00,27.60,24.00,30156100,HSX,stock
2025-07-02,MBB,26.05,26.30,26.00,26.05,27.80,24.20,24922700,HSX,stock
2025-07-03,MBB,26.15,26.35,25.95,25.95,27.85,24.25,139266200,HSX,stock
2025-07-04,MBB,26.00,26.05,25.85,26.00,27.75,24.15,34670100,HSX,stock
2025-07-07,MBB,26.10,26.50,26.10,26.40,27.80,24.20,60655400,HSX,stock
2025-07-08,MBB,26.50,26.70,26.35,26.40,28.20,24.60,28034600,HSX,stock
2025-07-09,MBB,26.55,26.80,26.40,26.60,28.20,24.60,40323700,HSX,stock
2025-07-10,MBB,26.70,26.70,26.40,26.45,28.45,24.75,74998100,HSX,stock
2025-07-11,MBB,26.50,26.90,26.45,26.70,28.30,24.60,31078500,HSX,stock
2025-07-14,MBB,26.75,26.90,26.40,26.80,28.55,24.85,40318900,HSX,stock
2025-07-15,MBB,26.80,27.10,26.60,26.60,28.65,24.95,175849300,HSX,stock
2025-07-16,MBB,26.50,26.75,26.45,26.70,28.45,24.75,26309500,HSX,stock
2025-07-17,MBB,26.75,26.90,26.55,26.75,28.55,24.85,9798300,HSX,stock
2025-07-18,MBB,26.80,27.25,26.60,27.20,28.60,24.90,87633700,HSX,stock
2025-07-21,MBB,27.30,27.65,26.90,26.95,29.10,25.30,161780800,HSX,stock
2025-07-22,MBB,26.90,27.15,26.65,27.15,28.80,25.10,10564400,HSX,stock
2025-07-23,MBB,27.20,27.60,27.10,27.40,29.05,25.25,30017800,HSX,stock
2025-07-24,MBB,27.55,28.45,27.55,28.40,29.30,25.50,123905200,HSX,stock
2025-07-25,MBB,28.50,28.85,28.40,28.45,30.35,26.45,26741600,HSX,stock
2025-07-28,MBB,28.45,28.75,28.35,28.75,30.40,26.50,71459800,HSX,stock
2025-07-29,MBB,28.80,28.85,26.85,26.85,30.75,26.75,1941877200,HSX,stock
2025-07-30,MBB,27.20,27.85,26.85,27.40,28.70,25.00,89941700,HSX,stock
2025-07-31,MBB,27.65,27.80,26.95,27.45,29.30,25.50,51713200,HSX,stock
2025-08-01,MBB,27.45,27.65,27.05,27.15,29.35,25.55,79988900,HSX,stock
2025-08-04,MBB,27.10,27.80,27.05,27.80,29.05,25.25,111811600,HSX,stock
2025-08-05,MBB,28.90,29.70,27.65,29.70,29.70,25.90,1126370000,HSX,stock
2025-08-06,MBB,30.50,30.95,30.20,30.60,31.75,27.65,231598700,HSX,stock
2025-08-07,MBB,30.90,30.95,30.35,30.75,32.70,28.50,80364000,HSX,stock
2025-08-08,MBB,30.95,31.00,30.35,30.55,32.90,28.60,152206700,HSX,stock
2025-08-11,MBB,30.80,32.45,30.70,31.80,32.65,28.45,224549600,HSX,stock
2025-08-12,MBB,32.30,32.40,31.65,32.40,34.00,29.60,823409300,HSX,stock
2025-08-13,MBB,25.40,25.80,24.70,25.80,26.00,22.60,5342130900,HSX,stock
2025-08-14,MBB,27.60,27.60,27.60,27.60,27.60,24.00,14702357900,HSX,stock
2025-08-15,MBB,29.50,29.50,27.70,28.25,29.50,25.70,3305554500,HSX,stock
2025-08-18,MBB,28.55,28.60,27.65,27.80,30.20,26.30,306335800,HSX,stock
2025-08-19,MBB,28.35,29.40,27.90,28.20,29.70,25.90,671031400,HSX,stock
2025-08-20,MBB,28.20,28.30,26.85,27.80,30.15,26.25,315489600,HSX,stock
2025-08-21,MBB,28.05,28.70,27.75,28.20,29.70,25.90,166161800,HSX,stock
2025-08-22,MBB,27.75,28.00,26.90,26.90,30.15,26.25,1262177900,HSX,stock
2025-08-25,MBB,27.15,27.30,25.80,26.20,28.75,25.05,378842100,HSX,stock
2025-08-26,MBB,26.20,27.60,26.10,27.55,28.00,24.40,215402500,HSX,stock
2025-08-27,MBB,28.20,28.25,27.40,27.40,29.45,25.65,180672800,HSX,stock
2025-08-28,MBB,27.40,27.55,26.70,27.20,29.30,25.50,76924700,HSX,stock
2025-08-29,MBB,27.45,28.20,27.20,27.75,29.10,25.30,194326400,HSX,stock
2025-09-03,MBB,27.80,28.80,27.50,28.45,29.65,25.85,112824900,HSX,stock
2025-09-04,MBB,28.45,28.60,28.10,28.25,30.40,26.50,132225000,HSX,stock
2025-09-05,MBB,28.50,28.65,27.40,27.40,30.20,26.30,2223412600,HSX,stock
2025-09-08,MBB,27.20,27.25,26.70,26.70,29.30,25.50,562890200,HSX,stock
2025-09-09,MBB,26.70,27.00,26.30,26.65,28.55,24.85,133262400,HSX,stock
2025-09-10,MBB,27.00,27.55,26.80,26.95,28.50,24.80,142399500,HSX,stock
2025-09-11,MBB,26.80,26.95,26.05,26.70,28.80,25.10,80644500,HSX,stock
2025-09-12,MBB,26.90,27.00,26.60,26.60,28.55,24.85,113387500,HSX,stock
2025-09-15,MBB,26.75,26.85,26.55,26.85,28.45,24.75,89672900,HSX,stock
2025-09-16,MBB,27.10,27.85,27.05,27.50,28.70,25.00,163105200,HSX,stock
2025-09-17,MBB,27.40,27.55,27.00,27.00,29.40,25.60,119125400,HSX,stock
2025-09-18,MBB,26.95,27.10,26.60,26.80,28.85,25.15,63725000,HSX,stock
2025-09-19,MBB,26.95,26.95,26.50,26.65,28.65,24.95,48889500,HSX,stock
2025-09-22,MBB,26.55,26.60,26.10,26.15,28.50,24.80,117140900,HSX,stock
2025-09-23,MBB,26.45,26.55,26.15,26.35,27.95,24.35,32542400,HSX,stock
2025-09-24,MBB,26.35,26.80,25.90,26.80,28.15,24.55,200039000,HSX,stock
2025-09-25,MBB,27.00,27.00,26.40,26.55,28.65,24.95,50435500,HSX,stock
2025-09-26,MBB,26.50,26.70,26.25,26.25,28.40,24.70,158268800,HSX,stock
2025-09-29,MBB,26.25,26.35,26.10,26.15,28.05,24.45,46706500,HSX,stock
2025-09-30,MBB,26.20,26.60,26.05,26.20,27.95,24.35,33169700,HSX,stock
2025-10-01,MBB,26.25,26.60,26.15,26.40,28.00,24.40,23311300,HSX,stock
2025-10-02,MBB,26.50,27.35,26.45,26.80,28.20,24.60,162366600,HSX,stock
2025-10-03,MBB,26.70,26.80,26.40,26.55,28.65,24.95,37238300,HSX,stock
2025-10-06,MBB,26.95,27.50,26.65,27.35,28.40,24.70,263327700,HSX,stock
2025-10-07,MBB,27.50,27.55,26.85,26.85,29.25,25.45,167145000,HSX,stock
2025-10-08,MBB,27.20,27.30,26.85,26.85,28.70,25.00,297396300,HSX,stock
2025-10-09,MBB,27.00,27.40,26.85,27.35,28.70,25.00,184827000,HSX,stock
2025-10-10,MBB,27.40,27.75,27.20,27.45,29.25,25.45,156318300,HSX,stock
2025-10-13,MBB,27.15,27.40,27.00,27.35,29.35,25.55,345747200,HSX,stock
2025-10-14,MBB,27.50,27.70,27.05,27.05,29.25,25.45,364243600,HSX,stock
2025-10-15,MBB,27.15,27.65,27.10,27.25,28.90,25.20,56737000,HSX,stock
2025-10-16,MBB,27.30,27.55,27.15,27.20,29.15,25.35,124280200,HSX,stock
2025-10-17,MBB,27.25,27.80,27.10,27.10,29.10,25.30,318210400,HSX,stock
2025-10-20,MBB,26.95,27.10,25.25,25.25,28.95,25.25,6393901500,HSX,stock
2025-10-21,MBB,25.35,26.00,24.80,25.30,27.00,23.50,327732900,HSX,stock
2025-10-22,MBB,25.60,25.65,24.80,25.45,27.05,23.55,87671100,HSX,stock
2025-10-23,MBB,25.50,25.70,25.20,25.20,27.20,23.70,101421900,HSX,stock
2025-10-24,MBB,25.15,25.15,24.35,24.40,26.95,23.45,479404300,HSX,stock
2025-10-27,MBB,24.55,24.65,23.80,23.80,26.10,22.70,342522800,HSX,stock
2025-10-28,MBB,23.80,24.00,23.15,24.00,25.45,22.15,107288400,HSX,stock
2025-10-29,MBB,24.20,24.60,24.05,24.35,25.65,22.35,69674500,HSX,stock
2025-10-30,MBB,24.40,24.40,23.85,23.95,26.05,22.65,39491100,HSX,stock
2025-10-31,MBB,23.80,24.10,23.60,23.60,25.60,22.30,531553000,HSX,stock
2025-11-03,MBB,23.70,24.00,23.10,23.10,25.25,21.95,426812900,HSX,stock
2025-11-04,MBB,23.50,24.35,23.20,24.00,24.70,21.50,303948200,HSX,stock
2025-11-05,MBB,24.00,24.10,23.80,23.90,25.65,22.35,39408700,HSX,stock
2025-11-06,MBB,24.00,24.10,23.60,23.70,25.55,22.25,37411100,HSX,stock
2025-11-07,MBB,23.75,23.75,23.15,23.30,25.35,22.05,137939700,HSX,stock
2025-11-10,MBB,23.30,23.60,23.05,23.10,24.90,21.70,94494200,HSX,stock
2025-11-11,MBB,23.15,23.35,23.00,23.20,24.70,21.50,34757200,HSX,stock
2025-11-12,MBB,23.35,23.80,23.20,23.70,24.80,21.60,65963800,HSX,stock
2025-11-13,MBB,23.75,23.80,23.50,23.50,25.35,22.05,69073600,HSX,stock
2025-11-14,MBB,23.45,23.65,23.30,23.50,25.10,21.90,48460300,HSX,stock
2025-11-17,MBB,23.60,23.95,23.60,23.80,25.10,21.90,25172500,HSX,stock
2025-11-18,MBB,23.80,23.95,23.70,23.70,25.45,22.15,61824000,HSX,stock
2025-11-19,MBB,23.75,23.80,23.40,23.50,25.35,22.05,47879400,HSX,stock
2025-11-20,MBB,23.70,23.70,23.30,23.35,25.10,21.90,67511800,HSX,stock
2025-11-21,MBB,23.25,23.25,23.00,23.20,24.95,21.75,32360200,HSX,stock
2025-11-24,MBB,23.25,23.40,23.05,23.15,24.80,21.60,29962800,HSX,stock
2025-11-25,MBB,23.20,23.30,22.80,22.85,24.75,21.55,141257100,HSX,stock
2025-11-26,MBB,22.90,23.45,22.85,23.25,24.40,21.30,81122600,HSX,stock
2025-11-27,MBB,23.35,23.65,23.30,23.50,24.85,21.65,65567500,HSX,stock
2025-11-28,MBB,23.50,23.50,23.25,23.25,25.10,21.90,49076500,HSX,stock
2025-12-01,MBB,23.30,23.40,23.20,23.20,24.85,21.65,19578100,HSX,stock
2025-12-02,MBB,23.20,23.60,23.00,23.55,24.80,21.60,58494800,HSX,stock
2025-12-03,MBB,23.55,24.60,23.55,24.55,25.15,21.95,219379500,HSX,stock
2025-12-04,MBB,24.80,26.00,24.80,25.70,26.25,22.85,265570400,HSX,stock
2025-12-05,MBB,25.80,25.80,25.10,25.15,27.45,23.95,168847000,HSX,stock
2025-12-08,MBB,25.00,25.55,24.85,25.30,26.90,23.40,76663600,HSX,stock
2025-12-09,MBB,25.05,25.20,24.35,24.70,27.05,23.55,64929800,HSX,stock
2025-12-10,MBB,24.70,25.45,24.60,25.15,26.40,23.00,97153800,HSX,stock
2025-12-11,MBB,25.25,25.30,24.70,24.85,26.90,23.40,62812100,HSX,stock
2025-12-12,MBB,24.90,24.95,24.00,24.00,26.55,23.15,548956000,HSX,stock
2025-12-15,MBB,24.00,24.20,23.65,23.75,25.65,22.35,85501900,HSX,stock
2025-12-16,MBB,23.85,24.75,23.50,24.45,25.40,22.10,33834200,HSX,stock
2025-12-17,MBB,24.55,24.70,24.35,24.40,26.15,22.75,29804700,HSX,stock
2025-12-18,MBB,24.30,24.70,24.25,24.65,26.10,22.70,25820200,HSX,stock
2025-12-19,MBB,24.65,24.70,24.50,24.70,26.35,22.95,36930400,HSX,stock
2025-12-22,MBB,24.85,25.40,24.65,25.25,26.40,23.00,49535400,HSX,stock
2025-12-23,MBB,25.35,25.65,24.90,25.10,27.00,23.50,36224600,HSX,stock
2025-12-24,MBB,25.10,25.55,24.95,25.30,26.85,23.35,93519500,HSX,stock
2025-12-25,MBB,25.25,25.55,25.00,25.00,27.05,23.55,226298500,HSX,stock
2025-12-26,MBB,24.70,25.00,24.20,24.85,26.75,23.25,114394700,HSX,stock
2025-12-29,MBB,24.85,25.00,24.70,24.85,26.55,23.15,31172800,HSX,stock
2025-12-30,MBB,24.90,25.20,24.85,25.00,26.55,23.15,29182900,HSX,stock
2025-12-31,MBB,25.00,25.30,24.95,25.30,26.75,23.25,679862200,HSX,stock
2026-01-05,MBB,25.35,25.75,24.00,25.35,27.05,23.55,152844300,HSX,stock
2026-01-06,MBB,25.45,26.75,25.00,26.65,27.10,23.60,631344200,HSX,stock
2026-01-07,MBB,26.75,26.85,26.45,26.70,28.50,24.80,186614900,HSX,stock
2026-01-08,MBB,26.75,27.15,26.50,26.60,28.55,24.85,171535300,HSX,stock
2026-01-09,MBB,26.75,27.70,26.70,27.30,28.45,24.75,315330000,HSX,stock
2026-01-12,MBB,27.55,28.20,27.55,28.20,29.20,25.40,201078500,HSX,stock
2026-01-13,MBB,28.25,28.30,27.45,27.55,30.15,26.25,264859000,HSX,stock
2026-01-14,MBB,27.60,27.95,26.85,27.15,29.45,25.65,145444500,HSX,stock
2026-01-15,MBB,27.05,27.55,26.80,27.25,29.05,25.25,133144800,HSX,stock
2026-01-16,MBB,27.40,27.70,27.05,27.05,29.15,25.35,199432400,HSX,stock
2026-01-19,MBB,27.20,27.60,27.15,27.50,28.90,25.20,13609600,HSX,stock
2026-01-20,MBB,27.75,28.00,27.10,27.40,29.40,25.60,123400300,HSX,stock
2026-01-21,MBB,27.30,27.50,26.90,27.00,29.30,25.50,86061200,HSX,stock
2026-01-22,MBB,27.15,27.45,26.90,26.95,28.85,25.15,114812200,HSX,stock
2026-01-23,MBB,26.95,27.10,26.65,26.95,28.80,25.10,68133600,HSX,stock
2026-01-26,MBB,26.75,26.85,26.00,26.10,28.80,25.10,244656000,HSX,stock
2026-01-27,MBB,26.15,26.60,26.10,26.50,27.90,24.30,39750300,HSX,stock
2026-01-28,MBB,26.55,26.75,26.20,26.55,28.35,24.65,63234600,HSX,stock
2026-01-29,MBB,26.90,26.95,26.30,26.70,28.40,24.70,70286400,HSX,stock
2026-01-30,MBB,26.75,27.20,26.60,27.20,28.55,24.85,281896000,HSX,stock
2026-02-02,MBB,27.20,27.60,26.95,27.30,29.10,25.30,107317300,HSX,stock
2026-02-03,MBB,27.50,28.10,27.50,27.70,29.20,25.40,157384300,HSX,stock
2026-02-04,MBB,27.85,28.10,27.55,27.80,29.60,25.80,64527000,HSX,stock
2026-02-05,MBB,27.85,27.90,27.05,27.05,29.70,25.90,359445600,HSX,stock
2026-02-06,MBB,27.00,28.10,26.45,27.35,28.90,25.20,186851300,HSX,stock
2026-02-09,MBB,27.80,28.10,27.40,27.60,29.25,25.45,60786100,HSX,stock
2026-02-10,MBB,27.80,28.50,27.50,27.85,29.50,25.70,93669500,HSX,stock
2026-02-11,MBB,28.10,29.50,28.05,29.00,29.75,25.95,276447900,HSX,stock
2026-02-12,MBB,29.30,29.30,28.30,28.35,31.00,27.00,294177300,HSX,stock
2026-02-13,MBB,28.60,28.60,28.30,28.30,30.30,26.40,269814000,HSX,stock
2026-02-23,MBB,28.80,28.85,28.30,28.35,30.25,26.35,781640300,HSX,stock
2026-02-24,MBB,28.50,28.50,28.15,28.25,30.30,26.40,200567100,HSX,stock
2026-02-25,MBB,28.50,29.30,28.30,28.75,30.20,26.30,115617500,HSX,stock
2026-02-26,MBB,28.90,29.10,28.45,28.80,30.75,26.75,42934500,HSX,stock
2026-02-27,MBB,28.75,28.85,28.50,28.50,30.80,26.80,182016700,HSX,stock
2026-03-02,MBB,28.00,28.20,27.60,27.65,30.45,26.55,1244129400,HSX,stock
2026-03-03,MBB,27.75,27.85,27.00,27.05,29.55,25.75,271064900,HSX,stock
2026-03-04,MBB,27.10,27.40,26.35,26.95,28.90,25.20,113370000,HSX,stock
2026-03-05,MBB,27.45,27.55,27.00,27.05,28.80,25.10,112099000,HSX,stock
2026-03-06,MBB,27.10,27.15,26.65,26.70,28.90,25.20,320526900,HSX,stock
2026-03-09,MBB,24.90,25.65,24.85,24.85,28.55,24.85,1106678200,HSX,stock
2026-03-10,MBB,26.10,26.55,25.60,26.55,26.55,23.15,821405600,HSX,stock
2026-03-11,MBB,26.55,27.00,26.45,26.80,28.40,24.70,74423700,HSX,stock
2026-03-12,MBB,26.50,26.80,26.00,26.25,28.65,24.95,79611400,HSX,stock
2026-03-13,MBB,26.20,26.50,25.80,26.15,28.05,24.45,145352200,HSX,stock
2026-03-16,MBB,26.15,26.50,26.10,26.10,27.95,24.35,46090800,HSX,stock
2026-03-17,MBB,26.40,26.75,26.25,26.35,27.90,24.30,26105700,HSX,stock
2026-03-18,MBB,26.70,26.90,25.75,26.30,28.15,24.55,67404300,HSX,stock
2026-03-19,MBB,26.05,26.50,25.90,26.40,28.10,24.50,53787100,HSX,stock
2026-03-20,MBB,26.30,26.35,25.95,25.95,28.20,24.60,91930900,HSX,stock
2026-03-23,MBB,25.60,25.65,24.85,25.00,27.75,24.15,165332600,HSX,stock
2026-03-24,MBB,25.75,26.00,25.40,25.60,26.75,23.25,75431300,HSX,stock
2026-03-25,MBB,25.95,26.25,25.85,26.00,27.35,23.85,41046500,HSX,stock
2026-03-26,MBB,26.35,26.35,25.70,25.80,27.80,24.20,132143400,HSX,stock
2026-03-27,MBB,25.75,26.20,25.60,26.15,27.60,24.00,62614300,HSX,stock
2026-03-30,MBB,25.80,26.10,25.65,25.75,27.95,24.35,66259900,HSX,stock
2026-03-31,MBB,25.95,26.70,25.95,26.45,27.55,23.95,93355300,HSX,stock
2026-04-01,MBB,27.00,27.10,26.50,26.50,28.30,24.60,330467400,HSX,stock
2026-04-02,MBB,26.50,26.55,25.90,26.30,28.35,24.65,26177800,HSX,stock
2026-04-03,MBB,26.30,26.45,25.95,25.95,28.10,24.50,41080900,HSX,stock
2026-04-06,MBB,26.00,26.00,25.60,25.65,27.75,24.15,46702200,HSX,stock
2026-04-07,MBB,25.75,25.80,25.45,25.60,27.40,23.90,32785600,HSX,stock
2026-04-08,MBB,26.45,26.65,26.10,26.60,27.35,23.85,218635700,HSX,stock
2026-04-09,MBB,26.50,26.70,26.35,26.50,28.45,24.75,61910200,HSX,stock
2026-04-10,MBB,26.80,27.10,26.65,26.70,28.35,24.65,110803200,HSX,stock
2026-04-13,MBB,26.35,26.65,26.25,26.45,28.55,24.85,53880500,HSX,stock
2026-04-14,MBB,26.70,26.80,26.50,26.70,28.30,24.60,79750600,HSX,stock
2026-04-15,MBB,26.70,26.85,26.60,26.60,28.55,24.85,46353400,HSX,stock
2026-04-16,MBB,26.50,26.60,26.20,26.30,28.45,24.75,23384400,HSX,stock
2026-04-17,MBB,26.30,26.60,26.30,26.45,28.10,24.50,29749900,HSX,stock
2026-04-20,MBB,26.45,26.60,26.35,26.35,28.30,24.60,57769900,HSX,stock
2026-04-21,MBB,26.40,26.60,26.30,26.30,28.15,24.55,44758900,HSX,stock
2026-04-22,MBB,26.35,26.40,26.10,26.20,28.10,24.50,13114600,HSX,stock
2026-04-23,MBB,26.20,27.00,26.15,26.40,28.00,24.40,47639100,HSX,stock
2026-04-24,MBB,26.40,26.40,26.20,26.20,28.20,24.60,31198000,HSX,stock
2026-04-28,MBB,26.20,26.25,26.00,26.00,28.00,24.40,140148400,HSX,stock
2026-04-29,MBB,26.00,26.15,25.85,26.05,27.80,24.20,91430700,HSX,stock
2026-05-04,MBB,26.15,26.40,26.05,26.10,27.85,24.25,29694300,HSX,stock
2026-05-05,MBB,26.00,26.10,25.75,25.95,27.90,24.30,17606100,HSX,stock
2026-05-06,MBB,26.00,26.15,25.85,26.05,27.75,24.15,31046800,HSX,stock
2026-05-07,MBB,26.15,26.30,26.00,26.10,27.85,24.25,41326400,HSX,stock
2026-05-08,MBB,26.10,26.55,26.05,26.15,27.90,24.30,44378300,HSX,stock
2026-05-11,MBB,26.20,26.35,25.95,26.00,27.95,24.35,56319900,HSX,stock
2026-05-12,MBB,26.00,26.10,25.90,25.90,27.80,24.20,56952400,HSX,stock
2026-05-13,MBB,25.90,26.00,25.75,25.80,27.70,24.10,16314800,HSX,stock
2026-05-14,MBB,25.85,26.10,25.80,25.85,27.60,24.00,31628500,HSX,stock
2026-05-15,MBB,26.05,26.05,25.60,25.65,27.65,24.05,94737000,HSX,stock
2026-05-18,MBB,25.65,25.65,25.40,25.50,27.40,23.90,78343900,HSX,stock
2026-05-19,MBB,25.55,25.60,25.05,25.05,27.25,23.75,178759400,HSX,stock
2026-05-20,MBB,25.10,25.30,24.50,24.60,26.80,23.30,715276400,HSX,stock
2026-05-21,MBB,24.70,24.90,24.60,24.80,26.30,22.90,35406300,HSX,stock
2026-05-22,MBB,24.85,24.90,24.50,24.65,26.50,23.10,45757900,HSX,stock
2026-05-25,MBB,24.80,25.00,24.75,24.80,26.35,22.95,47004000,HSX,stock
2026-05-26,MBB,24.80,25.55,24.80,25.50,26.50,23.10,91594700,HSX,stock
2026-05-27,MBB,25.55,25.65,25.30,25.40,27.25,23.75,67709800,HSX,stock
2026-05-28,MBB,25.40,25.60,25.00,25.00,27.15,23.65,102064600,HSX,stock
2026-05-29,MBB,25.00,25.20,24.85,25.00,26.75,23.25,28177800,HSX,stock
2026-06-01,MBB,25.10,25.15,24.90,25.10,26.75,23.25,10279900,HSX,stock
2026-06-02,MBB,25.10,25.15,24.65,24.65,26.85,23.35,134109300,HSX,stock
2026-06-03,MBB,24.65,25.20,24.65,25.20,26.35,22.95,95527700,HSX,stock
2026-06-04,MBB,25.05,25.20,24.90,25.00,26.95,23.45,37857700,HSX,stock
2026-06-05,MBB,25.05,25.15,25.00,25.00,26.75,23.25,35574600,HSX,stock
2026-06-08,MBB,24.90,24.90,24.55,24.60,26.75,23.25,39417500,HSX,stock
2026-06-09,MBB,24.65,24.85,24.55,24.65,26.30,22.90,13288800,HSX,stock
2026-06-10,MBB,24.65,24.85,24.65,24.70,26.35,22.95,37446700,HSX,stock
2026-06-11,MBB,24.65,24.75,24.55,24.75,26.40,23.00,12888100,HSX,stock
2026-06-12,MBB,25.00,25.20,24.85,24.85,26.45,23.05,65984700,HSX,stock
2026-06-15,MBB,25.05,25.35,25.05,25.20,26.55,23.15,86358300,HSX,stock
2026-06-16,MBB,25.25,25.30,25.10,25.10,26.95,23.45,35586100,HSX,stock
2026-06-17,MBB,25.15,25.30,25.10,25.20,26.85,23.35,32983900,HSX,stock
2026-06-18,MBB,25.20,25.30,25.15,25.25,26.95,23.45,9324500,HSX,stock
2026-06-19,MBB,25.25,25.25,25.00,25.00,27.00,23.50,56736000,HSX,stock
2026-06-22,MBB,25.05,25.10,24.80,24.80,26.75,23.25,62884500,HSX,stock
2026-06-23,MBB,24.95,25.30,24.75,24.80,26.50,23.10,34785800,HSX,stock
2026-06-24,MBB,24.85,24.95,24.65,24.80,26.50,23.10,18381300,HSX,stock
2026-06-25,MBB,24.80,24.90,24.70,24.70,26.50,23.10,31620800,HSX,stock
2026-06-26,MBB,24.70,24.80,24.65,24.75,26.40,23.00,15008600,HSX,stock
2026-06-29,MBB,24.85,25.25,24.80,25.10,26.45,23.05,37984000,HSX,stock
2026-06-30,MBB,25.10,25.25,25.05,25.20,26.85,23.35,158468200,HSX,stock
2026-07-01,MBB,25.30,25.75,25.30,25.75,26.95,23.45,75153600,HSX,stock
2026-07-02,MBB,25.80,25.90,25.60,25.65,27.55,23.95,19537100,HSX,stock
2026-07-03,MBB,25.80,25.80,25.40,25.60,27.40,23.90,47248900,HSX,stock
2026-07-06,MBB,25.70,25.80,25.25,25.30,27.35,23.85,53366000,HSX,stock
2026-07-07,MBB,25.40,25.75,25.30,25.75,27.05,23.55,61902900,HSX,stock
2026-07-08,MBB,25.75,26.15,25.70,26.00,27.55,23.95,83185200,HSX,stock
2026-07-09,MBB,24.95,25.00,24.60,24.60,26.75,23.25,51960000,HSX,stock
2026-07-10,MBB,24.60,25.00,24.55,24.65,26.30,22.90,43575400,HSX,stock
2026-07-13,MBB,24.60,24.65,24.00,24.45,26.35,22.95,55260000,HSX,stock
2026-07-14,MBB,24.00,24.55,24.00,24.55,26.15,22.75,112521000,HSX,stock
2026-07-15,MBB,24.25,24.45,23.95,23.95,26.25,22.85,121912500,HSX,stock
2026-07-16,MBB,23.95,24.25,23.50,24.15,25.60,22.30,22303500,HSX,stock
2022-01-04,MWG,135.90,139.20,134.90,137.80,145.40,126.40,626100,HSX,stock
2022-01-05,MWG,137.80,139.30,137.10,137.10,147.40,128.20,666300,HSX,stock
2022-01-06,MWG,137.10,138.80,136.50,137.50,146.60,127.60,476200,HSX,stock
2022-01-07,MWG,137.50,137.50,135.50,135.50,147.10,127.90,533700,HSX,stock
2022-01-10,MWG,135.50,135.50,133.00,133.00,144.90,126.10,403100,HSX,stock
2022-01-11,MWG,133.00,134.50,131.70,131.80,142.30,123.70,463100,HSX,stock
2022-01-12,MWG,131.80,136.00,130.00,136.00,141.00,122.60,611100,HSX,stock
2022-01-13,MWG,136.50,136.50,132.00,135.50,145.50,126.50,596700,HSX,stock
2022-01-14,MWG,135.00,135.00,133.20,134.00,144.90,126.10,317000,HSX,stock
2022-01-17,MWG,133.00,133.90,130.00,130.00,143.30,124.70,515100,HSX,stock
2022-01-18,MWG,129.00,132.00,128.60,130.10,139.10,120.90,481700,HSX,stock
2022-01-19,MWG,130.20,134.00,130.00,133.50,139.20,121.00,518400,HSX,stock
2022-01-20,MWG,133.00,134.00,132.10,134.00,142.80,124.20,655500,HSX,stock
2022-01-21,MWG,134.00,134.00,131.30,133.20,143.30,124.70,354100,HSX,stock
2022-01-24,MWG,132.20,133.20,129.90,129.90,142.50,123.90,510900,HSX,stock
2022-01-25,MWG,129.80,131.00,127.60,131.00,138.90,120.90,460000,HSX,stock
2022-01-26,MWG,131.00,131.90,129.00,131.90,140.10,121.90,503300,HSX,stock
2022-01-27,MWG,130.90,132.30,129.20,131.50,141.10,122.70,310300,HSX,stock
2022-01-28,MWG,131.30,132.50,129.70,132.50,140.70,122.30,470600,HSX,stock
2022-02-07,MWG,133.00,135.70,133.00,133.90,141.70,123.30,404000,HSX,stock
2022-02-08,MWG,133.90,136.80,133.90,136.30,143.20,124.60,693100,HSX,stock
2022-02-09,MWG,136.30,137.50,136.00,137.00,145.80,126.80,753000,HSX,stock
2022-02-10,MWG,137.00,137.20,134.50,136.30,146.50,127.50,517500,HSX,stock
2022-02-11,MWG,135.00,136.00,135.00,135.30,145.80,126.80,380800,HSX,stock
2022-02-14,MWG,133.90,135.00,132.00,132.00,144.70,125.90,468500,HSX,stock
2022-02-15,MWG,132.70,133.90,131.50,133.30,141.20,122.80,372500,HSX,stock
2022-02-16,MWG,134.20,134.20,131.60,132.90,142.60,124.00,288100,HSX,stock
2022-02-17,MWG,132.00,134.50,131.90,134.50,142.20,123.60,700100,HSX,stock
2022-02-18,MWG,132.10,134.00,132.10,134.00,143.90,125.10,289400,HSX,stock
2022-02-21,MWG,132.50,134.90,132.50,133.90,143.30,124.70,334000,HSX,stock
2022-02-22,MWG,133.00,139.20,132.40,137.70,143.20,124.60,1549900,HSX,stock
2022-02-23,MWG,137.70,140.60,136.90,137.80,147.30,128.10,784600,HSX,stock
2022-02-24,MWG,137.00,137.70,135.50,136.80,147.40,128.20,652300,HSX,stock
2022-02-25,MWG,136.90,139.80,136.00,137.60,146.30,127.30,1320100,HSX,stock
2022-02-28,MWG,136.50,138.00,135.50,136.00,147.20,128.00,963200,HSX,stock
2022-03-01,MWG,136.90,137.00,135.10,136.00,145.50,126.50,679900,HSX,stock
2022-03-02,MWG,135.80,135.80,134.00,134.50,145.50,126.50,956400,HSX,stock
2022-03-03,MWG,135.00,136.50,133.60,136.50,143.90,125.10,687500,HSX,stock
2022-03-04,MWG,136.50,136.60,134.60,135.80,146.00,127.00,556800,HSX,stock
2022-03-07,MWG,134.50,135.00,134.00,134.20,145.30,126.30,680400,HSX,stock
2022-03-08,MWG,134.00,134.50,132.40,134.20,143.50,124.90,1164100,HSX,stock
2022-03-09,MWG,134.10,134.10,132.50,133.80,143.50,124.90,705600,HSX,stock
2022-03-10,MWG,134.00,134.00,132.60,133.50,143.10,124.50,643600,HSX,stock
2022-03-11,MWG,133.40,133.40,132.00,133.00,142.80,124.20,317300,HSX,stock
2022-03-14,MWG,132.10,132.80,129.50,131.70,142.30,123.70,734100,HSX,stock
2022-03-15,MWG,130.70,131.40,129.00,131.40,140.90,122.50,640200,HSX,stock
2022-03-16,MWG,131.20,132.00,130.00,131.40,140.50,122.30,713100,HSX,stock
2022-03-17,MWG,131.80,132.00,130.80,130.80,140.50,122.30,426200,HSX,stock
2022-03-18,MWG,130.80,131.80,130.80,131.60,139.90,121.70,470300,HSX,stock
2022-03-21,MWG,132.00,134.90,131.50,134.90,140.80,122.40,483900,HSX,stock
2022-03-22,MWG,135.00,136.00,133.60,135.20,144.30,125.50,570200,HSX,stock
2022-03-23,MWG,134.70,136.40,134.60,135.00,144.60,125.80,459600,HSX,stock
2022-03-24,MWG,135.00,135.00,133.00,134.00,144.40,125.60,486600,HSX,stock
2022-03-25,MWG,134.70,140.40,133.70,138.90,143.30,124.70,1570000,HSX,stock
2022-03-28,MWG,139.20,144.10,138.90,144.00,148.60,129.20,1848300,HSX,stock
2022-03-29,MWG,145.50,149.30,144.00,146.50,154.00,134.00,941700,HSX,stock
2022-03-30,MWG,145.50,146.90,140.10,144.40,156.70,136.30,901600,HSX,stock
2022-03-31,MWG,144.00,148.50,142.50,145.80,154.50,134.30,905900,HSX,stock
2022-04-01,MWG,147.50,156.00,147.10,156.00,156.00,135.60,1881000,HSX,stock
2022-04-04,MWG,158.50,158.70,155.00,155.00,,,723300,HSX,stock
2022-04-05,MWG,153.50,156.60,153.00,155.20,165.80,144.20,692900,HSX,stock
2022-04-06,MWG,154.00,162.00,153.40,158.80,166.00,144.40,1615100,HSX,stock
2022-04-07,MWG,159.80,160.10,153.60,155.00,169.90,147.70,1446300,HSX,stock
2022-04-08,MWG,155.00,155.00,150.00,150.00,165.80,144.20,1195000,HSX,stock
2022-04-12,MWG,150.00,152.70,146.00,152.70,160.50,139.50,1577800,HSX,stock
2022-04-13,MWG,151.00,157.00,150.50,156.20,163.30,142.10,2017400,HSX,stock
2022-04-14,MWG,156.20,162.80,155.00,159.50,167.10,145.30,1409200,HSX,stock
2022-04-15,MWG,157.50,161.90,157.20,160.20,170.60,148.40,1238200,HSX,stock
2022-04-18,MWG,161.00,162.00,159.10,160.20,171.40,149.00,1387600,HSX,stock
2022-04-19,MWG,159.70,161.10,155.00,156.00,171.40,149.00,1580200,HSX,stock
2022-04-20,MWG,155.10,159.40,153.80,156.00,166.90,145.10,1064000,HSX,stock
2022-04-21,MWG,154.20,157.50,153.70,155.50,166.90,145.10,1403700,HSX,stock
2022-04-22,MWG,156.60,157.00,145.10,155.80,166.30,144.70,2153900,HSX,stock
2022-04-25,MWG,154.00,155.30,144.90,144.90,166.70,144.90,1727100,HSX,stock
2022-04-26,MWG,141.00,150.90,139.00,148.80,155.00,134.80,1724200,HSX,stock
2022-04-27,MWG,146.00,147.50,143.00,147.20,159.20,138.40,1048600,HSX,stock
2022-04-28,MWG,147.50,149.00,144.80,145.00,157.50,136.90,851300,HSX,stock
2022-04-29,MWG,145.20,150.00,145.20,149.20,155.10,134.90,1126600,HSX,stock
2022-05-04,MWG,150.00,151.50,148.50,149.50,159.60,138.80,600000,HSX,stock
2022-05-05,MWG,150.50,150.50,145.10,149.40,159.90,139.10,673600,HSX,stock
2022-05-06,MWG,146.50,148.90,146.10,146.60,159.80,139.00,659600,HSX,stock
2022-05-09,MWG,144.20,144.30,136.40,136.40,156.80,136.40,1370200,HSX,stock
2022-05-10,MWG,135.00,140.10,133.00,140.10,145.90,126.90,1100100,HSX,stock
2022-05-11,MWG,140.20,141.00,137.20,141.00,149.90,130.30,738200,HSX,stock
2022-05-12,MWG,139.90,139.90,134.40,134.40,150.80,131.20,1058200,HSX,stock
2022-05-13,MWG,134.40,135.10,125.10,125.10,143.80,125.00,1606800,HSX,stock
2022-05-16,MWG,132.50,132.50,121.20,123.00,133.80,116.40,778900,HSX,stock
2022-05-17,MWG,124.90,131.60,122.00,131.60,131.60,114.40,522900,HSX,stock
2022-05-18,MWG,131.70,133.70,129.80,133.50,140.80,122.40,492500,HSX,stock
2022-05-19,MWG,130.00,133.50,129.30,133.00,142.80,124.20,519300,HSX,stock
2022-05-20,MWG,132.50,135.80,132.00,134.00,142.30,123.70,480600,HSX,stock
2022-05-23,MWG,135.00,135.00,130.00,130.80,143.30,124.70,284100,HSX,stock
2022-05-24,MWG,130.90,133.00,129.80,133.00,139.90,121.70,333700,HSX,stock
2022-05-25,MWG,134.40,141.50,134.00,139.00,142.30,123.70,798200,HSX,stock
2022-05-26,MWG,140.00,140.50,136.00,139.00,148.70,129.30,387100,HSX,stock
2022-05-27,MWG,139.20,146.90,139.20,146.70,148.70,129.30,1308600,HSX,stock
2022-05-30,MWG,146.70,147.50,143.40,145.20,156.90,136.50,690400,HSX,stock
2022-05-31,MWG,145.20,145.20,143.00,144.90,155.30,135.10,414900,HSX,stock
2022-06-01,MWG,144.90,147.00,144.00,145.50,155.00,134.80,658300,HSX,stock
2022-06-02,MWG,146.50,150.50,145.50,147.70,,,280000,HSX,stock
2022-06-03,MWG,147.70,154.30,147.70,153.20,158.00,137.40,845500,HSX,stock
2022-06-06,MWG,154.00,156.50,154.00,154.70,163.90,142.50,1028800,HSX,stock
2022-06-07,MWG,154.00,154.00,149.00,153.00,164.40,143.00,1029700,HSX,stock
2022-06-08,MWG,154.30,157.90,153.40,153.40,163.70,142.30,1076300,HSX,stock
2022-06-09,MWG,153.40,155.00,151.30,152.80,164.10,142.70,543600,HSX,stock
2022-06-10,MWG,154.00,155.00,150.00,150.00,163.40,142.20,1095600,HSX,stock
2022-06-13,MWG,145.00,147.50,140.00,140.00,160.50,139.50,1741900,HSX,stock
2022-06-14,MWG,138.50,144.30,138.00,143.50,149.80,130.20,894500,HSX,stock
2022-06-15,MWG,145.00,147.70,144.00,147.70,153.50,133.50,1354900,HSX,stock
2022-06-16,MWG,79.00,79.00,77.60,79.00,79.00,68.80,3616500,HSX,stock
2022-06-17,MWG,79.00,79.00,76.30,77.70,84.50,73.50,1737800,HSX,stock
2022-06-20,MWG,78.00,78.00,73.60,73.90,83.10,72.30,2079900,HSX,stock
2022-06-21,MWG,75.00,75.80,71.00,73.50,79.00,68.80,1996200,HSX,stock
2022-06-22,MWG,75.60,75.60,69.20,69.80,78.60,68.40,2452800,HSX,stock
2022-06-23,MWG,70.00,73.50,69.80,72.50,74.60,65.00,2927400,HSX,stock
2022-06-24,MWG,73.50,73.50,71.40,71.90,77.50,67.50,1844000,HSX,stock
2022-06-27,MWG,71.70,72.50,71.10,71.50,76.90,66.90,1824200,HSX,stock
2022-06-28,MWG,71.00,72.90,71.00,72.80,76.50,66.50,2335800,HSX,stock
2022-06-29,MWG,72.80,74.00,71.10,73.00,77.80,67.80,1786000,HSX,stock
2022-06-30,MWG,73.10,73.10,71.20,71.50,78.10,67.90,1317700,HSX,stock
2022-07-01,MWG,71.60,71.60,68.80,70.30,76.50,66.50,1771700,HSX,stock
2022-07-04,MWG,70.00,70.10,66.60,67.80,75.20,65.40,2443900,HSX,stock
2022-07-05,MWG,67.80,67.80,64.00,65.50,72.50,63.10,2159900,HSX,stock
2022-07-06,MWG,65.50,66.30,64.00,64.00,70.00,61.00,1320400,HSX,stock
2022-07-07,MWG,64.10,65.00,63.90,64.00,68.40,59.60,842800,HSX,stock
2022-07-08,MWG,64.70,66.50,64.40,65.00,68.40,59.60,1271200,HSX,stock
2022-07-11,MWG,64.80,64.90,64.00,64.50,69.50,60.50,745900,HSX,stock
2022-07-12,MWG,64.80,64.80,64.00,64.40,69.00,60.00,817600,HSX,stock
2022-07-13,MWG,64.00,64.20,61.90,63.60,68.90,59.90,1405000,HSX,stock
2022-07-14,MWG,62.90,64.00,62.30,62.60,68.00,59.20,1129400,HSX,stock
2022-07-15,MWG,62.80,63.20,61.50,61.50,66.90,58.30,1755600,HSX,stock
2022-07-18,MWG,61.50,62.90,60.20,61.00,65.80,57.20,1259600,HSX,stock
2022-07-19,MWG,61.20,61.20,59.50,60.00,65.20,56.80,980900,HSX,stock
2022-07-20,MWG,59.20,63.00,58.20,61.20,64.20,55.80,3436200,HSX,stock
2022-07-21,MWG,61.20,64.50,61.20,64.10,65.40,57.00,2133200,HSX,stock
2022-07-22,MWG,64.90,66.80,64.20,64.50,68.50,59.70,2158700,HSX,stock
2022-07-25,MWG,64.80,65.80,62.70,63.30,69.00,60.00,2221600,HSX,stock
2022-07-26,MWG,63.90,63.90,62.80,63.00,67.70,58.90,1143400,HSX,stock
2022-07-27,MWG,60.10,63.00,60.10,62.10,67.40,58.60,1198500,HSX,stock
2022-07-28,MWG,63.00,63.00,62.00,62.00,66.40,57.80,971200,HSX,stock
2022-07-29,MWG,62.40,62.40,61.00,61.00,66.30,57.70,1975400,HSX,stock
2022-08-01,MWG,61.00,61.90,60.00,61.30,65.20,56.80,1665800,HSX,stock
2022-08-02,MWG,61.80,62.50,61.30,62.00,65.50,57.10,1327900,HSX,stock
2022-08-03,MWG,62.00,62.20,61.30,61.80,66.30,57.70,1397600,HSX,stock
2022-08-04,MWG,62.20,63.00,62.10,62.70,66.10,57.50,2321200,HSX,stock
2022-08-05,MWG,62.90,63.50,62.60,62.70,67.00,58.40,1362600,HSX,stock
2022-08-08,MWG,62.70,62.90,62.30,62.90,67.00,58.40,1270300,HSX,stock
2022-08-09,MWG,63.10,63.60,62.90,63.30,67.30,58.50,1287000,HSX,stock
2022-08-10,MWG,63.30,64.30,63.00,63.60,67.70,58.90,882300,HSX,stock
2022-08-11,MWG,64.00,64.20,62.50,63.00,68.00,59.20,1490900,HSX,stock
2022-08-12,MWG,62.90,63.70,62.20,63.00,67.40,58.60,1232400,HSX,stock
2022-08-15,MWG,63.30,65.00,63.00,65.00,67.40,58.60,1693200,HSX,stock
2022-08-16,MWG,65.00,67.00,65.00,66.00,69.50,60.50,1570400,HSX,stock
2022-08-17,MWG,66.00,66.40,65.00,65.00,70.60,61.40,1347500,HSX,stock
2022-08-18,MWG,65.00,65.80,63.90,64.50,69.50,60.50,2151200,HSX,stock
2022-08-19,MWG,64.50,65.40,63.10,64.10,69.00,60.00,983400,HSX,stock
2022-08-22,MWG,64.60,66.90,64.50,66.50,68.50,59.70,2559300,HSX,stock
2022-08-23,MWG,65.90,67.80,65.90,66.90,71.10,61.90,1919100,HSX,stock
2022-08-24,MWG,66.90,67.20,66.30,66.80,71.50,62.30,1048600,HSX,stock
2022-08-25,MWG,67.70,68.70,67.30,68.40,71.40,62.20,2419500,HSX,stock
2022-08-26,MWG,68.70,73.10,68.70,72.20,73.10,63.70,4140700,HSX,stock
2022-08-29,MWG,71.80,74.00,70.70,74.00,77.20,67.20,3831100,HSX,stock
2022-08-30,MWG,74.50,75.00,72.90,73.30,79.10,68.90,1979800,HSX,stock
2022-08-31,MWG,72.50,74.00,72.50,74.00,78.40,68.20,2554800,HSX,stock
2022-09-05,MWG,73.90,73.90,72.50,72.50,79.10,68.90,1361800,HSX,stock
2022-09-06,MWG,72.60,73.30,72.40,72.90,77.50,67.50,1234100,HSX,stock
2022-09-07,MWG,72.60,72.80,70.60,70.70,78.00,67.80,2979800,HSX,stock
2022-09-08,MWG,71.50,72.30,70.50,71.50,75.60,65.80,1935300,HSX,stock
2022-09-09,MWG,72.00,72.40,70.80,72.00,76.50,66.50,1574500,HSX,stock
2022-09-12,MWG,72.20,75.40,72.10,74.00,77.00,67.00,3040000,HSX,stock
2022-09-13,MWG,74.00,74.40,73.30,74.10,79.10,68.90,1017100,HSX,stock
2022-09-14,MWG,72.70,73.90,72.60,73.70,79.20,69.00,2049700,HSX,stock
2022-09-15,MWG,73.70,74.80,73.40,73.90,78.80,68.60,1370000,HSX,stock
2022-09-16,MWG,73.40,73.70,71.40,72.00,79.00,68.80,2001200,HSX,stock
2022-09-19,MWG,72.00,72.80,69.10,70.50,77.00,67.00,1857100,HSX,stock
2022-09-20,MWG,70.90,72.00,69.20,71.70,75.40,65.60,1473700,HSX,stock
2022-09-21,MWG,71.00,71.00,70.00,70.00,76.70,66.70,1749900,HSX,stock
2022-09-22,MWG,69.10,70.80,68.30,70.10,74.90,65.10,1924200,HSX,stock
2022-09-23,MWG,70.10,70.10,68.60,69.40,75.00,65.20,1493200,HSX,stock
2022-09-26,MWG,67.80,68.20,65.60,68.00,74.20,64.60,2678200,HSX,stock
2022-09-27,MWG,67.40,68.00,66.80,67.10,72.70,63.30,956400,HSX,stock
2022-09-28,MWG,66.10,67.00,65.00,65.00,71.70,62.50,1479100,HSX,stock
2022-09-29,MWG,66.50,66.50,63.70,64.00,69.50,60.50,1385500,HSX,stock
2022-09-30,MWG,63.70,64.20,61.70,64.00,68.40,59.60,2269700,HSX,stock
2022-10-03,MWG,62.90,62.90,59.60,59.60,68.40,59.60,2210000,HSX,stock
2022-10-04,MWG,61.20,61.30,60.10,61.00,63.70,55.50,2342500,HSX,stock
2022-10-05,MWG,61.00,63.10,61.00,62.20,65.20,56.80,1172000,HSX,stock
2022-10-06,MWG,62.20,62.30,58.00,58.00,66.50,57.90,1896500,HSX,stock
2022-10-07,MWG,56.50,57.90,54.00,54.00,62.00,54.00,2533800,HSX,stock
2022-10-10,MWG,53.10,57.30,53.00,57.10,57.70,50.30,1817700,HSX,stock
2022-10-11,MWG,57.10,57.60,54.10,55.40,61.00,53.20,1412100,HSX,stock
2022-10-12,MWG,55.50,58.80,55.50,57.50,59.20,51.60,1468500,HSX,stock
2022-10-13,MWG,57.00,58.20,56.50,57.60,61.50,53.50,961900,HSX,stock
2022-10-14,MWG,58.00,60.30,58.00,59.90,61.60,53.60,1445200,HSX,stock
2022-10-17,MWG,59.60,59.60,57.80,58.90,64.00,55.80,1304800,HSX,stock
2022-10-18,MWG,59.90,60.50,58.60,59.00,63.00,54.80,893200,HSX,stock
2022-10-19,MWG,59.20,59.50,58.30,59.00,63.10,54.90,688800,HSX,stock
2022-10-20,MWG,58.20,59.00,57.90,58.40,63.10,54.90,1061900,HSX,stock
2022-10-21,MWG,58.30,58.30,54.40,54.40,62.40,54.40,1770900,HSX,stock
2022-10-24,MWG,54.50,55.00,50.60,50.60,58.20,50.60,1823900,HSX,stock
2022-10-25,MWG,50.70,54.00,49.00,52.00,54.10,47.10,2212100,HSX,stock
2022-10-26,MWG,52.10,52.50,50.60,51.90,55.60,48.40,893300,HSX,stock
2022-10-27,MWG,51.30,53.90,51.30,53.30,55.50,48.30,1452900,HSX,stock
2022-10-28,MWG,53.50,54.40,52.80,53.20,57.00,49.60,1011100,HSX,stock
2022-10-31,MWG,52.40,52.90,49.50,51.60,56.90,49.50,1898600,HSX,stock
2022-11-01,MWG,52.00,52.50,50.10,50.10,55.20,48.00,988100,HSX,stock
2022-11-02,MWG,50.00,50.30,46.80,48.00,53.60,46.60,2262500,HSX,stock
2022-11-03,MWG,49.00,50.30,48.10,49.50,51.30,44.65,1233600,HSX,stock
2022-11-04,MWG,47.55,48.00,46.05,46.05,52.90,46.05,2695800,HSX,stock
2022-11-07,MWG,46.00,46.55,42.85,42.85,49.25,42.85,2893000,HSX,stock
2022-11-08,MWG,42.85,45.60,41.30,44.60,45.80,39.90,2114900,HSX,stock
2022-11-09,MWG,45.00,46.45,44.55,45.50,47.70,41.50,1147300,HSX,stock
2022-11-10,MWG,44.95,44.95,42.35,42.35,48.65,42.35,1751500,HSX,stock
2022-11-11,MWG,43.40,44.40,43.00,43.00,45.30,39.40,1821200,HSX,stock
2022-11-14,MWG,42.00,42.75,40.40,40.65,46.00,40.00,1803200,HSX,stock
2022-11-15,MWG,38.20,39.50,37.85,37.85,43.45,37.85,1789900,HSX,stock
2022-11-16,MWG,35.25,40.45,35.25,40.45,40.45,35.25,4416700,HSX,stock
2022-11-17,MWG,41.75,42.90,40.80,41.80,43.25,37.65,1497200,HSX,stock
2022-11-18,MWG,41.00,42.25,39.90,42.15,44.70,38.90,2450100,HSX,stock
2022-11-21,MWG,41.95,41.95,40.65,40.65,45.10,39.20,899000,HSX,stock
2022-11-22,MWG,40.20,41.60,39.85,40.20,43.45,37.85,1829500,HSX,stock
2022-11-23,MWG,40.30,40.90,40.10,40.50,43.00,37.40,953900,HSX,stock
2022-11-24,MWG,39.20,39.20,37.70,37.70,43.30,37.70,3289100,HSX,stock
2022-11-25,MWG,37.55,38.30,36.50,37.80,40.30,35.10,1487200,HSX,stock
2022-11-28,MWG,38.30,40.40,38.30,40.15,40.40,35.20,2105200,HSX,stock
2022-11-29,MWG,40.50,42.80,40.50,42.80,42.95,37.35,2859300,HSX,stock
2022-11-30,MWG,43.60,45.00,43.00,44.10,45.75,39.85,1912700,HSX,stock
2022-12-01,MWG,45.00,45.60,42.75,44.05,47.15,41.05,2613600,HSX,stock
2022-12-02,MWG,43.40,47.00,43.40,47.00,47.10,41.00,3886700,HSX,stock
2022-12-05,MWG,47.05,48.85,47.05,47.60,50.20,43.75,2022100,HSX,stock
2022-12-06,MWG,47.20,47.20,44.35,44.35,50.90,44.30,2211600,HSX,stock
2022-12-07,MWG,44.35,45.00,43.50,44.85,47.45,41.25,1768600,HSX,stock
2022-12-08,MWG,45.80,47.00,45.20,46.00,47.95,41.75,1299900,HSX,stock
2022-12-09,MWG,46.00,46.60,45.35,46.20,49.20,42.80,910300,HSX,stock
2022-12-12,MWG,46.20,47.30,45.00,45.90,49.40,43.00,1823300,HSX,stock
2022-12-13,MWG,45.75,46.40,44.40,46.40,49.10,42.70,1084600,HSX,stock
2022-12-14,MWG,47.30,47.30,45.80,46.45,49.60,43.20,1288900,HSX,stock
2022-12-15,MWG,46.45,47.50,46.15,47.00,49.70,43.20,1279900,HSX,stock
2022-12-16,MWG,46.75,47.95,45.90,47.85,50.20,43.75,1565500,HSX,stock
2022-12-19,MWG,47.60,48.80,47.15,47.15,51.10,44.55,1913200,HSX,stock
2022-12-20,MWG,46.60,46.85,44.20,46.50,50.40,43.85,1618900,HSX,stock
2022-12-21,MWG,46.50,46.75,44.35,46.40,49.75,43.25,1178600,HSX,stock
2022-12-22,MWG,46.35,46.70,45.30,46.50,49.60,43.20,996400,HSX,stock
2022-12-23,MWG,46.50,46.50,45.55,45.80,49.75,43.25,851500,HSX,stock
2022-12-26,MWG,45.50,45.75,42.60,42.60,49.00,42.60,1200300,HSX,stock
2022-12-27,MWG,41.50,43.80,41.50,43.80,45.55,39.65,1329200,HSX,stock
2022-12-28,MWG,43.00,43.20,41.90,43.00,46.85,40.75,838700,HSX,stock
2022-12-29,MWG,42.50,42.90,42.10,42.90,46.00,40.00,822900,HSX,stock
2022-12-30,MWG,42.80,43.00,42.05,42.90,45.90,39.90,1195900,HSX,stock
2023-01-03,MWG,42.80,44.00,42.50,43.95,45.90,39.90,1078800,HSX,stock
2023-01-04,MWG,43.10,44.30,43.10,43.50,47.00,40.90,1117400,HSX,stock
2023-01-05,MWG,43.90,44.00,43.30,43.60,46.50,40.50,594200,HSX,stock
2023-01-06,MWG,43.60,43.85,43.15,43.15,46.65,40.55,881400,HSX,stock
2023-01-09,MWG,43.15,43.30,42.00,42.00,46.15,40.15,1328000,HSX,stock
2023-01-10,MWG,42.00,42.60,41.90,42.20,44.90,39.10,725400,HSX,stock
2023-01-11,MWG,42.30,43.20,42.30,42.55,45.15,39.25,743100,HSX,stock
2023-01-12,MWG,42.55,43.00,42.05,42.10,45.50,39.60,615500,HSX,stock
2023-01-13,MWG,42.40,42.65,42.05,42.05,45.00,39.20,547000,HSX,stock
2023-01-16,MWG,42.05,42.30,41.70,41.90,44.95,39.15,646100,HSX,stock
2023-01-17,MWG,42.40,43.40,42.20,43.05,44.80,39.00,1338200,HSX,stock
2023-01-18,MWG,43.50,45.20,43.25,44.95,46.05,40.05,1724600,HSX,stock
2023-01-19,MWG,44.95,46.10,44.75,45.60,48.05,41.85,1919900,HSX,stock
2023-01-27,MWG,46.40,46.90,45.90,45.90,48.75,42.45,1324300,HSX,stock
2023-01-30,MWG,45.90,46.80,45.40,46.20,49.10,42.70,1764600,HSX,stock
2023-01-31,MWG,45.90,46.50,45.35,46.50,49.40,43.00,1748100,HSX,stock
2023-02-01,MWG,46.20,47.15,45.70,47.10,49.75,43.25,4622900,HSX,stock
2023-02-02,MWG,46.95,49.90,46.30,49.90,50.30,43.85,4072800,HSX,stock
2023-02-03,MWG,48.05,48.60,47.80,47.80,53.30,46.45,5126300,HSX,stock
2023-02-06,MWG,47.00,47.20,45.70,47.15,51.10,44.50,1721300,HSX,stock
2023-02-07,MWG,46.65,48.00,45.70,45.70,50.40,43.85,1118400,HSX,stock
2023-02-08,MWG,45.70,46.00,44.50,44.50,48.85,42.55,945500,HSX,stock
2023-02-09,MWG,44.40,45.45,44.00,44.00,47.60,41.40,852400,HSX,stock
2023-02-10,MWG,44.00,44.45,42.10,42.10,47.05,40.95,1243000,HSX,stock
2023-02-13,MWG,42.10,42.50,41.50,42.50,45.00,39.20,955100,HSX,stock
2023-02-14,MWG,42.80,43.00,42.40,42.50,45.45,39.55,444400,HSX,stock
2023-02-15,MWG,42.50,43.50,42.50,42.75,45.45,39.55,679300,HSX,stock
2023-02-16,MWG,43.20,43.50,42.80,43.30,45.70,39.80,555400,HSX,stock
2023-02-17,MWG,43.30,43.30,42.85,43.25,46.30,40.30,584800,HSX,stock
2023-02-20,MWG,43.20,44.30,42.75,44.30,46.25,40.25,966100,HSX,stock
2023-02-21,MWG,44.40,45.25,44.40,44.50,47.40,41.20,660100,HSX,stock
2023-02-22,MWG,44.00,44.50,43.00,43.00,47.60,41.40,984800,HSX,stock
2023-02-23,MWG,42.80,43.00,42.00,43.00,46.00,40.00,727500,HSX,stock
2023-02-24,MWG,42.50,42.95,41.60,42.10,46.00,40.00,847800,HSX,stock
2023-02-27,MWG,41.00,41.90,40.50,40.50,45.00,39.20,1044100,HSX,stock
2023-02-28,MWG,40.50,41.20,39.85,40.00,43.30,37.70,824400,HSX,stock
2023-03-01,MWG,40.00,41.00,39.25,40.80,42.80,37.20,860000,HSX,stock
2023-03-02,MWG,40.80,41.00,40.00,40.30,43.65,37.95,419100,HSX,stock
2023-03-03,MWG,40.30,40.60,39.40,39.40,43.10,37.50,847900,HSX,stock
2023-03-06,MWG,39.95,40.50,39.40,39.40,42.15,36.65,734100,HSX,stock
2023-03-07,MWG,40.00,40.20,39.20,39.70,42.15,36.65,858200,HSX,stock
2023-03-08,MWG,39.00,39.55,38.65,39.40,42.45,36.95,1134000,HSX,stock
2023-03-09,MWG,39.60,40.55,39.55,40.00,42.15,36.65,1121300,HSX,stock
2023-03-10,MWG,39.90,40.10,39.40,39.75,42.80,37.20,820800,HSX,stock
2023-03-13,MWG,39.75,40.00,39.40,39.40,42.50,37.00,689000,HSX,stock
2023-03-14,MWG,39.30,39.60,38.30,38.60,42.15,36.65,832400,HSX,stock
2023-03-15,MWG,39.60,40.10,39.40,40.00,41.30,35.90,951400,HSX,stock
2023-03-16,MWG,40.00,40.00,38.80,39.40,42.80,37.20,952200,HSX,stock
2023-03-17,MWG,39.90,39.90,38.85,39.40,42.15,36.65,533000,HSX,stock
2023-03-20,MWG,39.00,39.40,38.05,38.10,42.15,36.65,1158500,HSX,stock
2023-03-21,MWG,38.80,38.80,37.50,38.50,40.75,35.45,790100,HSX,stock
2023-03-22,MWG,38.65,38.65,37.95,37.95,41.15,35.85,926400,HSX,stock
2023-03-23,MWG,37.60,37.95,37.50,37.80,40.60,35.30,655300,HSX,stock
2023-03-24,MWG,37.60,38.20,37.60,37.95,40.40,35.20,888800,HSX,stock
2023-03-27,MWG,38.00,38.45,37.85,38.10,40.60,35.30,1302900,HSX,stock
2023-03-28,MWG,38.20,39.30,38.10,39.10,40.75,35.45,2198600,HSX,stock
2023-03-29,MWG,39.25,39.35,38.70,38.70,41.80,36.40,1001400,HSX,stock
2023-03-30,MWG,38.80,39.20,38.15,38.60,41.40,36.00,1049000,HSX,stock
2023-03-31,MWG,38.55,38.95,38.25,38.55,41.30,35.90,1087800,HSX,stock
2023-04-03,MWG,39.00,39.20,38.70,39.00,41.20,35.90,1134300,HSX,stock
2023-04-04,MWG,39.10,39.95,39.05,39.80,41.70,36.30,1495400,HSX,stock
2023-04-05,MWG,39.80,39.85,39.50,39.75,42.55,37.05,959400,HSX,stock
2023-04-06,MWG,40.00,40.00,39.05,39.10,42.50,37.00,969200,HSX,stock
2023-04-07,MWG,38.85,39.05,38.50,39.00,41.80,36.40,972500,HSX,stock
2023-04-10,MWG,39.20,41.15,39.20,41.00,41.70,36.30,2238700,HSX,stock
2023-04-11,MWG,41.00,41.00,40.20,40.70,43.85,38.15,1425800,HSX,stock
2023-04-12,MWG,40.50,41.70,40.50,40.75,43.50,37.90,2183200,HSX,stock
2023-04-13,MWG,41.00,41.30,40.65,41.05,43.60,37.90,1618500,HSX,stock
2023-04-14,MWG,41.25,41.40,40.00,40.00,43.90,38.20,1406100,HSX,stock
2023-04-17,MWG,39.85,40.00,39.55,39.85,42.80,37.20,759800,HSX,stock
2023-04-18,MWG,40.55,40.75,39.95,39.95,42.60,37.10,1313600,HSX,stock
2023-04-19,MWG,40.05,41.30,40.00,40.50,42.70,37.20,1464100,HSX,stock
2023-04-20,MWG,40.50,40.50,39.90,40.40,43.30,37.70,780400,HSX,stock
2023-04-21,MWG,40.40,40.40,39.30,39.30,43.20,37.60,1623800,HSX,stock
2023-04-24,MWG,39.20,39.30,38.25,38.40,42.05,36.55,1442000,HSX,stock
2023-04-25,MWG,38.60,38.80,37.50,37.70,41.05,35.75,1243700,HSX,stock
2023-04-26,MWG,37.70,38.40,37.65,38.40,40.30,35.10,916700,HSX,stock
2023-04-27,MWG,38.50,38.65,38.15,38.65,41.05,35.75,760300,HSX,stock
2023-04-28,MWG,38.65,39.20,38.60,39.20,41.35,35.95,1563800,HSX,stock
2023-05-04,MWG,38.10,38.90,37.90,37.90,41.90,36.50,1267700,HSX,stock
2023-05-05,MWG,37.90,38.10,37.65,37.80,40.55,35.25,527900,HSX,stock
2023-05-08,MWG,37.80,38.25,37.80,37.85,40.40,35.20,648700,HSX,stock
2023-05-09,MWG,37.85,38.35,37.85,37.95,40.45,35.25,480200,HSX,stock
2023-05-10,MWG,38.05,39.00,37.90,39.00,40.60,35.30,1126400,HSX,stock
2023-05-11,MWG,39.15,39.35,38.55,38.70,41.70,36.30,837600,HSX,stock
2023-05-12,MWG,38.75,39.10,38.20,39.00,41.40,36.00,941900,HSX,stock
2023-05-15,MWG,39.15,39.40,38.85,38.90,41.70,36.30,1346000,HSX,stock
2023-05-16,MWG,38.90,38.95,38.20,38.45,41.60,36.20,1043700,HSX,stock
2023-05-17,MWG,38.45,38.65,37.95,38.15,41.10,35.80,614900,HSX,stock
2023-05-18,MWG,38.55,38.70,38.10,38.10,40.80,35.50,1092800,HSX,stock
2023-05-19,MWG,38.10,38.30,37.80,38.30,40.75,35.45,735800,HSX,stock
2023-05-22,MWG,38.35,38.65,38.05,38.55,40.95,35.65,754700,HSX,stock
2023-05-23,MWG,38.65,38.80,38.20,38.25,41.20,35.90,705200,HSX,stock
2023-05-24,MWG,38.40,38.45,37.90,37.95,40.90,35.60,579100,HSX,stock
2023-05-25,MWG,37.95,38.40,37.80,38.00,40.60,35.30,637600,HSX,stock
2023-05-26,MWG,38.05,38.40,38.00,38.20,40.65,35.35,472700,HSX,stock
2023-05-29,MWG,38.45,38.70,38.15,38.70,40.85,35.55,1017800,HSX,stock
2023-05-30,MWG,38.85,39.80,38.85,39.40,41.40,36.00,2168900,HSX,stock
2023-05-31,MWG,39.30,39.45,38.95,39.20,42.15,36.65,933000,HSX,stock
2023-06-01,MWG,39.35,39.50,38.70,39.30,41.90,36.50,1294300,HSX,stock
2023-06-02,MWG,39.45,40.85,39.20,40.80,42.05,36.55,2596100,HSX,stock
2023-06-05,MWG,41.00,41.60,40.80,41.20,43.65,37.95,3003100,HSX,stock
2023-06-06,MWG,41.20,42.05,41.05,41.80,44.05,38.35,2159600,HSX,stock
2023-06-07,MWG,41.80,41.95,41.05,41.80,44.70,38.90,2204200,HSX,stock
2023-06-08,MWG,42.00,42.00,40.60,40.65,44.70,38.90,2153700,HSX,stock
2023-06-09,MWG,41.00,41.40,40.50,41.40,43.45,37.85,2067600,HSX,stock
2023-06-12,MWG,41.65,43.00,41.50,43.00,44.25,38.55,3037900,HSX,stock
2023-06-13,MWG,43.40,43.40,42.60,43.00,46.00,40.00,1653100,HSX,stock
2023-06-14,MWG,43.00,43.00,42.05,42.05,46.00,40.00,1388900,HSX,stock
2023-06-15,MWG,42.05,42.40,41.45,41.70,44.95,39.15,1447000,HSX,stock
2023-06-16,MWG,41.95,42.30,41.15,41.35,44.60,38.80,2234100,HSX,stock
2023-06-19,MWG,41.35,41.70,41.10,41.50,44.20,38.50,930300,HSX,stock
2023-06-20,MWG,41.60,42.50,41.60,42.50,44.40,38.60,1233500,HSX,stock
2023-06-21,MWG,42.50,42.70,42.20,42.70,45.45,39.55,1212200,HSX,stock
2023-06-22,MWG,42.85,43.65,42.35,43.05,45.65,39.75,1749300,HSX,stock
2023-06-23,MWG,43.05,43.20,42.70,42.90,46.05,40.05,1157200,HSX,stock
2023-06-26,MWG,43.55,44.50,42.60,44.35,45.90,39.90,2261200,HSX,stock
2023-06-27,MWG,44.35,44.90,43.75,44.20,47.45,41.25,1196800,HSX,stock
2023-06-28,MWG,44.20,44.45,43.20,43.90,47.25,41.15,2030200,HSX,stock
2023-06-29,MWG,43.50,43.90,42.70,42.70,46.95,40.85,1479800,HSX,stock
2023-06-30,MWG,42.70,43.90,42.50,43.30,45.65,39.75,1569600,HSX,stock
2023-07-03,MWG,43.45,43.65,42.80,43.00,46.30,40.30,864800,HSX,stock
2023-07-04,MWG,42.90,43.65,42.65,43.25,46.00,40.00,2158600,HSX,stock
2023-07-05,MWG,43.45,44.45,43.35,43.35,46.25,40.25,3315500,HSX,stock
2023-07-06,MWG,43.40,43.75,42.85,43.20,46.35,40.35,1919800,HSX,stock
2023-07-07,MWG,43.05,45.50,43.05,45.50,46.20,40.20,3134800,HSX,stock
2023-07-10,MWG,46.05,47.75,45.80,47.75,48.65,42.35,5107100,HSX,stock
2023-07-11,MWG,47.60,48.80,47.35,48.80,51.00,44.45,3841100,HSX,stock
2023-07-12,MWG,48.35,49.30,48.20,49.15,52.20,45.40,1755400,HSX,stock
2023-07-13,MWG,49.20,49.90,49.15,49.35,52.50,45.75,1461800,HSX,stock
2023-07-14,MWG,49.35,49.45,48.50,49.45,52.80,45.90,1970400,HSX,stock
2023-07-17,MWG,49.50,49.85,48.65,48.65,52.90,46.00,1404000,HSX,stock
2023-07-18,MWG,48.40,48.60,47.75,48.05,52.00,45.25,1513600,HSX,stock
2023-07-19,MWG,48.40,48.95,47.95,48.50,51.40,44.70,776100,HSX,stock
2023-07-20,MWG,48.40,49.50,48.40,49.10,51.80,45.15,2056500,HSX,stock
2023-07-21,MWG,49.10,52.50,48.95,52.50,52.50,45.70,2834800,HSX,stock
2023-07-24,MWG,53.00,54.50,52.00,54.50,56.10,48.85,1987200,HSX,stock
2023-07-25,MWG,54.50,54.50,52.90,53.60,58.30,50.70,2060100,HSX,stock
2023-07-26,MWG,53.60,54.20,52.00,52.60,57.30,49.85,1859200,HSX,stock
2023-07-27,MWG,52.40,54.50,52.20,54.10,55.70,48.50,2801600,HSX,stock
2023-07-28,MWG,53.90,54.90,53.20,54.50,57.80,50.40,1620900,HSX,stock
2023-07-31,MWG,54.00,54.20,52.60,53.70,58.30,50.70,2861000,HSX,stock
2023-08-01,MWG,54.10,54.10,51.70,51.70,57.40,49.95,2596000,HSX,stock
2023-08-02,MWG,51.70,52.50,51.60,51.70,55.30,48.10,1775000,HSX,stock
2023-08-03,MWG,51.80,53.70,51.40,52.70,55.30,48.10,3296700,HSX,stock
2023-08-04,MWG,53.00,53.20,52.30,53.00,56.30,49.05,4468500,HSX,stock
2023-08-07,MWG,53.70,54.90,53.30,53.80,56.70,49.30,3014700,HSX,stock
2023-08-08,MWG,54.00,54.30,53.40,53.60,57.50,50.10,1990100,HSX,stock
2023-08-09,MWG,53.40,53.40,52.00,52.60,57.30,49.85,3452100,HSX,stock
2023-08-10,MWG,53.00,53.00,51.70,52.00,56.20,48.95,1248600,HSX,stock
2023-08-11,MWG,52.20,53.30,51.00,53.30,55.60,48.40,2118600,HSX,stock
2023-08-14,MWG,53.90,54.30,52.60,54.20,57.00,49.60,3649000,HSX,stock
2023-08-15,MWG,54.60,55.90,54.00,54.00,57.90,50.50,3821400,HSX,stock
2023-08-16,MWG,54.00,54.30,53.00,53.80,57.70,50.30,1972900,HSX,stock
2023-08-17,MWG,54.10,55.20,53.40,53.90,57.50,50.10,3293700,HSX,stock
2023-08-18,MWG,53.90,53.90,50.20,50.20,57.60,50.20,3932700,HSX,stock
2023-08-21,MWG,50.00,50.50,48.75,49.00,53.70,46.70,3498300,HSX,stock
2023-08-22,MWG,49.10,50.20,47.35,50.00,52.40,45.60,2440000,HSX,stock
2023-08-23,MWG,50.70,50.70,49.20,49.70,53.50,46.50,2205200,HSX,stock
2023-08-24,MWG,49.70,50.80,49.70,50.30,53.10,46.25,1755600,HSX,stock
2023-08-25,MWG,50.30,51.40,50.00,50.50,53.80,46.80,1416800,HSX,stock
2023-08-28,MWG,50.90,51.90,50.40,51.70,54.00,47.00,3504600,HSX,stock
2023-08-29,MWG,51.80,53.20,51.50,52.90,55.30,48.10,3413700,HSX,stock
2023-08-30,MWG,53.00,54.50,52.90,53.80,56.60,49.20,2734500,HSX,stock
2023-08-31,MWG,54.00,54.40,53.50,53.80,57.50,50.10,2455200,HSX,stock
2023-09-05,MWG,53.80,55.50,53.40,54.30,57.50,50.10,2445000,HSX,stock
2023-09-06,MWG,54.30,55.60,53.80,55.00,58.10,50.50,1430100,HSX,stock
2023-09-07,MWG,55.20,55.80,54.30,55.00,58.80,51.20,1783100,HSX,stock
2023-09-08,MWG,54.50,56.50,54.50,55.50,58.80,51.20,3398400,HSX,stock
2023-09-11,MWG,55.80,56.20,53.80,54.50,59.30,51.70,3506400,HSX,stock
2023-09-12,MWG,54.50,55.80,54.00,55.80,58.30,50.70,2302300,HSX,stock
2023-09-13,MWG,56.10,59.30,55.50,57.50,59.70,51.90,2874800,HSX,stock
2023-09-14,MWG,57.70,58.50,57.10,57.30,61.50,53.50,2122900,HSX,stock
2023-09-15,MWG,57.50,57.50,55.40,55.90,61.30,53.30,3153800,HSX,stock
2023-09-18,MWG,55.60,55.60,54.10,55.00,59.80,52.00,2520900,HSX,stock
2023-09-19,MWG,55.10,55.50,53.00,55.50,58.80,51.20,3537100,HSX,stock
2023-09-20,MWG,55.10,56.20,54.60,55.80,59.30,51.70,2665100,HSX,stock
2023-09-21,MWG,55.80,55.80,54.20,54.20,59.70,51.90,3902900,HSX,stock
2023-09-22,MWG,53.10,53.40,51.30,52.10,57.90,50.50,3378100,HSX,stock
2023-09-25,MWG,51.60,53.00,49.90,51.00,55.70,48.50,2909500,HSX,stock
2023-09-26,MWG,51.10,51.70,50.50,51.50,54.50,47.45,2607500,HSX,stock
2023-09-27,MWG,51.10,52.00,50.20,52.00,55.10,47.90,1775800,HSX,stock
2023-09-28,MWG,52.90,54.70,52.50,53.00,55.60,48.40,3335500,HSX,stock
2023-09-29,MWG,53.80,53.80,52.60,52.60,56.70,49.30,2329400,HSX,stock
2023-10-02,MWG,52.60,53.00,51.80,51.90,56.20,48.95,1436500,HSX,stock
2023-10-03,MWG,51.50,51.50,48.30,49.00,55.50,48.30,2685300,HSX,stock
2023-10-04,MWG,48.00,50.00,48.00,49.20,52.40,45.60,1358300,HSX,stock
2023-10-05,MWG,49.90,49.90,47.00,47.00,52.60,45.80,2091700,HSX,stock
2023-10-06,MWG,46.90,48.50,46.30,48.30,50.20,43.75,1876800,HSX,stock
2023-10-09,MWG,48.35,48.90,47.65,47.95,51.60,44.95,1555200,HSX,stock
2023-10-10,MWG,48.40,49.45,48.40,48.85,51.30,44.60,2258800,HSX,stock
2023-10-11,MWG,49.00,49.30,48.60,49.30,52.20,45.45,1589300,HSX,stock
2023-10-12,MWG,49.30,49.50,48.20,48.40,52.70,45.85,5019300,HSX,stock
2023-10-13,MWG,48.50,49.50,48.45,49.50,51.70,45.05,4787900,HSX,stock
2023-10-16,MWG,49.50,50.70,48.60,48.60,52.90,46.05,3790000,HSX,stock
2023-10-17,MWG,48.90,48.90,46.30,46.30,52.00,45.20,3713800,HSX,stock
2023-10-18,MWG,46.80,47.00,43.65,44.70,49.50,43.10,4181100,HSX,stock
2023-10-19,MWG,44.20,44.70,43.00,43.00,47.80,41.60,4383000,HSX,stock
2023-10-20,MWG,43.00,45.00,43.00,44.70,46.00,40.00,3403800,HSX,stock
2023-10-23,MWG,44.70,44.85,42.60,43.00,47.80,41.60,3575300,HSX,stock
2023-10-24,MWG,43.10,43.60,41.75,43.00,46.00,40.00,3907700,HSX,stock
2023-10-25,MWG,43.00,44.20,43.00,43.50,46.00,40.00,2311600,HSX,stock
2023-10-26,MWG,42.20,42.40,40.50,42.00,46.50,40.50,7305000,HSX,stock
2023-10-27,MWG,42.30,42.50,41.40,42.00,,,1397700,HSX,stock
2023-10-30,MWG,41.10,41.75,40.50,40.50,44.90,39.10,2556200,HSX,stock
2023-10-31,MWG,40.40,40.70,37.70,37.70,43.30,37.70,5095500,HSX,stock
2023-11-01,MWG,37.00,37.70,35.10,35.10,40.30,35.10,9099800,HSX,stock
2023-11-02,MWG,35.90,37.40,33.60,37.00,37.55,32.65,9499300,HSX,stock
2023-11-03,MWG,37.50,39.20,37.00,38.95,39.55,34.45,5518300,HSX,stock
2023-11-06,MWG,39.00,39.00,37.60,38.05,41.65,36.25,5568800,HSX,stock
2023-11-07,MWG,37.90,39.45,37.50,38.20,40.70,35.40,4740400,HSX,stock
2023-11-08,MWG,37.90,39.60,36.70,39.60,40.85,35.55,9231700,HSX,stock
2023-11-09,MWG,40.50,41.35,39.90,40.30,42.35,36.85,5333800,HSX,stock
2023-11-10,MWG,39.75,40.30,39.00,39.40,43.10,37.50,5032200,HSX,stock
2023-11-13,MWG,39.55,40.30,39.05,40.00,42.15,36.65,4448500,HSX,stock
2023-11-14,MWG,41.00,42.10,40.80,41.50,42.80,37.20,6556200,HSX,stock
2023-11-15,MWG,42.40,42.50,41.35,41.90,44.40,38.60,4748700,HSX,stock
2023-11-16,MWG,41.50,41.60,40.70,41.50,44.80,39.00,5049000,HSX,stock
2023-11-17,MWG,41.50,42.50,40.65,41.40,44.40,38.60,5082700,HSX,stock
2023-11-20,MWG,40.15,41.65,40.15,40.55,44.25,38.55,3937800,HSX,stock
2023-11-21,MWG,41.50,41.50,40.60,40.90,43.35,37.75,3153700,HSX,stock
2023-11-22,MWG,40.80,40.85,39.30,39.80,43.75,38.05,5881300,HSX,stock
2023-11-23,MWG,40.00,40.30,37.30,37.30,42.55,37.05,4441900,HSX,stock
2023-11-24,MWG,37.90,38.55,37.15,38.55,39.90,34.70,5033700,HSX,stock
2023-11-27,MWG,38.50,38.55,38.00,38.00,41.20,35.90,2600500,HSX,stock
2023-11-28,MWG,38.05,38.15,37.35,38.00,40.65,35.35,3088500,HSX,stock
2023-11-29,MWG,38.15,39.45,38.15,38.80,40.65,35.35,3718000,HSX,stock
2023-11-30,MWG,38.85,39.10,38.50,38.50,41.50,36.10,2065800,HSX,stock
2023-12-01,MWG,38.75,39.00,38.05,38.75,41.15,35.85,2102600,HSX,stock
2023-12-04,MWG,38.90,40.45,38.80,39.95,41.45,36.05,4781900,HSX,stock
2023-12-05,MWG,39.95,40.10,39.70,40.00,42.70,37.20,2931400,HSX,stock
2023-12-06,MWG,40.00,41.05,39.95,40.95,42.80,37.20,3852000,HSX,stock
2023-12-07,MWG,41.05,41.10,39.50,40.85,43.80,38.10,5056700,HSX,stock
2023-12-08,MWG,40.80,43.00,40.40,42.60,43.70,38.00,6428300,HSX,stock
2023-12-11,MWG,42.60,42.65,41.90,42.50,45.55,39.65,2880000,HSX,stock
2023-12-12,MWG,42.50,42.60,42.10,42.50,45.45,39.55,3142100,HSX,stock
2023-12-13,MWG,42.80,43.60,41.55,41.70,45.45,39.55,5229700,HSX,stock
2023-12-14,MWG,42.10,42.30,41.40,41.60,44.60,38.80,3199800,HSX,stock
2023-12-15,MWG,41.60,41.60,40.50,40.75,44.50,38.70,4552600,HSX,stock
2023-12-18,MWG,40.95,40.95,39.50,39.60,43.60,37.90,4775700,HSX,stock
2023-12-19,MWG,39.50,40.90,39.20,40.65,42.35,36.85,2807600,HSX,stock
2023-12-20,MWG,40.65,42.40,40.50,42.40,43.45,37.85,5516700,HSX,stock
2023-12-21,MWG,42.20,42.70,41.85,42.65,45.35,39.45,3821300,HSX,stock
2023-12-22,MWG,42.45,42.65,42.00,42.35,45.60,39.70,2679000,HSX,stock
2023-12-25,MWG,42.35,43.70,42.35,42.65,45.30,39.40,3661700,HSX,stock
2023-12-26,MWG,42.55,43.15,42.35,42.70,45.60,39.70,2878100,HSX,stock
2023-12-27,MWG,42.70,43.05,42.55,42.85,45.65,39.75,2411900,HSX,stock
2023-12-28,MWG,42.85,43.25,42.80,43.05,45.80,39.90,3009300,HSX,stock
2023-12-29,MWG,43.20,43.30,42.65,42.80,46.05,40.05,3026300,HSX,stock
2024-01-02,MWG,43.10,43.30,42.15,42.45,45.75,39.85,3328200,HSX,stock
2024-01-03,MWG,42.40,43.45,42.00,43.20,45.40,39.50,2952800,HSX,stock
2024-01-04,MWG,43.20,43.80,43.00,43.20,46.20,40.20,3739600,HSX,stock
2024-01-05,MWG,43.20,44.10,43.00,43.85,46.20,40.20,3869000,HSX,stock
2024-01-08,MWG,44.30,44.30,43.20,43.20,46.90,40.80,3202400,HSX,stock
2024-01-09,MWG,43.15,43.20,42.40,42.70,46.20,40.20,3489400,HSX,stock
2024-01-10,MWG,42.70,42.90,41.90,42.25,45.65,39.75,2951400,HSX,stock
2024-01-11,MWG,42.25,43.15,42.20,42.45,45.20,39.30,2233200,HSX,stock
2024-01-12,MWG,41.85,42.60,41.80,41.90,45.40,39.50,3302300,HSX,stock
2024-01-15,MWG,42.55,43.30,42.25,42.90,44.80,39.00,4062900,HSX,stock
2024-01-16,MWG,42.90,44.40,42.80,44.30,45.90,39.90,7546900,HSX,stock
2024-01-17,MWG,44.30,45.60,44.30,44.90,47.40,41.20,5884700,HSX,stock
2024-01-18,MWG,44.90,45.85,44.60,45.85,48.00,41.80,4087800,HSX,stock
2024-01-19,MWG,46.00,46.70,45.30,46.05,49.05,42.65,4557300,HSX,stock
2024-01-22,MWG,46.10,46.30,45.15,46.15,49.25,42.85,3688600,HSX,stock
2024-01-23,MWG,46.15,46.15,45.25,45.40,49.35,42.95,2802200,HSX,stock
2024-01-24,MWG,45.20,45.45,44.35,44.40,48.55,42.25,3679000,HSX,stock
2024-01-25,MWG,44.25,45.20,44.10,45.20,47.50,41.30,3487200,HSX,stock
2024-01-26,MWG,45.00,45.50,44.75,44.90,48.35,42.05,2097900,HSX,stock
2024-01-29,MWG,44.95,45.15,44.50,44.60,48.00,41.80,2036500,HSX,stock
2024-01-30,MWG,44.60,45.45,44.50,45.40,47.70,41.50,2940400,HSX,stock
2024-01-31,MWG,45.70,45.90,44.65,45.00,48.55,42.25,4372800,HSX,stock
2024-02-01,MWG,45.00,46.70,45.00,46.20,48.15,41.85,5350200,HSX,stock
2024-02-02,MWG,46.50,47.40,46.10,47.40,49.40,43.00,6314500,HSX,stock
2024-02-05,MWG,47.50,47.60,46.80,47.40,50.70,44.10,3346100,HSX,stock
2024-02-06,MWG,47.50,47.50,46.80,47.00,50.70,44.10,2465200,HSX,stock
2024-02-07,MWG,46.95,47.05,46.45,46.60,50.20,43.75,2755600,HSX,stock
2024-02-15,MWG,46.95,47.00,45.85,45.85,49.85,43.35,3866800,HSX,stock
2024-02-16,MWG,46.40,46.60,45.80,46.30,49.05,42.65,2462100,HSX,stock
2024-02-19,MWG,46.50,47.20,46.15,46.80,49.50,43.10,3314700,HSX,stock
2024-02-20,MWG,46.95,46.95,46.00,46.80,50.00,43.55,3550900,HSX,stock
2024-02-21,MWG,46.70,46.70,46.00,46.10,50.00,43.55,3233400,HSX,stock
2024-02-22,MWG,46.30,46.30,45.20,45.30,49.30,42.90,4363800,HSX,stock
2024-02-23,MWG,45.30,45.55,43.95,44.00,48.45,42.15,7705900,HSX,stock
2024-02-26,MWG,44.00,44.50,43.05,44.35,47.05,40.95,6491900,HSX,stock
2024-02-27,MWG,44.70,45.20,44.40,44.75,47.45,41.25,4483600,HSX,stock
2024-02-28,MWG,45.00,45.85,44.75,45.30,47.85,41.65,6017400,HSX,stock
2024-02-29,MWG,46.40,47.00,46.00,46.20,48.45,42.15,6407300,HSX,stock
2024-03-01,MWG,46.55,47.30,46.10,46.60,49.40,43.00,6397100,HSX,stock
2024-03-04,MWG,46.60,47.95,46.60,47.40,49.85,43.35,7517400,HSX,stock
2024-03-05,MWG,47.60,50.00,47.50,50.00,50.70,44.10,8636000,HSX,stock
2024-03-06,MWG,50.00,50.30,48.30,48.70,53.50,46.50,6680700,HSX,stock
2024-03-07,MWG,48.70,49.25,48.10,49.00,52.10,45.30,4256300,HSX,stock
2024-03-08,MWG,49.25,49.25,47.00,47.75,52.40,45.60,8209300,HSX,stock
2024-03-11,MWG,47.50,48.30,46.25,46.40,51.00,44.45,5080300,HSX,stock
2024-03-12,MWG,46.15,47.90,46.05,46.75,49.60,43.20,6709400,HSX,stock
2024-03-13,MWG,46.80,48.70,46.80,48.55,50.00,43.50,3868200,HSX,stock
2024-03-14,MWG,48.80,49.00,47.10,47.25,51.90,45.20,5593800,HSX,stock
2024-03-15,MWG,47.25,47.70,46.55,47.35,50.50,43.95,4048100,HSX,stock
2024-03-18,MWG,47.20,47.95,45.65,45.90,50.60,44.05,5955300,HSX,stock
2024-03-19,MWG,46.00,46.40,45.35,45.50,49.10,42.70,3557800,HSX,stock
2024-03-20,MWG,45.60,48.65,45.60,48.00,48.65,42.35,7572700,HSX,stock
2024-03-21,MWG,48.50,48.95,48.00,48.50,51.30,44.65,4365300,HSX,stock
2024-03-22,MWG,48.70,49.40,48.00,49.10,51.80,45.15,5612700,HSX,stock
2024-03-25,MWG,49.00,50.30,48.30,48.30,52.50,45.70,5056500,HSX,stock
2024-03-26,MWG,48.30,48.90,47.80,48.65,51.60,44.95,3496800,HSX,stock
2024-03-27,MWG,48.80,51.40,48.55,50.70,52.00,45.25,4353500,HSX,stock
2024-03-28,MWG,50.80,52.20,50.40,51.00,54.20,47.20,4399400,HSX,stock
2024-03-29,MWG,51.00,52.00,50.80,51.10,54.50,47.45,5986700,HSX,stock
2024-04-01,MWG,50.80,52.60,50.70,51.40,54.60,47.55,5882400,HSX,stock
2024-04-02,MWG,51.00,51.60,49.95,51.60,54.90,47.85,5722200,HSX,stock
2024-04-03,MWG,51.00,51.20,49.90,50.20,55.20,48.00,5408700,HSX,stock
2024-04-04,MWG,50.00,50.70,49.00,50.70,53.70,46.70,5548400,HSX,stock
2024-04-05,MWG,50.00,51.50,49.45,51.00,54.20,47.20,3676000,HSX,stock
2024-04-08,MWG,51.00,51.00,49.80,50.00,54.50,47.45,3214900,HSX,stock
2024-04-09,MWG,50.00,53.10,49.80,52.80,53.50,46.50,6780700,HSX,stock
2024-04-10,MWG,52.90,53.20,51.70,52.00,56.40,49.15,4545500,HSX,stock
2024-04-11,MWG,51.20,52.80,51.20,52.30,55.60,48.40,3370000,HSX,stock
2024-04-12,MWG,52.30,52.60,51.60,52.00,55.90,48.65,3160700,HSX,stock
2024-04-15,MWG,51.70,52.00,49.50,49.90,55.60,48.40,6345300,HSX,stock
2024-04-16,MWG,49.50,50.00,48.70,49.90,53.30,46.45,4912700,HSX,stock
2024-04-17,MWG,50.40,50.40,48.95,49.40,53.30,46.45,3904200,HSX,stock
2024-04-19,MWG,49.25,49.30,48.05,48.20,52.80,45.95,5410100,HSX,stock
2024-04-22,MWG,49.20,49.40,48.15,48.60,51.50,44.85,6099800,HSX,stock
2024-04-23,MWG,49.10,50.30,48.65,49.80,52.00,45.20,9218500,HSX,stock
2024-04-24,MWG,50.20,52.30,49.85,52.30,53.20,46.35,5102000,HSX,stock
2024-04-25,MWG,52.10,53.80,51.40,53.80,55.90,48.65,8716000,HSX,stock
2024-04-26,MWG,53.50,55.00,53.00,54.90,57.50,50.10,5514300,HSX,stock
2024-05-02,MWG,56.00,56.80,54.70,55.60,58.70,51.10,7687900,HSX,stock
2024-05-03,MWG,55.70,57.20,55.00,55.70,59.40,51.80,22395100,HSX,stock
2024-05-06,MWG,56.10,58.80,55.80,58.30,59.50,51.90,5168000,HSX,stock
2024-05-07,MWG,58.80,59.50,57.50,59.30,62.30,54.30,4294400,HSX,stock
2024-05-08,MWG,58.60,59.30,58.20,59.10,63.40,55.20,4372800,HSX,stock
2024-05-09,MWG,59.00,59.20,58.40,58.90,63.20,55.00,5983500,HSX,stock
2024-05-10,MWG,58.80,59.00,57.40,58.90,63.00,54.80,5028800,HSX,stock
2024-05-13,MWG,58.90,58.90,58.00,58.30,63.00,54.80,3639900,HSX,stock
2024-05-14,MWG,58.50,61.00,58.00,60.10,62.30,54.30,7065000,HSX,stock
2024-05-15,MWG,60.60,62.10,60.00,60.80,64.30,55.90,6857300,HSX,stock
2024-05-16,MWG,60.90,61.10,59.70,59.90,65.00,56.60,6443600,HSX,stock
2024-05-17,MWG,59.80,60.30,59.00,59.60,64.00,55.80,4313800,HSX,stock
2024-05-20,MWG,60.00,61.60,59.50,60.00,63.70,55.50,4868400,HSX,stock
2024-05-21,MWG,60.60,61.30,60.00,60.50,64.20,55.80,2447500,HSX,stock
2024-05-22,MWG,60.60,61.60,59.60,61.00,64.70,56.30,3992100,HSX,stock
2024-05-23,MWG,60.70,62.00,60.00,62.00,65.20,56.80,4528600,HSX,stock
2024-05-24,MWG,61.20,61.70,58.90,60.50,66.30,57.70,6222000,HSX,stock
2024-05-27,MWG,60.10,60.50,59.20,60.00,64.70,56.30,3668100,HSX,stock
2024-05-28,MWG,60.40,62.80,60.10,61.50,64.20,55.80,4440600,HSX,stock
2024-05-29,MWG,61.60,62.00,60.50,60.50,65.80,57.20,4198100,HSX,stock
2024-05-30,MWG,59.90,62.80,59.20,62.80,64.70,56.30,6943300,HSX,stock
2024-05-31,MWG,62.80,64.40,62.40,63.60,67.10,58.50,5180500,HSX,stock
2024-06-03,MWG,63.90,64.10,63.20,64.00,68.00,59.20,3438800,HSX,stock
2024-06-04,MWG,64.00,64.20,63.10,63.80,68.40,59.60,3395500,HSX,stock
2024-06-05,MWG,63.00,63.30,61.60,62.00,68.20,59.40,5984300,HSX,stock
2024-06-06,MWG,62.00,62.50,61.60,61.90,66.30,57.70,3571000,HSX,stock
2024-06-07,MWG,62.30,62.80,61.80,62.10,66.20,57.60,2584400,HSX,stock
2024-06-10,MWG,62.20,63.30,62.00,63.00,66.40,57.80,2400800,HSX,stock
2024-06-11,MWG,63.30,63.40,61.80,62.30,67.40,58.60,3042000,HSX,stock
2024-06-12,MWG,62.60,63.90,62.00,63.40,66.60,58.00,2388000,HSX,stock
2024-06-13,MWG,63.70,64.40,63.10,64.00,67.80,59.00,3885300,HSX,stock
2024-06-14,MWG,64.00,64.20,63.00,63.00,68.40,59.60,5254400,HSX,stock
2024-06-17,MWG,62.80,62.80,61.00,62.00,67.40,58.60,4745200,HSX,stock
2024-06-18,MWG,62.10,62.50,61.10,62.20,66.30,57.70,3909900,HSX,stock
2024-06-19,MWG,61.90,63.70,61.60,63.30,66.50,57.90,3804900,HSX,stock
2024-06-20,MWG,63.20,63.50,62.50,63.50,67.70,58.90,3447300,HSX,stock
2024-06-21,MWG,63.00,64.70,62.40,63.50,67.90,59.10,3968100,HSX,stock
2024-06-24,MWG,63.50,63.50,61.50,62.00,67.90,59.10,5465400,HSX,stock
2024-06-25,MWG,62.00,62.70,61.60,62.00,66.30,57.70,3732100,HSX,stock
2024-06-26,MWG,62.50,63.20,61.30,62.60,66.30,57.70,4296800,HSX,stock
2024-06-27,MWG,62.00,63.60,62.00,63.40,66.90,58.30,4323100,HSX,stock
2024-06-28,MWG,63.10,63.10,61.60,62.40,67.30,58.50,3537000,HSX,stock
2024-07-01,MWG,62.60,65.80,62.00,65.80,66.70,58.10,9399300,HSX,stock
2024-07-02,MWG,65.80,66.00,64.70,66.00,70.40,61.20,4711500,HSX,stock
2024-07-03,MWG,65.90,66.40,65.10,65.50,70.60,61.40,4051300,HSX,stock
2024-07-04,MWG,65.70,66.30,64.90,65.10,70.00,61.00,3116300,HSX,stock
2024-07-05,MWG,65.20,65.80,65.00,65.60,69.60,60.60,4052100,HSX,stock
2024-07-08,MWG,65.60,67.40,65.60,67.00,70.10,61.10,4776900,HSX,stock
2024-07-09,MWG,67.20,67.20,66.30,66.80,71.60,62.40,4552300,HSX,stock
2024-07-10,MWG,66.70,66.80,65.20,65.20,71.40,62.20,6510800,HSX,stock
2024-07-11,MWG,65.40,65.70,64.60,64.80,69.70,60.70,3967500,HSX,stock
2024-07-12,MWG,64.80,65.40,64.10,64.80,69.30,60.30,4648800,HSX,stock
2024-07-15,MWG,64.90,65.00,64.10,64.30,69.30,60.30,2183400,HSX,stock
2024-07-16,MWG,64.60,65.30,64.10,64.10,68.80,59.80,4673700,HSX,stock
2024-07-17,MWG,64.70,64.70,62.20,63.50,68.50,59.70,8200200,HSX,stock
2024-07-18,MWG,63.50,65.00,63.40,65.00,67.90,59.10,3970300,HSX,stock
2024-07-19,MWG,65.00,66.30,64.70,65.60,69.50,60.50,5162600,HSX,stock
2024-07-22,MWG,65.20,65.40,63.80,65.30,70.10,61.10,3074100,HSX,stock
2024-07-23,MWG,65.00,65.00,62.00,62.50,69.80,60.80,4688700,HSX,stock
2024-07-24,MWG,61.60,62.00,58.60,61.40,66.80,58.20,7084300,HSX,stock
2024-07-25,MWG,60.00,61.00,59.70,61.00,65.60,57.20,2630600,HSX,stock
2024-07-26,MWG,60.50,61.00,60.40,61.00,65.20,56.80,2495500,HSX,stock
2024-07-29,MWG,61.40,62.40,61.10,62.00,65.20,56.80,2279700,HSX,stock
2024-07-30,MWG,62.00,63.20,61.90,63.00,66.30,57.70,2760600,HSX,stock
2024-07-31,MWG,63.90,64.50,63.50,63.80,67.40,58.60,4753700,HSX,stock
2024-08-01,MWG,63.80,63.80,61.50,62.10,68.20,59.40,4839500,HSX,stock
2024-08-02,MWG,61.00,62.90,60.70,62.90,66.40,57.80,3787100,HSX,stock
2024-08-05,MWG,61.50,62.30,60.30,61.60,67.30,58.50,6623300,HSX,stock
2024-08-06,MWG,61.80,62.30,60.60,62.30,65.90,57.30,3337600,HSX,stock
2024-08-07,MWG,62.30,62.50,61.50,62.30,66.60,58.00,2384300,HSX,stock
2024-08-08,MWG,62.00,62.90,61.90,62.40,66.60,58.00,3441600,HSX,stock
2024-08-09,MWG,62.70,65.80,62.50,65.60,66.70,58.10,6838900,HSX,stock
2024-08-12,MWG,65.90,66.80,65.60,66.60,70.10,61.10,4690500,HSX,stock
2024-08-13,MWG,66.80,67.20,65.50,66.70,71.20,62.00,4334100,HSX,stock
2024-08-14,MWG,66.80,67.00,65.80,66.60,71.30,62.10,3326800,HSX,stock
2024-08-15,MWG,66.30,66.40,65.30,65.90,71.20,62.00,3644500,HSX,stock
2024-08-16,MWG,66.00,69.50,65.90,69.00,70.50,61.30,7883500,HSX,stock
2024-08-19,MWG,69.00,69.70,68.60,69.00,73.80,64.20,2746600,HSX,stock
2024-08-20,MWG,69.00,69.50,68.30,69.50,73.80,64.20,4106700,HSX,stock
2024-08-21,MWG,69.40,70.20,68.90,69.80,74.30,64.70,4333900,HSX,stock
2024-08-22,MWG,69.70,70.20,69.10,70.00,74.60,65.00,3068700,HSX,stock
2024-08-23,MWG,70.00,70.20,69.30,70.00,74.90,65.10,2473200,HSX,stock
2024-08-26,MWG,70.00,70.80,69.60,69.80,74.90,65.10,2964900,HSX,stock
2024-08-27,MWG,69.40,69.80,67.80,69.80,74.60,65.00,6043700,HSX,stock
2024-08-28,MWG,69.70,69.70,68.70,69.40,74.60,65.00,3668300,HSX,stock
2024-08-29,MWG,68.90,69.40,68.60,69.10,74.20,64.60,2799700,HSX,stock
2024-08-30,MWG,69.10,69.80,68.70,69.80,73.90,64.30,3195600,HSX,stock
2024-09-04,MWG,68.70,69.70,68.20,69.10,74.60,65.00,2451200,HSX,stock
2024-09-05,MWG,68.80,68.90,67.60,67.90,73.90,64.30,4095200,HSX,stock
2024-09-06,MWG,67.60,68.00,66.80,68.00,72.60,63.20,3937800,HSX,stock
2024-09-09,MWG,67.70,68.00,67.20,67.50,72.70,63.30,2109600,HSX,stock
2024-09-10,MWG,67.50,68.70,67.50,67.80,72.20,62.80,3178800,HSX,stock
2024-09-11,MWG,67.80,67.90,67.10,67.80,72.50,63.10,3231900,HSX,stock
2024-09-12,MWG,68.00,68.00,67.20,67.50,72.50,63.10,2021800,HSX,stock
2024-09-13,MWG,67.20,67.50,66.50,67.20,72.20,62.80,3864800,HSX,stock
2024-09-16,MWG,66.90,67.00,66.00,66.10,71.90,62.50,2644700,HSX,stock
2024-09-17,MWG,66.20,66.80,65.50,66.80,70.70,61.50,4100400,HSX,stock
2024-09-18,MWG,66.90,68.60,66.80,68.20,71.40,62.20,5021200,HSX,stock
2024-09-19,MWG,68.50,68.50,67.70,68.20,72.90,63.50,2867500,HSX,stock
2024-09-20,MWG,68.60,68.70,68.00,68.00,72.90,63.50,2725000,HSX,stock
2024-09-23,MWG,68.00,68.00,66.80,67.30,72.70,63.30,3970800,HSX,stock
2024-09-24,MWG,67.50,68.80,67.50,68.10,72.00,62.60,2867300,HSX,stock
2024-09-25,MWG,68.50,68.70,68.00,68.70,72.80,63.40,3003200,HSX,stock
2024-09-26,MWG,68.80,69.50,68.30,68.30,73.50,63.90,3790300,HSX,stock
2024-09-27,MWG,68.60,68.60,66.80,67.50,73.00,63.60,5339400,HSX,stock
2024-09-30,MWG,67.50,68.10,66.90,68.10,72.20,62.80,3179100,HSX,stock
2024-10-01,MWG,68.30,68.70,67.80,67.80,72.80,63.40,4733400,HSX,stock
2024-10-02,MWG,67.50,67.90,67.00,67.40,72.50,63.10,3041500,HSX,stock
2024-10-03,MWG,67.40,67.40,65.80,66.30,72.10,62.70,5604600,HSX,stock
2024-10-04,MWG,66.50,66.80,66.20,66.40,70.90,61.70,2698300,HSX,stock
2024-10-07,MWG,66.70,67.10,65.90,66.30,71.00,61.80,2322500,HSX,stock
2024-10-08,MWG,66.70,66.70,65.00,65.20,70.90,61.70,5094000,HSX,stock
2024-10-09,MWG,65.00,65.30,63.60,64.20,69.70,60.70,9023700,HSX,stock
2024-10-10,MWG,64.50,65.40,64.10,65.00,68.60,59.80,3843000,HSX,stock
2024-10-11,MWG,65.00,65.30,63.50,64.50,69.50,60.50,4433900,HSX,stock
2024-10-14,MWG,64.90,65.00,63.60,63.60,69.00,60.00,3894200,HSX,stock
2024-10-15,MWG,63.90,64.80,63.70,64.40,68.00,59.20,5224000,HSX,stock
2024-10-16,MWG,64.40,65.70,64.30,65.50,68.90,59.90,5667500,HSX,stock
2024-10-17,MWG,65.80,65.80,65.20,65.80,70.00,61.00,3423800,HSX,stock
2024-10-18,MWG,65.90,66.10,65.20,65.70,70.40,61.20,3433100,HSX,stock
2024-10-21,MWG,65.30,66.00,64.90,65.80,70.20,61.20,2275900,HSX,stock
2024-10-22,MWG,66.30,66.80,65.50,66.30,70.40,61.20,4972400,HSX,stock
2024-10-23,MWG,66.10,66.30,65.10,65.70,70.90,61.70,3250300,HSX,stock
2024-10-24,MWG,65.40,66.00,64.90,65.40,70.20,61.20,2106600,HSX,stock
2024-10-25,MWG,65.40,66.00,65.00,65.50,69.90,60.90,2072100,HSX,stock
2024-10-28,MWG,65.50,65.60,64.90,65.50,70.00,61.00,1788700,HSX,stock
2024-10-29,MWG,65.60,66.50,65.40,66.50,70.00,61.00,4461700,HSX,stock
2024-10-30,MWG,66.50,66.50,65.70,66.00,71.10,61.90,4052600,HSX,stock
2024-10-31,MWG,66.00,66.50,65.60,66.50,70.60,61.40,4123300,HSX,stock
2024-11-01,MWG,65.90,66.10,65.50,66.00,71.10,61.90,18754800,HSX,stock
2024-11-04,MWG,65.90,65.90,64.70,65.10,70.60,61.40,4756200,HSX,stock
2024-11-05,MWG,64.90,65.60,64.80,65.60,69.60,60.60,2354400,HSX,stock
2024-11-06,MWG,65.70,65.70,65.00,65.60,70.10,61.10,2913000,HSX,stock
2024-11-07,MWG,65.80,65.80,64.80,65.40,70.10,61.10,2306500,HSX,stock
2024-11-08,MWG,65.40,65.40,64.50,65.00,69.90,60.90,2652800,HSX,stock
2024-11-11,MWG,64.50,65.00,62.90,63.00,69.50,60.50,4594300,HSX,stock
2024-11-12,MWG,63.10,63.20,60.80,60.80,67.40,58.60,5074300,HSX,stock
2024-11-13,MWG,60.80,62.30,60.30,61.90,65.00,56.60,3173300,HSX,stock
2024-11-14,MWG,61.50,61.60,60.70,61.30,66.20,57.60,2209900,HSX,stock
2024-11-15,MWG,60.80,61.10,59.80,59.90,65.50,57.10,3636000,HSX,stock
2024-11-18,MWG,59.90,59.90,57.10,58.90,64.00,55.80,5206400,HSX,stock
2024-11-19,MWG,59.00,59.00,57.50,57.50,63.00,54.80,3040600,HSX,stock
2024-11-20,MWG,57.20,58.10,56.00,56.80,61.50,53.50,4894000,HSX,stock
2024-11-21,MWG,57.00,58.90,56.50,58.70,60.70,52.90,3766700,HSX,stock
2024-11-22,MWG,58.70,59.40,58.40,59.00,62.80,54.60,2808000,HSX,stock
2024-11-25,MWG,58.80,59.30,58.60,59.00,63.10,54.90,2343900,HSX,stock
2024-11-26,MWG,59.30,60.10,59.00,60.00,63.10,54.90,2104500,HSX,stock
2024-11-27,MWG,59.90,60.90,59.50,60.20,64.20,55.80,2453900,HSX,stock
2024-11-28,MWG,60.30,60.60,59.70,60.00,64.40,56.00,1975900,HSX,stock
2024-11-29,MWG,60.00,60.50,58.90,60.50,64.20,55.80,2933700,HSX,stock
2024-12-02,MWG,60.70,60.70,59.90,60.40,64.70,56.30,1617000,HSX,stock
2024-12-03,MWG,60.10,60.30,59.60,59.80,64.60,56.20,2358200,HSX,stock
2024-12-04,MWG,59.40,59.80,58.00,58.10,63.90,55.70,4634500,HSX,stock
2024-12-05,MWG,58.40,61.20,58.10,61.00,62.10,54.10,4112900,HSX,stock
2024-12-06,MWG,60.80,61.90,60.50,61.10,65.20,56.80,3769300,HSX,stock
2024-12-09,MWG,61.60,61.60,60.80,61.10,65.30,56.90,2116500,HSX,stock
2024-12-10,MWG,61.10,61.20,60.50,60.80,65.30,56.90,2104500,HSX,stock
2024-12-11,MWG,60.70,60.80,59.90,60.00,65.00,56.60,2390000,HSX,stock
2024-12-12,MWG,60.30,60.50,59.90,60.00,64.20,55.80,2183400,HSX,stock
2024-12-13,MWG,59.80,61.30,59.60,61.00,64.20,55.80,3046800,HSX,stock
2024-12-16,MWG,61.00,61.40,60.20,61.00,65.20,56.80,1930800,HSX,stock
2024-12-17,MWG,61.00,61.00,60.20,60.30,65.20,56.80,2261700,HSX,stock
2024-12-18,MWG,60.20,60.50,59.90,60.20,64.50,56.10,2084800,HSX,stock
2024-12-19,MWG,59.80,59.90,59.40,59.80,64.40,56.00,3649300,HSX,stock
2024-12-20,MWG,60.00,60.80,59.60,60.60,63.90,55.70,1737600,HSX,stock
2024-12-23,MWG,60.60,61.10,60.50,61.00,64.80,56.40,2780700,HSX,stock
2024-12-24,MWG,61.20,61.30,60.70,61.30,65.20,56.80,1769800,HSX,stock
2024-12-25,MWG,61.30,62.30,61.30,62.20,65.50,57.10,2969400,HSX,stock
2024-12-26,MWG,62.40,62.40,60.50,61.50,66.50,57.90,3084700,HSX,stock
2024-12-27,MWG,60.60,61.60,60.40,61.40,65.80,57.20,4069100,HSX,stock
2024-12-30,MWG,60.50,61.20,60.50,61.00,65.60,57.20,2557100,HSX,stock
2024-12-31,MWG,60.90,61.00,60.50,61.00,65.20,56.80,3252600,HSX,stock
2025-01-02,MWG,60.90,61.20,60.30,60.60,65.20,56.80,2038900,HSX,stock
2025-01-03,MWG,60.60,60.70,58.60,58.60,64.80,56.40,2923000,HSX,stock
2025-01-06,MWG,58.40,59.30,57.00,57.00,62.70,54.50,3080300,HSX,stock
2025-01-07,MWG,57.30,57.80,56.40,57.10,60.90,53.10,2800300,HSX,stock
2025-01-08,MWG,57.10,58.10,56.50,58.10,61.00,53.20,1713300,HSX,stock
2025-01-09,MWG,58.00,58.00,57.50,57.70,62.10,54.10,968700,HSX,stock
2025-01-10,MWG,57.50,58.00,56.90,57.50,61.70,53.70,1988800,HSX,stock
2025-01-13,MWG,56.60,57.70,56.50,57.30,61.50,53.50,2143800,HSX,stock
2025-01-14,MWG,57.30,57.50,56.60,57.20,61.30,53.30,1778500,HSX,stock
2025-01-15,MWG,57.40,57.90,56.80,57.30,61.20,53.20,1808000,HSX,stock
2025-01-16,MWG,57.20,58.00,57.00,57.80,61.30,53.30,2093600,HSX,stock
2025-01-17,MWG,57.30,57.80,57.20,57.70,61.80,53.80,1739200,HSX,stock
2025-01-20,MWG,57.70,57.90,57.30,57.50,61.70,53.70,1119100,HSX,stock
2025-01-21,MWG,57.70,58.20,57.20,57.70,61.50,53.50,1711400,HSX,stock
2025-01-22,MWG,57.90,58.00,57.40,57.40,61.70,53.70,1583600,HSX,stock
2025-01-23,MWG,57.30,59.50,57.30,59.20,61.40,53.40,2835700,HSX,stock
2025-01-24,MWG,59.20,60.10,58.60,60.10,63.30,55.10,3703200,HSX,stock
2025-02-03,MWG,59.00,59.60,58.50,59.60,64.30,55.90,2716900,HSX,stock
2025-02-04,MWG,59.90,59.90,59.00,59.60,63.70,55.50,2011900,HSX,stock
2025-02-05,MWG,59.60,59.80,59.10,59.40,63.70,55.50,1690900,HSX,stock
2025-02-06,MWG,59.50,59.60,58.70,59.10,63.50,55.30,2190900,HSX,stock
2025-02-07,MWG,58.90,59.00,57.80,58.90,63.20,55.00,3709000,HSX,stock
2025-02-10,MWG,58.30,58.30,57.40,57.40,63.00,54.80,3694600,HSX,stock
2025-02-11,MWG,57.40,57.40,56.40,56.40,61.40,53.40,3623700,HSX,stock
2025-02-12,MWG,56.80,57.30,56.40,56.40,60.30,52.50,2699200,HSX,stock
2025-02-13,MWG,56.00,56.00,54.80,54.80,60.30,52.50,5180500,HSX,stock
2025-02-14,MWG,55.10,55.30,53.80,55.20,58.60,51.00,5731400,HSX,stock
2025-02-17,MWG,55.20,55.20,54.10,54.10,59.00,51.40,3318200,HSX,stock
2025-02-18,MWG,54.00,55.00,53.80,54.50,57.80,50.40,2323900,HSX,stock
2025-02-19,MWG,54.70,56.10,54.40,55.80,58.30,50.70,3242400,HSX,stock
2025-02-20,MWG,55.90,56.70,55.70,56.70,59.70,51.90,2842000,HSX,stock
2025-02-21,MWG,56.80,58.30,56.60,58.10,60.60,52.80,4351700,HSX,stock
2025-02-24,MWG,58.10,58.50,57.30,58.40,62.10,54.10,3035000,HSX,stock
2025-02-25,MWG,58.10,58.40,57.40,58.30,62.40,54.40,3641100,HSX,stock
2025-02-26,MWG,58.30,59.10,57.80,58.70,62.30,54.30,2763800,HSX,stock
2025-02-27,MWG,58.70,58.80,58.20,58.60,62.80,54.60,1659700,HSX,stock
2025-02-28,MWG,58.00,58.70,57.80,58.30,62.70,54.50,2822200,HSX,stock
2025-03-03,MWG,58.20,59.10,57.80,58.80,62.30,54.30,2532700,HSX,stock
2025-03-04,MWG,58.70,59.90,58.40,59.50,62.90,54.70,2798100,HSX,stock
2025-03-05,MWG,59.80,60.20,59.30,59.60,63.60,55.40,3449700,HSX,stock
2025-03-06,MWG,59.80,61.90,59.60,61.90,63.70,55.50,5606700,HSX,stock
2025-03-07,MWG,61.80,62.00,61.30,61.90,66.20,57.60,2985600,HSX,stock
2025-03-10,MWG,62.00,62.30,61.40,62.20,66.20,57.60,3659800,HSX,stock
2025-03-11,MWG,61.40,63.20,61.40,63.00,66.50,57.90,4307200,HSX,stock
2025-03-12,MWG,63.00,63.00,61.90,62.70,67.40,58.60,4985400,HSX,stock
2025-03-13,MWG,62.70,62.80,61.20,61.50,67.00,58.40,4195700,HSX,stock
2025-03-14,MWG,61.50,62.30,61.20,61.50,65.80,57.20,4262300,HSX,stock
2025-03-17,MWG,61.70,62.00,61.40,62.00,65.80,57.20,1930900,HSX,stock
2025-03-18,MWG,62.20,62.50,61.40,61.80,66.30,57.70,2550200,HSX,stock
2025-03-19,MWG,61.20,61.40,59.00,59.50,66.10,57.50,6253700,HSX,stock
2025-03-20,MWG,59.80,60.00,59.00,60.00,63.60,55.40,2470100,HSX,stock
2025-03-21,MWG,60.00,60.30,59.40,60.30,64.20,55.80,1820300,HSX,stock
2025-03-24,MWG,59.80,60.30,59.50,60.30,64.50,56.10,1762100,HSX,stock
2025-03-25,MWG,60.40,61.30,59.90,60.50,64.50,56.10,3272200,HSX,stock
2025-03-26,MWG,60.60,61.20,60.50,60.80,64.70,56.30,1296200,HSX,stock
2025-03-27,MWG,60.80,60.80,60.00,60.40,65.00,56.60,1653600,HSX,stock
2025-03-28,MWG,60.10,60.70,58.90,59.80,64.60,56.20,3255100,HSX,stock
2025-03-31,MWG,59.00,59.20,58.10,59.00,63.90,55.70,3517600,HSX,stock
2025-04-01,MWG,58.60,58.90,57.70,58.60,63.10,54.90,2721500,HSX,stock
2025-04-02,MWG,58.60,59.70,58.00,58.80,62.70,54.50,4072100,HSX,stock
2025-04-03,MWG,55.10,56.30,54.70,54.70,62.90,54.70,7766100,HSX,stock
2025-04-04,MWG,50.90,53.50,50.90,52.80,58.50,50.90,13953400,HSX,stock
2025-04-08,MWG,49.20,50.00,49.15,49.15,56.40,49.15,4304100,HSX,stock
2025-04-09,MWG,45.75,49.20,45.75,46.25,52.50,45.75,12634300,HSX,stock
2025-04-10,MWG,49.45,49.45,49.45,49.45,49.45,43.05,353100,HSX,stock
2025-04-11,MWG,51.00,52.90,50.60,52.90,52.90,46.00,6983400,HSX,stock
2025-04-14,MWG,55.00,56.60,54.30,56.60,56.60,49.20,6575300,HSX,stock
2025-04-15,MWG,56.00,57.60,55.10,57.10,60.50,52.70,5704100,HSX,stock
2025-04-16,MWG,56.60,57.70,55.60,56.80,61.00,53.20,4512500,HSX,stock
2025-04-17,MWG,55.90,56.80,55.60,56.80,60.70,52.90,3049300,HSX,stock
2025-04-18,MWG,56.90,57.60,56.20,56.20,60.70,52.90,3355100,HSX,stock
2025-04-21,MWG,56.30,56.60,55.30,55.60,60.10,52.30,1967200,HSX,stock
2025-04-22,MWG,55.40,57.30,52.00,57.30,59.40,51.80,7075300,HSX,stock
2025-04-23,MWG,58.50,59.30,58.20,58.80,61.30,53.30,4204400,HSX,stock
2025-04-24,MWG,58.80,59.90,58.40,59.70,62.90,54.70,3967800,HSX,stock
2025-04-25,MWG,59.50,60.50,59.40,60.50,63.80,55.60,6533300,HSX,stock
2025-04-28,MWG,60.90,62.00,59.60,60.90,64.70,56.30,3819700,HSX,stock
2025-04-29,MWG,60.80,61.10,60.50,60.80,65.10,56.70,2877300,HSX,stock
2025-05-05,MWG,60.80,61.40,60.00,61.00,65.00,56.60,7669400,HSX,stock
2025-05-06,MWG,61.00,61.20,60.10,60.50,,,24414100,HSX,stock
2025-05-07,MWG,59.90,60.50,59.10,60.10,64.70,56.30,26286400,HSX,stock
2025-05-08,MWG,60.10,60.30,58.90,60.30,64.30,55.90,47040800,HSX,stock
2025-05-09,MWG,60.30,61.00,60.10,60.40,64.50,56.10,13227700,HSX,stock
2025-05-12,MWG,60.70,60.90,60.10,60.80,64.60,56.20,16190800,HSX,stock
2025-05-13,MWG,61.20,63.70,61.00,63.50,65.00,56.60,69290500,HSX,stock
2025-05-14,MWG,63.80,64.30,63.60,64.00,67.90,59.10,23745200,HSX,stock
2025-05-15,MWG,64.00,64.60,63.00,64.30,68.40,59.60,26917800,HSX,stock
2025-05-16,MWG,63.80,64.50,63.50,63.80,68.80,59.80,16601200,HSX,stock
2025-05-19,MWG,63.50,64.40,63.10,63.70,68.20,59.40,29365600,HSX,stock
2025-05-20,MWG,63.50,65.20,63.30,64.70,68.10,59.30,29746000,HSX,stock
2025-05-21,MWG,64.90,64.90,63.60,64.30,69.20,60.20,29244000,HSX,stock
2025-05-22,MWG,63.90,64.80,63.60,64.30,68.80,59.80,40371300,HSX,stock
2025-05-23,MWG,64.20,64.30,63.30,64.20,68.80,59.80,51501400,HSX,stock
2025-05-26,MWG,64.20,65.00,62.40,64.50,68.60,59.80,13560600,HSX,stock
2025-05-27,MWG,64.80,64.90,63.50,64.30,69.00,60.00,32532100,HSX,stock
2025-05-28,MWG,64.30,65.50,64.00,64.40,68.80,59.80,14755700,HSX,stock
2025-05-29,MWG,64.50,64.60,63.40,64.30,68.90,59.90,45148800,HSX,stock
2025-05-30,MWG,63.80,63.90,62.10,62.10,68.80,59.80,441571300,HSX,stock
2025-06-02,MWG,62.00,62.00,60.00,61.00,66.40,57.80,44046300,HSX,stock
2025-06-03,MWG,61.00,62.80,61.00,62.40,65.20,56.80,12334300,HSX,stock
2025-06-04,MWG,62.80,62.80,61.10,61.30,66.70,58.10,24818200,HSX,stock
2025-06-05,MWG,61.00,62.20,61.00,61.70,65.50,57.10,11532100,HSX,stock
2025-06-06,MWG,61.20,61.30,60.40,60.50,66.00,57.40,66147400,HSX,stock
2025-06-09,MWG,60.50,60.70,59.90,60.50,64.70,56.30,26431400,HSX,stock
2025-06-10,MWG,61.00,62.90,60.60,61.50,64.70,56.30,15005000,HSX,stock
2025-06-11,MWG,61.50,62.20,61.50,61.90,65.80,57.20,4533300,HSX,stock
2025-06-12,MWG,62.50,63.50,62.10,63.50,66.20,57.60,64253300,HSX,stock
2025-06-13,MWG,62.70,63.40,61.80,63.20,67.90,59.10,31495300,HSX,stock
2025-06-16,MWG,63.00,64.30,62.60,64.30,67.60,58.80,32024300,HSX,stock
2025-06-17,MWG,64.40,64.50,63.80,64.40,68.80,59.80,25614100,HSX,stock
2025-06-18,MWG,64.30,65.30,63.60,63.70,68.90,59.90,31939300,HSX,stock
2025-06-19,MWG,63.60,64.30,63.10,64.00,68.10,59.30,27444500,HSX,stock
2025-06-20,MWG,64.00,64.60,63.70,64.10,68.40,59.60,28972100,HSX,stock
2025-06-23,MWG,63.90,65.00,63.20,65.00,68.50,59.70,336220900,HSX,stock
2025-06-24,MWG,65.80,65.90,64.90,64.90,69.50,60.50,46585400,HSX,stock
2025-06-25,MWG,64.80,65.20,64.50,65.00,69.40,60.40,60761600,HSX,stock
2025-06-26,MWG,65.00,65.30,64.20,64.50,69.50,60.50,28910300,HSX,stock
2025-06-27,MWG,64.70,66.30,64.60,65.80,69.00,60.00,40605200,HSX,stock
2025-06-30,MWG,66.20,66.30,65.40,65.50,70.40,61.20,42476400,HSX,stock
2025-07-01,MWG,65.50,65.80,64.30,64.50,70.00,61.00,37883500,HSX,stock
2025-07-02,MWG,64.50,65.10,64.30,64.80,69.00,60.00,13087600,HSX,stock
2025-07-03,MWG,64.70,66.60,64.70,65.40,69.30,60.30,29002000,HSX,stock
2025-07-04,MWG,65.90,66.50,65.50,66.30,69.90,60.90,20460200,HSX,stock
2025-07-07,MWG,66.60,66.80,65.80,66.50,70.90,61.70,12433800,HSX,stock
2025-07-08,MWG,66.60,67.30,66.00,67.20,71.10,61.90,25750400,HSX,stock
2025-07-09,MWG,67.50,67.70,66.80,67.70,71.90,62.50,25192500,HSX,stock
2025-07-10,MWG,68.00,68.40,67.30,68.00,72.40,63.00,65179800,HSX,stock
2025-07-11,MWG,68.00,68.10,67.30,67.90,72.70,63.30,31238700,HSX,stock
2025-07-14,MWG,67.90,69.00,66.40,69.00,72.60,63.20,129541100,HSX,stock
2025-07-15,MWG,69.40,71.40,69.30,69.30,73.80,64.20,35619900,HSX,stock
2025-07-16,MWG,69.20,70.00,68.50,70.00,74.10,64.50,22962600,HSX,stock
2025-07-17,MWG,69.80,70.80,69.60,70.50,74.90,65.10,3120600,HSX,stock
2025-07-18,MWG,70.50,72.00,69.70,70.70,75.40,65.60,32097100,HSX,stock
2025-07-21,MWG,71.00,71.00,69.20,70.00,75.60,65.80,37036700,HSX,stock
2025-07-22,MWG,70.00,70.40,69.00,70.40,74.90,65.10,2534200,HSX,stock
2025-07-23,MWG,70.80,71.00,70.00,70.50,75.30,65.50,25772600,HSX,stock
2025-07-24,MWG,70.00,70.00,68.80,69.50,74.30,64.70,10519900,HSX,stock
2025-07-25,MWG,69.50,71.10,69.20,70.10,74.30,64.70,10273300,HSX,stock
2025-07-28,MWG,70.60,71.00,69.60,70.20,75.00,65.20,49824100,HSX,stock
2025-07-29,MWG,70.20,70.20,66.40,66.60,75.10,65.30,210998000,HSX,stock
2025-07-30,MWG,67.50,67.90,66.10,67.10,71.20,62.00,20132600,HSX,stock
2025-07-31,MWG,67.20,67.80,65.20,65.30,71.70,62.50,38540300,HSX,stock
2025-08-01,MWG,65.40,66.70,65.20,65.20,69.80,60.80,58725900,HSX,stock
2025-08-04,MWG,65.20,67.00,65.20,67.00,69.70,60.70,27393000,HSX,stock
2025-08-05,MWG,67.30,69.50,66.00,69.30,71.60,62.40,30830800,HSX,stock
2025-08-06,MWG,68.90,72.40,68.50,72.40,74.10,64.50,77105400,HSX,stock
2025-08-07,MWG,72.70,72.80,71.60,72.40,77.40,67.40,26470500,HSX,stock
2025-08-08,MWG,72.60,72.80,70.50,72.00,77.40,67.40,34849000,HSX,stock
2025-08-11,MWG,72.00,73.70,71.70,72.10,77.00,67.00,17774900,HSX,stock
2025-08-12,MWG,72.30,72.50,71.00,72.20,77.10,67.10,14405100,HSX,stock
2025-08-13,MWG,72.50,72.50,70.00,70.90,77.20,67.20,33944000,HSX,stock
2025-08-14,MWG,71.00,71.90,70.10,71.90,75.80,66.00,55948100,HSX,stock
2025-08-15,MWG,72.00,72.30,69.80,70.50,76.90,66.90,62181800,HSX,stock
2025-08-18,MWG,70.60,71.00,69.20,70.00,75.40,65.60,38385600,HSX,stock
2025-08-19,MWG,70.00,70.00,68.00,68.00,74.90,65.10,164870500,HSX,stock
2025-08-20,MWG,68.50,70.70,68.10,69.40,72.70,63.30,17013900,HSX,stock
2025-08-21,MWG,69.40,71.60,69.20,71.00,74.20,64.60,37610300,HSX,stock
2025-08-22,MWG,69.90,70.60,68.40,70.30,75.90,66.10,32967300,HSX,stock
2025-08-25,MWG,70.30,70.60,68.60,68.80,75.20,65.40,27323000,HSX,stock
2025-08-26,MWG,69.00,73.60,68.60,73.60,73.60,64.00,623094700,HSX,stock
2025-08-27,MWG,75.00,76.60,74.60,75.00,78.70,68.50,54412700,HSX,stock
2025-08-28,MWG,75.00,77.30,74.50,77.30,80.20,69.80,29240100,HSX,stock
2025-08-29,MWG,78.00,78.20,76.60,78.00,82.70,71.90,48313800,HSX,stock
2025-09-03,MWG,76.90,77.60,75.70,75.80,83.40,72.60,59694700,HSX,stock
2025-09-04,MWG,76.00,77.50,73.90,77.50,81.10,70.50,18195300,HSX,stock
2025-09-05,MWG,78.00,78.30,75.00,75.00,82.90,72.10,290955600,HSX,stock
2025-09-08,MWG,74.50,76.80,74.00,74.00,80.20,69.80,66356700,HSX,stock
2025-09-09,MWG,74.60,76.00,73.70,76.00,79.10,68.90,44499800,HSX,stock
2025-09-10,MWG,75.60,76.30,74.50,75.50,81.30,70.70,86294200,HSX,stock
2025-09-11,MWG,75.40,79.40,74.00,78.80,80.70,70.30,35478000,HSX,stock
2025-09-12,MWG,78.80,79.40,77.80,79.00,84.30,73.30,71840200,HSX,stock
2025-09-15,MWG,79.00,79.60,78.10,79.50,84.50,73.50,27827500,HSX,stock
2025-09-16,MWG,79.60,81.40,78.90,80.30,85.00,74.00,25507500,HSX,stock
2025-09-17,MWG,79.80,81.10,78.00,78.00,85.90,74.70,108833700,HSX,stock
2025-09-18,MWG,78.00,78.50,76.70,78.50,83.40,72.60,75166300,HSX,stock
2025-09-19,MWG,78.50,78.90,77.40,78.60,83.90,73.10,42122300,HSX,stock
2025-09-22,MWG,77.90,77.90,76.00,76.50,84.10,73.10,45518000,HSX,stock
2025-09-23,MWG,76.80,78.20,76.30,77.80,81.80,71.20,9489400,HSX,stock
2025-09-24,MWG,77.70,79.20,77.10,79.20,83.20,72.40,41519700,HSX,stock
2025-09-25,MWG,78.80,79.00,78.10,79.00,84.70,73.70,35130100,HSX,stock
2025-09-26,MWG,78.30,79.10,77.90,77.90,84.50,73.50,40752000,HSX,stock
2025-09-29,MWG,77.90,77.90,76.60,77.00,83.30,72.50,73949700,HSX,stock
2025-09-30,MWG,76.80,77.80,76.20,77.70,82.30,71.70,26688200,HSX,stock
2025-10-01,MWG,77.50,78.30,77.20,77.70,83.10,72.30,17693300,HSX,stock
2025-10-02,MWG,77.80,78.50,76.90,77.10,83.10,72.30,23107800,HSX,stock
2025-10-03,MWG,77.00,77.40,75.40,77.00,82.40,71.80,77011000,HSX,stock
2025-10-06,MWG,78.40,78.70,77.20,77.60,82.30,71.70,21587800,HSX,stock
2025-10-07,MWG,78.00,79.50,77.50,78.00,83.00,72.20,34542000,HSX,stock
2025-10-08,MWG,79.00,81.30,78.50,80.80,83.40,72.60,78356500,HSX,stock
2025-10-09,MWG,80.80,81.90,80.50,81.50,86.40,75.20,23920300,HSX,stock
2025-10-10,MWG,81.40,82.00,80.60,82.00,87.20,75.80,66188300,HSX,stock
2025-10-13,MWG,81.20,83.00,81.00,83.00,87.70,76.30,74489000,HSX,stock
2025-10-14,MWG,83.90,85.00,82.40,84.20,88.80,77.20,59955900,HSX,stock
2025-10-15,MWG,84.00,84.70,83.00,83.30,90.00,78.40,25785000,HSX,stock
2025-10-16,MWG,83.30,84.80,83.00,84.50,89.10,77.50,62034200,HSX,stock
2025-10-17,MWG,84.80,85.90,83.80,84.50,90.40,78.60,53897500,HSX,stock
2025-10-20,MWG,87.00,87.90,79.80,80.90,90.40,78.60,245666200,HSX,stock
2025-10-21,MWG,82.30,83.00,80.50,83.00,86.50,75.30,65368900,HSX,stock
2025-10-22,MWG,83.00,84.50,81.60,84.50,88.80,77.20,23811200,HSX,stock
2025-10-23,MWG,86.00,86.80,84.60,85.70,90.40,78.60,51923700,HSX,stock
2025-10-24,MWG,85.50,85.90,82.80,85.70,91.60,79.80,40727100,HSX,stock
2025-10-27,MWG,85.70,85.70,81.00,81.00,91.60,79.80,225244400,HSX,stock
2025-10-28,MWG,80.90,84.40,80.40,84.20,86.60,75.40,28688000,HSX,stock
2025-10-29,MWG,83.00,84.40,83.00,84.10,90.00,78.40,19255300,HSX,stock
2025-10-30,MWG,84.20,84.40,83.50,83.90,89.90,78.30,13264700,HSX,stock
2025-10-31,MWG,83.90,84.00,82.00,82.60,89.70,78.10,97388300,HSX,stock
2025-11-03,MWG,83.00,83.30,81.00,81.00,88.30,76.90,93233900,HSX,stock
2025-11-04,MWG,80.90,82.00,78.50,81.80,86.60,75.40,44436300,HSX,stock
2025-11-05,MWG,81.50,81.50,80.10,80.20,87.50,76.10,21526400,HSX,stock
2025-11-06,MWG,80.30,81.00,78.80,80.30,85.80,74.60,19393800,HSX,stock
2025-11-07,MWG,79.60,80.50,75.50,76.50,85.90,74.70,356189700,HSX,stock
2025-11-10,MWG,76.30,79.30,76.30,76.80,81.80,71.20,33057200,HSX,stock
2025-11-11,MWG,77.50,79.10,77.50,78.00,82.10,71.50,16457000,HSX,stock
2025-11-12,MWG,78.00,80.50,77.90,80.50,83.40,72.60,29035000,HSX,stock
2025-11-13,MWG,80.10,80.50,79.50,80.10,86.10,74.90,12638000,HSX,stock
2025-11-14,MWG,79.20,82.00,79.20,81.40,85.70,74.50,8964000,HSX,stock
2025-11-17,MWG,81.20,82.40,81.20,82.40,87.00,75.80,20461900,HSX,stock
2025-11-18,MWG,82.50,83.20,81.90,83.00,88.10,76.70,11731700,HSX,stock
2025-11-19,MWG,83.00,83.20,81.60,82.40,88.80,77.20,27760400,HSX,stock
2025-11-20,MWG,82.30,82.30,80.80,81.00,88.10,76.70,28875000,HSX,stock
2025-11-21,MWG,80.40,80.40,78.10,80.00,86.60,75.40,29925900,HSX,stock
2025-11-24,MWG,80.30,80.40,79.20,79.30,85.60,74.40,36540800,HSX,stock
2025-11-25,MWG,79.00,79.80,78.50,78.50,84.80,73.80,26697900,HSX,stock
2025-11-26,MWG,78.50,80.20,78.50,80.20,83.90,73.10,31960400,HSX,stock
2025-11-27,MWG,80.00,80.10,79.50,80.00,85.80,74.60,16392800,HSX,stock
2025-11-28,MWG,80.00,80.10,79.20,79.90,85.60,74.40,33226200,HSX,stock
2025-12-01,MWG,79.70,80.10,79.50,80.00,85.40,74.40,16689400,HSX,stock
2025-12-02,MWG,79.80,80.10,79.30,80.00,85.60,74.40,15084400,HSX,stock
2025-12-03,MWG,80.20,85.50,80.20,84.70,85.60,74.40,38307000,HSX,stock
2025-12-04,MWG,85.00,86.20,84.60,85.80,90.60,78.80,29828000,HSX,stock
2025-12-05,MWG,85.70,85.70,84.10,85.10,91.80,79.80,50299800,HSX,stock
2025-12-08,MWG,84.30,85.10,83.50,84.90,91.00,79.20,42528200,HSX,stock
2025-12-09,MWG,84.50,84.50,82.50,84.00,90.80,79.00,46550100,HSX,stock
2025-12-10,MWG,83.20,84.40,82.50,83.00,89.80,78.20,32842400,HSX,stock
2025-12-11,MWG,83.00,83.60,82.30,82.30,88.80,77.20,26243300,HSX,stock
2025-12-12,MWG,82.30,82.30,78.50,78.50,88.00,76.60,171628400,HSX,stock
2025-12-15,MWG,78.40,79.20,77.60,77.70,83.90,73.10,65287500,HSX,stock
2025-12-16,MWG,77.80,82.00,77.50,82.00,83.10,72.30,23333400,HSX,stock
2025-12-17,MWG,81.90,83.00,80.80,81.90,87.70,76.30,34443900,HSX,stock
2025-12-18,MWG,81.30,81.60,80.50,81.60,87.60,76.20,24565300,HSX,stock
2025-12-19,MWG,81.50,83.00,81.30,82.90,87.30,75.90,61408700,HSX,stock
2025-12-22,MWG,82.70,85.00,82.70,85.00,88.70,77.10,42988300,HSX,stock
2025-12-23,MWG,85.00,88.00,84.90,87.50,90.90,79.10,37257200,HSX,stock
2025-12-24,MWG,87.60,88.00,87.00,88.00,93.60,81.40,32099700,HSX,stock
2025-12-25,MWG,88.00,90.00,86.00,86.00,94.10,81.90,171285200,HSX,stock
2025-12-26,MWG,84.20,87.00,82.60,87.00,92.00,80.00,39586500,HSX,stock
2025-12-29,MWG,86.20,87.70,86.10,87.10,93.00,81.00,35730800,HSX,stock
2025-12-30,MWG,87.00,88.50,86.60,88.50,93.10,81.10,95649800,HSX,stock
2025-12-31,MWG,88.00,88.40,87.60,88.40,94.60,82.40,103088800,HSX,stock
2026-01-05,MWG,87.90,88.20,85.80,87.40,94.50,82.30,24360400,HSX,stock
2026-01-06,MWG,86.80,89.30,86.80,88.80,93.50,81.30,34856900,HSX,stock
2026-01-07,MWG,89.00,89.90,88.30,89.80,95.00,82.60,33461700,HSX,stock
2026-01-08,MWG,89.80,89.80,86.20,87.50,96.00,83.60,70654400,HSX,stock
2026-01-09,MWG,86.40,87.50,85.60,86.00,93.60,81.40,71014100,HSX,stock
2026-01-12,MWG,86.00,87.50,85.00,87.50,92.00,80.00,60646700,HSX,stock
2026-01-13,MWG,87.50,88.70,86.20,87.10,93.60,81.40,40714800,HSX,stock
2026-01-14,MWG,87.10,87.30,85.10,86.00,93.10,81.10,49000300,HSX,stock
2026-01-15,MWG,85.00,86.90,84.00,84.00,92.00,80.00,71154900,HSX,stock
2026-01-16,MWG,83.80,87.40,83.80,87.00,89.80,78.20,27961900,HSX,stock
2026-01-19,MWG,87.40,87.40,85.50,86.70,93.00,81.00,1305800,HSX,stock
2026-01-20,MWG,86.70,88.30,86.00,86.00,92.70,80.70,24280700,HSX,stock
2026-01-21,MWG,85.90,85.90,84.40,85.40,92.00,80.00,25165900,HSX,stock
2026-01-22,MWG,85.00,86.60,85.00,86.50,91.30,79.50,34067900,HSX,stock
2026-01-23,MWG,86.60,87.70,85.80,85.80,92.50,80.50,42255400,HSX,stock
2026-01-26,MWG,85.80,85.90,83.90,84.10,91.80,79.80,19891100,HSX,stock
2026-01-27,MWG,84.20,85.80,84.00,85.00,89.90,78.30,12297900,HSX,stock
2026-01-28,MWG,84.90,85.80,84.30,85.50,90.90,79.10,20638300,HSX,stock
2026-01-29,MWG,85.70,89.50,85.30,89.50,91.40,79.60,274390400,HSX,stock
2026-01-30,MWG,90.00,93.40,89.80,92.90,95.70,83.30,130487800,HSX,stock
2026-02-02,MWG,93.10,93.90,90.50,93.70,99.40,86.40,79283600,HSX,stock
2026-02-03,MWG,94.40,94.40,91.50,91.50,100.20,87.20,134447200,HSX,stock
2026-02-04,MWG,91.50,91.90,90.60,91.80,97.90,85.10,22992200,HSX,stock
2026-02-05,MWG,91.70,91.80,90.20,90.20,98.20,85.40,96347200,HSX,stock
2026-02-06,MWG,89.70,89.90,86.00,88.40,96.50,83.90,110508600,HSX,stock
2026-02-09,MWG,89.00,90.00,88.50,89.30,94.50,82.30,19303500,HSX,stock
2026-02-10,MWG,89.70,89.70,87.80,89.30,95.50,83.10,56656500,HSX,stock
2026-02-11,MWG,89.50,91.90,89.30,91.90,95.50,83.10,34718900,HSX,stock
2026-02-12,MWG,92.50,93.90,91.10,92.90,98.30,85.50,25286800,HSX,stock
2026-02-13,MWG,91.90,93.20,91.50,92.80,99.40,86.40,55402700,HSX,stock
2026-02-23,MWG,92.90,93.10,91.10,92.00,99.20,86.40,30078000,HSX,stock
2026-02-24,MWG,91.60,92.20,90.50,92.20,98.40,85.60,35670000,HSX,stock
2026-02-25,MWG,92.20,94.10,92.00,93.00,98.60,85.80,16775800,HSX,stock
2026-02-26,MWG,93.00,94.30,92.50,93.60,99.50,86.50,28595100,HSX,stock
2026-02-27,MWG,93.70,93.90,92.60,93.10,100.10,87.10,64269100,HSX,stock
2026-03-02,MWG,91.80,92.20,90.00,90.00,99.60,86.60,206643800,HSX,stock
2026-03-03,MWG,90.20,91.20,86.90,88.20,96.30,83.70,93237200,HSX,stock
2026-03-04,MWG,87.10,88.80,83.80,88.80,94.30,82.10,83297700,HSX,stock
2026-03-05,MWG,88.90,89.00,85.20,85.20,95.00,82.60,174068800,HSX,stock
2026-03-06,MWG,84.80,84.80,81.70,82.70,91.10,79.30,185546200,HSX,stock
2026-03-09,MWG,77.00,77.00,77.00,77.00,88.40,77.00,153977900,HSX,stock
2026-03-10,MWG,79.00,81.80,77.40,81.00,82.30,71.70,192962400,HSX,stock
2026-03-11,MWG,81.00,86.60,80.50,86.50,86.60,75.40,31240900,HSX,stock
2026-03-12,MWG,84.00,86.50,83.10,84.60,92.50,80.50,19822100,HSX,stock
2026-03-13,MWG,84.50,84.50,82.00,82.00,90.50,78.70,45337200,HSX,stock
2026-03-16,MWG,81.90,82.20,80.40,80.60,87.70,76.30,17286100,HSX,stock
2026-03-17,MWG,81.50,83.80,81.50,82.70,86.20,75.00,7677800,HSX,stock
2026-03-18,MWG,82.80,84.30,82.40,83.70,88.40,77.00,18060600,HSX,stock
2026-03-19,MWG,82.00,82.60,81.40,82.40,89.50,77.90,55084200,HSX,stock
2026-03-20,MWG,82.10,82.10,79.70,79.70,88.10,76.70,45700900,HSX,stock
2026-03-23,MWG,78.00,78.10,74.20,74.20,85.20,74.20,55660800,HSX,stock
2026-03-24,MWG,76.60,76.80,75.00,76.00,79.30,69.10,38342800,HSX,stock
2026-03-25,MWG,77.00,79.50,76.80,79.20,81.30,70.70,36962100,HSX,stock
2026-03-26,MWG,78.00,78.90,77.40,78.50,84.70,73.70,45765300,HSX,stock
2026-03-27,MWG,78.60,81.80,78.20,81.00,83.90,73.10,13036900,HSX,stock
2026-03-30,MWG,78.90,80.80,78.60,80.80,86.60,75.40,45069000,HSX,stock
2026-03-31,MWG,80.80,82.10,80.50,81.80,86.40,75.20,86347600,HSX,stock
2026-04-01,MWG,83.00,83.90,81.80,82.40,87.50,76.10,44740700,HSX,stock
2026-04-02,MWG,81.80,81.80,80.00,81.80,88.10,76.70,39226200,HSX,stock
2026-04-03,MWG,81.50,81.50,79.20,79.30,87.50,76.10,58904000,HSX,stock
2026-04-06,MWG,78.30,79.30,77.60,78.30,84.80,73.80,62032900,HSX,stock
2026-04-07,MWG,78.40,78.80,76.60,78.00,83.70,72.90,42135100,HSX,stock
2026-04-08,MWG,80.60,82.00,79.90,81.90,83.40,72.60,36758800,HSX,stock
2026-04-09,MWG,80.90,82.00,80.70,80.70,87.60,76.20,35794800,HSX,stock
2026-04-10,MWG,81.30,82.20,81.00,81.50,86.30,75.10,37668000,HSX,stock
2026-04-13,MWG,80.80,81.30,79.80,81.30,87.20,75.80,16988900,HSX,stock
2026-04-14,MWG,82.10,82.70,81.40,81.60,86.90,75.70,21701600,HSX,stock
2026-04-15,MWG,82.00,82.00,80.00,80.00,87.30,75.90,76963200,HSX,stock
2026-04-16,MWG,80.20,82.00,80.20,81.30,85.60,74.40,7595700,HSX,stock
2026-04-17,MWG,82.60,86.90,82.50,86.90,86.90,75.70,18811200,HSX,stock
2026-04-20,MWG,87.50,88.50,86.40,87.30,92.90,80.90,51386600,HSX,stock
2026-04-21,MWG,87.40,87.40,85.60,85.60,93.40,81.20,61554500,HSX,stock
2026-04-22,MWG,85.40,86.40,84.80,86.40,91.50,79.70,44397700,HSX,stock
2026-04-23,MWG,86.40,86.80,84.30,84.50,92.40,80.40,18155700,HSX,stock
2026-04-24,MWG,84.50,85.20,83.50,83.50,90.40,78.60,18806300,HSX,stock
2026-04-28,MWG,83.70,85.90,83.70,85.60,89.30,77.70,29031100,HSX,stock
2026-04-29,MWG,85.00,85.70,84.00,84.00,91.50,79.70,100993800,HSX,stock
2026-05-04,MWG,84.70,85.40,83.40,84.90,89.80,78.20,74690400,HSX,stock
2026-05-05,MWG,84.60,85.40,84.10,84.80,90.80,79.00,31677500,HSX,stock
2026-05-06,MWG,85.20,86.40,84.90,86.00,90.70,78.90,18024200,HSX,stock
2026-05-07,MWG,86.20,87.40,86.00,86.00,92.00,80.00,57403900,HSX,stock
2026-05-08,MWG,85.70,85.90,84.60,84.60,92.00,80.00,31315300,HSX,stock
2026-05-11,MWG,84.30,85.20,83.50,83.50,90.50,78.70,31594300,HSX,stock
2026-05-12,MWG,83.50,84.30,82.60,83.80,89.30,77.70,28790100,HSX,stock
2026-05-13,MWG,84.00,84.30,82.70,83.70,89.60,78.00,9824000,HSX,stock
2026-05-14,MWG,83.70,84.60,83.20,84.20,89.50,77.90,20097300,HSX,stock
2026-05-15,MWG,84.50,84.60,82.00,82.00,90.00,78.40,59884900,HSX,stock
2026-05-18,MWG,82.00,82.00,79.00,79.00,87.70,76.30,89697800,HSX,stock
2026-05-19,MWG,79.20,79.70,78.10,78.20,84.50,73.50,30508400,HSX,stock
2026-05-20,MWG,78.20,78.80,74.20,77.20,83.60,72.80,25818400,HSX,stock
2026-05-21,MWG,78.20,79.50,77.70,79.50,82.60,71.80,49375700,HSX,stock
2026-05-22,MWG,80.20,81.00,79.10,79.40,85.00,74.00,27095000,HSX,stock
2026-05-25,MWG,80.10,80.10,78.40,78.70,84.90,73.90,13480800,HSX,stock
2026-05-26,MWG,79.00,79.40,78.30,78.50,84.20,73.20,6713700,HSX,stock
2026-05-27,MWG,79.10,80.40,78.80,80.00,83.90,73.10,25235800,HSX,stock
2026-05-28,MWG,80.00,80.30,77.70,77.70,85.60,74.40,43613000,HSX,stock
2026-05-29,MWG,77.70,78.30,75.80,76.30,83.10,72.30,45337400,HSX,stock
2026-06-01,MWG,76.50,79.10,76.50,79.10,81.60,71.00,60070400,HSX,stock
2026-06-02,MWG,79.40,79.40,77.50,77.90,84.60,73.60,18753100,HSX,stock
2026-06-03,MWG,77.80,78.50,76.90,78.50,83.30,72.50,82796100,HSX,stock
2026-06-04,MWG,78.50,78.50,77.00,78.40,83.90,73.10,39800400,HSX,stock
2026-06-05,MWG,78.50,78.90,77.60,78.00,83.80,73.00,37239900,HSX,stock
2026-06-08,MWG,77.00,77.30,76.30,76.40,83.40,72.60,40573600,HSX,stock
2026-06-09,MWG,76.50,77.50,76.30,77.40,81.70,71.10,8622800,HSX,stock
2026-06-10,MWG,77.10,78.30,76.60,78.20,82.80,72.00,8351300,HSX,stock
2026-06-11,MWG,78.30,78.50,76.90,76.90,83.60,72.80,33679500,HSX,stock
2026-06-12,MWG,77.80,77.80,76.30,76.40,82.20,71.60,16638000,HSX,stock
2026-06-15,MWG,77.00,79.70,77.00,79.40,81.70,71.10,27189300,HSX,stock
2026-06-16,MWG,79.40,79.80,78.80,79.40,84.90,73.90,6205400,HSX,stock
2026-06-17,MWG,79.30,79.80,78.70,79.10,84.90,73.90,11902400,HSX,stock
2026-06-18,MWG,78.60,79.00,78.00,78.70,84.60,73.60,18493400,HSX,stock
2026-06-19,MWG,78.70,78.90,77.50,78.00,84.20,73.20,7370200,HSX,stock
2026-06-22,MWG,78.00,78.00,77.00,77.20,83.40,72.60,17466500,HSX,stock
2026-06-23,MWG,77.10,77.20,76.00,76.00,82.60,71.80,30332600,HSX,stock
2026-06-24,MWG,76.00,77.80,75.00,77.80,81.30,70.70,20349300,HSX,stock
2026-06-25,MWG,77.10,77.50,76.70,77.20,83.20,72.40,17891500,HSX,stock
2026-06-26,MWG,77.10,78.50,76.50,78.50,82.60,71.80,110539800,HSX,stock
2026-06-29,MWG,78.40,79.20,78.10,79.00,83.90,73.10,25870600,HSX,stock
2026-06-30,MWG,78.80,79.00,77.60,78.10,84.50,73.50,61652000,HSX,stock
2026-07-01,MWG,78.00,80.00,77.70,80.00,83.50,72.70,15430300,HSX,stock
2026-07-02,MWG,80.20,81.40,79.40,79.70,85.60,74.40,9683400,HSX,stock
2026-07-03,MWG,79.60,79.60,78.30,78.90,85.20,74.20,12753900,HSX,stock
2026-07-06,MWG,78.60,78.80,76.70,78.00,84.40,73.40,41598400,HSX,stock
2026-07-07,MWG,78.10,78.30,77.40,77.50,83.40,72.60,12420800,HSX,stock
2026-07-08,MWG,77.50,79.20,77.30,78.80,82.90,72.10,6490200,HSX,stock
2026-07-09,MWG,78.40,78.50,77.80,78.50,84.30,73.30,8707800,HSX,stock
2026-07-10,MWG,78.90,78.90,76.60,76.60,83.90,73.10,68360900,HSX,stock
2026-07-13,MWG,76.80,77.30,76.00,76.00,81.90,71.30,19626700,HSX,stock
2026-07-14,MWG,75.80,76.80,75.20,76.80,81.30,70.70,9961900,HSX,stock
2026-07-15,MWG,76.80,76.80,75.80,76.20,82.10,71.50,11766200,HSX,stock
2026-07-16,MWG,76.20,76.70,75.00,76.70,81.50,70.90,11551800,HSX,stock
2022-01-04,PNJ,96.20,96.50,95.40,96.50,102.90,89.50,185700,HSX,stock
2022-01-05,PNJ,96.00,96.60,95.10,95.10,103.20,89.80,326100,HSX,stock
2022-01-06,PNJ,95.20,95.90,94.50,94.60,101.70,88.50,161800,HSX,stock
2022-01-07,PNJ,94.60,94.60,93.60,93.90,101.20,88.00,152800,HSX,stock
2022-01-10,PNJ,93.80,93.80,93.00,93.20,100.40,87.40,209000,HSX,stock
2022-01-11,PNJ,93.20,94.50,92.40,94.10,99.70,86.70,212500,HSX,stock
2022-01-12,PNJ,94.10,94.10,92.60,92.70,100.60,87.60,257400,HSX,stock
2022-01-13,PNJ,96.00,96.00,93.10,94.10,99.10,86.30,202000,HSX,stock
2022-01-14,PNJ,91.70,94.30,91.70,93.90,100.60,87.60,160700,HSX,stock
2022-01-17,PNJ,93.10,94.00,92.60,93.50,100.40,87.40,302500,HSX,stock
2022-01-18,PNJ,92.20,93.50,92.10,93.30,100.00,87.00,209000,HSX,stock
2022-01-19,PNJ,93.20,93.60,92.00,93.60,99.80,86.80,179300,HSX,stock
2022-01-20,PNJ,93.00,94.50,93.00,94.40,100.10,87.10,224400,HSX,stock
2022-01-21,PNJ,94.50,95.50,94.40,95.50,101.00,87.80,413500,HSX,stock
2022-01-24,PNJ,95.50,98.30,94.10,96.90,102.10,88.90,457300,HSX,stock
2022-01-25,PNJ,96.80,97.50,95.60,97.00,103.60,90.20,369400,HSX,stock
2022-01-26,PNJ,97.60,101.00,96.80,101.00,103.70,90.30,1067000,HSX,stock
2022-01-27,PNJ,100.00,101.50,99.90,101.00,108.00,94.00,558900,HSX,stock
2022-01-28,PNJ,100.00,104.00,100.00,104.00,108.00,94.00,682800,HSX,stock
2022-02-07,PNJ,103.60,108.00,103.60,107.30,111.20,96.80,639800,HSX,stock
2022-02-08,PNJ,106.10,107.10,104.00,105.00,114.80,99.80,444300,HSX,stock
2022-02-09,PNJ,104.90,104.90,103.00,103.30,112.30,97.70,694100,HSX,stock
2022-02-10,PNJ,103.50,103.70,101.60,103.30,110.50,96.10,435400,HSX,stock
2022-02-11,PNJ,103.00,106.50,102.00,104.80,110.50,96.10,329500,HSX,stock
2022-02-14,PNJ,105.00,105.10,104.10,104.60,112.10,97.50,323800,HSX,stock
2022-02-15,PNJ,103.90,105.90,103.70,105.50,111.90,97.30,351400,HSX,stock
2022-02-16,PNJ,105.00,106.60,104.50,106.30,112.80,98.20,350200,HSX,stock
2022-02-17,PNJ,106.50,107.90,106.30,107.90,113.70,98.90,569500,HSX,stock
2022-02-18,PNJ,107.00,108.90,107.00,107.00,115.40,100.40,319700,HSX,stock
2022-02-21,PNJ,107.00,107.00,104.90,106.50,114.40,99.60,360400,HSX,stock
2022-02-22,PNJ,106.40,113.00,105.10,110.00,113.90,99.10,1404100,HSX,stock
2022-02-23,PNJ,110.00,113.50,109.00,109.60,117.70,102.30,511900,HSX,stock
2022-02-24,PNJ,109.90,112.80,109.00,109.00,117.20,102.00,953600,HSX,stock
2022-02-25,PNJ,109.00,110.00,106.40,107.80,116.60,101.40,781200,HSX,stock
2022-02-28,PNJ,107.00,108.70,103.00,103.00,115.30,100.30,1420800,HSX,stock
2022-03-01,PNJ,102.10,106.00,102.10,105.00,110.20,95.80,613900,HSX,stock
2022-03-02,PNJ,105.00,105.00,100.80,103.40,112.30,97.70,592500,HSX,stock
2022-03-03,PNJ,104.00,105.00,102.00,104.00,110.60,96.20,470000,HSX,stock
2022-03-04,PNJ,102.70,106.90,102.70,106.20,111.20,96.80,952600,HSX,stock
2022-03-07,PNJ,107.20,112.00,107.20,108.00,112.90,98.30,1411500,HSX,stock
2022-03-08,PNJ,109.00,110.00,105.50,106.00,115.50,100.50,700100,HSX,stock
2022-03-09,PNJ,107.00,112.00,106.60,110.50,113.40,98.60,1121400,HSX,stock
2022-03-10,PNJ,109.50,109.50,107.20,108.30,118.20,102.80,545000,HSX,stock
2022-03-11,PNJ,107.00,108.00,103.60,104.50,115.80,100.80,614500,HSX,stock
2022-03-14,PNJ,103.80,103.80,98.50,98.50,111.80,97.20,892100,HSX,stock
2022-03-15,PNJ,99.50,103.00,98.60,102.90,105.30,91.70,523400,HSX,stock
2022-03-16,PNJ,102.40,103.60,100.50,102.80,110.10,95.70,318400,HSX,stock
2022-03-17,PNJ,102.80,103.30,102.00,103.00,109.90,95.70,462500,HSX,stock
2022-03-18,PNJ,102.40,105.50,102.40,103.50,110.20,95.80,298500,HSX,stock
2022-03-21,PNJ,103.60,105.90,103.50,105.60,110.70,96.30,338400,HSX,stock
2022-03-22,PNJ,106.60,109.70,106.40,107.00,112.90,98.30,410300,HSX,stock
2022-03-23,PNJ,108.00,109.40,104.10,105.10,114.40,99.60,290000,HSX,stock
2022-03-24,PNJ,107.00,108.90,105.30,107.00,112.40,97.80,350200,HSX,stock
2022-03-25,PNJ,107.00,109.50,106.60,108.20,114.40,99.60,280500,HSX,stock
2022-03-28,PNJ,110.00,110.70,108.20,108.20,115.70,100.70,492000,HSX,stock
2022-03-29,PNJ,110.00,111.90,109.00,110.50,115.70,100.70,598900,HSX,stock
2022-03-30,PNJ,111.90,112.90,108.00,108.30,118.20,102.80,521400,HSX,stock
2022-03-31,PNJ,108.50,111.00,107.80,110.50,115.80,100.80,324400,HSX,stock
2022-04-01,PNJ,110.00,118.20,109.90,117.20,118.20,102.80,1699300,HSX,stock
2022-04-04,PNJ,117.30,120.00,116.50,116.60,,,619100,HSX,stock
2022-04-05,PNJ,116.50,119.80,116.50,117.80,124.70,108.50,336300,HSX,stock
2022-04-06,PNJ,116.50,120.60,115.50,118.10,126.00,109.60,942900,HSX,stock
2022-04-07,PNJ,118.10,120.40,114.80,115.10,126.30,109.90,719300,HSX,stock
2022-04-08,PNJ,115.10,117.00,113.90,114.50,123.10,107.10,442200,HSX,stock
2022-04-12,PNJ,115.00,116.00,112.00,112.40,122.50,106.50,731000,HSX,stock
2022-04-13,PNJ,112.40,116.50,112.10,116.00,120.20,104.60,560200,HSX,stock
2022-04-14,PNJ,117.40,121.50,116.50,117.00,124.10,107.90,715900,HSX,stock
2022-04-15,PNJ,116.90,120.40,115.20,117.10,125.10,108.90,399700,HSX,stock
2022-04-18,PNJ,120.10,124.00,118.20,123.50,125.20,109.00,1366100,HSX,stock
2022-04-19,PNJ,123.60,123.80,118.90,118.90,132.10,114.90,564100,HSX,stock
2022-04-20,PNJ,118.80,121.10,117.50,118.90,127.20,110.60,595800,HSX,stock
2022-04-21,PNJ,120.90,121.80,119.00,119.00,127.20,110.60,944000,HSX,stock
2022-04-22,PNJ,120.90,120.90,111.80,115.00,127.30,110.70,1399300,HSX,stock
2022-04-25,PNJ,115.00,115.00,107.00,107.00,123.00,107.00,801600,HSX,stock
2022-04-26,PNJ,103.50,108.20,101.00,107.40,114.40,99.60,657500,HSX,stock
2022-04-27,PNJ,107.00,111.00,102.80,107.00,114.90,99.90,386000,HSX,stock
2022-04-28,PNJ,107.00,109.50,106.20,106.20,114.40,99.60,289800,HSX,stock
2022-04-29,PNJ,106.50,109.50,106.50,108.00,113.60,98.80,267300,HSX,stock
2022-05-04,PNJ,108.00,110.00,106.50,108.30,115.50,100.50,247900,HSX,stock
2022-05-05,PNJ,110.50,111.00,106.50,110.00,115.80,100.80,280500,HSX,stock
2022-05-06,PNJ,108.00,109.80,106.00,106.50,117.70,102.30,306400,HSX,stock
2022-05-09,PNJ,105.50,106.50,99.10,99.10,113.90,99.10,565400,HSX,stock
2022-05-10,PNJ,95.20,103.40,93.50,103.00,106.00,92.20,390500,HSX,stock
2022-05-11,PNJ,103.00,107.00,101.00,107.00,110.20,95.80,544900,HSX,stock
2022-05-12,PNJ,104.90,107.20,101.10,101.10,114.40,99.60,455600,HSX,stock
2022-05-13,PNJ,103.70,105.00,96.70,97.50,108.10,94.10,470000,HSX,stock
2022-05-16,PNJ,101.00,101.50,97.40,98.00,104.30,90.70,161900,HSX,stock
2022-05-17,PNJ,98.00,104.20,96.80,103.10,104.80,91.20,204800,HSX,stock
2022-05-18,PNJ,103.00,104.70,100.40,102.10,110.30,95.90,302100,HSX,stock
2022-05-19,PNJ,100.90,105.00,100.60,102.10,109.20,95.00,231600,HSX,stock
2022-05-20,PNJ,105.00,106.00,103.10,106.00,109.20,95.00,280400,HSX,stock
2022-05-23,PNJ,107.10,107.10,102.50,104.50,113.40,98.60,194200,HSX,stock
2022-05-24,PNJ,104.90,107.90,104.00,107.90,111.80,97.20,307300,HSX,stock
2022-05-25,PNJ,108.00,115.40,105.00,115.40,115.40,100.40,760600,HSX,stock
2022-05-26,PNJ,115.40,116.00,114.20,114.30,123.40,107.40,280300,HSX,stock
2022-05-27,PNJ,115.00,122.30,114.20,122.30,122.30,106.30,1458400,HSX,stock
2022-05-30,PNJ,122.50,122.60,119.30,120.50,130.80,113.80,673900,HSX,stock
2022-05-31,PNJ,119.40,119.50,114.00,114.90,128.90,112.10,744300,HSX,stock
2022-06-01,PNJ,115.50,117.90,114.20,117.30,122.90,106.90,671400,HSX,stock
2022-06-02,PNJ,122.00,124.90,119.00,123.20,,,347700,HSX,stock
2022-06-03,PNJ,123.50,124.40,121.20,123.20,131.80,114.60,860700,HSX,stock
2022-06-06,PNJ,124.00,128.20,123.00,125.00,131.80,114.60,994400,HSX,stock
2022-06-07,PNJ,128.60,130.00,121.40,128.00,133.70,116.30,1024200,HSX,stock
2022-06-08,PNJ,131.00,131.10,126.80,128.00,136.90,119.10,924900,HSX,stock
2022-06-09,PNJ,130.00,130.90,125.30,128.50,136.90,119.10,466300,HSX,stock
2022-06-10,PNJ,127.90,127.90,120.70,120.70,137.40,119.60,741300,HSX,stock
2022-06-13,PNJ,116.50,117.00,112.30,112.30,129.10,112.30,1134300,HSX,stock
2022-06-14,PNJ,112.00,116.00,111.50,116.00,120.10,104.50,562900,HSX,stock
2022-06-15,PNJ,115.00,118.00,111.20,118.00,124.10,107.90,751000,HSX,stock
2022-06-16,PNJ,120.00,122.20,117.60,121.80,126.20,109.80,508400,HSX,stock
2022-06-17,PNJ,115.10,122.00,115.10,122.00,130.30,113.30,828500,HSX,stock
2022-06-20,PNJ,121.70,121.70,117.50,118.00,130.50,113.50,343500,HSX,stock
2022-06-21,PNJ,118.90,122.90,117.00,119.80,126.20,109.80,630800,HSX,stock
2022-06-22,PNJ,118.10,120.50,114.00,116.00,128.10,111.50,395900,HSX,stock
2022-06-23,PNJ,115.00,120.50,114.70,120.50,123.40,107.40,344400,HSX,stock
2022-06-24,PNJ,120.60,124.00,119.30,122.00,128.90,112.10,382800,HSX,stock
2022-06-27,PNJ,122.30,129.50,122.30,129.50,130.50,113.50,1040700,HSX,stock
2022-06-28,PNJ,128.50,129.80,128.00,129.50,138.50,120.50,324800,HSX,stock
2022-06-29,PNJ,127.10,129.80,125.00,129.50,138.50,120.50,534900,HSX,stock
2022-06-30,PNJ,129.90,130.00,126.90,128.50,138.50,120.50,416300,HSX,stock
2022-07-01,PNJ,128.00,128.50,122.50,128.20,137.40,119.60,519600,HSX,stock
2022-07-04,PNJ,129.80,129.80,123.00,123.80,137.10,119.30,509400,HSX,stock
2022-07-05,PNJ,123.80,123.80,115.20,118.60,132.40,115.20,939300,HSX,stock
2022-07-06,PNJ,113.30,116.00,112.00,112.00,126.90,110.30,577400,HSX,stock
2022-07-07,PNJ,112.00,116.00,110.00,116.00,119.80,104.20,359900,HSX,stock
2022-07-08,PNJ,117.10,117.10,114.90,116.00,124.10,107.90,309700,HSX,stock
2022-07-11,PNJ,117.20,117.20,112.00,115.50,124.10,107.90,411300,HSX,stock
2022-07-12,PNJ,113.00,116.90,112.20,116.80,123.50,107.50,237600,HSX,stock
2022-07-13,PNJ,116.80,116.80,114.00,115.00,124.90,108.70,380100,HSX,stock
2022-07-14,PNJ,114.50,115.50,112.80,115.50,123.00,107.00,203700,HSX,stock
2022-07-15,PNJ,116.20,116.20,112.00,113.50,123.50,107.50,353500,HSX,stock
2022-07-18,PNJ,115.00,115.00,113.00,113.50,121.40,105.60,332100,HSX,stock
2022-07-19,PNJ,113.50,113.50,110.50,110.50,121.40,105.60,310700,HSX,stock
2022-07-20,PNJ,112.80,114.30,111.20,113.60,118.20,102.80,600400,HSX,stock
2022-07-21,PNJ,113.70,114.70,112.00,114.00,121.50,105.70,363900,HSX,stock
2022-07-22,PNJ,114.00,115.80,114.00,114.50,121.90,106.10,195500,HSX,stock
2022-07-25,PNJ,114.40,114.40,112.80,113.20,122.50,106.50,125000,HSX,stock
2022-07-26,PNJ,113.00,113.10,112.00,112.00,121.10,105.30,181700,HSX,stock
2022-07-27,PNJ,111.50,112.20,110.90,112.20,119.80,104.20,127200,HSX,stock
2022-07-28,PNJ,112.90,114.60,111.00,113.00,120.00,104.40,345000,HSX,stock
2022-07-29,PNJ,113.80,114.00,112.60,114.00,120.90,105.10,952000,HSX,stock
2022-08-01,PNJ,114.00,117.50,113.50,117.00,121.90,106.10,270200,HSX,stock
2022-08-02,PNJ,116.00,116.80,114.40,116.50,125.10,108.90,224600,HSX,stock
2022-08-03,PNJ,115.10,116.00,114.50,116.00,124.60,108.40,356800,HSX,stock
2022-08-04,PNJ,116.10,116.30,114.60,116.00,124.10,107.90,247300,HSX,stock
2022-08-05,PNJ,116.00,116.00,114.90,114.90,124.10,107.90,317700,HSX,stock
2022-08-08,PNJ,115.00,117.90,114.90,116.70,122.90,106.90,661300,HSX,stock
2022-08-09,PNJ,117.50,117.50,115.80,116.70,124.80,108.60,272500,HSX,stock
2022-08-10,PNJ,116.70,116.70,115.50,116.50,124.80,108.60,227800,HSX,stock
2022-08-11,PNJ,116.50,117.00,114.10,114.10,124.60,108.40,369800,HSX,stock
2022-08-12,PNJ,114.10,114.80,112.50,113.40,122.00,106.20,229200,HSX,stock
2022-08-15,PNJ,113.60,115.50,112.70,114.70,121.30,105.50,361700,HSX,stock
2022-08-16,PNJ,115.30,115.30,114.50,115.00,122.70,106.70,159400,HSX,stock
2022-08-17,PNJ,115.00,115.40,114.40,114.90,123.00,107.00,182000,HSX,stock
2022-08-18,PNJ,114.80,114.80,113.00,114.40,122.90,106.90,244100,HSX,stock
2022-08-19,PNJ,113.50,114.40,112.80,114.00,122.40,106.40,263500,HSX,stock
2022-08-22,PNJ,113.10,115.40,113.10,114.80,121.90,106.10,208000,HSX,stock
2022-08-23,PNJ,114.00,114.60,113.50,114.50,122.80,106.80,146300,HSX,stock
2022-08-24,PNJ,114.50,118.00,114.20,117.20,122.50,106.50,581700,HSX,stock
2022-08-25,PNJ,117.20,117.70,116.10,116.60,125.40,109.00,220900,HSX,stock
2022-08-26,PNJ,117.00,119.50,116.40,117.80,124.70,108.50,500900,HSX,stock
2022-08-29,PNJ,115.50,116.50,113.00,116.50,126.00,109.60,540900,HSX,stock
2022-08-30,PNJ,117.00,117.00,114.00,114.40,124.60,108.40,295900,HSX,stock
2022-08-31,PNJ,114.40,114.80,113.40,114.80,122.40,106.40,306400,HSX,stock
2022-09-05,PNJ,114.80,114.80,113.80,114.30,122.80,106.80,212300,HSX,stock
2022-09-06,PNJ,114.40,114.80,113.90,114.00,122.30,106.30,213300,HSX,stock
2022-09-07,PNJ,114.00,114.10,111.00,111.00,121.90,106.10,527400,HSX,stock
2022-09-08,PNJ,111.50,112.50,110.50,112.50,118.70,103.30,297000,HSX,stock
2022-09-09,PNJ,112.90,112.90,111.50,111.80,120.30,104.70,137600,HSX,stock
2022-09-12,PNJ,112.00,113.90,111.90,112.20,119.60,104.00,167600,HSX,stock
2022-09-13,PNJ,112.20,113.80,112.20,113.00,120.00,104.40,225900,HSX,stock
2022-09-14,PNJ,111.90,112.60,111.50,111.70,120.90,105.10,246100,HSX,stock
2022-09-15,PNJ,112.00,112.70,111.70,111.90,119.50,103.90,207200,HSX,stock
2022-09-16,PNJ,112.00,115.90,111.90,113.20,119.70,104.10,957400,HSX,stock
2022-09-19,PNJ,113.20,113.70,112.00,112.00,121.10,105.30,275300,HSX,stock
2022-09-20,PNJ,112.00,113.00,112.00,113.00,119.80,104.20,179300,HSX,stock
2022-09-21,PNJ,113.80,114.30,113.00,113.90,120.90,105.10,164900,HSX,stock
2022-09-22,PNJ,113.40,114.30,113.40,114.00,121.80,106.00,162300,HSX,stock
2022-09-23,PNJ,114.50,114.50,113.50,113.90,121.90,106.10,221900,HSX,stock
2022-09-26,PNJ,113.00,113.00,110.70,111.10,121.80,106.00,289200,HSX,stock
2022-09-27,PNJ,112.60,112.60,111.00,111.10,118.80,103.40,223400,HSX,stock
2022-09-28,PNJ,111.00,111.90,110.50,111.00,118.80,103.40,232500,HSX,stock
2022-09-29,PNJ,112.00,112.20,110.60,111.00,118.70,103.30,167100,HSX,stock
2022-09-30,PNJ,111.00,111.00,104.10,107.00,118.70,103.30,662400,HSX,stock
2022-10-03,PNJ,106.90,106.90,99.60,99.60,114.40,99.60,501100,HSX,stock
2022-10-04,PNJ,101.90,101.90,98.50,98.50,106.50,92.70,231300,HSX,stock
2022-10-05,PNJ,98.60,105.00,98.50,102.40,105.30,91.70,149300,HSX,stock
2022-10-06,PNJ,102.00,104.00,102.00,102.80,109.50,95.30,203200,HSX,stock
2022-10-07,PNJ,101.00,105.00,98.00,103.00,109.90,95.70,276900,HSX,stock
2022-10-10,PNJ,97.20,105.90,97.20,105.00,110.20,95.80,158700,HSX,stock
2022-10-11,PNJ,106.30,106.30,101.50,104.60,112.30,97.70,144400,HSX,stock
2022-10-12,PNJ,102.80,105.90,102.80,105.00,111.90,97.30,178900,HSX,stock
2022-10-13,PNJ,105.50,105.50,103.80,104.50,112.30,97.70,102600,HSX,stock
2022-10-14,PNJ,105.20,105.90,104.60,105.10,111.80,97.20,112500,HSX,stock
2022-10-17,PNJ,105.00,105.20,103.50,105.00,112.40,97.80,57200,HSX,stock
2022-10-18,PNJ,107.80,107.80,105.60,106.00,112.30,97.70,148300,HSX,stock
2022-10-19,PNJ,106.80,107.50,106.00,107.50,113.40,98.60,124100,HSX,stock
2022-10-20,PNJ,108.40,108.60,106.10,107.60,115.00,100.00,141800,HSX,stock
2022-10-21,PNJ,108.40,108.40,102.00,104.70,115.10,100.10,253200,HSX,stock
2022-10-24,PNJ,100.10,105.00,100.10,101.50,112.00,97.40,246300,HSX,stock
2022-10-25,PNJ,105.00,105.00,99.00,101.60,108.60,94.40,265000,HSX,stock
2022-10-26,PNJ,102.10,104.00,101.50,103.40,108.70,94.50,116300,HSX,stock
2022-10-27,PNJ,104.70,104.70,102.30,103.60,110.60,96.20,90300,HSX,stock
2022-10-28,PNJ,103.60,104.00,102.50,103.70,109.90,95.70,63500,HSX,stock
2022-10-31,PNJ,104.60,104.60,100.50,103.30,110.90,96.50,193700,HSX,stock
2022-11-01,PNJ,103.00,103.30,101.60,101.60,110.50,96.10,74500,HSX,stock
2022-11-02,PNJ,102.60,103.00,101.10,101.10,108.70,94.50,169000,HSX,stock
2022-11-03,PNJ,98.20,104.00,98.20,102.00,108.10,94.10,143300,HSX,stock
2022-11-04,PNJ,102.90,102.90,94.90,94.90,109.10,94.90,625000,HSX,stock
2022-11-07,PNJ,95.10,98.00,95.00,95.50,101.50,88.30,133600,HSX,stock
2022-11-08,PNJ,95.80,97.80,94.90,96.90,102.10,88.90,116700,HSX,stock
2022-11-09,PNJ,96.80,97.60,95.10,97.30,103.60,90.20,74700,HSX,stock
2022-11-10,PNJ,96.90,98.00,93.00,97.00,104.10,90.50,225000,HSX,stock
2022-11-11,PNJ,97.80,97.80,96.30,97.20,103.70,90.30,108300,HSX,stock
2022-11-14,PNJ,95.50,100.00,95.10,96.60,104.00,90.40,96700,HSX,stock
2022-11-15,PNJ,95.90,99.00,90.10,94.10,103.30,89.90,266700,HSX,stock
2022-11-16,PNJ,90.10,97.00,90.00,97.00,100.60,87.60,265900,HSX,stock
2022-11-17,PNJ,97.00,100.00,96.90,100.00,103.70,90.30,158600,HSX,stock
2022-11-18,PNJ,100.00,101.90,98.00,100.10,107.00,93.00,137200,HSX,stock
2022-11-21,PNJ,100.10,103.00,100.10,102.10,107.10,93.10,81000,HSX,stock
2022-11-22,PNJ,103.80,105.70,102.20,103.00,109.20,95.00,137400,HSX,stock
2022-11-23,PNJ,102.00,105.70,102.00,105.70,110.20,95.80,122200,HSX,stock
2022-11-24,PNJ,106.00,106.50,103.30,106.00,113.00,98.40,81200,HSX,stock
2022-11-25,PNJ,106.50,109.20,105.80,106.20,113.40,98.60,108600,HSX,stock
2022-11-28,PNJ,106.50,110.00,106.50,109.00,113.60,98.80,106400,HSX,stock
2022-11-29,PNJ,109.00,113.00,108.60,112.80,116.60,101.40,164800,HSX,stock
2022-11-30,PNJ,112.80,113.90,111.20,113.50,120.60,105.00,98800,HSX,stock
2022-12-01,PNJ,111.50,114.30,110.10,112.00,121.40,105.60,134000,HSX,stock
2022-12-02,PNJ,112.50,115.50,110.60,115.00,119.80,104.20,222000,HSX,stock
2022-12-05,PNJ,115.00,115.00,114.00,114.90,123.00,107.00,91600,HSX,stock
2022-12-06,PNJ,114.80,115.30,111.00,111.10,122.90,106.90,157800,HSX,stock
2022-12-07,PNJ,112.80,112.80,106.00,108.70,118.80,103.40,170900,HSX,stock
2022-12-08,PNJ,108.70,111.00,108.70,111.00,116.30,101.10,121600,HSX,stock
2022-12-09,PNJ,112.30,112.30,110.20,111.90,118.70,103.30,51200,HSX,stock
2022-12-12,PNJ,110.10,111.80,109.30,111.80,119.70,104.10,108000,HSX,stock
2022-12-13,PNJ,111.60,112.50,108.00,112.50,119.60,104.00,100900,HSX,stock
2022-12-14,PNJ,112.50,113.00,110.80,113.00,120.30,104.70,81100,HSX,stock
2022-12-15,PNJ,111.70,113.00,111.00,113.00,120.90,105.10,79900,HSX,stock
2022-12-16,PNJ,111.10,113.00,111.10,112.90,120.90,105.10,158500,HSX,stock
2022-12-19,PNJ,111.00,112.30,111.00,112.00,120.80,105.00,70400,HSX,stock
2022-12-20,PNJ,110.70,112.00,109.50,110.50,119.80,104.20,92800,HSX,stock
2022-12-21,PNJ,110.00,110.50,108.50,109.60,118.20,102.80,99000,HSX,stock
2022-12-22,PNJ,110.00,110.10,107.00,109.00,117.20,102.00,140000,HSX,stock
2022-12-23,PNJ,109.00,109.00,106.00,108.60,116.60,101.40,74300,HSX,stock
2022-12-26,PNJ,109.60,109.80,107.20,108.00,116.20,101.00,86400,HSX,stock
2022-12-27,PNJ,108.00,108.90,107.50,108.00,115.50,100.50,86000,HSX,stock
2022-12-28,PNJ,108.40,115.50,108.20,110.00,115.50,100.50,128200,HSX,stock
2022-12-29,PNJ,85.50,86.00,84.00,86.00,88.20,76.80,137900,HSX,stock
2022-12-30,PNJ,86.50,89.90,86.00,89.90,92.00,80.00,239700,HSX,stock
2023-01-03,PNJ,91.00,91.00,88.90,89.50,96.10,83.70,122400,HSX,stock
2023-01-04,PNJ,89.50,89.70,88.60,89.00,95.70,83.30,93200,HSX,stock
2023-01-05,PNJ,90.40,90.40,88.80,89.50,95.20,82.80,98300,HSX,stock
2023-01-06,PNJ,88.90,89.00,88.20,88.20,95.10,82.70,76700,HSX,stock
2023-01-09,PNJ,87.50,88.60,87.00,88.20,94.30,82.10,67900,HSX,stock
2023-01-10,PNJ,88.30,88.30,87.30,88.00,94.30,82.10,86700,HSX,stock
2023-01-11,PNJ,88.00,88.00,86.80,86.80,94.10,81.90,114400,HSX,stock
2023-01-12,PNJ,86.80,86.80,85.60,86.00,92.80,80.80,75200,HSX,stock
2023-01-13,PNJ,86.10,87.20,86.10,86.30,92.00,80.00,109100,HSX,stock
2023-01-16,PNJ,86.40,89.00,86.40,87.50,92.30,80.30,249400,HSX,stock
2023-01-17,PNJ,87.60,89.00,87.50,88.00,93.60,81.40,157000,HSX,stock
2023-01-18,PNJ,89.40,89.40,87.40,88.50,94.10,81.90,169900,HSX,stock
2023-01-19,PNJ,87.60,88.90,87.60,88.90,94.60,82.40,321000,HSX,stock
2023-01-27,PNJ,89.60,95.10,89.60,94.00,95.10,82.70,689200,HSX,stock
2023-01-30,PNJ,95.00,95.00,92.10,92.20,100.50,87.50,196000,HSX,stock
2023-01-31,PNJ,91.00,93.10,89.90,90.20,98.60,85.80,295400,HSX,stock
2023-02-01,PNJ,90.10,91.50,86.00,86.70,96.50,83.90,203100,HSX,stock
2023-02-02,PNJ,87.70,87.70,85.10,85.50,92.70,80.70,273700,HSX,stock
2023-02-03,PNJ,85.80,85.90,82.10,82.10,91.40,79.60,1700900,HSX,stock
2023-02-06,PNJ,82.60,85.10,82.60,83.80,87.80,76.40,195300,HSX,stock
2023-02-07,PNJ,84.70,84.70,82.50,83.10,89.60,78.00,165300,HSX,stock
2023-02-08,PNJ,83.10,83.90,82.10,82.90,88.90,77.30,138200,HSX,stock
2023-02-09,PNJ,82.70,83.50,82.60,82.90,88.70,77.10,209600,HSX,stock
2023-02-10,PNJ,82.90,83.80,82.70,83.30,88.70,77.10,263400,HSX,stock
2023-02-13,PNJ,83.30,84.20,82.50,83.50,89.10,77.50,236600,HSX,stock
2023-02-14,PNJ,83.20,83.20,81.30,82.10,89.30,77.70,130400,HSX,stock
2023-02-15,PNJ,82.00,82.20,81.40,82.00,87.80,76.40,128300,HSX,stock
2023-02-16,PNJ,82.00,82.60,81.80,82.60,87.70,76.30,98300,HSX,stock
2023-02-17,PNJ,82.60,83.10,81.90,83.00,88.30,76.90,137700,HSX,stock
2023-02-20,PNJ,83.00,84.50,82.70,84.50,88.80,77.20,204900,HSX,stock
2023-02-21,PNJ,84.90,85.80,84.10,84.50,90.40,78.60,228900,HSX,stock
2023-02-22,PNJ,84.00,84.00,83.00,83.00,90.40,78.60,182800,HSX,stock
2023-02-23,PNJ,82.60,83.00,81.00,82.10,88.80,77.20,227600,HSX,stock
2023-02-24,PNJ,82.00,82.10,79.60,81.00,87.80,76.40,327300,HSX,stock
2023-02-27,PNJ,80.00,80.00,76.10,76.10,86.60,75.40,294000,HSX,stock
2023-02-28,PNJ,76.20,77.50,76.20,76.90,81.40,70.80,149000,HSX,stock
2023-03-01,PNJ,77.00,77.70,76.10,77.60,82.20,71.60,112800,HSX,stock
2023-03-02,PNJ,78.00,80.30,78.00,80.30,83.00,72.20,146800,HSX,stock
2023-03-03,PNJ,80.30,80.90,78.60,79.40,85.90,74.70,118300,HSX,stock
2023-03-06,PNJ,79.80,79.80,78.30,78.50,84.90,73.90,75400,HSX,stock
2023-03-07,PNJ,79.30,79.30,77.20,79.30,83.90,73.10,72700,HSX,stock
2023-03-08,PNJ,79.20,80.00,77.00,80.00,84.80,73.80,136600,HSX,stock
2023-03-09,PNJ,79.50,80.00,79.00,79.90,85.60,74.40,86600,HSX,stock
2023-03-10,PNJ,79.00,79.50,78.30,79.00,85.40,74.40,72400,HSX,stock
2023-03-13,PNJ,80.00,80.90,79.60,80.20,84.50,73.50,269300,HSX,stock
2023-03-14,PNJ,81.00,81.20,80.10,80.70,85.80,74.60,168600,HSX,stock
2023-03-15,PNJ,81.20,81.20,80.20,80.80,86.30,75.10,143800,HSX,stock
2023-03-16,PNJ,81.00,81.00,79.00,80.50,86.40,75.20,178100,HSX,stock
2023-03-17,PNJ,80.50,80.50,78.00,79.00,86.10,74.90,65300,HSX,stock
2023-03-20,PNJ,79.90,81.00,79.00,80.00,84.50,73.50,288200,HSX,stock
2023-03-21,PNJ,80.90,80.90,78.50,79.00,85.60,74.40,143500,HSX,stock
2023-03-22,PNJ,79.50,79.50,78.10,78.90,84.50,73.50,110500,HSX,stock
2023-03-23,PNJ,78.30,78.80,78.00,78.50,84.40,73.40,78600,HSX,stock
2023-03-24,PNJ,78.60,79.00,78.10,79.00,83.90,73.10,89100,HSX,stock
2023-03-27,PNJ,79.00,79.00,77.90,78.20,84.50,73.50,108700,HSX,stock
2023-03-28,PNJ,78.20,78.40,77.10,77.80,83.60,72.80,223800,HSX,stock
2023-03-29,PNJ,77.80,77.80,76.10,77.00,83.20,72.40,180600,HSX,stock
2023-03-30,PNJ,78.80,78.80,76.80,77.70,82.30,71.70,179300,HSX,stock
2023-03-31,PNJ,77.80,78.40,77.40,77.70,83.10,72.30,239700,HSX,stock
2023-04-03,PNJ,78.00,78.00,76.50,76.80,83.10,72.30,370600,HSX,stock
2023-04-04,PNJ,77.00,77.60,76.30,76.60,82.10,71.50,395800,HSX,stock
2023-04-05,PNJ,76.90,77.80,76.60,77.30,81.90,71.30,621100,HSX,stock
2023-04-06,PNJ,77.70,77.90,76.80,76.80,82.70,71.90,282700,HSX,stock
2023-04-07,PNJ,76.80,77.20,76.30,76.50,82.10,71.50,171800,HSX,stock
2023-04-10,PNJ,76.60,77.50,76.60,77.20,81.80,71.20,273400,HSX,stock
2023-04-11,PNJ,77.50,79.30,77.50,78.60,82.60,71.80,528300,HSX,stock
2023-04-12,PNJ,79.00,79.00,77.90,77.90,84.10,73.10,303500,HSX,stock
2023-04-13,PNJ,78.00,78.40,76.90,77.00,83.30,72.50,220600,HSX,stock
2023-04-14,PNJ,77.60,78.00,77.30,77.60,82.30,71.70,318700,HSX,stock
2023-04-17,PNJ,77.60,78.90,77.60,78.10,83.00,72.20,279000,HSX,stock
2023-04-18,PNJ,78.50,79.50,77.80,78.20,83.50,72.70,416200,HSX,stock
2023-04-19,PNJ,78.50,78.60,77.60,78.00,83.60,72.80,174800,HSX,stock
2023-04-20,PNJ,78.50,78.50,77.00,77.30,83.40,72.60,141800,HSX,stock
2023-04-21,PNJ,77.80,78.10,76.60,77.00,82.70,71.90,155700,HSX,stock
2023-04-24,PNJ,76.80,77.30,76.50,76.50,82.30,71.70,75300,HSX,stock
2023-04-25,PNJ,76.50,77.00,75.50,75.50,81.80,71.20,166900,HSX,stock
2023-04-26,PNJ,75.50,75.80,74.00,75.60,80.70,70.30,285600,HSX,stock
2023-04-27,PNJ,75.90,76.70,74.70,75.70,80.80,70.40,234800,HSX,stock
2023-04-28,PNJ,75.80,77.00,75.00,77.00,80.90,70.50,264600,HSX,stock
2023-05-04,PNJ,77.00,77.00,76.00,76.10,82.30,71.70,135400,HSX,stock
2023-05-05,PNJ,76.80,77.00,76.00,76.20,81.40,70.80,101400,HSX,stock
2023-05-08,PNJ,76.20,76.50,75.80,75.90,81.50,70.90,106000,HSX,stock
2023-05-09,PNJ,76.50,76.50,75.40,75.60,81.20,70.60,75600,HSX,stock
2023-05-10,PNJ,75.60,75.80,75.10,75.20,80.80,70.40,164500,HSX,stock
2023-05-11,PNJ,75.20,75.80,74.80,75.00,80.40,70.00,157200,HSX,stock
2023-05-12,PNJ,75.00,75.20,74.40,75.00,80.20,69.80,118300,HSX,stock
2023-05-15,PNJ,75.00,75.50,75.00,75.20,80.20,69.80,117200,HSX,stock
2023-05-16,PNJ,75.20,75.30,74.50,74.50,80.40,70.00,79300,HSX,stock
2023-05-17,PNJ,74.20,74.80,74.20,74.60,79.70,69.30,117200,HSX,stock
2023-05-18,PNJ,74.60,74.60,73.50,73.50,79.80,69.40,160000,HSX,stock
2023-05-19,PNJ,73.80,73.80,72.50,72.50,78.60,68.40,133200,HSX,stock
2023-05-22,PNJ,72.90,73.00,72.00,72.10,77.50,67.50,118100,HSX,stock
2023-05-23,PNJ,73.30,73.50,72.10,72.20,77.10,67.10,315100,HSX,stock
2023-05-24,PNJ,72.70,72.70,71.40,71.50,77.20,67.20,204100,HSX,stock
2023-05-25,PNJ,71.30,71.80,71.00,71.20,76.50,66.50,192700,HSX,stock
2023-05-26,PNJ,71.90,72.10,71.30,72.00,76.10,66.30,142100,HSX,stock
2023-05-29,PNJ,72.10,72.40,71.10,71.40,77.00,67.00,105100,HSX,stock
2023-05-30,PNJ,71.40,71.80,70.90,71.10,76.30,66.50,203800,HSX,stock
2023-05-31,PNJ,71.20,71.30,70.80,70.90,76.00,66.20,164100,HSX,stock
2023-06-01,PNJ,70.90,71.10,70.10,70.30,75.80,66.00,164400,HSX,stock
2023-06-02,PNJ,70.90,73.00,70.40,73.00,75.20,65.40,331900,HSX,stock
2023-06-05,PNJ,74.30,74.30,73.00,73.70,78.10,67.90,317500,HSX,stock
2023-06-06,PNJ,73.10,73.40,72.40,72.80,78.80,68.60,289300,HSX,stock
2023-06-07,PNJ,72.80,72.80,71.90,72.60,77.80,67.80,323000,HSX,stock
2023-06-08,PNJ,72.60,72.80,72.00,72.20,77.60,67.60,256800,HSX,stock
2023-06-09,PNJ,72.20,72.20,71.50,72.00,76.60,66.60,434000,HSX,stock
2023-06-12,PNJ,71.70,72.50,71.40,72.50,77.00,67.00,309500,HSX,stock
2023-06-13,PNJ,72.80,74.50,72.70,73.30,77.50,67.50,678100,HSX,stock
2023-06-14,PNJ,73.30,74.00,72.80,72.80,78.40,68.20,244500,HSX,stock
2023-06-15,PNJ,72.70,73.50,72.50,73.30,77.80,67.80,243400,HSX,stock
2023-06-16,PNJ,73.50,74.00,72.60,72.80,78.40,68.20,505200,HSX,stock
2023-06-19,PNJ,72.70,72.80,71.20,72.30,77.80,67.80,427700,HSX,stock
2023-06-20,PNJ,72.30,72.30,71.00,72.30,77.30,67.30,455400,HSX,stock
2023-06-21,PNJ,72.20,73.00,71.60,72.80,77.30,67.30,347800,HSX,stock
2023-06-22,PNJ,73.20,74.50,73.20,74.50,77.80,67.80,678600,HSX,stock
2023-06-23,PNJ,74.50,75.90,74.20,75.80,79.70,69.30,590400,HSX,stock
2023-06-26,PNJ,75.60,76.40,74.30,76.40,81.10,70.50,496900,HSX,stock
2023-06-27,PNJ,76.40,76.40,74.50,75.50,81.70,71.10,364900,HSX,stock
2023-06-28,PNJ,75.50,75.70,74.50,74.80,80.70,70.30,397800,HSX,stock
2023-06-29,PNJ,74.80,75.80,74.00,75.00,80.00,69.60,585500,HSX,stock
2023-06-30,PNJ,75.20,75.20,73.80,75.00,80.20,69.80,767500,HSX,stock
2023-07-03,PNJ,75.10,75.10,73.60,74.00,80.20,69.80,527000,HSX,stock
2023-07-04,PNJ,74.00,74.20,73.60,74.00,79.10,68.90,434000,HSX,stock
2023-07-05,PNJ,74.30,74.90,73.70,73.70,79.10,68.90,657100,HSX,stock
2023-07-06,PNJ,73.70,73.90,72.60,72.60,78.80,68.60,566400,HSX,stock
2023-07-07,PNJ,72.60,73.20,71.80,71.80,77.60,67.60,603800,HSX,stock
2023-07-10,PNJ,73.70,73.90,72.30,73.70,76.80,66.80,565600,HSX,stock
2023-07-11,PNJ,73.70,74.80,73.70,74.50,78.80,68.60,627000,HSX,stock
2023-07-12,PNJ,74.70,74.70,73.80,73.80,79.70,69.30,300100,HSX,stock
2023-07-13,PNJ,74.20,78.10,74.10,78.00,78.90,68.70,929900,HSX,stock
2023-07-14,PNJ,80.20,80.20,77.90,78.50,83.40,72.60,656600,HSX,stock
2023-07-17,PNJ,78.80,80.60,78.40,80.30,83.90,73.10,1080800,HSX,stock
2023-07-18,PNJ,79.80,80.40,79.00,79.70,85.90,74.70,347000,HSX,stock
2023-07-19,PNJ,79.70,79.80,78.50,78.60,85.20,74.20,229600,HSX,stock
2023-07-20,PNJ,78.70,78.90,78.00,78.90,84.10,73.10,296100,HSX,stock
2023-07-21,PNJ,79.20,80.70,78.70,80.00,84.40,73.40,274000,HSX,stock
2023-07-24,PNJ,80.10,80.50,78.90,79.30,85.60,74.40,632700,HSX,stock
2023-07-25,PNJ,79.50,81.00,79.00,80.50,84.80,73.80,973600,HSX,stock
2023-07-26,PNJ,80.50,82.00,80.10,81.80,86.10,74.90,732800,HSX,stock
2023-07-27,PNJ,81.80,81.80,80.20,80.90,87.50,76.10,515600,HSX,stock
2023-07-28,PNJ,81.20,82.80,81.20,82.60,86.50,75.30,447800,HSX,stock
2023-07-31,PNJ,82.80,84.10,82.30,83.00,88.30,76.90,422100,HSX,stock
2023-08-01,PNJ,82.90,83.40,81.00,81.00,88.80,77.20,898300,HSX,stock
2023-08-02,PNJ,81.00,81.50,80.10,81.50,86.60,75.40,177500,HSX,stock
2023-08-03,PNJ,81.50,82.10,80.40,81.30,87.20,75.80,238800,HSX,stock
2023-08-04,PNJ,81.30,81.60,80.20,80.80,86.90,75.70,921500,HSX,stock
2023-08-07,PNJ,80.90,82.20,80.60,82.20,86.40,75.20,315300,HSX,stock
2023-08-08,PNJ,82.60,82.60,80.90,81.40,87.90,76.50,173500,HSX,stock
2023-08-09,PNJ,81.40,81.40,80.30,80.30,87.00,75.80,237300,HSX,stock
2023-08-10,PNJ,80.30,80.50,78.90,79.00,85.90,74.70,302300,HSX,stock
2023-08-11,PNJ,79.20,80.60,79.00,79.40,84.50,73.50,244500,HSX,stock
2023-08-14,PNJ,80.00,80.00,79.10,79.40,84.90,73.90,293200,HSX,stock
2023-08-15,PNJ,79.30,79.40,78.30,79.00,84.90,73.90,347000,HSX,stock
2023-08-16,PNJ,79.00,80.20,78.60,80.20,84.50,73.50,316900,HSX,stock
2023-08-17,PNJ,80.20,80.50,78.00,80.20,85.80,74.60,342900,HSX,stock
2023-08-18,PNJ,79.30,80.00,76.00,78.50,85.80,74.60,415600,HSX,stock
2023-08-21,PNJ,79.50,79.50,77.00,79.00,83.90,73.10,340300,HSX,stock
2023-08-22,PNJ,79.00,79.00,77.10,78.50,84.50,73.50,168400,HSX,stock
2023-08-23,PNJ,78.10,78.50,77.10,77.50,83.90,73.10,150400,HSX,stock
2023-08-24,PNJ,77.30,78.20,77.30,78.00,82.90,72.10,107500,HSX,stock
2023-08-25,PNJ,77.80,78.60,77.30,78.30,83.40,72.60,185400,HSX,stock
2023-08-28,PNJ,78.90,79.50,78.30,79.50,83.70,72.90,278900,HSX,stock
2023-08-29,PNJ,80.00,80.90,79.50,80.40,85.00,74.00,361000,HSX,stock
2023-08-30,PNJ,80.50,80.80,79.90,80.70,86.00,74.80,244800,HSX,stock
2023-08-31,PNJ,80.50,81.30,80.50,80.50,86.30,75.10,360600,HSX,stock
2023-09-05,PNJ,81.10,81.20,80.20,80.50,86.10,74.90,117300,HSX,stock
2023-09-06,PNJ,81.00,81.10,80.40,81.10,86.10,74.90,264600,HSX,stock
2023-09-07,PNJ,82.10,85.30,81.50,84.20,86.70,75.50,590200,HSX,stock
2023-09-08,PNJ,83.60,84.60,83.30,84.00,90.00,78.40,351200,HSX,stock
2023-09-11,PNJ,84.50,84.50,81.50,83.60,89.80,78.20,456500,HSX,stock
2023-09-12,PNJ,83.00,83.60,82.10,83.60,89.40,77.80,241700,HSX,stock
2023-09-13,PNJ,84.00,84.40,82.90,83.30,89.40,77.80,178800,HSX,stock
2023-09-14,PNJ,83.30,83.30,81.20,81.20,89.10,77.50,186000,HSX,stock
2023-09-15,PNJ,81.30,82.00,80.70,81.40,86.80,75.60,399100,HSX,stock
2023-09-18,PNJ,80.90,82.10,80.50,81.50,87.00,75.80,223700,HSX,stock
2023-09-19,PNJ,81.50,81.70,80.30,81.20,87.20,75.80,296800,HSX,stock
2023-09-20,PNJ,81.40,82.80,80.80,82.70,86.80,75.60,210400,HSX,stock
2023-09-21,PNJ,82.70,82.80,81.10,82.60,88.40,77.00,322600,HSX,stock
2023-09-22,PNJ,81.10,81.90,79.90,81.00,88.30,76.90,347300,HSX,stock
2023-09-25,PNJ,81.50,81.50,79.50,79.80,86.60,75.40,186200,HSX,stock
2023-09-26,PNJ,79.30,80.00,78.50,78.50,85.30,74.30,257800,HSX,stock
2023-09-27,PNJ,78.50,79.70,78.00,79.10,83.90,73.10,129500,HSX,stock
2023-09-28,PNJ,79.00,79.00,78.30,78.50,84.60,73.60,139300,HSX,stock
2023-09-29,PNJ,78.50,79.40,78.50,78.80,83.90,73.10,78200,HSX,stock
2023-10-02,PNJ,78.80,80.50,78.50,78.90,84.30,73.30,104000,HSX,stock
2023-10-03,PNJ,79.40,79.40,77.50,77.50,84.40,73.40,168200,HSX,stock
2023-10-04,PNJ,77.40,78.00,77.10,77.60,82.90,72.10,128000,HSX,stock
2023-10-05,PNJ,78.20,78.40,77.70,77.80,83.00,72.20,55800,HSX,stock
2023-10-06,PNJ,78.20,78.20,77.50,78.00,83.20,72.40,124900,HSX,stock
2023-10-09,PNJ,79.00,80.40,78.10,80.00,83.40,72.60,180400,HSX,stock
2023-10-10,PNJ,81.00,81.40,79.30,79.50,85.60,74.40,245200,HSX,stock
2023-10-11,PNJ,80.10,80.30,79.80,80.30,85.00,74.00,180800,HSX,stock
2023-10-12,PNJ,80.60,81.20,80.00,80.00,85.90,74.70,191100,HSX,stock
2023-10-13,PNJ,80.00,80.40,79.30,79.80,85.60,74.40,137100,HSX,stock
2023-10-16,PNJ,80.60,80.60,79.40,79.90,85.30,74.30,246700,HSX,stock
2023-10-17,PNJ,80.00,80.10,79.10,79.10,85.40,74.40,120900,HSX,stock
2023-10-18,PNJ,79.00,79.00,75.50,77.00,84.60,73.60,171500,HSX,stock
2023-10-19,PNJ,77.00,77.60,75.90,75.90,82.30,71.70,296500,HSX,stock
2023-10-20,PNJ,75.50,76.50,75.00,75.40,80.30,69.90,153900,HSX,stock
2023-10-23,PNJ,75.90,75.90,74.30,74.30,80.60,70.20,281900,HSX,stock
2023-10-24,PNJ,74.80,75.00,74.00,74.80,79.50,69.10,157300,HSX,stock
2023-10-25,PNJ,74.80,75.60,74.30,74.30,80.00,69.60,212500,HSX,stock
2023-10-26,PNJ,74.00,74.00,72.00,74.00,79.50,69.10,556800,HSX,stock
2023-10-27,PNJ,73.80,74.00,72.60,73.60,,,113600,HSX,stock
2023-10-30,PNJ,73.60,73.60,72.60,72.90,78.70,68.50,126700,HSX,stock
2023-10-31,PNJ,73.00,73.00,71.50,72.00,78.00,67.80,293700,HSX,stock
2023-11-01,PNJ,71.50,72.10,71.10,72.00,77.00,67.00,167100,HSX,stock
2023-11-02,PNJ,72.20,74.00,72.20,73.80,77.00,67.00,197400,HSX,stock
2023-11-03,PNJ,74.80,74.90,73.80,73.80,78.90,68.70,1564100,HSX,stock
2023-11-06,PNJ,74.00,76.80,74.00,76.60,78.90,68.70,265500,HSX,stock
2023-11-07,PNJ,76.90,76.90,75.40,75.90,81.90,71.30,112300,HSX,stock
2023-11-08,PNJ,75.80,77.40,74.80,77.00,81.20,70.60,215900,HSX,stock
2023-11-09,PNJ,77.00,77.50,76.20,76.50,82.30,71.70,249200,HSX,stock
2023-11-10,PNJ,76.00,76.60,75.70,76.00,81.80,71.20,145000,HSX,stock
2023-11-13,PNJ,76.00,76.50,75.90,76.10,81.30,70.70,104000,HSX,stock
2023-11-14,PNJ,76.20,78.30,76.20,78.10,81.40,70.80,229700,HSX,stock
2023-11-15,PNJ,79.00,79.30,78.00,78.30,83.50,72.70,107000,HSX,stock
2023-11-16,PNJ,78.10,78.50,77.80,78.00,83.70,72.90,104700,HSX,stock
2023-11-17,PNJ,78.00,79.40,77.90,78.90,83.40,72.60,509400,HSX,stock
2023-11-20,PNJ,78.60,79.70,78.30,79.00,84.40,73.40,468300,HSX,stock
2023-11-21,PNJ,79.70,81.20,79.50,81.10,84.50,73.50,472700,HSX,stock
2023-11-22,PNJ,80.70,81.40,80.60,81.20,86.70,75.50,442800,HSX,stock
2023-11-23,PNJ,81.30,82.10,80.50,80.80,86.80,75.60,762000,HSX,stock
2023-11-24,PNJ,80.50,81.00,79.50,80.40,86.40,75.20,388500,HSX,stock
2023-11-27,PNJ,80.60,80.60,79.50,79.50,86.00,74.80,336900,HSX,stock
2023-11-28,PNJ,78.60,79.60,78.40,79.10,85.00,74.00,158700,HSX,stock
2023-11-29,PNJ,79.80,80.30,79.00,79.90,84.60,73.60,366700,HSX,stock
2023-11-30,PNJ,79.60,81.20,79.60,80.50,85.40,74.40,329200,HSX,stock
2023-12-01,PNJ,80.50,80.60,80.00,80.30,86.10,74.90,191100,HSX,stock
2023-12-04,PNJ,81.20,81.40,80.10,80.50,85.90,74.70,451400,HSX,stock
2023-12-05,PNJ,80.70,80.80,80.00,80.00,86.10,74.90,448900,HSX,stock
2023-12-06,PNJ,79.70,80.30,79.40,80.10,85.60,74.40,365400,HSX,stock
2023-12-07,PNJ,80.50,80.50,78.50,78.50,85.70,74.50,459900,HSX,stock
2023-12-08,PNJ,78.70,79.50,78.10,78.60,83.90,73.10,320600,HSX,stock
2023-12-11,PNJ,78.60,80.20,78.60,80.00,84.10,73.10,690300,HSX,stock
2023-12-12,PNJ,80.50,80.50,79.80,80.30,85.60,74.40,302000,HSX,stock
2023-12-13,PNJ,80.30,81.50,80.20,80.40,85.90,74.70,835800,HSX,stock
2023-12-14,PNJ,80.50,80.70,79.50,79.60,86.00,74.80,369700,HSX,stock
2023-12-15,PNJ,79.60,79.70,78.80,79.20,85.10,74.10,398100,HSX,stock
2023-12-18,PNJ,79.10,79.50,78.50,79.50,84.70,73.70,270200,HSX,stock
2023-12-19,PNJ,79.50,79.60,78.20,79.40,85.00,74.00,257900,HSX,stock
2023-12-20,PNJ,79.40,80.40,78.80,80.30,84.90,73.90,746200,HSX,stock
2023-12-21,PNJ,80.50,84.30,80.40,83.90,85.90,74.70,1894400,HSX,stock
2023-12-22,PNJ,84.00,84.00,83.20,83.80,89.70,78.10,957800,HSX,stock
2023-12-25,PNJ,84.00,85.20,83.80,84.50,89.60,78.00,795100,HSX,stock
2023-12-26,PNJ,84.60,86.00,83.80,85.60,90.40,78.60,993500,HSX,stock
2023-12-27,PNJ,85.40,85.80,85.20,85.30,91.50,79.70,754600,HSX,stock
2023-12-28,PNJ,85.10,85.40,84.60,84.80,91.20,79.40,871400,HSX,stock
2023-12-29,PNJ,84.50,86.00,84.20,86.00,90.70,78.90,1666200,HSX,stock
2024-01-02,PNJ,87.20,87.20,85.40,86.00,92.00,80.00,546700,HSX,stock
2024-01-03,PNJ,85.50,86.00,85.30,86.00,92.00,80.00,587000,HSX,stock
2024-01-04,PNJ,86.00,86.30,84.60,84.60,92.00,80.00,465100,HSX,stock
2024-01-05,PNJ,84.60,85.00,83.10,83.40,90.50,78.70,646000,HSX,stock
2024-01-08,PNJ,83.60,84.30,83.50,84.30,89.20,77.60,390500,HSX,stock
2024-01-09,PNJ,84.40,85.50,84.40,85.50,90.20,78.40,615000,HSX,stock
2024-01-10,PNJ,85.70,87.00,85.50,86.90,91.40,79.60,834100,HSX,stock
2024-01-11,PNJ,86.90,87.80,85.40,86.20,92.90,80.90,699900,HSX,stock
2024-01-12,PNJ,86.20,86.20,84.40,85.00,92.20,80.20,554200,HSX,stock
2024-01-15,PNJ,85.00,85.40,84.50,84.50,90.90,79.10,640800,HSX,stock
2024-01-16,PNJ,84.50,86.40,84.40,86.40,90.40,78.60,612400,HSX,stock
2024-01-17,PNJ,86.70,89.00,86.30,88.60,92.40,80.40,1258700,HSX,stock
2024-01-18,PNJ,88.60,89.70,88.50,89.00,94.80,82.40,1085300,HSX,stock
2024-01-19,PNJ,89.00,89.60,87.40,88.20,95.20,82.80,499700,HSX,stock
2024-01-22,PNJ,88.20,88.40,87.30,87.70,94.30,82.10,340100,HSX,stock
2024-01-23,PNJ,88.20,89.90,88.00,89.80,93.80,81.60,739400,HSX,stock
2024-01-24,PNJ,89.90,90.40,89.20,89.40,96.00,83.60,254400,HSX,stock
2024-01-25,PNJ,89.30,89.60,88.60,89.50,95.60,83.20,319800,HSX,stock
2024-01-26,PNJ,89.50,89.80,89.30,89.50,95.70,83.30,367500,HSX,stock
2024-01-29,PNJ,90.00,91.50,89.50,91.30,95.70,83.30,803300,HSX,stock
2024-01-30,PNJ,91.30,91.90,91.10,91.40,97.60,85.00,740300,HSX,stock
2024-01-31,PNJ,91.50,92.20,90.60,91.50,97.70,85.10,1227700,HSX,stock
2024-02-01,PNJ,91.50,91.70,90.70,91.70,97.90,85.10,992500,HSX,stock
2024-02-02,PNJ,91.90,92.70,91.50,91.90,98.10,85.30,2044200,HSX,stock
2024-02-05,PNJ,91.90,91.90,89.70,91.00,98.30,85.50,703600,HSX,stock
2024-02-06,PNJ,90.90,91.00,90.00,91.00,97.30,84.70,300700,HSX,stock
2024-02-07,PNJ,91.10,91.50,90.60,91.20,97.30,84.70,262800,HSX,stock
2024-02-15,PNJ,91.70,92.20,90.00,90.90,97.50,84.90,388900,HSX,stock
2024-02-16,PNJ,90.90,90.90,90.10,90.50,97.20,84.60,261500,HSX,stock
2024-02-19,PNJ,90.60,90.90,88.70,88.70,96.80,84.20,580500,HSX,stock
2024-02-20,PNJ,88.70,89.80,88.20,88.70,94.90,82.50,384400,HSX,stock
2024-02-21,PNJ,88.80,88.80,87.60,88.10,94.90,82.50,593900,HSX,stock
2024-02-22,PNJ,88.00,89.60,88.00,89.60,94.20,82.00,483200,HSX,stock
2024-02-23,PNJ,89.90,89.90,87.70,87.80,95.80,83.40,566900,HSX,stock
2024-02-26,PNJ,87.80,89.10,87.40,88.50,93.90,81.70,547000,HSX,stock
2024-02-27,PNJ,89.00,89.90,88.50,89.90,94.60,82.40,1010300,HSX,stock
2024-02-28,PNJ,90.10,90.80,89.50,90.20,96.10,83.70,525500,HSX,stock
2024-02-29,PNJ,90.60,91.80,89.60,90.40,96.50,83.90,614200,HSX,stock
2024-03-01,PNJ,90.40,96.40,90.30,95.70,96.70,84.10,1894600,HSX,stock
2024-03-04,PNJ,95.70,96.60,94.90,95.60,102.30,89.10,767300,HSX,stock
2024-03-05,PNJ,95.90,97.80,95.60,96.80,102.20,89.00,1015800,HSX,stock
2024-03-06,PNJ,96.80,96.80,94.00,95.00,103.50,90.10,728000,HSX,stock
2024-03-07,PNJ,95.30,96.90,94.80,96.50,101.60,88.40,1019700,HSX,stock
2024-03-08,PNJ,96.90,98.60,95.60,96.50,103.20,89.80,1715900,HSX,stock
2024-03-11,PNJ,96.80,100.90,96.60,99.00,103.20,89.80,1481500,HSX,stock
2024-03-12,PNJ,99.50,99.80,97.50,99.00,105.90,92.10,790000,HSX,stock
2024-03-13,PNJ,99.00,102.80,98.30,101.50,105.90,92.10,1147000,HSX,stock
2024-03-14,PNJ,102.00,103.80,99.90,100.90,108.60,94.40,1042400,HSX,stock
2024-03-15,PNJ,100.10,100.40,97.70,99.50,107.30,93.30,784800,HSX,stock
2024-03-18,PNJ,98.50,98.50,92.80,97.30,106.40,92.60,1564500,HSX,stock
2024-03-19,PNJ,96.10,97.00,94.50,96.50,104.10,90.50,1139500,HSX,stock
2024-03-20,PNJ,96.00,98.40,95.10,98.20,103.20,89.80,1208400,HSX,stock
2024-03-21,PNJ,99.20,100.40,98.10,98.70,105.00,91.40,863700,HSX,stock
2024-03-22,PNJ,99.00,99.00,97.00,98.50,105.60,91.80,903300,HSX,stock
2024-03-25,PNJ,98.30,98.30,96.00,96.00,105.30,91.70,749000,HSX,stock
2024-03-26,PNJ,96.20,97.50,95.90,97.40,102.70,89.30,877200,HSX,stock
2024-03-27,PNJ,98.00,98.10,96.50,97.50,104.20,90.60,870200,HSX,stock
2024-03-28,PNJ,97.60,97.80,96.90,97.70,104.30,90.70,550900,HSX,stock
2024-03-29,PNJ,98.00,100.60,98.00,98.90,104.50,90.90,1410500,HSX,stock
2024-04-01,PNJ,99.00,99.40,97.60,98.90,105.80,92.00,635500,HSX,stock
2024-04-02,PNJ,98.80,99.00,97.40,99.00,105.80,92.00,919100,HSX,stock
2024-04-03,PNJ,99.30,100.40,97.00,97.00,105.90,92.10,1125200,HSX,stock
2024-04-04,PNJ,96.80,97.90,96.60,97.50,103.70,90.30,460300,HSX,stock
2024-04-05,PNJ,96.30,97.20,96.30,96.90,104.30,90.70,461200,HSX,stock
2024-04-08,PNJ,97.00,97.20,95.50,95.50,103.60,90.20,414600,HSX,stock
2024-04-09,PNJ,95.50,97.20,95.40,97.00,102.10,88.90,688900,HSX,stock
2024-04-10,PNJ,97.60,101.00,97.20,100.60,103.70,90.30,1477500,HSX,stock
2024-04-11,PNJ,99.90,100.10,99.00,100.00,107.60,93.60,482500,HSX,stock
2024-04-12,PNJ,100.70,104.00,100.70,103.10,107.00,93.00,927500,HSX,stock
2024-04-15,PNJ,103.00,103.00,96.50,96.50,110.30,95.90,1202700,HSX,stock
2024-04-16,PNJ,96.90,97.20,92.40,95.90,103.20,89.80,1093600,HSX,stock
2024-04-17,PNJ,96.80,96.80,92.10,92.50,102.60,89.20,998600,HSX,stock
2024-04-19,PNJ,91.50,92.70,89.20,91.50,98.90,86.10,917600,HSX,stock
2024-04-22,PNJ,92.00,93.50,91.40,93.40,97.90,85.10,765200,HSX,stock
2024-04-23,PNJ,93.30,93.30,90.90,92.50,99.90,86.90,768600,HSX,stock
2024-04-24,PNJ,92.60,94.70,91.50,94.30,98.90,86.10,815200,HSX,stock
2024-04-25,PNJ,93.50,94.20,93.00,94.20,100.90,87.70,617500,HSX,stock
2024-04-26,PNJ,93.80,95.10,92.50,95.00,100.70,87.70,837500,HSX,stock
2024-05-02,PNJ,94.90,96.20,94.20,96.10,101.60,88.40,668500,HSX,stock
2024-05-03,PNJ,96.60,96.80,95.30,96.50,102.80,89.40,1917300,HSX,stock
2024-05-06,PNJ,96.50,96.60,95.30,95.90,103.20,89.80,602700,HSX,stock
2024-05-07,PNJ,96.30,99.20,95.50,98.00,102.60,89.20,1459900,HSX,stock
2024-05-08,PNJ,98.00,98.10,96.80,97.60,104.80,91.20,493800,HSX,stock
2024-05-09,PNJ,97.60,98.10,96.00,96.50,104.40,90.80,574700,HSX,stock
2024-05-10,PNJ,97.50,98.30,96.40,97.50,103.20,89.80,1064000,HSX,stock
2024-05-13,PNJ,98.40,98.40,96.60,97.20,104.30,90.70,316200,HSX,stock
2024-05-14,PNJ,97.90,97.90,95.50,96.40,104.00,90.40,614000,HSX,stock
2024-05-15,PNJ,97.00,97.00,95.90,96.70,103.10,89.70,606300,HSX,stock
2024-05-16,PNJ,97.30,97.70,96.70,97.20,103.40,90.00,596600,HSX,stock
2024-05-17,PNJ,97.40,99.50,97.00,99.10,104.00,90.40,984400,HSX,stock
2024-05-20,PNJ,99.70,99.70,97.40,97.40,106.00,92.20,676200,HSX,stock
2024-05-21,PNJ,98.50,100.90,98.00,98.00,104.20,90.60,1210500,HSX,stock
2024-05-22,PNJ,98.60,98.60,96.50,98.10,104.80,91.20,677500,HSX,stock
2024-05-23,PNJ,98.10,98.10,96.10,98.10,104.90,91.30,647000,HSX,stock
2024-05-24,PNJ,97.00,97.30,94.20,94.90,104.90,91.30,1380700,HSX,stock
2024-05-27,PNJ,95.00,95.20,93.50,94.20,101.50,88.30,353700,HSX,stock
2024-05-28,PNJ,94.20,95.00,94.10,94.90,100.70,87.70,379800,HSX,stock
2024-05-29,PNJ,94.90,94.90,93.30,93.30,101.50,88.30,561300,HSX,stock
2024-05-30,PNJ,92.70,92.90,91.50,92.90,99.80,86.80,1172300,HSX,stock
2024-05-31,PNJ,92.90,93.90,92.60,93.90,99.40,86.40,811300,HSX,stock
2024-06-03,PNJ,94.00,94.20,92.70,93.60,100.40,87.40,655000,HSX,stock
2024-06-04,PNJ,93.60,95.30,93.50,94.80,100.10,87.10,999300,HSX,stock
2024-06-05,PNJ,95.00,95.40,94.10,94.40,101.40,88.20,828800,HSX,stock
2024-06-06,PNJ,96.00,96.00,94.00,95.00,101.00,87.80,1045500,HSX,stock
2024-06-07,PNJ,95.40,95.40,93.70,94.60,101.60,88.40,684100,HSX,stock
2024-06-10,PNJ,94.00,94.80,94.00,94.60,101.20,88.00,399600,HSX,stock
2024-06-11,PNJ,94.70,95.20,94.20,94.30,101.20,88.00,415800,HSX,stock
2024-06-12,PNJ,94.30,96.90,94.20,96.90,100.90,87.70,768000,HSX,stock
2024-06-13,PNJ,97.40,97.40,96.30,97.30,103.60,90.20,460300,HSX,stock
2024-06-14,PNJ,97.30,97.30,95.80,95.80,104.10,90.50,511200,HSX,stock
2024-06-17,PNJ,95.50,96.00,94.50,96.00,102.50,89.10,560300,HSX,stock
2024-06-18,PNJ,96.00,97.00,96.00,96.60,102.70,89.30,375400,HSX,stock
2024-06-19,PNJ,96.60,96.80,95.50,96.80,103.30,89.90,274900,HSX,stock
2024-06-20,PNJ,96.50,98.70,96.50,97.80,103.50,90.10,677900,HSX,stock
2024-06-21,PNJ,98.50,98.50,97.70,97.70,104.60,91.00,508000,HSX,stock
2024-06-24,PNJ,97.70,97.90,94.80,97.30,104.50,90.90,770500,HSX,stock
2024-06-25,PNJ,96.40,96.90,96.00,96.50,104.10,90.50,227000,HSX,stock
2024-06-26,PNJ,96.30,96.50,94.60,96.10,103.20,89.80,598900,HSX,stock
2024-06-27,PNJ,96.00,96.00,93.80,95.50,102.80,89.40,491700,HSX,stock
2024-06-28,PNJ,95.40,95.50,93.50,95.50,102.10,88.90,571400,HSX,stock
2024-07-01,PNJ,95.00,95.40,93.50,94.00,102.10,88.90,298400,HSX,stock
2024-07-02,PNJ,94.20,95.60,94.00,95.00,100.50,87.50,429700,HSX,stock
2024-07-03,PNJ,95.60,95.60,94.10,94.60,101.60,88.40,481300,HSX,stock
2024-07-04,PNJ,95.00,96.10,94.50,94.90,101.20,88.00,549900,HSX,stock
2024-07-05,PNJ,95.00,95.40,94.20,95.00,101.50,88.30,460600,HSX,stock
2024-07-08,PNJ,96.10,96.10,94.60,95.40,101.60,88.40,595600,HSX,stock
2024-07-09,PNJ,95.40,98.90,95.10,98.70,102.00,88.80,1791700,HSX,stock
2024-07-10,PNJ,98.80,99.00,97.70,98.00,105.60,91.80,439000,HSX,stock
2024-07-11,PNJ,98.50,98.90,97.10,97.40,104.80,91.20,628100,HSX,stock
2024-07-12,PNJ,97.80,97.80,96.60,97.70,104.20,90.60,576700,HSX,stock
2024-07-15,PNJ,98.00,98.00,96.90,97.70,104.50,90.90,554300,HSX,stock
2024-07-16,PNJ,98.00,99.40,97.10,97.10,104.50,90.90,892300,HSX,stock
2024-07-17,PNJ,97.50,97.80,93.60,95.90,103.80,90.40,761900,HSX,stock
2024-07-18,PNJ,95.60,96.00,93.80,96.00,102.60,89.20,534100,HSX,stock
2024-07-19,PNJ,96.00,96.10,94.90,95.70,102.70,89.30,335500,HSX,stock
2024-07-22,PNJ,95.00,95.60,93.80,94.20,102.30,89.10,494600,HSX,stock
2024-07-23,PNJ,94.30,95.50,93.60,93.80,100.70,87.70,577300,HSX,stock
2024-07-24,PNJ,93.80,95.40,92.50,94.80,100.30,87.30,598200,HSX,stock
2024-07-25,PNJ,94.10,94.90,94.10,94.80,101.40,88.20,174900,HSX,stock
2024-07-26,PNJ,95.30,96.20,94.90,96.20,101.40,88.20,374100,HSX,stock
2024-07-29,PNJ,96.70,96.80,96.00,96.80,102.90,89.50,287500,HSX,stock
2024-07-30,PNJ,96.50,98.00,96.00,96.90,103.50,90.10,379000,HSX,stock
2024-07-31,PNJ,97.30,97.30,96.30,97.10,103.60,90.20,470500,HSX,stock
2024-08-01,PNJ,96.50,99.30,95.60,97.80,103.80,90.40,1157300,HSX,stock
2024-08-02,PNJ,95.60,99.00,95.60,99.00,104.60,91.00,1623800,HSX,stock
2024-08-05,PNJ,96.90,98.00,93.50,95.20,105.90,92.10,921500,HSX,stock
2024-08-06,PNJ,95.30,95.70,93.90,95.60,101.80,88.60,346500,HSX,stock
2024-08-07,PNJ,96.50,96.50,94.10,95.50,102.20,89.00,174500,HSX,stock
2024-08-08,PNJ,94.70,95.50,94.20,94.30,102.10,88.90,249700,HSX,stock
2024-08-09,PNJ,95.20,95.70,94.50,95.60,100.90,87.70,249400,HSX,stock
2024-08-12,PNJ,95.60,97.00,95.30,97.00,102.20,89.00,336800,HSX,stock
2024-08-13,PNJ,97.20,98.70,96.50,97.40,103.70,90.30,698000,HSX,stock
2024-08-14,PNJ,98.20,98.70,97.00,97.40,104.20,90.60,385100,HSX,stock
2024-08-15,PNJ,97.20,97.30,95.00,96.90,104.20,90.60,458100,HSX,stock
2024-08-16,PNJ,96.80,98.30,96.10,98.10,103.60,90.20,949400,HSX,stock
2024-08-19,PNJ,99.00,104.90,98.70,104.90,104.90,91.30,2293500,HSX,stock
2024-08-20,PNJ,106.60,108.40,106.20,108.00,112.20,97.60,1689900,HSX,stock
2024-08-21,PNJ,108.00,108.40,107.00,108.40,115.50,100.50,718100,HSX,stock
2024-08-22,PNJ,108.50,110.20,108.10,109.30,115.90,100.90,850700,HSX,stock
2024-08-23,PNJ,109.60,109.60,107.50,108.90,116.90,101.70,783100,HSX,stock
2024-08-26,PNJ,107.00,107.50,102.60,102.60,116.50,101.30,2755100,HSX,stock
2024-08-27,PNJ,102.90,103.80,100.60,103.00,109.70,95.50,1037100,HSX,stock
2024-08-28,PNJ,103.20,103.50,101.20,101.60,110.20,95.80,767400,HSX,stock
2024-08-29,PNJ,101.80,102.70,101.00,101.00,108.70,94.50,603000,HSX,stock
2024-08-30,PNJ,101.30,102.70,101.30,102.20,108.00,94.00,482500,HSX,stock
2024-09-04,PNJ,101.10,101.80,100.10,101.20,109.30,95.10,639500,HSX,stock
2024-09-05,PNJ,101.90,102.50,100.10,100.10,108.20,94.20,620400,HSX,stock
2024-09-06,PNJ,100.00,100.60,99.10,99.60,107.10,93.10,585300,HSX,stock
2024-09-09,PNJ,99.30,100.00,98.40,99.50,106.50,92.70,554100,HSX,stock
2024-09-10,PNJ,99.50,100.40,98.90,99.00,106.40,92.60,419800,HSX,stock
2024-09-11,PNJ,98.70,99.40,98.50,99.20,105.90,92.10,396500,HSX,stock
2024-09-12,PNJ,99.90,100.20,99.30,99.40,106.10,92.30,386800,HSX,stock
2024-09-13,PNJ,99.60,99.90,99.30,99.80,106.30,92.50,313800,HSX,stock
2024-09-16,PNJ,100.00,101.40,99.50,99.50,106.70,92.90,483500,HSX,stock
2024-09-17,PNJ,99.20,100.00,99.20,100.00,106.40,92.60,311100,HSX,stock
2024-09-18,PNJ,100.20,100.50,99.50,100.00,107.00,93.00,532100,HSX,stock
2024-09-19,PNJ,100.00,100.00,98.50,98.90,107.00,93.00,699400,HSX,stock
2024-09-20,PNJ,99.30,99.80,98.70,98.80,105.80,92.00,791000,HSX,stock
2024-09-23,PNJ,99.00,99.50,98.50,99.10,105.70,91.90,331100,HSX,stock
2024-09-24,PNJ,99.10,100.60,99.10,99.40,106.00,92.20,387500,HSX,stock
2024-09-25,PNJ,99.80,99.90,99.00,99.60,106.30,92.50,527700,HSX,stock
2024-09-26,PNJ,99.80,100.40,99.30,99.30,106.50,92.70,693200,HSX,stock
2024-09-27,PNJ,99.60,99.60,98.60,99.00,106.20,92.40,509400,HSX,stock
2024-09-30,PNJ,99.10,99.20,98.50,98.80,105.90,92.10,546700,HSX,stock
2024-10-01,PNJ,99.00,99.20,98.40,98.40,105.70,91.90,753600,HSX,stock
2024-10-02,PNJ,97.50,98.70,97.30,98.00,103.70,90.30,952100,HSX,stock
2024-10-03,PNJ,98.00,98.40,97.10,97.20,104.80,91.20,427600,HSX,stock
2024-10-04,PNJ,97.20,97.30,95.40,95.40,104.00,90.40,783600,HSX,stock
2024-10-07,PNJ,95.50,96.40,95.20,95.40,102.00,88.80,404000,HSX,stock
2024-10-08,PNJ,95.40,95.40,94.50,94.80,102.00,88.80,429100,HSX,stock
2024-10-09,PNJ,94.80,95.00,94.30,94.40,101.40,88.20,415500,HSX,stock
2024-10-10,PNJ,94.20,96.10,94.20,95.50,101.00,87.80,505600,HSX,stock
2024-10-11,PNJ,95.40,95.40,94.80,95.40,102.10,88.90,299100,HSX,stock
2024-10-14,PNJ,95.00,95.40,94.40,94.70,102.00,88.80,475900,HSX,stock
2024-10-15,PNJ,94.70,94.90,94.10,94.10,101.30,88.10,275500,HSX,stock
2024-10-16,PNJ,94.30,94.90,94.30,94.60,100.60,87.60,279900,HSX,stock
2024-10-17,PNJ,94.70,95.20,94.60,95.10,101.20,88.00,191300,HSX,stock
2024-10-18,PNJ,95.50,95.50,94.90,94.90,101.70,88.50,234300,HSX,stock
2024-10-21,PNJ,95.00,95.20,94.50,94.60,101.50,88.30,208400,HSX,stock
2024-10-22,PNJ,94.40,94.60,92.60,93.00,101.20,88.00,527600,HSX,stock
2024-10-23,PNJ,93.30,93.90,93.10,93.80,99.50,86.50,386600,HSX,stock
2024-10-24,PNJ,93.90,94.10,93.40,94.00,100.30,87.30,470000,HSX,stock
2024-10-25,PNJ,94.10,94.20,93.90,94.10,100.50,87.50,251200,HSX,stock
2024-10-28,PNJ,94.20,94.90,92.60,94.90,100.60,87.60,373600,HSX,stock
2024-10-29,PNJ,95.00,96.40,95.00,96.30,101.50,88.30,511600,HSX,stock
2024-10-30,PNJ,96.40,96.50,95.30,95.50,103.00,89.60,120100,HSX,stock
2024-10-31,PNJ,95.80,95.80,94.70,94.80,102.10,88.90,293500,HSX,stock
2024-11-01,PNJ,94.20,94.20,91.40,91.40,101.40,88.20,3064800,HSX,stock
2024-11-04,PNJ,92.00,93.20,91.70,92.70,97.70,85.10,595900,HSX,stock
2024-11-05,PNJ,92.70,93.90,92.60,93.50,99.10,86.30,371400,HSX,stock
2024-11-06,PNJ,93.60,94.90,93.20,94.30,100.00,87.00,343100,HSX,stock
2024-11-07,PNJ,94.30,94.40,92.90,93.30,100.90,87.70,371300,HSX,stock
2024-11-08,PNJ,93.30,93.30,92.60,93.00,99.80,86.80,343500,HSX,stock
2024-11-11,PNJ,92.80,93.00,91.90,92.90,99.50,86.50,368000,HSX,stock
2024-11-12,PNJ,92.50,93.20,92.10,93.20,99.40,86.40,212100,HSX,stock
2024-11-13,PNJ,93.10,93.10,92.70,93.00,99.70,86.70,171400,HSX,stock
2024-11-14,PNJ,93.00,93.60,92.90,93.00,99.50,86.50,235600,HSX,stock
2024-11-15,PNJ,92.90,92.90,91.10,91.40,99.50,86.50,383000,HSX,stock
2024-11-18,PNJ,92.20,92.30,90.60,91.90,97.70,85.10,374700,HSX,stock
2024-11-19,PNJ,92.20,92.20,90.80,91.70,98.30,85.50,216900,HSX,stock
2024-11-20,PNJ,91.60,92.80,91.00,92.80,98.10,85.30,431200,HSX,stock
2024-11-21,PNJ,92.80,94.00,92.10,94.00,99.20,86.40,678900,HSX,stock
2024-11-22,PNJ,94.10,94.10,92.30,92.90,100.50,87.50,200500,HSX,stock
2024-11-25,PNJ,93.20,93.30,92.60,92.90,99.40,86.40,165800,HSX,stock
2024-11-26,PNJ,92.90,93.00,92.50,92.80,99.40,86.40,194800,HSX,stock
2024-11-27,PNJ,92.80,93.30,92.70,93.00,99.20,86.40,196800,HSX,stock
2024-11-28,PNJ,93.70,93.70,92.80,92.80,99.50,86.50,142300,HSX,stock
2024-11-29,PNJ,93.20,93.30,92.80,92.90,99.20,86.40,681100,HSX,stock
2024-12-02,PNJ,93.00,94.30,93.00,94.00,99.40,86.40,647800,HSX,stock
2024-12-03,PNJ,94.00,94.20,93.60,93.60,100.50,87.50,195400,HSX,stock
2024-12-04,PNJ,93.70,94.30,93.50,94.20,100.10,87.10,275400,HSX,stock
2024-12-05,PNJ,94.40,96.70,94.40,96.00,100.70,87.70,562400,HSX,stock
2024-12-06,PNJ,96.40,96.50,95.70,96.40,102.70,89.30,425700,HSX,stock
2024-12-09,PNJ,96.70,97.40,96.60,96.80,103.10,89.70,475200,HSX,stock
2024-12-10,PNJ,97.00,97.60,96.30,97.00,103.50,90.10,402300,HSX,stock
2024-12-11,PNJ,96.70,97.00,96.20,96.80,103.70,90.30,670300,HSX,stock
2024-12-12,PNJ,96.80,98.10,96.20,96.80,103.50,90.10,819700,HSX,stock
2024-12-13,PNJ,97.00,97.10,96.60,97.00,103.50,90.10,475300,HSX,stock
2024-12-16,PNJ,97.50,99.10,97.50,98.20,103.70,90.30,639100,HSX,stock
2024-12-17,PNJ,98.00,98.10,97.50,97.80,105.00,91.40,145300,HSX,stock
2024-12-18,PNJ,97.60,97.80,97.00,97.50,104.60,91.00,160100,HSX,stock
2024-12-19,PNJ,96.60,97.40,96.40,97.40,104.30,90.70,340400,HSX,stock
2024-12-20,PNJ,97.20,97.40,96.80,97.00,104.20,90.60,101500,HSX,stock
2024-12-23,PNJ,97.00,97.80,96.90,97.30,103.70,90.30,204600,HSX,stock
2024-12-24,PNJ,97.30,97.30,96.00,97.20,104.10,90.50,241800,HSX,stock
2024-12-25,PNJ,97.50,97.90,97.00,97.60,104.00,90.40,293700,HSX,stock
2024-12-26,PNJ,97.90,98.00,97.10,97.50,104.40,90.80,247600,HSX,stock
2024-12-27,PNJ,97.60,97.60,97.00,97.60,104.30,90.70,269900,HSX,stock
2024-12-30,PNJ,97.50,98.50,97.20,97.50,104.40,90.80,425600,HSX,stock
2024-12-31,PNJ,97.50,97.90,97.50,97.90,104.30,90.70,367000,HSX,stock
2025-01-02,PNJ,98.00,98.00,97.50,97.90,104.70,91.10,180100,HSX,stock
2025-01-03,PNJ,97.50,97.90,96.20,96.60,104.70,91.10,256000,HSX,stock
2025-01-06,PNJ,96.90,96.90,96.10,96.80,103.30,89.90,212700,HSX,stock
2025-01-07,PNJ,96.20,96.60,94.60,94.60,103.50,90.10,286500,HSX,stock
2025-01-08,PNJ,94.60,96.60,94.30,96.00,101.20,88.00,147900,HSX,stock
2025-01-09,PNJ,96.00,96.00,95.10,95.10,102.70,89.30,93600,HSX,stock
2025-01-10,PNJ,95.50,95.50,93.80,93.80,101.70,88.50,164200,HSX,stock
2025-01-13,PNJ,93.70,94.90,93.50,94.40,100.30,87.30,173400,HSX,stock
2025-01-14,PNJ,95.60,95.60,94.40,95.40,101.00,87.80,270400,HSX,stock
2025-01-15,PNJ,95.00,95.80,93.60,94.30,102.00,88.80,226800,HSX,stock
2025-01-16,PNJ,94.10,95.70,94.10,95.00,100.90,87.70,184500,HSX,stock
2025-01-17,PNJ,95.50,95.50,94.90,95.20,101.60,88.40,59200,HSX,stock
2025-01-20,PNJ,95.70,96.10,95.20,96.10,101.80,88.60,124800,HSX,stock
2025-01-21,PNJ,96.30,96.30,94.00,95.60,102.80,89.40,74600,HSX,stock
2025-01-22,PNJ,95.90,96.00,95.60,95.80,102.20,89.00,149500,HSX,stock
2025-01-23,PNJ,96.80,97.10,96.20,97.10,102.50,89.10,310900,HSX,stock
2025-01-24,PNJ,97.30,98.00,97.20,97.60,103.80,90.40,228400,HSX,stock
2025-02-03,PNJ,97.90,98.60,97.60,98.10,104.40,90.80,258800,HSX,stock
2025-02-04,PNJ,98.30,98.50,97.90,98.20,104.90,91.30,272800,HSX,stock
2025-02-05,PNJ,98.10,98.30,97.90,98.20,105.00,91.40,240900,HSX,stock
2025-02-06,PNJ,98.40,100.00,98.30,99.60,105.00,91.40,638900,HSX,stock
2025-02-07,PNJ,98.80,99.50,97.80,98.30,106.50,92.70,285000,HSX,stock
2025-02-10,PNJ,97.50,97.50,95.00,95.20,104.50,90.90,333600,HSX,stock
2025-02-11,PNJ,95.30,95.90,94.50,94.50,101.80,88.60,183100,HSX,stock
2025-02-12,PNJ,95.10,95.50,94.60,95.00,101.10,87.90,108500,HSX,stock
2025-02-13,PNJ,95.50,95.60,94.60,95.00,101.60,88.40,127200,HSX,stock
2025-02-14,PNJ,96.00,96.20,95.00,95.60,101.60,88.40,163400,HSX,stock
2025-02-17,PNJ,95.20,95.50,93.90,95.40,102.20,89.00,319600,HSX,stock
2025-02-18,PNJ,95.20,95.20,93.60,93.60,102.00,88.80,388500,HSX,stock
2025-02-19,PNJ,93.60,95.00,93.60,95.00,100.10,87.10,211500,HSX,stock
2025-02-20,PNJ,94.80,94.90,94.00,94.10,101.60,88.40,154000,HSX,stock
2025-02-21,PNJ,94.10,94.90,94.10,94.30,100.60,87.60,135700,HSX,stock
2025-02-24,PNJ,94.50,95.10,94.40,94.60,100.90,87.70,94200,HSX,stock
2025-02-25,PNJ,94.90,95.80,94.70,95.50,101.20,88.00,132100,HSX,stock
2025-02-26,PNJ,95.50,95.60,94.80,95.60,102.10,88.90,273500,HSX,stock
2025-02-27,PNJ,95.70,95.80,94.70,94.70,102.20,89.00,127600,HSX,stock
2025-02-28,PNJ,94.70,94.80,93.50,94.00,101.30,88.10,273400,HSX,stock
2025-03-03,PNJ,94.00,94.70,93.80,94.10,100.50,87.50,123900,HSX,stock
2025-03-04,PNJ,94.10,94.60,93.90,94.20,100.60,87.60,123300,HSX,stock
2025-03-05,PNJ,94.00,94.30,93.00,93.00,100.70,87.70,406500,HSX,stock
2025-03-06,PNJ,94.60,94.60,93.50,93.70,99.50,86.50,216800,HSX,stock
2025-03-07,PNJ,93.50,94.20,93.10,93.90,100.20,87.20,160100,HSX,stock
2025-03-10,PNJ,93.90,93.90,93.30,93.30,100.40,87.40,179500,HSX,stock
2025-03-11,PNJ,93.40,93.40,92.80,93.40,99.80,86.80,132200,HSX,stock
2025-03-12,PNJ,93.40,93.40,91.00,91.00,99.90,86.90,640300,HSX,stock
2025-03-13,PNJ,91.70,91.80,90.00,90.00,97.30,84.70,509900,HSX,stock
2025-03-14,PNJ,90.10,91.00,87.00,87.40,96.30,83.70,714700,HSX,stock
2025-03-17,PNJ,87.90,88.40,85.90,87.90,93.50,81.30,510800,HSX,stock
2025-03-18,PNJ,87.90,89.00,87.90,88.20,94.00,81.80,234800,HSX,stock
2025-03-19,PNJ,88.70,89.80,88.10,88.20,94.30,82.10,222800,HSX,stock
2025-03-20,PNJ,89.60,90.30,88.50,89.80,94.30,82.10,528600,HSX,stock
2025-03-21,PNJ,89.80,89.80,88.80,89.60,96.00,83.60,106000,HSX,stock
2025-03-24,PNJ,89.90,89.90,88.30,88.50,95.80,83.40,121300,HSX,stock
2025-03-25,PNJ,88.50,88.60,87.00,87.80,94.60,82.40,309300,HSX,stock
2025-03-26,PNJ,87.80,88.30,86.60,86.60,93.90,81.70,240800,HSX,stock
2025-03-27,PNJ,86.60,86.80,84.90,84.90,92.60,80.60,588300,HSX,stock
2025-03-28,PNJ,84.90,85.00,82.00,82.00,90.80,79.00,1756700,HSX,stock
2025-03-31,PNJ,82.00,83.30,82.00,83.30,87.70,76.30,593600,HSX,stock
2025-04-01,PNJ,83.30,83.70,82.60,83.40,89.10,77.50,190400,HSX,stock
2025-04-02,PNJ,83.50,84.30,82.50,82.50,89.20,77.60,315700,HSX,stock
2025-04-03,PNJ,80.00,81.10,76.80,76.80,88.20,76.80,1484800,HSX,stock
2025-04-04,PNJ,71.50,73.00,71.50,72.50,82.10,71.50,2107300,HSX,stock
2025-04-08,PNJ,69.50,71.20,67.50,67.50,77.50,67.50,660500,HSX,stock
2025-04-09,PNJ,62.80,66.60,62.80,62.80,72.20,62.80,2308700,HSX,stock
2025-04-10,PNJ,67.10,67.10,67.10,67.10,67.10,58.50,53300,HSX,stock
2025-04-11,PNJ,71.70,71.70,71.30,71.70,71.70,62.50,2114700,HSX,stock
2025-04-14,PNJ,73.90,75.80,73.00,73.70,76.70,66.70,1178000,HSX,stock
2025-04-15,PNJ,73.30,73.40,70.00,71.50,78.80,68.60,1057400,HSX,stock
2025-04-16,PNJ,71.20,71.20,68.20,68.60,76.50,66.50,879600,HSX,stock
2025-04-17,PNJ,68.10,70.00,67.70,69.80,73.40,63.80,927500,HSX,stock
2025-04-18,PNJ,70.50,72.90,70.30,72.50,74.60,65.00,548700,HSX,stock
2025-04-21,PNJ,72.50,73.50,69.50,69.50,77.50,67.50,394200,HSX,stock
2025-04-22,PNJ,69.50,69.60,64.70,67.10,74.30,64.70,1018600,HSX,stock
2025-04-23,PNJ,69.00,69.70,68.00,68.80,71.70,62.50,606900,HSX,stock
2025-04-24,PNJ,69.00,71.40,69.00,71.00,73.60,64.00,692600,HSX,stock
2025-04-25,PNJ,71.40,71.40,69.60,70.10,75.90,66.10,874300,HSX,stock
2025-04-28,PNJ,70.10,71.00,70.00,70.80,75.00,65.20,393300,HSX,stock
2025-04-29,PNJ,70.50,71.10,70.40,71.10,75.70,65.90,240700,HSX,stock
2025-05-05,PNJ,71.60,72.20,70.30,70.80,76.00,66.20,593400,HSX,stock
2025-05-06,PNJ,70.90,73.60,70.90,73.60,,,4907600,HSX,stock
2025-05-07,PNJ,73.20,73.30,72.30,72.80,78.70,68.50,1125700,HSX,stock
2025-05-08,PNJ,72.00,74.40,72.00,74.00,77.80,67.80,3353400,HSX,stock
2025-05-09,PNJ,74.20,76.50,74.20,76.40,79.10,68.90,3036700,HSX,stock
2025-05-12,PNJ,77.00,78.60,76.00,78.60,81.70,71.10,2124300,HSX,stock
2025-05-13,PNJ,79.50,84.10,79.50,82.20,84.10,73.10,3209100,HSX,stock
2025-05-14,PNJ,82.20,86.40,82.10,86.00,87.90,76.50,2600200,HSX,stock
2025-05-15,PNJ,87.00,87.00,84.00,84.40,92.00,80.00,2374800,HSX,stock
2025-05-16,PNJ,84.00,84.30,81.00,81.00,90.30,78.50,3434100,HSX,stock
2025-05-19,PNJ,80.90,83.10,79.90,81.60,86.60,75.40,858900,HSX,stock
2025-05-20,PNJ,81.90,82.60,81.00,82.30,87.30,75.90,604800,HSX,stock
2025-05-21,PNJ,82.60,82.60,80.10,80.70,88.00,76.60,374100,HSX,stock
2025-05-22,PNJ,80.00,80.50,78.50,78.90,86.30,75.10,923400,HSX,stock
2025-05-23,PNJ,79.00,80.00,78.00,79.00,84.40,73.40,748400,HSX,stock
2025-05-26,PNJ,80.00,80.50,78.00,80.50,84.50,73.50,969400,HSX,stock
2025-05-27,PNJ,81.00,81.00,80.00,80.30,86.10,74.90,375200,HSX,stock
2025-05-28,PNJ,80.80,80.90,78.90,79.30,85.90,74.70,619400,HSX,stock
2025-05-29,PNJ,84.70,84.70,82.60,84.00,84.80,73.80,17977500,HSX,stock
2025-05-30,PNJ,86.00,86.00,81.80,82.50,89.80,78.20,9221600,HSX,stock
2025-06-02,PNJ,77.00,79.60,77.00,78.20,88.20,76.80,79781700,HSX,stock
2025-06-03,PNJ,78.00,79.20,77.70,77.80,83.60,72.80,1400600,HSX,stock
2025-06-04,PNJ,78.40,78.90,77.70,78.90,83.20,72.40,992100,HSX,stock
2025-06-05,PNJ,78.60,78.80,77.80,77.90,84.40,73.40,698400,HSX,stock
2025-06-06,PNJ,77.90,77.90,75.70,75.70,83.30,72.50,5525400,HSX,stock
2025-06-09,PNJ,75.70,75.90,74.20,74.60,80.90,70.50,509600,HSX,stock
2025-06-10,PNJ,74.50,76.60,74.50,76.10,79.80,69.40,543100,HSX,stock
2025-06-11,PNJ,76.80,76.80,75.70,76.00,81.40,70.80,341400,HSX,stock
2025-06-12,PNJ,77.20,78.60,77.10,78.30,81.30,70.70,1474300,HSX,stock
2025-06-13,PNJ,78.00,79.40,77.20,78.00,83.70,72.90,722600,HSX,stock
2025-06-16,PNJ,78.00,82.50,77.80,82.00,83.40,72.60,814200,HSX,stock
2025-06-17,PNJ,82.00,82.20,80.60,81.10,87.70,76.30,473600,HSX,stock
2025-06-18,PNJ,80.60,81.10,79.30,80.00,86.70,75.50,785500,HSX,stock
2025-06-19,PNJ,80.00,80.70,79.50,80.30,85.60,74.40,316300,HSX,stock
2025-06-20,PNJ,80.20,80.50,79.50,79.60,85.90,74.70,607000,HSX,stock
2025-06-23,PNJ,79.50,80.50,78.60,80.50,85.10,74.10,1243800,HSX,stock
2025-06-24,PNJ,80.60,81.00,80.00,80.20,86.10,74.90,253800,HSX,stock
2025-06-25,PNJ,80.30,80.60,79.50,79.60,85.80,74.60,365400,HSX,stock
2025-06-26,PNJ,79.60,81.40,79.50,80.90,85.10,74.10,622200,HSX,stock
2025-06-27,PNJ,81.50,82.30,80.90,81.90,86.50,75.30,488100,HSX,stock
2025-06-30,PNJ,82.30,83.30,82.20,83.10,87.60,76.20,1009100,HSX,stock
2025-07-01,PNJ,83.20,83.40,82.00,83.40,88.90,77.30,685100,HSX,stock
2025-07-02,PNJ,83.30,84.10,82.90,82.90,89.20,77.60,578500,HSX,stock
2025-07-03,PNJ,82.90,84.10,82.20,82.50,88.70,77.10,583900,HSX,stock
2025-07-04,PNJ,82.50,83.60,82.50,82.70,88.20,76.80,217500,HSX,stock
2025-07-07,PNJ,83.00,83.30,82.00,82.50,88.40,77.00,271000,HSX,stock
2025-07-08,PNJ,82.70,82.90,82.30,82.30,88.20,76.80,466800,HSX,stock
2025-07-09,PNJ,83.00,83.40,82.10,82.80,88.00,76.60,611400,HSX,stock
2025-07-10,PNJ,83.00,83.10,82.00,82.30,88.50,77.10,610500,HSX,stock
2025-07-11,PNJ,82.30,83.50,82.30,83.20,88.00,76.60,725200,HSX,stock
2025-07-14,PNJ,83.80,87.60,83.60,87.60,89.00,77.40,4887500,HSX,stock
2025-07-15,PNJ,87.60,87.70,86.70,86.70,93.70,81.50,1549300,HSX,stock
2025-07-16,PNJ,86.00,88.00,85.30,88.00,92.70,80.70,3751300,HSX,stock
2025-07-17,PNJ,87.50,88.50,86.30,86.30,94.10,81.90,660100,HSX,stock
2025-07-18,PNJ,86.20,87.30,86.00,86.20,92.30,80.30,742600,HSX,stock
2025-07-21,PNJ,86.20,86.50,85.00,85.00,92.20,80.20,476500,HSX,stock
2025-07-22,PNJ,85.00,86.00,84.10,85.90,90.90,79.10,193100,HSX,stock
2025-07-23,PNJ,85.90,86.10,85.40,86.00,91.90,79.90,418700,HSX,stock
2025-07-24,PNJ,86.00,86.30,85.10,86.00,92.00,80.00,837500,HSX,stock
2025-07-25,PNJ,86.00,86.70,86.00,86.40,92.00,80.00,377300,HSX,stock
2025-07-28,PNJ,86.40,86.50,85.90,86.00,92.40,80.40,557400,HSX,stock
2025-07-29,PNJ,86.10,86.20,84.30,84.30,92.00,80.00,1635500,HSX,stock
2025-07-30,PNJ,84.20,85.50,83.80,85.50,90.20,78.40,746100,HSX,stock
2025-07-31,PNJ,84.60,85.30,83.80,84.40,91.40,79.60,392800,HSX,stock
2025-08-01,PNJ,84.30,90.30,83.60,90.30,90.30,78.50,6359300,HSX,stock
2025-08-04,PNJ,86.00,86.90,84.00,86.50,96.60,84.00,2120500,HSX,stock
2025-08-05,PNJ,86.40,86.60,85.50,85.50,92.50,80.50,621200,HSX,stock
2025-08-06,PNJ,85.50,86.60,85.50,86.30,91.40,79.60,284800,HSX,stock
2025-08-07,PNJ,86.50,87.90,86.20,86.40,92.30,80.30,541800,HSX,stock
2025-08-08,PNJ,87.00,87.00,85.70,85.80,92.40,80.40,581500,HSX,stock
2025-08-11,PNJ,86.30,87.00,86.00,86.50,91.80,79.80,434600,HSX,stock
2025-08-12,PNJ,86.50,87.50,86.50,87.50,92.50,80.50,1926700,HSX,stock
2025-08-13,PNJ,87.50,89.10,86.90,88.00,93.60,81.40,1478000,HSX,stock
2025-08-14,PNJ,88.00,88.20,86.40,88.00,94.10,81.90,786400,HSX,stock
2025-08-15,PNJ,88.00,88.00,86.00,86.20,94.10,81.90,629400,HSX,stock
2025-08-18,PNJ,86.20,86.30,84.40,85.00,92.20,80.20,648300,HSX,stock
2025-08-19,PNJ,85.00,85.30,84.60,84.90,90.90,79.10,683900,HSX,stock
2025-08-20,PNJ,85.10,85.60,84.50,85.30,90.80,79.00,715300,HSX,stock
2025-08-21,PNJ,85.30,85.70,84.60,85.60,91.20,79.40,1271400,HSX,stock
2025-08-22,PNJ,86.00,86.00,84.30,84.80,91.50,79.70,1316500,HSX,stock
2025-08-25,PNJ,84.90,85.50,83.50,83.50,90.70,78.90,554400,HSX,stock
2025-08-26,PNJ,82.90,84.40,82.90,84.20,89.30,77.70,557100,HSX,stock
2025-08-27,PNJ,86.90,86.90,84.90,85.30,90.00,78.40,3067600,HSX,stock
2025-08-28,PNJ,85.30,86.00,85.10,85.60,91.20,79.40,739800,HSX,stock
2025-08-29,PNJ,85.60,85.90,85.40,85.60,91.50,79.70,577900,HSX,stock
2025-09-03,PNJ,85.60,86.60,85.10,86.30,91.50,79.70,781600,HSX,stock
2025-09-04,PNJ,86.80,89.40,86.30,88.40,92.30,80.30,1512500,HSX,stock
2025-09-05,PNJ,88.60,88.60,87.20,87.20,94.50,82.30,1317000,HSX,stock
2025-09-08,PNJ,86.50,87.20,84.80,84.80,93.30,81.10,698400,HSX,stock
2025-09-09,PNJ,85.60,85.80,84.50,85.70,90.70,78.90,490700,HSX,stock
2025-09-10,PNJ,85.70,86.50,85.10,86.20,91.60,79.80,281600,HSX,stock
2025-09-11,PNJ,86.50,86.50,85.20,86.20,92.20,80.20,400800,HSX,stock
2025-09-12,PNJ,86.50,88.70,86.10,88.00,92.20,80.20,2226400,HSX,stock
2025-09-15,PNJ,88.00,88.20,87.30,88.20,94.10,81.90,941000,HSX,stock
2025-09-16,PNJ,88.20,89.90,87.90,88.70,94.30,82.10,443000,HSX,stock
2025-09-17,PNJ,88.70,90.50,87.10,87.10,94.90,82.50,618800,HSX,stock
2025-09-18,PNJ,88.00,89.20,87.50,88.10,93.10,81.10,408800,HSX,stock
2025-09-19,PNJ,89.00,89.00,87.90,88.50,94.20,82.00,566900,HSX,stock
2025-09-22,PNJ,89.00,89.70,87.00,87.90,94.60,82.40,396900,HSX,stock
2025-09-23,PNJ,87.80,88.00,86.20,87.90,94.00,81.80,219900,HSX,stock
2025-09-24,PNJ,87.90,87.90,86.50,87.60,94.00,81.80,251800,HSX,stock
2025-09-25,PNJ,87.70,87.80,86.20,86.20,93.70,81.50,1536200,HSX,stock
2025-09-26,PNJ,85.50,85.90,84.50,84.70,90.70,78.90,745300,HSX,stock
2025-09-29,PNJ,85.00,85.00,83.40,83.50,90.60,78.80,467700,HSX,stock
2025-09-30,PNJ,83.50,84.40,83.10,83.10,89.30,77.70,199800,HSX,stock
2025-10-01,PNJ,83.40,84.00,83.40,83.40,88.90,77.30,535200,HSX,stock
2025-10-02,PNJ,83.40,83.60,83.10,83.10,89.20,77.60,207400,HSX,stock
2025-10-03,PNJ,83.00,83.60,83.00,83.00,88.90,77.30,501800,HSX,stock
2025-10-06,PNJ,83.00,84.60,83.00,84.20,88.80,77.20,221900,HSX,stock
2025-10-07,PNJ,84.30,85.30,84.30,84.90,90.00,78.40,167000,HSX,stock
2025-10-08,PNJ,86.00,86.00,84.00,84.00,90.80,79.00,312600,HSX,stock
2025-10-09,PNJ,84.20,85.50,84.10,85.00,89.80,78.20,281500,HSX,stock
2025-10-10,PNJ,85.60,85.80,84.50,85.00,90.90,79.10,223200,HSX,stock
2025-10-13,PNJ,84.80,85.30,84.10,84.90,90.90,79.10,143900,HSX,stock
2025-10-14,PNJ,85.50,85.60,84.70,84.70,90.80,79.00,703500,HSX,stock
2025-10-15,PNJ,84.50,86.80,84.50,86.10,90.60,78.80,1231100,HSX,stock
2025-10-16,PNJ,86.20,92.10,86.20,92.10,92.10,80.10,6122400,HSX,stock
2025-10-17,PNJ,92.00,92.10,89.10,90.10,98.50,85.70,4559500,HSX,stock
2025-10-20,PNJ,90.10,90.10,83.90,83.90,96.40,83.80,7996500,HSX,stock
2025-10-21,PNJ,84.00,87.50,83.80,86.90,89.70,78.10,2448900,HSX,stock
2025-10-22,PNJ,88.20,88.20,85.70,87.70,92.90,80.90,2426100,HSX,stock
2025-10-23,PNJ,87.30,93.00,87.30,92.30,93.80,81.60,1519400,HSX,stock
2025-10-24,PNJ,92.00,95.70,90.00,95.00,98.70,85.90,4052900,HSX,stock
2025-10-27,PNJ,94.90,95.00,93.50,93.50,101.60,88.40,748200,HSX,stock
2025-10-28,PNJ,93.50,95.00,91.80,94.90,100.00,87.00,1042300,HSX,stock
2025-10-29,PNJ,94.90,95.60,91.80,95.50,101.50,88.30,3728500,HSX,stock
2025-10-30,PNJ,95.50,96.20,94.00,94.60,102.10,88.90,1158800,HSX,stock
2025-10-31,PNJ,94.60,94.60,92.20,94.60,101.20,88.00,5331800,HSX,stock
2025-11-03,PNJ,94.00,94.60,92.90,92.90,101.20,88.00,989900,HSX,stock
2025-11-04,PNJ,92.80,92.80,88.00,90.00,99.40,86.40,794000,HSX,stock
2025-11-05,PNJ,90.20,91.40,90.00,91.40,96.30,83.70,322800,HSX,stock
2025-11-06,PNJ,91.20,91.30,89.50,90.00,97.70,85.10,313300,HSX,stock
2025-11-07,PNJ,90.50,90.90,87.50,87.50,96.30,83.70,1875200,HSX,stock
2025-11-10,PNJ,87.50,88.80,87.00,87.00,93.60,81.40,295100,HSX,stock
2025-11-11,PNJ,87.60,89.10,86.90,89.10,93.00,81.00,403100,HSX,stock
2025-11-12,PNJ,89.10,89.70,88.20,89.40,95.30,82.90,144100,HSX,stock
2025-11-13,PNJ,89.20,91.30,88.90,90.30,95.60,83.20,460200,HSX,stock
2025-11-14,PNJ,90.10,90.50,89.20,90.00,96.60,84.00,209300,HSX,stock
2025-11-17,PNJ,90.00,90.90,89.70,89.80,96.30,83.70,168400,HSX,stock
2025-11-18,PNJ,89.90,90.30,89.00,89.40,96.00,83.60,242200,HSX,stock
2025-11-19,PNJ,89.40,89.60,89.10,89.30,95.60,83.20,132600,HSX,stock
2025-11-20,PNJ,89.10,89.30,86.80,87.80,95.50,83.10,1731500,HSX,stock
2025-11-21,PNJ,87.40,87.40,86.50,87.10,93.90,81.70,143800,HSX,stock
2025-11-24,PNJ,87.60,87.60,87.10,87.50,93.10,81.10,92000,HSX,stock
2025-11-25,PNJ,87.70,87.80,87.00,87.00,93.60,81.40,480100,HSX,stock
2025-11-26,PNJ,87.00,87.40,86.70,87.20,93.00,81.00,234400,HSX,stock
2025-11-27,PNJ,87.30,90.20,87.30,90.20,93.30,81.10,2658800,HSX,stock
2025-11-28,PNJ,90.50,91.20,88.80,91.00,96.50,83.90,2349800,HSX,stock
2025-12-01,PNJ,90.50,91.80,88.50,91.60,97.30,84.70,2836700,HSX,stock
2025-12-02,PNJ,91.10,91.60,89.10,91.60,98.00,85.20,1942400,HSX,stock
2025-12-03,PNJ,91.60,91.60,90.20,91.40,98.00,85.20,1670700,HSX,stock
2025-12-04,PNJ,91.60,92.00,90.30,90.30,97.70,85.10,1075100,HSX,stock
2025-12-05,PNJ,89.80,92.00,89.60,91.60,96.60,84.00,564100,HSX,stock
2025-12-08,PNJ,91.90,91.90,89.40,89.40,98.00,85.20,782000,HSX,stock
2025-12-09,PNJ,89.80,90.20,87.30,88.50,95.60,83.20,598400,HSX,stock
2025-12-10,PNJ,88.40,88.60,87.80,88.10,94.60,82.40,237300,HSX,stock
2025-12-11,PNJ,88.40,88.80,87.90,88.00,94.20,82.00,127700,HSX,stock
2025-12-12,PNJ,88.80,91.10,88.00,89.80,94.10,81.90,703700,HSX,stock
2025-12-15,PNJ,89.80,90.90,89.70,90.90,96.00,83.60,516800,HSX,stock
2025-12-16,PNJ,91.00,92.40,90.30,92.40,97.20,84.60,968400,HSX,stock
2025-12-17,PNJ,92.60,92.60,91.10,92.40,98.80,86.00,523800,HSX,stock
2025-12-18,PNJ,92.00,92.00,91.10,91.90,98.80,86.00,239600,HSX,stock
2025-12-19,PNJ,91.80,92.60,90.90,92.50,98.30,85.50,2316200,HSX,stock
2025-12-22,PNJ,92.20,94.30,91.40,93.90,98.90,86.10,943600,HSX,stock
2025-12-23,PNJ,94.50,94.60,92.60,93.40,100.40,87.40,292400,HSX,stock
2025-12-24,PNJ,94.20,95.90,93.00,95.80,99.90,86.90,1211700,HSX,stock
2025-12-25,PNJ,95.70,96.20,95.40,95.40,102.50,89.10,1715400,HSX,stock
2025-12-26,PNJ,95.20,95.90,92.00,95.90,102.00,88.80,676000,HSX,stock
2025-12-29,PNJ,96.10,97.00,95.20,96.00,102.60,89.20,903200,HSX,stock
2025-12-30,PNJ,95.90,97.40,95.70,96.80,102.70,89.30,889700,HSX,stock
2025-12-31,PNJ,95.80,98.00,95.80,97.00,103.50,90.10,2270700,HSX,stock
2026-01-05,PNJ,97.70,98.50,96.50,98.50,103.70,90.30,957500,HSX,stock
2026-01-06,PNJ,98.00,99.00,97.40,98.70,105.30,91.70,287100,HSX,stock
2026-01-07,PNJ,98.70,103.00,98.40,102.60,105.60,91.80,1355400,HSX,stock
2026-01-08,PNJ,102.60,104.00,102.00,104.00,109.70,95.50,5069100,HSX,stock
2026-01-09,PNJ,103.20,104.20,102.00,103.00,110.20,95.80,1566600,HSX,stock
2026-01-12,PNJ,104.00,104.00,99.20,103.20,110.20,95.80,1427700,HSX,stock
2026-01-13,PNJ,100.50,103.50,100.40,102.90,110.40,96.00,997800,HSX,stock
2026-01-14,PNJ,101.10,103.00,100.50,101.50,110.10,95.70,1974100,HSX,stock
2026-01-15,PNJ,100.10,102.00,99.50,101.50,108.60,94.40,1068700,HSX,stock
2026-01-16,PNJ,101.50,108.60,101.50,107.70,108.60,94.40,3700200,HSX,stock
2026-01-19,PNJ,107.70,115.00,107.00,114.20,115.20,100.20,341500,HSX,stock
2026-01-20,PNJ,112.90,114.00,110.70,111.90,122.10,106.30,5836700,HSX,stock
2026-01-21,PNJ,109.70,112.80,108.50,109.90,119.70,104.10,1716800,HSX,stock
2026-01-22,PNJ,110.20,111.90,107.70,110.40,117.50,102.30,1589800,HSX,stock
2026-01-23,PNJ,110.00,115.00,108.90,112.40,118.10,102.70,4669300,HSX,stock
2026-01-26,PNJ,113.80,117.80,112.80,116.80,120.20,104.60,5195900,HSX,stock
2026-01-27,PNJ,116.80,117.40,115.40,116.00,124.90,108.70,1400400,HSX,stock
2026-01-28,PNJ,116.90,121.10,114.00,118.50,124.10,107.90,3073200,HSX,stock
2026-01-29,PNJ,119.90,126.50,119.00,126.50,126.70,110.30,16876500,HSX,stock
2026-01-30,PNJ,124.80,127.00,121.50,127.00,135.30,117.70,17711600,HSX,stock
2026-02-02,PNJ,123.30,123.60,118.20,118.20,135.80,118.20,8211600,HSX,stock
2026-02-03,PNJ,116.20,120.00,113.50,120.00,126.40,110.00,31510300,HSX,stock
2026-02-04,PNJ,120.70,121.00,119.00,119.70,128.40,111.60,5162500,HSX,stock
2026-02-05,PNJ,119.90,120.00,114.40,116.20,128.00,111.40,21387400,HSX,stock
2026-02-06,PNJ,113.00,113.00,108.10,108.90,124.30,108.10,23962900,HSX,stock
2026-02-09,PNJ,110.50,113.80,110.00,112.90,116.50,101.30,5400400,HSX,stock
2026-02-10,PNJ,113.00,114.40,105.00,112.90,120.80,105.00,6171000,HSX,stock
2026-02-11,PNJ,111.10,115.90,111.00,115.90,120.80,105.00,8041500,HSX,stock
2026-02-12,PNJ,115.90,119.90,113.00,118.50,124.00,107.80,3063100,HSX,stock
2026-02-13,PNJ,117.00,120.00,115.40,120.00,126.70,110.30,22987900,HSX,stock
2026-02-23,PNJ,120.30,121.90,119.30,120.20,128.40,111.60,5249700,HSX,stock
2026-02-24,PNJ,120.20,121.80,118.80,120.50,128.60,111.80,6647300,HSX,stock
2026-02-25,PNJ,121.30,121.30,112.10,119.50,128.90,112.10,17828600,HSX,stock
2026-02-26,PNJ,118.80,121.90,117.00,120.00,127.80,111.20,5547800,HSX,stock
2026-02-27,PNJ,120.90,122.20,119.60,121.90,128.40,111.60,5623100,HSX,stock
2026-03-02,PNJ,121.40,126.90,120.00,124.50,130.40,113.40,17069200,HSX,stock
2026-03-03,PNJ,124.50,124.90,119.50,122.00,133.20,115.80,18355000,HSX,stock
2026-03-04,PNJ,118.90,120.90,114.90,120.90,130.50,113.50,15774500,HSX,stock
2026-03-05,PNJ,119.80,119.80,113.00,116.00,129.30,112.50,23324600,HSX,stock
2026-03-06,PNJ,115.00,116.00,110.60,114.50,124.10,107.90,15662300,HSX,stock
2026-03-09,PNJ,106.70,108.90,106.50,106.50,122.50,106.50,7680200,HSX,stock
2026-03-10,PNJ,113.70,113.70,108.70,113.50,113.90,99.10,2218100,HSX,stock
2026-03-11,PNJ,113.30,119.50,111.50,119.00,121.40,105.60,1886500,HSX,stock
2026-03-12,PNJ,118.60,118.60,115.00,117.90,127.30,110.70,4827400,HSX,stock
2026-03-13,PNJ,115.00,117.40,114.90,116.90,126.10,109.70,6175700,HSX,stock
2026-03-16,PNJ,115.10,118.10,114.20,118.00,125.00,108.80,4042500,HSX,stock
2026-03-17,PNJ,118.70,119.20,115.40,117.70,126.20,109.80,1641400,HSX,stock
2026-03-18,PNJ,117.70,117.70,113.50,115.00,125.90,109.50,5926800,HSX,stock
2026-03-19,PNJ,113.00,115.50,112.10,114.90,123.00,107.00,961900,HSX,stock
2026-03-20,PNJ,114.90,114.90,112.60,114.20,122.90,106.90,2241000,HSX,stock
2026-03-23,PNJ,111.10,112.00,106.30,106.30,122.10,106.30,1258200,HSX,stock
2026-03-24,PNJ,107.20,108.50,106.20,108.50,113.70,98.90,3186100,HSX,stock
2026-03-25,PNJ,109.50,111.00,108.30,111.00,116.00,101.00,4398200,HSX,stock
2026-03-26,PNJ,111.00,111.50,103.30,106.00,118.70,103.30,15182600,HSX,stock
2026-03-27,PNJ,102.80,109.90,100.70,109.90,113.40,98.60,12672200,HSX,stock
2026-03-30,PNJ,105.20,108.00,105.10,108.00,117.50,102.30,17059400,HSX,stock
2026-03-31,PNJ,108.00,110.00,107.10,108.00,115.50,100.50,12419300,HSX,stock
2026-04-01,PNJ,109.10,109.70,107.90,109.30,115.50,100.50,3308200,HSX,stock
2026-04-02,PNJ,106.50,108.90,106.20,108.90,116.90,101.70,4317400,HSX,stock
2026-04-03,PNJ,107.40,108.80,106.80,108.80,116.50,101.30,10025200,HSX,stock
2026-04-06,PNJ,106.80,107.70,104.60,104.60,116.40,101.20,6307000,HSX,stock
2026-04-07,PNJ,104.60,105.10,100.00,100.00,111.90,97.30,31575200,HSX,stock
2026-04-08,PNJ,103.50,107.00,102.70,107.00,107.00,93.00,649500,HSX,stock
2026-04-09,PNJ,107.00,110.00,106.70,110.00,114.40,99.60,5993300,HSX,stock
2026-04-10,PNJ,109.00,109.80,108.20,109.00,117.70,102.30,2081400,HSX,stock
2026-04-13,PNJ,109.00,111.00,108.80,110.00,116.60,101.40,4734700,HSX,stock
2026-04-14,PNJ,108.50,110.30,108.40,109.50,117.70,102.30,2829700,HSX,stock
2026-04-15,PNJ,110.10,112.50,109.00,109.20,117.10,101.90,412000,HSX,stock
2026-04-16,PNJ,109.30,110.00,107.20,108.90,116.80,101.60,1229300,HSX,stock
2026-04-17,PNJ,108.90,112.50,108.30,111.00,116.50,101.30,1851900,HSX,stock
2026-04-20,PNJ,111.50,115.00,111.50,115.00,118.70,103.30,18306500,HSX,stock
2026-04-21,PNJ,115.40,115.60,111.40,111.90,123.00,107.00,4688200,HSX,stock
2026-04-22,PNJ,114.00,114.00,109.00,110.00,119.70,104.10,8381000,HSX,stock
2026-04-23,PNJ,75.10,76.60,71.10,71.70,78.40,68.20,3854300,HSX,stock
2026-04-24,PNJ,71.90,72.40,69.00,70.00,76.70,66.70,5841600,HSX,stock
2026-04-28,PNJ,70.10,70.10,66.90,67.00,74.90,65.10,10278500,HSX,stock
2026-04-29,PNJ,67.50,69.00,67.00,67.30,71.60,62.40,8104000,HSX,stock
2026-05-04,PNJ,67.60,68.90,67.60,68.30,72.00,62.60,1034200,HSX,stock
2026-05-05,PNJ,68.30,68.30,67.20,67.40,73.00,63.60,2271600,HSX,stock
2026-05-06,PNJ,68.10,68.10,67.20,68.00,72.10,62.70,1552300,HSX,stock
2026-05-07,PNJ,68.20,70.00,68.10,69.10,72.70,63.30,1342300,HSX,stock
2026-05-08,PNJ,69.10,70.10,69.10,70.10,73.90,64.30,4048900,HSX,stock
2026-05-11,PNJ,70.10,70.20,68.60,69.10,75.00,65.20,925500,HSX,stock
2026-05-12,PNJ,69.20,69.50,68.20,69.50,73.90,64.30,4610600,HSX,stock
2026-05-13,PNJ,69.50,70.00,68.90,69.60,74.30,64.70,1845400,HSX,stock
2026-05-14,PNJ,69.60,69.60,68.30,69.50,74.40,64.80,1437600,HSX,stock
2026-05-15,PNJ,69.10,69.10,67.10,67.30,74.30,64.70,1477200,HSX,stock
2026-05-18,PNJ,67.10,67.10,64.50,64.70,72.00,62.60,7947600,HSX,stock
2026-05-19,PNJ,64.30,66.70,64.30,65.00,69.20,60.20,1148400,HSX,stock
2026-05-20,PNJ,64.50,66.10,63.40,65.80,69.50,60.50,1387200,HSX,stock
2026-05-21,PNJ,65.90,66.10,64.70,65.30,70.40,61.20,933900,HSX,stock
2026-05-22,PNJ,65.30,65.70,64.40,65.50,69.80,60.80,3817200,HSX,stock
2026-05-25,PNJ,66.00,66.00,64.30,64.30,70.00,61.00,2182600,HSX,stock
2026-05-26,PNJ,64.80,65.40,64.10,65.20,68.80,59.80,1045500,HSX,stock
2026-05-27,PNJ,65.00,65.60,65.00,65.30,69.70,60.70,447600,HSX,stock
2026-05-28,PNJ,65.30,66.20,64.50,65.90,69.80,60.80,1554200,HSX,stock
2026-05-29,PNJ,65.30,66.10,64.90,65.80,70.50,61.30,1884100,HSX,stock
2026-06-01,PNJ,65.80,66.00,65.00,65.80,70.40,61.20,1029400,HSX,stock
2026-06-02,PNJ,65.20,65.70,64.60,65.00,70.40,61.20,1421700,HSX,stock
2026-06-03,PNJ,65.20,65.70,64.50,65.40,69.50,60.50,1448800,HSX,stock
2026-06-04,PNJ,65.40,65.50,64.30,65.00,69.90,60.90,569400,HSX,stock
2026-06-05,PNJ,65.00,65.70,64.50,65.70,69.50,60.50,587700,HSX,stock
2026-06-08,PNJ,64.70,65.50,64.60,65.10,70.20,61.20,2918400,HSX,stock
2026-06-09,PNJ,64.80,64.90,63.50,64.80,69.60,60.60,4863800,HSX,stock
2026-06-10,PNJ,63.90,64.70,63.60,64.00,69.30,60.30,3610400,HSX,stock
2026-06-11,PNJ,63.40,63.40,61.70,62.00,68.40,59.60,4990700,HSX,stock
2026-06-12,PNJ,62.80,63.30,62.00,62.00,66.30,57.70,2528400,HSX,stock
2026-06-15,PNJ,63.10,65.20,63.10,65.00,66.30,57.70,5394200,HSX,stock
2026-06-16,PNJ,64.90,68.50,64.50,68.20,69.50,60.50,3257000,HSX,stock
2026-06-17,PNJ,68.40,68.40,66.90,68.00,72.90,63.50,2349200,HSX,stock
2026-06-18,PNJ,67.50,68.00,66.90,68.00,72.70,63.30,7784200,HSX,stock
2026-06-19,PNJ,66.80,67.90,66.80,67.10,72.70,63.30,1555200,HSX,stock
2026-06-22,PNJ,65.00,66.00,64.80,66.00,71.70,62.50,6555500,HSX,stock
2026-06-23,PNJ,66.40,66.40,64.90,65.20,70.60,61.40,4307000,HSX,stock
2026-06-24,PNJ,64.80,66.00,64.40,65.50,69.70,60.70,2262400,HSX,stock
2026-06-25,PNJ,65.00,65.00,63.80,64.10,70.00,61.00,3681000,HSX,stock
2026-06-26,PNJ,63.60,63.80,62.70,63.50,68.50,59.70,1047000,HSX,stock
2026-06-29,PNJ,63.50,63.60,62.70,63.20,67.90,59.10,1347300,HSX,stock
2026-06-30,PNJ,63.10,63.20,62.30,63.00,67.60,58.80,4897500,HSX,stock
2026-07-01,PNJ,62.50,63.40,62.50,62.70,67.40,58.60,2529400,HSX,stock
2026-07-02,PNJ,63.00,64.80,62.80,63.10,67.00,58.40,2889400,HSX,stock
2026-07-03,PNJ,58.70,58.70,58.70,58.70,67.50,58.70,43816200,HSX,stock
2026-07-06,PNJ,54.60,54.60,54.60,54.60,62.80,54.60,17623100,HSX,stock
2026-07-07,PNJ,50.80,50.80,50.80,50.80,58.40,50.80,81793600,HSX,stock
2026-07-08,PNJ,47.25,52.00,47.25,52.00,54.30,47.25,508782200,HSX,stock
2026-07-09,PNJ,52.00,54.00,50.00,50.00,55.60,48.40,14732800,HSX,stock
2026-07-10,PNJ,49.70,49.80,46.50,46.60,53.50,46.50,15994200,HSX,stock
2026-07-13,PNJ,45.90,46.50,43.75,43.85,49.85,43.35,18425700,HSX,stock
2026-07-14,PNJ,43.90,46.90,43.80,46.90,46.90,40.80,11724900,HSX,stock
2026-07-15,PNJ,46.80,46.80,43.65,43.65,50.10,43.65,7885500,HSX,stock
2026-07-16,PNJ,41.70,42.75,40.60,40.90,46.70,40.60,34235400,HSX,stock
2022-01-04,SSI,52.50,53.40,51.90,53.00,55.40,48.20,5980900,HSX,stock
2022-01-05,SSI,53.00,53.90,52.50,52.80,56.70,49.30,6794500,HSX,stock
2022-01-06,SSI,52.40,53.00,51.90,51.90,56.40,49.15,6092800,HSX,stock
2022-01-07,SSI,51.70,52.50,51.20,51.60,55.50,48.30,5827700,HSX,stock
2022-01-10,SSI,51.60,52.00,49.55,49.55,55.20,48.00,5941500,HSX,stock
2022-01-11,SSI,49.70,50.60,48.00,48.10,53.00,46.10,6908100,HSX,stock
2022-01-12,SSI,48.50,50.50,48.10,50.50,51.40,44.75,6738600,HSX,stock
2022-01-13,SSI,51.00,51.10,48.85,48.85,54.00,47.00,5000300,HSX,stock
2022-01-14,SSI,48.45,49.45,48.30,48.70,52.20,45.45,3153000,HSX,stock
2022-01-17,SSI,48.50,48.90,45.30,45.30,52.10,45.30,12549200,HSX,stock
2022-01-18,SSI,44.30,45.10,42.15,42.30,48.45,42.15,7861700,HSX,stock
2022-01-19,SSI,43.90,45.20,43.35,45.20,45.25,39.35,5347500,HSX,stock
2022-01-20,SSI,45.40,46.20,44.45,45.70,48.35,42.05,4165700,HSX,stock
2022-01-21,SSI,45.20,45.60,44.20,44.55,48.85,42.55,3991800,HSX,stock
2022-01-24,SSI,43.80,44.30,41.45,41.45,47.65,41.45,7863400,HSX,stock
2022-01-25,SSI,41.00,42.90,40.90,42.80,44.35,38.55,4920600,HSX,stock
2022-01-26,SSI,43.00,43.40,42.40,42.45,45.75,39.85,4256500,HSX,stock
2022-01-27,SSI,42.50,44.50,42.10,43.40,45.40,39.50,3467800,HSX,stock
2022-01-28,SSI,43.30,45.05,43.20,45.05,46.40,40.40,4390300,HSX,stock
2022-02-07,SSI,46.00,46.90,45.30,45.85,48.20,41.90,4863400,HSX,stock
2022-02-08,SSI,45.50,46.10,45.00,45.65,49.05,42.65,3185300,HSX,stock
2022-02-09,SSI,45.30,46.30,45.30,45.70,48.80,42.50,4057100,HSX,stock
2022-02-10,SSI,45.80,45.90,44.60,45.10,48.85,42.55,3171000,HSX,stock
2022-02-11,SSI,45.00,45.65,44.80,45.10,48.25,41.95,2394400,HSX,stock
2022-02-14,SSI,44.50,44.70,43.60,43.60,48.25,41.95,4668400,HSX,stock
2022-02-15,SSI,44.20,44.70,43.35,44.20,46.65,40.55,3050900,HSX,stock
2022-02-16,SSI,44.70,45.10,44.30,44.90,47.25,41.15,2522600,HSX,stock
2022-02-17,SSI,44.80,45.15,44.80,45.00,48.00,41.80,3131800,HSX,stock
2022-02-18,SSI,44.50,45.80,44.40,45.20,48.15,41.85,4402000,HSX,stock
2022-02-21,SSI,45.30,46.40,45.30,46.00,48.35,42.05,4562300,HSX,stock
2022-02-22,SSI,45.30,45.70,44.50,45.00,49.20,42.80,3273900,HSX,stock
2022-02-23,SSI,45.20,45.60,45.20,45.30,48.15,41.85,2622700,HSX,stock
2022-02-24,SSI,45.10,46.00,43.45,44.60,48.45,42.15,5547900,HSX,stock
2022-02-25,SSI,45.00,46.55,44.80,45.70,47.70,41.50,6550600,HSX,stock
2022-02-28,SSI,45.80,46.60,45.65,45.70,48.85,42.55,3098300,HSX,stock
2022-03-01,SSI,46.00,46.30,45.40,46.00,48.85,42.55,3972000,HSX,stock
2022-03-02,SSI,45.60,45.85,44.55,44.80,49.20,42.80,5231700,HSX,stock
2022-03-03,SSI,45.00,45.50,44.50,45.50,47.90,41.70,3660400,HSX,stock
2022-03-04,SSI,46.00,47.40,45.95,46.60,48.65,42.35,8399000,HSX,stock
2022-03-07,SSI,46.10,46.85,45.75,46.80,49.85,43.35,5357800,HSX,stock
2022-03-08,SSI,46.50,48.20,46.10,47.00,50.00,43.55,9807200,HSX,stock
2022-03-09,SSI,47.30,47.50,45.90,46.60,50.20,43.75,5324000,HSX,stock
2022-03-10,SSI,47.80,47.80,46.60,46.60,49.85,43.35,3607900,HSX,stock
2022-03-11,SSI,46.20,46.50,44.70,45.00,49.85,43.35,6181900,HSX,stock
2022-03-14,SSI,44.60,44.80,42.90,43.20,48.15,41.85,7435100,HSX,stock
2022-03-15,SSI,43.05,44.10,43.00,43.30,46.20,40.20,3618200,HSX,stock
2022-03-16,SSI,43.50,44.45,43.40,43.80,46.30,40.30,3396200,HSX,stock
2022-03-17,SSI,44.45,44.45,43.80,43.80,46.85,40.75,2428900,HSX,stock
2022-03-18,SSI,43.95,44.50,43.70,43.80,46.85,40.75,4643400,HSX,stock
2022-03-21,SSI,44.30,44.45,43.80,44.30,46.85,40.75,2927700,HSX,stock
2022-03-22,SSI,44.30,44.80,44.20,44.35,47.40,41.20,2934900,HSX,stock
2022-03-23,SSI,44.50,44.70,44.20,44.20,47.45,41.25,2926700,HSX,stock
2022-03-24,SSI,44.45,44.45,43.75,43.80,47.25,41.15,3276000,HSX,stock
2022-03-25,SSI,43.75,43.95,43.30,43.45,46.85,40.75,3249100,HSX,stock
2022-03-28,SSI,42.90,43.25,41.80,42.25,46.45,40.45,4070300,HSX,stock
2022-03-29,SSI,42.90,42.90,42.60,42.65,45.20,39.30,1732600,HSX,stock
2022-03-30,SSI,42.10,43.20,42.05,42.30,45.60,39.70,3359300,HSX,stock
2022-03-31,SSI,42.80,42.80,42.00,42.00,45.25,39.35,2053600,HSX,stock
2022-04-01,SSI,42.00,42.90,41.40,42.90,44.90,39.10,3852600,HSX,stock
2022-04-04,SSI,43.50,45.05,43.10,45.00,,,6329000,HSX,stock
2022-04-05,SSI,44.80,45.40,44.25,44.30,48.15,41.85,3494800,HSX,stock
2022-04-06,SSI,43.70,44.90,43.70,44.60,47.40,41.20,3740900,HSX,stock
2022-04-07,SSI,44.60,45.35,44.05,44.05,47.70,41.50,4383100,HSX,stock
2022-04-08,SSI,44.00,44.25,43.00,43.00,47.10,41.00,3719500,HSX,stock
2022-04-12,SSI,43.10,43.40,41.60,41.80,46.00,40.00,3554000,HSX,stock
2022-04-13,SSI,42.00,42.75,40.90,42.55,44.70,38.90,3763500,HSX,stock
2022-04-14,SSI,42.95,42.95,41.90,42.00,45.50,39.60,2021300,HSX,stock
2022-04-15,SSI,41.80,42.10,39.85,40.00,44.90,39.10,4626800,HSX,stock
2022-04-18,SSI,39.30,40.00,37.20,37.50,42.80,37.20,7275500,HSX,stock
2022-04-19,SSI,37.60,38.40,35.00,35.00,40.10,34.90,5670400,HSX,stock
2022-04-20,SSI,34.95,36.00,34.70,35.20,37.45,32.55,4762300,HSX,stock
2022-04-21,SSI,34.60,36.80,34.50,36.05,37.65,32.75,6314100,HSX,stock
2022-04-22,SSI,36.50,36.65,35.00,36.05,38.55,33.55,3535700,HSX,stock
2022-04-25,SSI,36.00,36.25,33.55,33.55,38.55,33.55,4918600,HSX,stock
2022-04-26,SSI,32.50,34.50,31.35,34.50,35.85,31.25,6401400,HSX,stock
2022-04-27,SSI,34.25,34.60,33.70,34.40,36.90,32.10,2924700,HSX,stock
2022-04-28,SSI,34.30,34.65,33.30,33.50,36.80,32.00,2991500,HSX,stock
2022-04-29,SSI,33.50,34.20,33.15,33.55,35.80,31.20,4630400,HSX,stock
2022-05-04,SSI,33.55,33.80,32.00,32.00,35.85,31.25,3297600,HSX,stock
2022-05-05,SSI,32.50,32.75,30.30,31.00,34.20,29.80,4529100,HSX,stock
2022-05-06,SSI,30.00,30.70,28.85,28.85,33.15,28.85,6962200,HSX,stock
2022-05-09,SSI,28.45,28.50,26.85,26.85,30.85,26.85,7628100,HSX,stock
2022-05-10,SSI,26.00,28.05,25.95,27.90,28.70,25.00,7017300,HSX,stock
2022-05-11,SSI,28.05,28.10,27.35,27.70,29.85,25.95,2840400,HSX,stock
2022-05-12,SSI,27.25,27.55,25.80,25.80,29.60,25.80,6320500,HSX,stock
2022-05-13,SSI,26.00,26.60,25.05,25.80,27.60,24.00,11023900,HSX,stock
2022-05-16,SSI,27.40,27.60,27.20,27.30,27.60,24.00,8522600,HSX,stock
2022-05-17,SSI,27.00,29.15,26.90,29.15,29.20,25.40,8529500,HSX,stock
2022-05-18,SSI,29.20,29.95,28.60,28.65,31.15,27.15,10336700,HSX,stock
2022-05-19,SSI,27.60,29.00,27.60,28.50,30.65,26.65,9014400,HSX,stock
2022-05-20,SSI,28.80,29.50,28.40,28.45,30.45,26.55,7082300,HSX,stock
2022-05-23,SSI,28.50,28.65,26.50,26.50,30.40,26.50,11290400,HSX,stock
2022-05-24,SSI,26.40,28.10,25.15,28.10,28.35,24.65,9440100,HSX,stock
2022-05-25,SSI,28.10,29.30,28.00,28.80,30.05,26.15,7199000,HSX,stock
2022-05-26,SSI,28.90,30.20,28.80,29.45,30.80,26.80,11475600,HSX,stock
2022-05-27,SSI,29.30,30.45,29.25,29.90,31.50,27.40,9101100,HSX,stock
2022-05-30,SSI,30.05,30.70,29.50,29.90,31.95,27.85,6681100,HSX,stock
2022-05-31,SSI,29.40,30.05,29.00,29.65,31.95,27.85,8234700,HSX,stock
2022-06-01,SSI,29.50,29.90,28.70,29.55,31.70,27.60,5834200,HSX,stock
2022-06-02,SSI,29.60,30.20,28.80,29.00,,,3803600,HSX,stock
2022-06-03,SSI,28.80,29.70,28.80,29.25,31.00,27.00,7470500,HSX,stock
2022-06-06,SSI,29.55,29.90,28.80,29.00,31.25,27.25,5854400,HSX,stock
2022-06-07,SSI,28.70,28.95,27.25,28.20,31.00,27.00,7786000,HSX,stock
2022-06-08,SSI,28.50,29.75,28.20,29.30,30.15,26.25,6060500,HSX,stock
2022-06-09,SSI,29.35,29.60,28.85,29.00,31.35,27.25,3133600,HSX,stock
2022-06-10,SSI,28.60,29.00,27.85,27.85,31.00,27.00,6345200,HSX,stock
2022-06-13,SSI,26.50,27.00,25.95,25.95,29.75,25.95,7693100,HSX,stock
2022-06-14,SSI,25.40,25.70,24.15,24.35,27.75,24.15,7556200,HSX,stock
2022-06-15,SSI,24.50,24.75,22.65,22.65,26.05,22.65,7894200,HSX,stock
2022-06-16,SSI,23.40,23.40,21.95,22.15,24.20,21.10,6297300,HSX,stock
2022-06-17,SSI,20.85,21.50,20.60,20.60,23.70,20.60,9473200,HSX,stock
2022-06-20,SSI,20.65,21.30,19.20,19.20,22.00,19.20,7762800,HSX,stock
2022-06-21,SSI,18.35,19.90,18.05,18.30,20.50,17.90,13238100,HSX,stock
2022-06-22,SSI,17.70,17.70,17.50,17.70,17.70,15.40,5987100,HSX,stock
2022-06-23,SSI,18.00,18.50,17.90,18.50,18.90,16.50,7044800,HSX,stock
2022-06-24,SSI,18.40,19.10,18.35,18.60,19.75,17.25,5402300,HSX,stock
2022-06-27,SSI,18.75,19.85,18.60,19.85,19.90,17.30,5763800,HSX,stock
2022-06-28,SSI,19.90,19.95,19.45,19.60,21.20,18.50,5520800,HSX,stock
2022-06-29,SSI,19.30,20.20,19.20,19.75,20.95,18.25,5833900,HSX,stock
2022-06-30,SSI,19.70,19.85,18.80,18.80,21.10,18.40,5625900,HSX,stock
2022-07-01,SSI,18.65,19.80,17.95,19.70,20.10,17.50,6599500,HSX,stock
2022-07-04,SSI,20.05,20.60,19.95,20.20,21.05,18.35,8193100,HSX,stock
2022-07-05,SSI,20.15,20.35,19.70,19.70,21.60,18.80,6259900,HSX,stock
2022-07-06,SSI,19.20,19.80,18.90,19.00,21.05,18.35,6980800,HSX,stock
2022-07-07,SSI,18.80,19.20,18.65,19.10,20.30,17.70,5001400,HSX,stock
2022-07-08,SSI,19.30,20.40,19.30,20.40,20.40,17.80,10768800,HSX,stock
2022-07-11,SSI,20.45,21.15,19.90,20.65,21.80,19.00,10333900,HSX,stock
2022-07-12,SSI,20.55,21.15,20.40,20.90,22.05,19.25,5012200,HSX,stock
2022-07-13,SSI,20.90,21.10,20.30,20.70,22.35,19.45,8003800,HSX,stock
2022-07-14,SSI,20.50,21.95,20.35,21.50,22.10,19.30,8814700,HSX,stock
2022-07-15,SSI,21.60,21.75,21.10,21.10,23.00,20.00,8035700,HSX,stock
2022-07-18,SSI,21.30,21.40,20.70,20.90,22.55,19.65,7256600,HSX,stock
2022-07-19,SSI,20.65,20.90,20.10,20.65,22.35,19.45,7784300,HSX,stock
2022-07-20,SSI,21.00,21.60,20.90,21.30,22.05,19.25,9498300,HSX,stock
2022-07-21,SSI,21.20,21.60,21.10,21.30,22.75,19.85,6868200,HSX,stock
2022-07-22,SSI,21.30,21.50,20.90,20.90,22.75,19.85,7967900,HSX,stock
2022-07-25,SSI,20.70,21.05,20.30,20.45,22.35,19.45,7734300,HSX,stock
2022-07-26,SSI,20.55,20.70,20.10,20.25,21.85,19.05,6918800,HSX,stock
2022-07-27,SSI,20.00,20.40,19.80,20.40,21.65,18.85,7199000,HSX,stock
2022-07-28,SSI,20.90,21.35,20.70,21.15,21.80,19.00,7605700,HSX,stock
2022-07-29,SSI,21.30,21.65,21.05,21.35,22.60,19.70,8203600,HSX,stock
2022-08-01,SSI,21.35,22.80,21.35,22.80,22.80,19.90,10334500,HSX,stock
2022-08-02,SSI,23.00,23.65,22.90,23.20,24.35,21.25,16512800,HSX,stock
2022-08-03,SSI,22.90,23.70,22.85,23.55,24.80,21.60,9595700,HSX,stock
2022-08-04,SSI,23.80,23.90,23.00,23.55,25.15,21.95,8723200,HSX,stock
2022-08-05,SSI,23.35,25.10,23.25,24.80,25.15,21.95,11343100,HSX,stock
2022-08-08,SSI,25.15,25.35,24.35,24.65,26.50,23.10,8022400,HSX,stock
2022-08-09,SSI,24.70,24.95,24.35,24.80,26.35,22.95,6464300,HSX,stock
2022-08-10,SSI,24.55,25.00,24.45,24.55,26.50,23.10,6915300,HSX,stock
2022-08-11,SSI,24.85,25.20,23.80,24.40,26.25,22.85,12444500,HSX,stock
2022-08-12,SSI,24.35,24.90,24.05,24.90,26.10,22.70,7517000,HSX,stock
2022-08-15,SSI,25.15,25.30,24.60,24.75,26.60,23.20,5973800,HSX,stock
2022-08-16,SSI,24.75,25.00,24.45,24.60,26.45,23.05,4818800,HSX,stock
2022-08-17,SSI,24.80,25.15,24.50,24.55,26.30,22.90,8195400,HSX,stock
2022-08-18,SSI,24.30,25.50,24.30,25.10,26.25,22.85,11971800,HSX,stock
2022-08-19,SSI,25.10,25.45,24.90,25.15,26.85,23.35,6563400,HSX,stock
2022-08-22,SSI,25.15,25.35,24.60,24.70,26.90,23.40,7204600,HSX,stock
2022-08-23,SSI,24.30,25.40,23.80,25.40,26.40,23.00,13156800,HSX,stock
2022-08-24,SSI,25.65,25.70,25.15,25.25,27.15,23.65,5700300,HSX,stock
2022-08-25,SSI,25.35,26.00,25.35,25.50,27.00,23.50,5937800,HSX,stock
2022-08-26,SSI,25.50,25.65,24.80,24.80,27.25,23.75,9306700,HSX,stock
2022-08-29,SSI,24.20,24.40,23.55,24.40,26.50,23.10,12056300,HSX,stock
2022-08-30,SSI,24.65,24.80,23.90,23.95,26.10,22.70,5511400,HSX,stock
2022-08-31,SSI,23.70,24.20,23.70,24.00,25.60,22.30,5054500,HSX,stock
2022-09-05,SSI,24.10,24.30,23.70,23.70,25.65,22.35,4304300,HSX,stock
2022-09-06,SSI,23.85,24.15,23.50,23.75,25.35,22.05,4508400,HSX,stock
2022-09-07,SSI,23.70,23.95,22.55,22.55,25.40,22.10,9654100,HSX,stock
2022-09-08,SSI,22.95,23.00,22.05,22.05,24.10,21.00,7256000,HSX,stock
2022-09-09,SSI,22.00,22.20,21.30,22.20,23.55,20.55,13752800,HSX,stock
2022-09-12,SSI,22.50,22.50,21.85,21.85,23.75,20.65,6284600,HSX,stock
2022-09-13,SSI,21.85,22.05,21.20,21.65,23.35,20.35,8252900,HSX,stock
2022-09-14,SSI,21.00,22.15,21.00,21.95,23.15,20.15,11369000,HSX,stock
2022-09-15,SSI,22.10,22.10,21.60,21.65,23.45,20.45,4488900,HSX,stock
2022-09-16,SSI,21.50,21.70,21.05,21.15,23.15,20.15,9472400,HSX,stock
2022-09-19,SSI,21.15,21.15,19.90,19.90,22.60,19.70,9420400,HSX,stock
2022-09-20,SSI,20.20,20.75,19.90,20.70,21.25,18.55,5825700,HSX,stock
2022-09-21,SSI,20.50,20.80,20.35,20.55,22.10,19.30,4216500,HSX,stock
2022-09-22,SSI,20.30,21.20,20.20,21.10,21.95,19.15,7478500,HSX,stock
2022-09-23,SSI,21.00,21.30,20.55,20.65,22.55,19.65,4549900,HSX,stock
2022-09-26,SSI,20.05,20.30,19.25,19.50,22.05,19.25,8623200,HSX,stock
2022-09-27,SSI,19.70,20.00,19.50,19.55,20.85,18.15,5122000,HSX,stock
2022-09-28,SSI,19.40,20.05,19.40,19.75,20.90,18.20,5571000,HSX,stock
2022-09-29,SSI,20.20,20.20,19.30,19.30,21.10,18.40,6047300,HSX,stock
2022-09-30,SSI,19.15,19.80,18.30,19.80,20.65,17.95,9491100,HSX,stock
2022-10-03,SSI,19.60,19.65,18.45,18.45,21.15,18.45,7178300,HSX,stock
2022-10-04,SSI,18.90,19.10,17.60,17.80,19.70,17.20,8446700,HSX,stock
2022-10-05,SSI,18.35,18.80,18.20,18.65,19.00,16.60,6298300,HSX,stock
2022-10-06,SSI,18.65,18.65,17.40,17.40,19.95,17.35,6228900,HSX,stock
2022-10-07,SSI,17.05,17.10,16.20,16.80,18.60,16.20,11157700,HSX,stock
2022-10-10,SSI,16.75,17.70,16.55,17.40,17.95,15.65,8003000,HSX,stock
2022-10-11,SSI,17.05,17.40,16.20,16.20,18.60,16.20,7722700,HSX,stock
2022-10-12,SSI,16.40,17.30,16.25,17.25,17.30,15.10,7599700,HSX,stock
2022-10-13,SSI,17.25,17.70,17.00,17.50,18.45,16.05,4898800,HSX,stock
2022-10-14,SSI,18.00,18.40,17.80,17.90,18.70,16.30,8701800,HSX,stock
2022-10-17,SSI,17.60,18.00,17.25,18.00,19.15,16.65,6512500,HSX,stock
2022-10-18,SSI,18.40,18.50,17.70,17.80,19.25,16.75,7917900,HSX,stock
2022-10-19,SSI,17.90,18.00,17.50,17.65,19.00,16.60,5984500,HSX,stock
2022-10-20,SSI,17.50,17.85,17.25,17.40,18.85,16.45,4993000,HSX,stock
2022-10-21,SSI,17.40,17.45,16.20,16.20,18.60,16.20,9362700,HSX,stock
2022-10-24,SSI,16.30,16.40,15.10,15.10,17.30,15.10,11179500,HSX,stock
2022-10-25,SSI,15.10,16.05,14.30,15.05,16.15,14.05,10408100,HSX,stock
2022-10-26,SSI,15.30,15.60,14.70,14.85,16.10,14.00,4426500,HSX,stock
2022-10-27,SSI,15.10,15.85,15.00,15.85,15.85,13.85,8562900,HSX,stock
2022-10-28,SSI,16.20,16.40,15.85,15.90,16.95,14.75,7844700,HSX,stock
2022-10-31,SSI,15.90,16.40,15.20,16.30,17.00,14.80,9805300,HSX,stock
2022-11-01,SSI,16.60,17.05,16.30,16.95,17.40,15.20,9114300,HSX,stock
2022-11-02,SSI,16.95,17.05,16.50,16.50,18.10,15.80,7318400,HSX,stock
2022-11-03,SSI,16.20,16.80,16.15,16.50,17.65,15.35,5104500,HSX,stock
2022-11-04,SSI,16.25,16.30,15.35,15.35,17.65,15.35,10917400,HSX,stock
2022-11-07,SSI,15.25,15.50,14.30,14.30,16.40,14.30,10698300,HSX,stock
2022-11-08,SSI,13.80,15.15,13.80,15.00,15.30,13.30,7692300,HSX,stock
2022-11-09,SSI,15.15,15.60,14.90,14.90,16.05,13.95,4028100,HSX,stock
2022-11-10,SSI,14.70,14.80,13.90,13.90,15.90,13.90,6047900,HSX,stock
2022-11-11,SSI,14.30,14.60,13.80,14.10,14.85,12.95,9335300,HSX,stock
2022-11-14,SSI,13.80,14.50,13.20,14.25,15.05,13.15,9354400,HSX,stock
2022-11-15,SSI,14.00,14.25,13.30,13.90,15.20,13.30,10222000,HSX,stock
2022-11-16,SSI,13.10,14.85,13.05,14.85,14.85,12.95,10960700,HSX,stock
2022-11-17,SSI,15.15,15.85,15.10,15.80,15.85,13.85,9404300,HSX,stock
2022-11-18,SSI,15.75,16.60,15.35,16.25,16.90,14.70,14180000,HSX,stock
2022-11-21,SSI,16.45,16.50,15.95,16.10,17.35,15.15,5042000,HSX,stock
2022-11-22,SSI,15.90,17.00,15.90,16.35,17.20,15.00,12272600,HSX,stock
2022-11-23,SSI,16.20,16.45,15.80,15.80,17.45,15.25,5617700,HSX,stock
2022-11-24,SSI,15.45,16.00,15.25,16.00,16.90,14.70,7655100,HSX,stock
2022-11-25,SSI,16.40,17.10,16.15,17.10,17.10,14.90,10575900,HSX,stock
2022-11-28,SSI,17.50,18.25,17.50,18.25,18.25,15.95,11627700,HSX,stock
2022-11-29,SSI,18.50,19.15,18.00,18.95,19.50,17.00,14124000,HSX,stock
2022-11-30,SSI,18.70,19.40,18.45,19.25,20.25,17.65,13226600,HSX,stock
2022-12-01,SSI,19.50,19.65,18.20,18.20,20.55,17.95,16957700,HSX,stock
2022-12-02,SSI,18.10,19.45,18.10,19.45,19.45,16.95,12850700,HSX,stock
2022-12-05,SSI,20.30,20.80,19.80,20.80,20.80,18.10,17001400,HSX,stock
2022-12-06,SSI,20.40,20.95,19.55,19.55,22.25,19.35,17911200,HSX,stock
2022-12-07,SSI,19.55,19.95,18.90,19.25,20.90,18.20,10521000,HSX,stock
2022-12-08,SSI,19.75,20.55,19.55,20.55,20.55,17.95,12580900,HSX,stock
2022-12-09,SSI,20.70,20.80,19.90,20.25,21.95,19.15,8767200,HSX,stock
2022-12-12,SSI,20.40,20.75,19.10,19.15,21.65,18.85,12452500,HSX,stock
2022-12-13,SSI,19.15,20.40,18.85,20.40,20.45,17.85,13278300,HSX,stock
2022-12-14,SSI,21.00,21.00,20.10,20.10,21.80,19.00,9605200,HSX,stock
2022-12-15,SSI,20.10,20.35,19.95,20.25,21.50,18.70,6798300,HSX,stock
2022-12-16,SSI,20.00,20.60,20.00,20.50,21.65,18.85,12951000,HSX,stock
2022-12-19,SSI,20.50,21.85,20.35,20.50,21.90,19.10,15988900,HSX,stock
2022-12-20,SSI,20.50,20.75,19.35,19.80,21.90,19.10,11498700,HSX,stock
2022-12-21,SSI,20.20,20.20,18.45,19.30,21.15,18.45,11165700,HSX,stock
2022-12-22,SSI,19.50,19.55,18.60,19.10,20.65,17.95,6238100,HSX,stock
2022-12-23,SSI,19.00,19.10,18.25,18.30,20.40,17.80,5393400,HSX,stock
2022-12-26,SSI,18.20,18.30,17.05,17.05,19.55,17.05,9116500,HSX,stock
2022-12-27,SSI,17.00,18.20,17.00,18.20,18.20,15.90,6065500,HSX,stock
2022-12-28,SSI,18.45,18.45,17.80,18.15,19.45,16.95,5772900,HSX,stock
2022-12-29,SSI,18.00,18.25,17.60,17.60,19.40,16.90,4268700,HSX,stock
2022-12-30,SSI,17.75,18.10,17.60,17.70,18.80,16.40,3453700,HSX,stock
2023-01-03,SSI,17.80,18.90,17.80,18.90,18.90,16.50,7001500,HSX,stock
2023-01-04,SSI,19.20,19.50,18.95,19.00,20.20,17.60,5041000,HSX,stock
2023-01-05,SSI,19.15,19.35,18.70,19.30,20.30,17.70,6848700,HSX,stock
2023-01-06,SSI,19.30,19.60,18.90,18.90,20.65,17.95,6293500,HSX,stock
2023-01-09,SSI,19.10,19.35,18.85,19.00,20.20,17.60,4471000,HSX,stock
2023-01-10,SSI,19.00,19.25,18.45,18.90,20.30,17.70,5121100,HSX,stock
2023-01-11,SSI,19.05,19.75,19.05,19.30,20.20,17.60,4951200,HSX,stock
2023-01-12,SSI,19.35,19.50,19.10,19.30,20.65,17.95,3353700,HSX,stock
2023-01-13,SSI,19.50,19.85,19.10,19.20,20.65,17.95,5921900,HSX,stock
2023-01-16,SSI,19.30,19.50,19.10,19.40,20.50,17.90,3492100,HSX,stock
2023-01-17,SSI,19.60,20.40,19.50,20.40,20.75,18.05,9694500,HSX,stock
2023-01-18,SSI,20.50,21.00,20.30,20.55,21.80,19.00,8836000,HSX,stock
2023-01-19,SSI,20.45,21.25,20.40,21.20,21.95,19.15,11622000,HSX,stock
2023-01-27,SSI,21.50,21.60,20.85,20.95,22.65,19.75,9028700,HSX,stock
2023-01-30,SSI,20.95,21.70,20.70,21.00,22.40,19.50,7967600,HSX,stock
2023-01-31,SSI,21.15,21.65,20.85,21.60,22.45,19.55,7764700,HSX,stock
2023-02-01,SSI,21.70,21.85,20.10,20.15,23.10,20.10,12610100,HSX,stock
2023-02-02,SSI,20.30,20.40,19.90,20.15,21.55,18.75,5163400,HSX,stock
2023-02-03,SSI,20.10,20.30,19.60,19.75,21.55,18.75,5974100,HSX,stock
2023-02-06,SSI,19.60,20.00,19.40,20.00,21.10,18.40,5164200,HSX,stock
2023-02-07,SSI,20.10,20.35,19.05,19.05,21.40,18.60,7543600,HSX,stock
2023-02-08,SSI,19.40,19.70,18.70,19.50,20.35,17.75,5512800,HSX,stock
2023-02-09,SSI,19.45,19.75,19.30,19.35,20.85,18.15,3606600,HSX,stock
2023-02-10,SSI,19.35,19.60,18.85,19.00,20.70,18.00,4207300,HSX,stock
2023-02-13,SSI,18.95,19.00,18.15,18.50,20.30,17.70,4925800,HSX,stock
2023-02-14,SSI,18.75,18.90,18.50,18.90,19.75,17.25,3061200,HSX,stock
2023-02-15,SSI,18.90,19.35,18.80,19.10,20.20,17.60,4917500,HSX,stock
2023-02-16,SSI,19.30,19.50,19.15,19.50,20.40,17.80,4304100,HSX,stock
2023-02-17,SSI,19.45,19.65,19.20,19.45,20.85,18.15,3493500,HSX,stock
2023-02-20,SSI,19.45,20.75,19.40,20.75,20.80,18.10,9576900,HSX,stock
2023-02-21,SSI,20.80,20.95,20.45,20.45,22.20,19.30,6192500,HSX,stock
2023-02-22,SSI,20.20,20.40,19.30,19.30,21.85,19.05,12075200,HSX,stock
2023-02-23,SSI,19.30,19.70,18.80,19.70,20.65,17.95,7294700,HSX,stock
2023-02-24,SSI,19.75,19.75,19.00,19.00,21.05,18.35,4120100,HSX,stock
2023-02-27,SSI,18.80,18.90,18.25,18.25,20.30,17.70,5961000,HSX,stock
2023-02-28,SSI,18.60,18.75,18.20,18.25,19.50,17.00,6581600,HSX,stock
2023-03-01,SSI,18.30,19.00,18.15,18.95,19.50,17.00,4936600,HSX,stock
2023-03-02,SSI,19.00,19.10,18.65,18.65,20.25,17.65,2684000,HSX,stock
2023-03-03,SSI,18.85,18.85,18.45,18.45,19.95,17.35,3931300,HSX,stock
2023-03-06,SSI,18.85,19.20,18.75,18.75,19.70,17.20,4911900,HSX,stock
2023-03-07,SSI,19.00,19.50,18.80,19.40,20.05,17.45,6741600,HSX,stock
2023-03-08,SSI,19.10,19.80,19.00,19.80,20.75,18.05,6870100,HSX,stock
2023-03-09,SSI,19.80,20.10,19.75,19.80,21.15,18.45,7630900,HSX,stock
2023-03-10,SSI,19.55,19.85,19.45,19.80,21.15,18.45,6281500,HSX,stock
2023-03-13,SSI,19.55,19.95,19.20,19.65,21.15,18.45,10192700,HSX,stock
2023-03-14,SSI,19.65,19.70,19.00,19.05,21.00,18.30,6452200,HSX,stock
2023-03-15,SSI,19.65,20.35,19.50,20.35,20.35,17.75,10606400,HSX,stock
2023-03-16,SSI,20.20,20.65,20.15,20.15,21.75,18.95,8388300,HSX,stock
2023-03-17,SSI,20.40,20.50,20.05,20.30,21.55,18.75,11098400,HSX,stock
2023-03-20,SSI,20.20,20.25,19.50,19.50,21.70,18.90,7837000,HSX,stock
2023-03-21,SSI,19.70,20.00,19.35,20.00,20.85,18.15,7129600,HSX,stock
2023-03-22,SSI,20.15,20.30,19.85,19.85,21.40,18.60,5562100,HSX,stock
2023-03-23,SSI,19.70,20.40,19.65,20.35,21.20,18.50,7210900,HSX,stock
2023-03-24,SSI,20.45,20.65,20.40,20.45,21.75,18.95,8244300,HSX,stock
2023-03-27,SSI,20.50,21.40,20.45,21.00,21.85,19.05,8448000,HSX,stock
2023-03-28,SSI,21.20,21.30,20.75,20.80,22.45,19.55,7423400,HSX,stock
2023-03-29,SSI,20.80,21.10,20.75,21.05,22.25,19.35,7062300,HSX,stock
2023-03-30,SSI,21.50,21.70,20.95,20.95,22.50,19.60,7913100,HSX,stock
2023-03-31,SSI,21.05,21.70,20.85,21.50,22.40,19.50,12808900,HSX,stock
2023-04-03,SSI,22.00,22.15,21.90,22.00,23.00,20.00,13706400,HSX,stock
2023-04-04,SSI,22.10,22.70,21.80,22.50,23.50,20.50,13217900,HSX,stock
2023-04-05,SSI,22.40,22.60,22.10,22.50,24.05,20.95,7761400,HSX,stock
2023-04-06,SSI,22.65,23.00,21.85,21.85,24.05,20.95,11349700,HSX,stock
2023-04-07,SSI,21.90,22.50,21.75,22.50,23.35,20.35,10668200,HSX,stock
2023-04-10,SSI,22.75,23.20,22.25,22.40,24.05,20.95,8967800,HSX,stock
2023-04-11,SSI,22.40,22.60,21.80,22.60,23.95,20.85,9424500,HSX,stock
2023-04-12,SSI,22.60,22.70,21.95,22.00,24.15,21.05,7118900,HSX,stock
2023-04-13,SSI,22.10,22.25,21.65,21.75,23.50,20.50,7047100,HSX,stock
2023-04-14,SSI,21.90,22.05,21.20,21.20,23.25,20.25,12304000,HSX,stock
2023-04-17,SSI,21.20,21.50,21.15,21.35,22.65,19.75,5769300,HSX,stock
2023-04-18,SSI,21.45,21.75,21.15,21.75,22.80,19.90,8455600,HSX,stock
2023-04-19,SSI,21.80,21.85,21.25,21.30,23.25,20.25,5223900,HSX,stock
2023-04-20,SSI,21.20,21.40,21.05,21.10,22.75,19.85,4515800,HSX,stock
2023-04-21,SSI,21.40,22.20,21.35,21.65,22.55,19.65,12283600,HSX,stock
2023-04-24,SSI,21.70,21.90,21.45,21.50,23.15,20.15,4076400,HSX,stock
2023-04-25,SSI,21.65,21.70,20.95,21.10,23.00,20.00,7717500,HSX,stock
2023-04-26,SSI,21.10,21.35,20.70,21.35,22.55,19.65,7624200,HSX,stock
2023-04-27,SSI,21.40,21.45,21.10,21.15,22.80,19.90,4579000,HSX,stock
2023-04-28,SSI,21.30,21.55,21.25,21.55,22.60,19.70,7738800,HSX,stock
2023-05-04,SSI,21.35,21.90,21.30,21.75,23.05,20.05,7494800,HSX,stock
2023-05-05,SSI,21.75,21.80,21.45,21.45,23.25,20.25,4069200,HSX,stock
2023-05-08,SSI,21.65,22.30,21.60,22.30,22.95,19.95,11825100,HSX,stock
2023-05-09,SSI,22.40,22.45,22.05,22.25,23.85,20.75,5930100,HSX,stock
2023-05-10,SSI,22.25,22.70,22.25,22.50,23.80,20.70,7800400,HSX,stock
2023-05-11,SSI,22.50,22.90,22.40,22.40,24.05,20.95,8131100,HSX,stock
2023-05-12,SSI,22.35,23.25,22.30,23.25,23.95,20.85,11012500,HSX,stock
2023-05-15,SSI,23.50,23.60,22.90,22.90,24.85,21.65,8037400,HSX,stock
2023-05-16,SSI,22.90,23.15,22.85,22.90,24.50,21.30,7999000,HSX,stock
2023-05-17,SSI,22.90,23.00,22.40,22.45,24.50,21.30,9760500,HSX,stock
2023-05-18,SSI,22.60,23.15,22.45,22.80,24.00,20.90,11785900,HSX,stock
2023-05-19,SSI,22.80,23.30,22.65,22.90,24.35,21.25,7053400,HSX,stock
2023-05-22,SSI,23.10,23.20,22.85,22.90,24.50,21.30,7080800,HSX,stock
2023-05-23,SSI,23.00,23.30,22.80,22.85,24.50,21.30,8359200,HSX,stock
2023-05-24,SSI,23.15,23.20,22.70,22.70,24.40,21.30,10840300,HSX,stock
2023-05-25,SSI,22.60,22.70,22.45,22.50,24.25,21.15,6766100,HSX,stock
2023-05-26,SSI,22.55,22.70,22.50,22.55,24.05,20.95,4177200,HSX,stock
2023-05-29,SSI,22.85,23.45,22.75,23.40,24.10,21.00,8744100,HSX,stock
2023-05-30,SSI,23.50,23.60,23.10,23.35,25.00,21.80,6593300,HSX,stock
2023-05-31,SSI,23.25,23.50,23.00,23.15,24.95,21.75,7538200,HSX,stock
2023-06-01,SSI,23.20,23.60,23.05,23.45,24.75,21.55,6873100,HSX,stock
2023-06-02,SSI,23.80,24.35,23.70,24.10,25.05,21.85,11120400,HSX,stock
2023-06-05,SSI,24.45,24.60,23.90,24.10,25.75,22.45,8095500,HSX,stock
2023-06-06,SSI,24.10,25.30,23.90,25.15,25.75,22.45,14056500,HSX,stock
2023-06-07,SSI,25.15,25.40,24.90,25.10,26.90,23.40,8155500,HSX,stock
2023-06-08,SSI,25.30,25.40,24.30,24.30,26.85,23.35,15750500,HSX,stock
2023-06-09,SSI,24.50,25.25,24.25,25.25,26.00,22.60,9897100,HSX,stock
2023-06-12,SSI,25.25,25.40,24.70,25.35,27.00,23.50,7689300,HSX,stock
2023-06-13,SSI,25.50,25.70,25.10,25.35,27.10,23.60,8443200,HSX,stock
2023-06-14,SSI,25.50,26.20,25.35,25.40,27.10,23.60,8577700,HSX,stock
2023-06-15,SSI,25.50,25.80,25.45,25.70,27.15,23.65,6965000,HSX,stock
2023-06-16,SSI,26.05,27.20,26.05,26.10,27.45,23.95,14595800,HSX,stock
2023-06-19,SSI,26.30,26.70,26.10,26.40,27.90,24.30,6804000,HSX,stock
2023-06-20,SSI,25.80,25.95,24.95,25.70,27.15,23.65,8529800,HSX,stock
2023-06-21,SSI,25.70,26.20,25.60,26.00,27.45,23.95,6988600,HSX,stock
2023-06-22,SSI,26.10,26.50,25.80,26.10,27.80,24.20,6967800,HSX,stock
2023-06-23,SSI,26.10,26.20,25.75,26.00,27.90,24.30,5662700,HSX,stock
2023-06-26,SSI,26.00,26.05,25.25,25.80,27.80,24.20,6996200,HSX,stock
2023-06-27,SSI,25.85,26.75,25.80,26.60,27.60,24.00,8655300,HSX,stock
2023-06-28,SSI,26.60,26.95,26.40,26.55,28.45,24.75,7464900,HSX,stock
2023-06-29,SSI,26.65,26.65,25.45,25.45,28.40,24.70,8844800,HSX,stock
2023-06-30,SSI,25.50,25.90,25.40,25.80,27.20,23.70,6319000,HSX,stock
2023-07-03,SSI,26.05,26.10,25.65,25.70,27.60,24.00,6909400,HSX,stock
2023-07-04,SSI,25.70,26.50,25.55,26.50,27.45,23.95,10746300,HSX,stock
2023-07-05,SSI,26.70,26.70,26.20,26.20,28.35,24.65,7388500,HSX,stock
2023-07-06,SSI,26.20,26.70,25.80,26.30,28.00,24.40,10980700,HSX,stock
2023-07-07,SSI,26.10,26.45,25.65,26.45,28.10,24.50,6673100,HSX,stock
2023-07-10,SSI,26.65,27.50,26.65,27.50,28.30,24.60,13213500,HSX,stock
2023-07-11,SSI,27.40,28.45,27.40,28.05,29.40,25.60,10778800,HSX,stock
2023-07-12,SSI,28.30,28.60,27.65,27.95,30.00,26.10,6841200,HSX,stock
2023-07-13,SSI,28.25,28.50,28.00,28.40,29.90,26.00,3512300,HSX,stock
2023-07-14,SSI,28.50,28.60,27.95,28.50,30.35,26.45,4360300,HSX,stock
2023-07-17,SSI,28.55,29.20,28.55,28.80,30.45,26.55,6612200,HSX,stock
2023-07-18,SSI,28.80,28.80,28.45,28.55,30.80,26.80,3712200,HSX,stock
2023-07-19,SSI,28.60,28.90,28.45,28.50,30.50,26.60,2439600,HSX,stock
2023-07-20,SSI,28.50,28.50,27.60,28.00,30.45,26.55,9662100,HSX,stock
2023-07-21,SSI,28.00,28.80,27.85,28.75,29.95,26.05,4308800,HSX,stock
2023-07-24,SSI,29.10,29.20,28.40,28.70,30.75,26.75,6675200,HSX,stock
2023-07-25,SSI,28.70,29.10,28.50,28.80,30.70,26.70,6019400,HSX,stock
2023-07-26,SSI,28.80,29.05,28.40,29.00,30.80,26.80,5287500,HSX,stock
2023-07-27,SSI,29.00,29.70,28.90,29.45,31.00,27.00,6397400,HSX,stock
2023-07-28,SSI,29.45,29.90,29.35,29.75,31.50,27.40,4031100,HSX,stock
2023-07-31,SSI,29.95,30.20,29.35,29.65,31.80,27.70,4801800,HSX,stock
2023-08-01,SSI,29.70,29.70,28.80,28.80,31.70,27.60,6283400,HSX,stock
2023-08-02,SSI,28.70,29.15,28.60,29.00,30.80,26.80,3380100,HSX,stock
2023-08-03,SSI,28.95,29.05,28.30,28.50,31.00,27.00,5135500,HSX,stock
2023-08-04,SSI,28.50,29.40,28.50,29.20,30.45,26.55,5816200,HSX,stock
2023-08-07,SSI,29.60,29.95,29.40,29.70,31.20,27.20,6631200,HSX,stock
2023-08-08,SSI,29.85,29.85,29.00,29.10,31.75,27.65,4052600,HSX,stock
2023-08-09,SSI,28.90,29.20,28.55,28.60,31.10,27.10,7068500,HSX,stock
2023-08-10,SSI,28.60,28.85,28.10,28.10,30.60,26.60,6264200,HSX,stock
2023-08-11,SSI,28.25,28.30,27.65,28.15,30.05,26.15,7844500,HSX,stock
2023-08-14,SSI,28.45,29.40,28.10,29.15,30.10,26.20,11512700,HSX,stock
2023-08-15,SSI,29.20,29.20,28.65,28.70,31.15,27.15,5523800,HSX,stock
2023-08-16,SSI,28.65,29.15,28.45,28.85,30.70,26.70,5511800,HSX,stock
2023-08-17,SSI,29.05,30.60,29.05,29.95,30.85,26.85,21156300,HSX,stock
2023-08-18,SSI,29.70,30.40,28.00,28.30,32.00,27.90,11385200,HSX,stock
2023-08-21,SSI,29.00,29.15,28.50,28.85,30.25,26.35,14395900,HSX,stock
2023-08-22,SSI,29.00,30.70,27.85,30.70,30.85,26.85,10132100,HSX,stock
2023-08-23,SSI,31.00,31.15,30.15,30.40,32.80,28.60,10300600,HSX,stock
2023-08-24,SSI,30.30,32.10,30.15,32.00,32.50,28.30,9577300,HSX,stock
2023-08-25,SSI,31.70,32.50,31.65,32.20,34.20,29.80,6921800,HSX,stock
2023-08-28,SSI,32.30,32.70,32.10,32.45,34.45,29.95,11148900,HSX,stock
2023-08-29,SSI,32.50,32.80,31.70,32.35,34.70,30.20,12837600,HSX,stock
2023-08-30,SSI,32.40,33.90,32.10,33.50,34.60,30.10,10991900,HSX,stock
2023-08-31,SSI,33.50,33.75,33.30,33.40,35.80,31.20,8056200,HSX,stock
2023-09-05,SSI,33.60,33.70,32.80,33.35,35.70,31.10,6766600,HSX,stock
2023-09-06,SSI,33.35,34.50,32.95,34.00,35.65,31.05,6355500,HSX,stock
2023-09-07,SSI,34.10,34.15,33.30,33.65,36.35,31.65,4637300,HSX,stock
2023-09-08,SSI,33.50,34.10,33.40,33.75,36.00,31.30,7324000,HSX,stock
2023-09-11,SSI,34.00,34.35,33.40,33.50,36.10,31.40,11248800,HSX,stock
2023-09-12,SSI,33.65,35.80,33.50,35.80,35.80,31.20,14501500,HSX,stock
2023-09-13,SSI,36.20,36.60,35.50,35.80,38.30,33.30,7438800,HSX,stock
2023-09-14,SSI,35.80,36.25,34.90,35.65,38.30,33.30,6668100,HSX,stock
2023-09-15,SSI,35.90,36.05,35.00,35.50,38.10,33.20,11949800,HSX,stock
2023-09-18,SSI,35.00,35.95,34.90,35.70,37.95,33.05,10353600,HSX,stock
2023-09-19,SSI,35.80,36.20,35.20,36.20,38.15,33.25,7334500,HSX,stock
2023-09-20,SSI,36.40,37.00,36.10,36.45,38.70,33.70,8596200,HSX,stock
2023-09-21,SSI,36.40,36.45,34.75,34.75,39.00,33.90,19002900,HSX,stock
2023-09-22,SSI,33.65,33.95,32.35,32.60,37.15,32.35,15884900,HSX,stock
2023-09-25,SSI,32.20,33.10,30.35,30.35,34.85,30.35,10575800,HSX,stock
2023-09-26,SSI,31.00,32.45,30.30,30.90,32.45,28.25,10815600,HSX,stock
2023-09-27,SSI,31.70,33.00,30.90,33.00,33.05,28.75,8943400,HSX,stock
2023-09-28,SSI,32.80,32.90,31.70,32.30,35.30,30.70,9576500,HSX,stock
2023-09-29,SSI,32.90,32.90,31.80,31.80,34.55,30.05,8748800,HSX,stock
2023-10-02,SSI,31.80,32.65,31.70,32.10,34.00,29.60,4729500,HSX,stock
2023-10-03,SSI,31.60,31.65,30.10,30.20,34.30,29.90,12324700,HSX,stock
2023-10-04,SSI,29.80,32.30,29.65,31.75,32.30,28.10,10276700,HSX,stock
2023-10-05,SSI,31.90,32.40,31.50,31.65,33.95,29.55,6409900,HSX,stock
2023-10-06,SSI,31.65,32.95,31.20,32.95,33.85,29.45,6973700,HSX,stock
2023-10-09,SSI,32.90,33.50,32.40,33.20,35.25,30.65,4716800,HSX,stock
2023-10-10,SSI,33.60,33.90,32.70,32.70,35.50,30.90,11697100,HSX,stock
2023-10-11,SSI,32.80,34.00,32.55,34.00,34.95,30.45,10846800,HSX,stock
2023-10-12,SSI,34.10,34.10,33.40,33.60,36.35,31.65,7955100,HSX,stock
2023-10-13,SSI,33.30,34.10,33.00,33.55,35.95,31.25,9492900,HSX,stock
2023-10-16,SSI,33.55,33.60,31.90,32.10,35.85,31.25,11917700,HSX,stock
2023-10-17,SSI,32.40,32.90,31.45,31.45,34.30,29.90,9348000,HSX,stock
2023-10-18,SSI,31.80,32.15,29.80,31.55,33.65,29.25,8481300,HSX,stock
2023-10-19,SSI,31.55,31.75,29.80,30.10,33.75,29.35,11127600,HSX,stock
2023-10-20,SSI,30.10,31.40,29.10,31.30,32.20,28.00,12543200,HSX,stock
2023-10-23,SSI,30.60,31.35,30.40,30.60,33.45,29.15,7168400,HSX,stock
2023-10-24,SSI,31.00,31.15,30.45,31.05,32.70,28.50,6785500,HSX,stock
2023-10-25,SSI,31.00,31.55,30.80,30.80,33.20,28.90,6832000,HSX,stock
2023-10-26,SSI,29.70,29.95,28.65,28.70,32.95,28.65,18644300,HSX,stock
2023-10-27,SSI,29.25,29.80,28.75,29.45,,,5539500,HSX,stock
2023-10-30,SSI,29.00,29.35,27.50,27.50,31.50,27.40,9734500,HSX,stock
2023-10-31,SSI,27.55,27.90,25.65,25.75,29.40,25.60,16919300,HSX,stock
2023-11-01,SSI,25.75,27.15,25.75,27.15,27.55,23.95,13789300,HSX,stock
2023-11-02,SSI,27.60,29.00,27.50,28.90,29.05,25.25,12472000,HSX,stock
2023-11-03,SSI,29.00,29.05,28.30,28.90,30.90,26.90,10941500,HSX,stock
2023-11-06,SSI,29.15,29.30,28.80,29.00,30.90,26.90,8370800,HSX,stock
2023-11-07,SSI,28.90,29.30,28.30,28.35,31.00,27.00,8032900,HSX,stock
2023-11-08,SSI,28.35,30.30,28.30,30.30,30.30,26.40,10481300,HSX,stock
2023-11-09,SSI,30.65,31.60,30.55,30.85,32.40,28.20,14463800,HSX,stock
2023-11-10,SSI,30.60,31.90,30.55,30.80,33.00,28.70,14804200,HSX,stock
2023-11-13,SSI,31.00,31.60,30.80,31.45,32.95,28.65,9625700,HSX,stock
2023-11-14,SSI,31.95,32.20,31.35,31.75,33.65,29.25,9104900,HSX,stock
2023-11-15,SSI,32.80,32.80,31.90,31.95,33.95,29.55,12552700,HSX,stock
2023-11-16,SSI,31.90,32.30,31.35,32.30,34.15,29.75,8435100,HSX,stock
2023-11-17,SSI,32.35,32.60,31.10,31.50,34.55,30.05,12359300,HSX,stock
2023-11-20,SSI,30.70,32.70,30.65,32.40,33.70,29.30,10519900,HSX,stock
2023-11-21,SSI,32.80,32.80,32.30,32.55,34.65,30.15,7948900,HSX,stock
2023-11-22,SSI,32.50,32.95,32.30,32.90,34.80,30.30,9682700,HSX,stock
2023-11-23,SSI,33.20,33.20,30.90,30.90,35.20,30.60,13928500,HSX,stock
2023-11-24,SSI,31.25,32.00,30.70,32.00,33.05,28.75,10987200,HSX,stock
2023-11-27,SSI,31.95,32.00,31.00,31.00,34.20,29.80,7125600,HSX,stock
2023-11-28,SSI,31.00,31.50,30.20,31.40,33.15,28.85,10217100,HSX,stock
2023-11-29,SSI,31.50,31.95,31.30,31.60,33.55,29.25,5432900,HSX,stock
2023-11-30,SSI,31.60,32.15,31.30,31.30,33.80,29.40,7766500,HSX,stock
2023-12-01,SSI,31.70,32.25,31.25,32.00,33.45,29.15,7775000,HSX,stock
2023-12-04,SSI,32.90,34.00,32.55,33.60,34.20,29.80,16771700,HSX,stock
2023-12-05,SSI,33.65,33.70,33.15,33.30,35.95,31.25,9793100,HSX,stock
2023-12-06,SSI,33.35,33.85,33.25,33.60,35.60,31.00,8558200,HSX,stock
2023-12-07,SSI,33.60,33.70,32.05,32.85,35.95,31.25,16762400,HSX,stock
2023-12-08,SSI,32.70,33.00,32.30,32.60,35.10,30.60,7914600,HSX,stock
2023-12-11,SSI,32.60,33.05,32.10,32.70,34.85,30.35,7668700,HSX,stock
2023-12-12,SSI,32.80,33.00,32.50,32.60,34.95,30.45,5985900,HSX,stock
2023-12-13,SSI,32.90,32.95,32.00,32.00,34.85,30.35,9761300,HSX,stock
2023-12-14,SSI,32.50,32.50,31.90,32.00,34.20,29.80,6897400,HSX,stock
2023-12-15,SSI,32.10,32.50,31.70,31.80,34.20,29.80,10617400,HSX,stock
2023-12-18,SSI,31.85,32.15,31.65,31.70,34.00,29.60,5540600,HSX,stock
2023-12-19,SSI,31.75,32.15,31.35,32.15,33.90,29.50,6452300,HSX,stock
2023-12-20,SSI,32.15,32.60,31.95,32.30,34.40,29.90,5364900,HSX,stock
2023-12-21,SSI,32.05,32.30,32.00,32.20,34.55,30.05,3901400,HSX,stock
2023-12-22,SSI,32.35,32.95,32.20,32.35,34.45,29.95,7483200,HSX,stock
2023-12-25,SSI,32.35,32.75,32.10,32.55,34.60,30.10,6326200,HSX,stock
2023-12-26,SSI,32.60,32.90,32.50,32.75,34.80,30.30,6324000,HSX,stock
2023-12-27,SSI,32.95,33.15,32.80,32.80,35.00,30.50,7163600,HSX,stock
2023-12-28,SSI,32.85,33.15,32.65,33.00,35.05,30.55,4943100,HSX,stock
2023-12-29,SSI,32.95,33.10,32.75,32.80,35.30,30.70,8642100,HSX,stock
2024-01-02,SSI,33.00,33.20,32.50,32.50,35.05,30.55,8033300,HSX,stock
2024-01-03,SSI,32.35,32.95,32.30,32.95,34.75,30.25,6087800,HSX,stock
2024-01-04,SSI,33.00,34.20,33.00,33.60,35.25,30.65,21675900,HSX,stock
2024-01-05,SSI,33.80,34.15,33.60,34.15,35.95,31.25,11302100,HSX,stock
2024-01-08,SSI,34.45,34.50,34.00,34.10,36.50,31.80,9114100,HSX,stock
2024-01-09,SSI,34.20,34.35,33.90,34.00,36.45,31.75,7300500,HSX,stock
2024-01-10,SSI,33.95,34.05,33.35,33.70,36.35,31.65,9407300,HSX,stock
2024-01-11,SSI,33.75,34.40,33.60,33.90,36.05,31.35,11065400,HSX,stock
2024-01-12,SSI,33.60,34.00,33.35,33.85,36.25,31.55,9560200,HSX,stock
2024-01-15,SSI,34.00,34.10,33.00,33.00,36.20,31.50,10801100,HSX,stock
2024-01-16,SSI,33.00,33.50,32.75,33.50,35.30,30.70,8425800,HSX,stock
2024-01-17,SSI,33.50,34.50,33.45,33.65,35.80,31.20,10370500,HSX,stock
2024-01-18,SSI,33.80,34.05,33.65,33.80,36.00,31.30,6431600,HSX,stock
2024-01-19,SSI,34.00,34.10,33.40,33.70,36.15,31.45,9379900,HSX,stock
2024-01-22,SSI,33.90,34.00,33.40,33.95,36.05,31.35,7562700,HSX,stock
2024-01-23,SSI,34.00,34.10,33.65,33.80,36.30,31.60,5478700,HSX,stock
2024-01-24,SSI,33.75,34.40,33.70,34.00,36.15,31.45,10088000,HSX,stock
2024-01-25,SSI,34.05,34.20,33.85,33.95,36.35,31.65,4473500,HSX,stock
2024-01-26,SSI,34.15,34.35,33.95,34.10,36.30,31.60,5963800,HSX,stock
2024-01-29,SSI,34.20,34.40,33.85,33.95,36.45,31.75,4026100,HSX,stock
2024-01-30,SSI,33.85,34.15,33.80,34.15,36.30,31.60,5302900,HSX,stock
2024-01-31,SSI,34.30,35.15,34.20,34.40,36.50,31.80,16353500,HSX,stock
2024-02-01,SSI,34.45,34.85,34.40,34.65,36.80,32.00,4676700,HSX,stock
2024-02-02,SSI,34.90,35.45,34.80,34.80,37.05,32.25,9692200,HSX,stock
2024-02-05,SSI,34.80,35.15,34.50,34.95,37.20,32.40,8293500,HSX,stock
2024-02-06,SSI,35.15,35.45,34.90,35.00,37.35,32.55,5606400,HSX,stock
2024-02-07,SSI,35.00,35.35,34.90,35.10,37.45,32.55,7175700,HSX,stock
2024-02-15,SSI,35.20,35.50,35.00,35.10,37.55,32.65,7587700,HSX,stock
2024-02-16,SSI,35.35,35.40,34.90,35.00,37.55,32.65,8035800,HSX,stock
2024-02-19,SSI,35.00,35.20,34.40,35.20,37.45,32.55,14805900,HSX,stock
2024-02-20,SSI,35.65,35.80,35.25,35.30,37.65,32.75,9399000,HSX,stock
2024-02-21,SSI,35.30,35.30,34.70,34.95,37.75,32.85,8044300,HSX,stock
2024-02-22,SSI,34.85,34.95,34.55,34.65,37.35,32.55,6165900,HSX,stock
2024-02-23,SSI,34.60,34.90,34.05,34.15,37.05,32.25,10874200,HSX,stock
2024-02-26,SSI,34.10,35.35,34.05,35.10,36.50,31.80,10843000,HSX,stock
2024-02-27,SSI,35.25,36.45,35.10,35.90,37.55,32.65,18087800,HSX,stock
2024-02-28,SSI,36.10,36.25,35.65,36.10,38.40,33.40,11192700,HSX,stock
2024-02-29,SSI,36.40,37.70,36.30,37.00,38.60,33.60,16997900,HSX,stock
2024-03-01,SSI,37.40,37.70,37.00,37.35,39.55,34.45,9426000,HSX,stock
2024-03-04,SSI,37.80,37.85,37.00,37.15,39.95,34.75,10483700,HSX,stock
2024-03-05,SSI,37.15,37.45,36.65,37.40,39.75,34.55,12609900,HSX,stock
2024-03-06,SSI,37.40,37.80,36.70,37.10,40.00,34.80,11264600,HSX,stock
2024-03-07,SSI,37.00,37.95,36.85,37.70,39.65,34.55,12768900,HSX,stock
2024-03-08,SSI,37.90,38.10,36.80,36.80,40.30,35.10,14174100,HSX,stock
2024-03-11,SSI,36.80,37.15,36.20,36.35,39.35,34.25,10938200,HSX,stock
2024-03-12,SSI,36.35,36.60,36.05,36.30,38.85,33.85,9466600,HSX,stock
2024-03-13,SSI,36.40,38.10,36.30,37.95,38.80,33.80,13156500,HSX,stock
2024-03-14,SSI,38.05,39.00,37.80,37.85,40.60,35.30,15839200,HSX,stock
2024-03-15,SSI,37.80,37.90,37.10,37.80,40.45,35.25,13034000,HSX,stock
2024-03-18,SSI,37.85,38.00,35.60,36.65,40.40,35.20,18196900,HSX,stock
2024-03-19,SSI,36.70,37.00,36.15,36.15,39.20,34.10,6543000,HSX,stock
2024-03-20,SSI,36.40,37.20,36.25,37.20,38.65,33.65,7991000,HSX,stock
2024-03-21,SSI,37.95,38.00,37.50,37.65,39.80,34.60,12668900,HSX,stock
2024-03-22,SSI,37.80,38.45,37.60,37.80,40.25,35.05,11561000,HSX,stock
2024-03-25,SSI,37.85,38.30,37.30,37.50,40.40,35.20,10750000,HSX,stock
2024-03-26,SSI,37.40,38.20,37.15,38.00,40.10,34.90,8304600,HSX,stock
2024-03-27,SSI,38.30,38.50,37.90,38.50,40.65,35.35,11118200,HSX,stock
2024-03-28,SSI,39.00,39.25,38.80,39.15,41.15,35.85,12413800,HSX,stock
2024-03-29,SSI,39.05,39.10,38.50,38.50,41.85,36.45,8571800,HSX,stock
2024-04-01,SSI,38.50,39.20,37.85,38.80,41.15,35.85,12560400,HSX,stock
2024-04-02,SSI,38.30,39.00,38.00,38.90,41.50,36.10,9488800,HSX,stock
2024-04-03,SSI,38.80,39.20,38.00,38.05,41.60,36.20,11282900,HSX,stock
2024-04-04,SSI,38.05,38.20,37.65,37.65,40.70,35.40,9954800,HSX,stock
2024-04-05,SSI,37.15,37.30,36.80,36.80,40.25,35.05,14261000,HSX,stock
2024-04-08,SSI,36.80,37.00,36.65,36.70,39.35,34.25,6405800,HSX,stock
2024-04-09,SSI,36.90,37.50,36.70,37.50,39.25,34.15,6054600,HSX,stock
2024-04-10,SSI,37.60,37.60,36.95,36.95,40.10,34.90,4302500,HSX,stock
2024-04-11,SSI,36.55,37.40,36.55,37.15,39.50,34.40,5847100,HSX,stock
2024-04-12,SSI,37.35,37.80,37.05,37.55,39.75,34.55,8567800,HSX,stock
2024-04-15,SSI,37.30,37.65,34.95,34.95,40.15,34.95,15306000,HSX,stock
2024-04-16,SSI,35.10,35.30,34.10,35.20,37.35,32.55,14214300,HSX,stock
2024-04-17,SSI,35.45,35.50,34.40,34.40,37.65,32.75,7516400,HSX,stock
2024-04-19,SSI,33.95,34.80,33.05,33.20,36.80,32.00,12374800,HSX,stock
2024-04-22,SSI,34.20,35.50,33.95,35.10,35.50,30.90,8370000,HSX,stock
2024-04-23,SSI,35.10,35.30,34.30,34.50,37.55,32.65,8125500,HSX,stock
2024-04-24,SSI,35.00,35.95,34.90,35.65,36.90,32.10,9107900,HSX,stock
2024-04-25,SSI,35.65,35.65,35.10,35.35,38.10,33.20,4613900,HSX,stock
2024-04-26,SSI,34.85,35.35,34.70,35.20,37.80,32.90,6390700,HSX,stock
2024-05-02,SSI,35.20,35.30,34.30,34.70,37.65,32.75,5084300,HSX,stock
2024-05-03,SSI,35.10,35.30,34.60,34.65,37.10,32.30,3936200,HSX,stock
2024-05-06,SSI,35.00,36.05,34.95,35.65,37.05,32.25,7317500,HSX,stock
2024-05-07,SSI,35.80,36.00,35.40,35.55,38.10,33.20,3730100,HSX,stock
2024-05-08,SSI,35.20,35.90,35.10,35.65,38.00,33.10,6043300,HSX,stock
2024-05-09,SSI,35.85,35.90,35.05,35.20,38.10,33.20,5956200,HSX,stock
2024-05-10,SSI,35.30,35.50,35.00,35.45,37.65,32.75,5469200,HSX,stock
2024-05-13,SSI,35.65,35.90,35.25,35.60,37.90,33.00,4813200,HSX,stock
2024-05-14,SSI,35.65,35.90,35.35,35.50,38.05,33.15,3303200,HSX,stock
2024-05-15,SSI,35.70,36.30,35.50,35.95,37.95,33.05,7675200,HSX,stock
2024-05-16,SSI,36.35,36.40,36.05,36.10,38.45,33.45,5560900,HSX,stock
2024-05-17,SSI,36.10,36.60,35.95,36.40,38.60,33.60,6111900,HSX,stock
2024-05-20,SSI,36.60,37.10,36.50,36.65,38.90,33.90,8828300,HSX,stock
2024-05-21,SSI,36.55,36.80,36.30,36.80,39.20,34.10,6429100,HSX,stock
2024-05-22,SSI,36.80,37.35,36.40,36.45,39.35,34.25,9652400,HSX,stock
2024-05-23,SSI,36.40,36.70,35.85,36.70,39.00,33.90,7167100,HSX,stock
2024-05-24,SSI,36.30,36.45,34.80,35.25,39.25,34.15,12453700,HSX,stock
2024-05-27,SSI,35.25,35.50,34.80,35.10,37.70,32.80,7444000,HSX,stock
2024-05-28,SSI,35.30,35.60,35.15,35.60,37.55,32.65,6460100,HSX,stock
2024-05-29,SSI,35.75,35.90,35.10,35.20,38.05,33.15,6221900,HSX,stock
2024-05-30,SSI,35.00,35.05,34.30,34.85,37.65,32.75,7842800,HSX,stock
2024-05-31,SSI,34.85,35.00,34.60,34.70,37.25,32.45,4046400,HSX,stock
2024-06-03,SSI,35.00,35.60,35.00,35.40,37.10,32.30,5728400,HSX,stock
2024-06-04,SSI,35.40,35.90,35.35,35.40,37.85,32.95,4763800,HSX,stock
2024-06-05,SSI,35.45,35.80,35.40,35.40,37.85,32.95,6307200,HSX,stock
2024-06-06,SSI,35.60,35.65,35.20,35.40,37.85,32.95,4092600,HSX,stock
2024-06-07,SSI,35.65,35.65,35.30,35.45,37.85,32.95,3388200,HSX,stock
2024-06-10,SSI,35.50,35.80,35.35,35.35,37.90,33.00,6138200,HSX,stock
2024-06-11,SSI,35.50,35.80,35.25,35.80,37.80,32.90,6745300,HSX,stock
2024-06-12,SSI,35.85,36.60,35.80,36.60,38.30,33.30,11910000,HSX,stock
2024-06-13,SSI,36.80,36.90,36.35,36.50,39.15,34.05,6229000,HSX,stock
2024-06-14,SSI,36.70,37.20,36.10,36.10,39.05,33.95,12780100,HSX,stock
2024-06-17,SSI,36.00,36.25,35.75,35.90,38.60,33.60,6427400,HSX,stock
2024-06-18,SSI,36.10,36.30,35.85,36.10,38.40,33.40,4577300,HSX,stock
2024-06-19,SSI,36.20,36.30,35.80,36.20,38.60,33.60,4935200,HSX,stock
2024-06-20,SSI,36.20,36.30,35.40,35.90,38.70,33.70,6295700,HSX,stock
2024-06-21,SSI,35.80,36.00,35.50,35.50,38.40,33.40,4906000,HSX,stock
2024-06-24,SSI,35.45,35.50,34.20,34.60,37.95,33.05,11514200,HSX,stock
2024-06-25,SSI,34.60,34.85,34.40,34.55,37.00,32.20,3213500,HSX,stock
2024-06-26,SSI,34.55,34.65,33.60,34.40,36.95,32.15,4462500,HSX,stock
2024-06-27,SSI,34.30,34.55,34.10,34.30,36.80,32.00,2701000,HSX,stock
2024-06-28,SSI,34.30,34.45,33.75,33.95,36.70,31.90,5261500,HSX,stock
2024-07-01,SSI,34.05,34.10,33.45,33.90,36.30,31.60,3274300,HSX,stock
2024-07-02,SSI,34.05,34.35,33.90,34.35,36.25,31.55,3453000,HSX,stock
2024-07-03,SSI,34.35,34.60,34.35,34.45,36.75,31.95,2962500,HSX,stock
2024-07-04,SSI,34.45,34.80,34.30,34.40,36.85,32.05,2935800,HSX,stock
2024-07-05,SSI,34.40,34.65,34.15,34.65,36.80,32.00,3808800,HSX,stock
2024-07-08,SSI,34.80,35.05,34.40,34.55,37.05,32.25,4236200,HSX,stock
2024-07-09,SSI,34.60,34.90,34.30,34.65,36.95,32.15,5095400,HSX,stock
2024-07-10,SSI,34.70,34.75,34.35,34.35,37.05,32.25,3051100,HSX,stock
2024-07-11,SSI,34.60,35.15,34.45,34.80,36.75,31.95,4509300,HSX,stock
2024-07-12,SSI,34.80,34.90,34.45,34.45,37.20,32.40,2589900,HSX,stock
2024-07-15,SSI,34.70,34.70,34.30,34.30,36.85,32.05,2159300,HSX,stock
2024-07-16,SSI,34.50,35.00,34.35,34.40,36.70,31.90,3233800,HSX,stock
2024-07-17,SSI,34.60,34.95,33.95,34.15,36.80,32.00,5640000,HSX,stock
2024-07-18,SSI,34.35,34.40,33.80,34.35,36.50,31.80,4904900,HSX,stock
2024-07-19,SSI,34.70,35.20,34.50,34.80,36.75,31.95,7292400,HSX,stock
2024-07-22,SSI,34.75,35.05,34.15,34.65,37.20,32.40,4913800,HSX,stock
2024-07-23,SSI,34.65,34.75,33.85,33.85,37.05,32.25,6757400,HSX,stock
2024-07-24,SSI,33.65,33.90,31.95,32.90,36.20,31.50,9524500,HSX,stock
2024-07-25,SSI,32.30,32.65,31.80,31.90,35.20,30.60,6706000,HSX,stock
2024-07-26,SSI,32.10,32.30,31.90,32.10,34.10,29.70,3028800,HSX,stock
2024-07-29,SSI,32.35,32.55,32.20,32.20,34.30,29.90,2892500,HSX,stock
2024-07-30,SSI,32.20,32.40,31.90,31.95,34.45,29.95,2985600,HSX,stock
2024-07-31,SSI,32.20,32.30,31.70,31.80,34.15,29.75,3759600,HSX,stock
2024-08-01,SSI,32.10,32.10,30.00,30.30,34.00,29.60,11039600,HSX,stock
2024-08-02,SSI,29.85,31.35,29.75,31.25,32.40,28.20,6751200,HSX,stock
2024-08-05,SSI,30.65,30.80,29.60,29.60,33.40,29.10,10136200,HSX,stock
2024-08-06,SSI,30.30,31.00,29.65,30.60,31.65,27.55,6652700,HSX,stock
2024-08-07,SSI,30.90,30.90,30.25,30.60,32.70,28.50,2647500,HSX,stock
2024-08-08,SSI,30.30,30.70,29.90,30.00,32.70,28.50,4315200,HSX,stock
2024-08-09,SSI,30.55,31.60,30.30,31.30,32.10,27.90,5607900,HSX,stock
2024-08-12,SSI,31.60,32.00,31.20,32.00,33.45,29.15,5390400,HSX,stock
2024-08-13,SSI,31.95,31.95,31.25,31.70,34.20,29.80,4767400,HSX,stock
2024-08-14,SSI,31.80,31.85,31.30,31.40,33.90,29.50,3549900,HSX,stock
2024-08-15,SSI,31.40,31.55,30.80,30.90,33.55,29.25,3524200,HSX,stock
2024-08-16,SSI,31.25,32.70,31.15,32.70,33.05,28.75,11168600,HSX,stock
2024-08-19,SSI,33.00,33.00,32.40,32.40,34.95,30.45,4302500,HSX,stock
2024-08-20,SSI,32.40,32.95,32.30,32.65,34.65,30.15,6084700,HSX,stock
2024-08-21,SSI,32.65,33.05,32.45,33.05,34.90,30.40,5651000,HSX,stock
2024-08-22,SSI,33.05,33.25,32.70,33.10,35.35,30.75,5023700,HSX,stock
2024-08-23,SSI,33.20,33.90,32.75,33.60,35.40,30.80,6494100,HSX,stock
2024-08-26,SSI,33.90,34.30,33.60,33.95,35.95,31.25,7806800,HSX,stock
2024-08-27,SSI,33.55,33.90,33.40,33.40,36.30,31.60,4209400,HSX,stock
2024-08-28,SSI,33.50,34.25,33.15,34.05,35.70,31.10,7103100,HSX,stock
2024-08-29,SSI,34.10,34.20,33.75,33.95,36.40,31.70,3678100,HSX,stock
2024-08-30,SSI,33.85,34.00,33.65,33.70,36.30,31.60,4751100,HSX,stock
2024-09-04,SSI,33.15,33.45,33.00,33.15,36.05,31.35,4903800,HSX,stock
2024-09-05,SSI,33.50,33.75,32.90,33.10,35.45,30.85,4245500,HSX,stock
2024-09-06,SSI,33.10,33.40,32.80,33.40,35.40,30.80,4874400,HSX,stock
2024-09-09,SSI,33.20,33.35,32.85,32.90,35.70,31.10,4358600,HSX,stock
2024-09-10,SSI,33.10,33.35,32.00,32.40,35.20,30.60,4568600,HSX,stock
2024-09-11,SSI,32.40,32.60,31.85,32.50,34.65,30.15,3589900,HSX,stock
2024-09-12,SSI,32.70,32.75,32.25,32.25,34.75,30.25,2645500,HSX,stock
2024-09-13,SSI,32.30,32.70,32.10,32.30,34.50,30.00,5080400,HSX,stock
2024-09-16,SSI,32.30,32.65,32.05,32.10,34.55,30.05,4351300,HSX,stock
2024-09-17,SSI,32.10,32.70,32.05,32.70,34.30,29.90,4498500,HSX,stock
2024-09-18,SSI,32.90,33.75,32.80,33.40,34.95,30.45,11165200,HSX,stock
2024-09-19,SSI,33.75,33.90,33.55,33.60,35.70,31.10,9956000,HSX,stock
2024-09-20,SSI,33.80,33.85,33.40,33.60,35.95,31.25,16165300,HSX,stock
2024-09-23,SSI,26.85,26.95,26.45,26.60,28.05,24.45,10639300,HSX,stock
2024-09-24,SSI,26.65,26.65,26.40,26.60,28.45,24.75,3669600,HSX,stock
2024-09-25,SSI,26.75,27.60,26.70,27.45,28.45,24.75,10896300,HSX,stock
2024-09-26,SSI,27.45,27.70,27.35,27.50,29.35,25.55,6934800,HSX,stock
2024-09-27,SSI,27.50,27.75,27.40,27.60,29.40,25.60,5277900,HSX,stock
2024-09-30,SSI,27.50,28.15,27.25,27.90,29.50,25.70,5764300,HSX,stock
2024-10-01,SSI,28.00,28.35,27.80,27.80,29.85,25.95,6422600,HSX,stock
2024-10-02,SSI,27.60,27.80,27.50,27.60,29.70,25.90,5340600,HSX,stock
2024-10-03,SSI,27.60,27.95,27.35,27.55,29.50,25.70,5927300,HSX,stock
2024-10-04,SSI,27.55,27.80,27.30,27.30,29.45,25.65,4465600,HSX,stock
2024-10-07,SSI,27.50,27.60,27.25,27.60,29.20,25.40,4490400,HSX,stock
2024-10-08,SSI,27.75,27.90,27.35,27.40,29.50,25.70,5938500,HSX,stock
2024-10-09,SSI,27.35,27.60,27.10,27.30,29.30,25.50,7512300,HSX,stock
2024-10-10,SSI,27.50,27.80,27.35,27.55,29.20,25.40,6019900,HSX,stock
2024-10-11,SSI,27.65,27.65,27.35,27.45,29.45,25.65,4214000,HSX,stock
2024-10-14,SSI,27.70,28.00,27.50,27.65,29.35,25.55,4939000,HSX,stock
2024-10-15,SSI,27.65,27.90,27.25,27.25,29.55,25.75,6547800,HSX,stock
2024-10-16,SSI,27.05,27.45,27.05,27.10,29.15,25.35,4724000,HSX,stock
2024-10-17,SSI,27.15,27.45,26.95,27.45,28.95,25.25,5783100,HSX,stock
2024-10-18,SSI,27.55,27.75,27.35,27.35,29.35,25.55,5450800,HSX,stock
2024-10-21,SSI,27.35,27.40,26.90,26.90,29.25,25.45,5494100,HSX,stock
2024-10-22,SSI,26.80,27.20,26.70,26.70,28.75,25.05,7897800,HSX,stock
2024-10-23,SSI,26.80,27.00,26.70,26.90,28.55,24.85,3811100,HSX,stock
2024-10-24,SSI,26.90,27.10,26.80,26.80,28.75,25.05,5094600,HSX,stock
2024-10-25,SSI,26.80,26.90,26.70,26.70,28.65,24.95,4081200,HSX,stock
2024-10-28,SSI,26.65,27.00,26.65,26.80,28.55,24.85,2816500,HSX,stock
2024-10-29,SSI,26.85,27.00,26.70,26.70,28.65,24.95,2348800,HSX,stock
2024-10-30,SSI,26.80,26.85,26.20,26.35,28.55,24.85,4043500,HSX,stock
2024-10-31,SSI,26.35,26.60,26.30,26.60,28.15,24.55,3295600,HSX,stock
2024-11-01,SSI,26.50,26.50,26.05,26.20,28.45,24.75,4196800,HSX,stock
2024-11-04,SSI,26.20,26.55,25.90,26.25,28.00,24.40,4928800,HSX,stock
2024-11-05,SSI,26.25,26.45,26.15,26.15,28.05,24.45,1922000,HSX,stock
2024-11-06,SSI,26.30,26.60,26.20,26.45,27.95,24.35,5534500,HSX,stock
2024-11-07,SSI,26.65,26.70,26.35,26.35,28.30,24.60,2760800,HSX,stock
2024-11-08,SSI,26.35,26.45,26.05,26.10,28.15,24.55,3800900,HSX,stock
2024-11-11,SSI,26.10,26.10,25.55,25.70,27.90,24.30,5243300,HSX,stock
2024-11-12,SSI,25.80,26.15,25.55,25.70,27.45,23.95,3924900,HSX,stock
2024-11-13,SSI,25.70,25.70,25.25,25.45,27.45,23.95,5712600,HSX,stock
2024-11-14,SSI,25.45,25.45,24.65,24.70,27.20,23.70,5945600,HSX,stock
2024-11-15,SSI,24.70,24.70,23.80,23.95,26.40,23.00,10676300,HSX,stock
2024-11-18,SSI,23.95,24.60,23.80,24.30,25.60,22.30,9853900,HSX,stock
2024-11-19,SSI,24.35,24.50,23.80,23.85,26.00,22.60,4603600,HSX,stock
2024-11-20,SSI,23.90,24.70,23.75,24.30,25.50,22.20,7738100,HSX,stock
2024-11-21,SSI,24.30,24.65,24.05,24.60,26.00,22.60,6088600,HSX,stock
2024-11-22,SSI,24.50,24.60,24.25,24.35,26.30,22.90,6709200,HSX,stock
2024-11-25,SSI,24.40,24.50,24.20,24.50,26.05,22.65,5606900,HSX,stock
2024-11-26,SSI,24.60,24.90,24.50,24.60,26.20,22.80,4348300,HSX,stock
2024-11-27,SSI,24.60,24.70,24.25,24.30,26.30,22.90,4063200,HSX,stock
2024-11-28,SSI,24.45,24.55,24.25,24.30,26.00,22.60,4232100,HSX,stock
2024-11-29,SSI,24.30,24.65,24.20,24.55,26.00,22.60,3946100,HSX,stock
2024-12-02,SSI,24.60,24.75,24.30,24.45,26.25,22.85,3417200,HSX,stock
2024-12-03,SSI,24.45,24.50,24.25,24.30,26.15,22.75,7029200,HSX,stock
2024-12-04,SSI,24.25,24.30,24.00,24.05,26.00,22.60,4163800,HSX,stock
2024-12-05,SSI,24.10,25.70,23.65,25.70,25.70,22.40,13694500,HSX,stock
2024-12-06,SSI,26.00,26.45,25.80,26.35,27.45,23.95,13101100,HSX,stock
2024-12-09,SSI,26.30,26.40,26.00,26.20,28.15,24.55,7660200,HSX,stock
2024-12-10,SSI,26.15,26.40,26.00,26.25,28.00,24.40,5922000,HSX,stock
2024-12-11,SSI,26.30,26.40,25.95,26.15,28.05,24.45,5326600,HSX,stock
2024-12-12,SSI,26.10,26.45,26.00,26.00,27.95,24.35,5292400,HSX,stock
2024-12-13,SSI,25.95,26.00,25.70,25.80,27.80,24.20,4820800,HSX,stock
2024-12-16,SSI,25.90,26.20,25.75,26.10,27.60,24.00,7430000,HSX,stock
2024-12-17,SSI,26.10,26.15,25.85,26.00,27.90,24.30,3003600,HSX,stock
2024-12-18,SSI,26.00,26.20,25.80,26.20,27.80,24.20,3930200,HSX,stock
2024-12-19,SSI,25.80,26.20,25.45,26.20,28.00,24.40,13294000,HSX,stock
2024-12-20,SSI,26.10,26.25,25.90,26.25,28.00,24.40,7442000,HSX,stock
2024-12-23,SSI,26.20,26.30,25.85,25.85,28.05,24.45,4109900,HSX,stock
2024-12-24,SSI,25.85,25.95,25.50,25.95,27.65,24.05,5170900,HSX,stock
2024-12-25,SSI,26.00,26.75,25.90,26.55,27.75,24.15,11007800,HSX,stock
2024-12-26,SSI,26.50,26.60,26.35,26.35,28.40,24.70,4466800,HSX,stock
2024-12-27,SSI,26.40,26.70,26.30,26.60,28.15,24.55,7886500,HSX,stock
2024-12-30,SSI,26.60,26.90,26.45,26.45,28.45,24.75,5760700,HSX,stock
2024-12-31,SSI,26.45,26.45,26.05,26.05,28.30,24.60,4318600,HSX,stock
2025-01-02,SSI,26.05,26.35,25.90,25.95,27.85,24.25,4520600,HSX,stock
2025-01-03,SSI,25.90,25.95,25.35,25.35,27.75,24.15,6780300,HSX,stock
2025-01-06,SSI,25.35,25.50,24.85,24.90,27.10,23.60,4511500,HSX,stock
2025-01-07,SSI,25.35,25.35,24.50,24.55,26.60,23.20,8273800,HSX,stock
2025-01-08,SSI,24.50,24.80,24.45,24.70,26.25,22.85,4382200,HSX,stock
2025-01-09,SSI,24.70,24.95,24.40,24.40,26.40,23.00,4191000,HSX,stock
2025-01-10,SSI,24.30,24.55,23.50,23.70,26.10,22.70,7295300,HSX,stock
2025-01-13,SSI,23.55,24.30,23.55,24.15,25.35,22.05,4593500,HSX,stock
2025-01-14,SSI,24.20,24.20,23.90,23.95,25.80,22.50,3929300,HSX,stock
2025-01-15,SSI,24.15,24.35,24.00,24.15,25.60,22.30,5030400,HSX,stock
2025-01-16,SSI,24.40,25.20,24.30,24.40,25.80,22.50,8426300,HSX,stock
2025-01-17,SSI,24.40,24.60,24.25,24.55,26.10,22.70,3503700,HSX,stock
2025-01-20,SSI,24.65,24.65,24.35,24.50,26.25,22.85,3000800,HSX,stock
2025-01-21,SSI,24.55,24.80,24.40,24.45,26.20,22.80,3836700,HSX,stock
2025-01-22,SSI,24.50,24.75,24.40,24.40,26.15,22.75,5147400,HSX,stock
2025-01-23,SSI,24.45,25.25,24.45,25.15,26.10,22.70,8973900,HSX,stock
2025-01-24,SSI,25.10,25.25,25.00,25.25,26.90,23.40,5643400,HSX,stock
2025-02-03,SSI,24.85,25.05,24.75,24.80,27.00,23.50,6503300,HSX,stock
2025-02-04,SSI,24.90,25.45,24.80,25.30,26.50,23.10,6845200,HSX,stock
2025-02-05,SSI,25.45,25.45,25.05,25.05,27.05,23.55,4903400,HSX,stock
2025-02-06,SSI,25.20,25.40,25.05,25.05,26.80,23.30,4181800,HSX,stock
2025-02-07,SSI,25.05,25.20,24.95,25.00,26.80,23.30,3776400,HSX,stock
2025-02-10,SSI,24.95,25.15,24.65,24.90,26.75,23.25,6850300,HSX,stock
2025-02-11,SSI,24.95,25.00,24.65,24.70,26.60,23.20,6439100,HSX,stock
2025-02-12,SSI,24.80,25.05,24.75,24.75,26.40,23.00,3347000,HSX,stock
2025-02-13,SSI,24.75,24.90,24.70,24.80,26.45,23.05,3902000,HSX,stock
2025-02-14,SSI,25.00,25.30,24.90,24.90,26.50,23.10,6711500,HSX,stock
2025-02-17,SSI,24.90,25.35,24.80,25.00,26.60,23.20,7733300,HSX,stock
2025-02-18,SSI,25.10,25.30,25.00,25.15,26.75,23.25,4440200,HSX,stock
2025-02-19,SSI,25.25,25.40,25.05,25.35,26.90,23.40,6334600,HSX,stock
2025-02-20,SSI,25.45,25.55,25.25,25.25,27.10,23.60,6772700,HSX,stock
2025-02-21,SSI,25.20,25.40,25.15,25.35,27.00,23.50,5322300,HSX,stock
2025-02-24,SSI,25.30,25.85,25.25,25.85,27.10,23.60,10870100,HSX,stock
2025-02-25,SSI,25.90,26.20,25.75,25.85,27.65,24.05,8293700,HSX,stock
2025-02-26,SSI,25.85,26.10,25.60,25.85,27.65,24.05,10275700,HSX,stock
2025-02-27,SSI,25.95,26.10,25.60,26.10,27.65,24.05,8862000,HSX,stock
2025-02-28,SSI,26.20,26.80,26.20,26.30,27.90,24.30,17000800,HSX,stock
2025-03-03,SSI,26.30,26.80,26.15,26.60,28.10,24.50,11199500,HSX,stock
2025-03-04,SSI,26.45,26.60,26.10,26.35,28.45,24.75,11538000,HSX,stock
2025-03-05,SSI,26.40,26.65,26.10,26.10,28.15,24.55,11003500,HSX,stock
2025-03-06,SSI,26.20,26.95,26.20,26.90,27.90,24.30,18283000,HSX,stock
2025-03-07,SSI,27.10,27.15,26.80,26.90,28.75,25.05,9905300,HSX,stock
2025-03-10,SSI,27.00,27.25,26.50,26.65,28.75,25.05,17710200,HSX,stock
2025-03-11,SSI,26.35,26.70,26.35,26.70,28.50,24.80,13503300,HSX,stock
2025-03-12,SSI,26.85,26.95,26.55,26.70,28.55,24.85,12170600,HSX,stock
2025-03-13,SSI,26.75,27.40,26.45,26.95,28.55,24.85,17769100,HSX,stock
2025-03-14,SSI,27.00,27.20,26.80,26.95,28.80,25.10,13846700,HSX,stock
2025-03-17,SSI,27.10,27.15,26.85,27.00,28.80,25.10,7651800,HSX,stock
2025-03-18,SSI,27.10,27.45,26.80,26.80,28.85,25.15,12812500,HSX,stock
2025-03-19,SSI,26.70,26.85,26.50,26.55,28.65,24.95,11216300,HSX,stock
2025-03-20,SSI,26.65,26.85,26.40,26.55,28.40,24.70,8906100,HSX,stock
2025-03-21,SSI,26.60,26.85,26.50,26.60,28.40,24.70,11223300,HSX,stock
2025-03-24,SSI,26.75,27.15,26.50,27.15,28.45,24.75,11943300,HSX,stock
2025-03-25,SSI,27.30,27.45,26.90,26.90,29.05,25.25,10829800,HSX,stock
2025-03-26,SSI,26.90,27.05,26.40,26.50,28.75,25.05,10876100,HSX,stock
2025-03-27,SSI,26.50,26.60,26.30,26.30,28.35,24.65,7190900,HSX,stock
2025-03-28,SSI,26.35,26.55,26.05,26.35,28.10,24.50,7234100,HSX,stock
2025-03-31,SSI,26.15,26.35,26.00,26.00,28.15,24.55,9051500,HSX,stock
2025-04-01,SSI,26.20,26.25,25.80,26.05,27.80,24.20,8045300,HSX,stock
2025-04-02,SSI,26.15,26.50,26.10,26.45,27.85,24.25,7759400,HSX,stock
2025-04-03,SSI,25.20,25.80,24.60,24.60,28.30,24.60,21182500,HSX,stock
2025-04-04,SSI,22.90,23.85,22.90,23.75,26.30,22.90,33282500,HSX,stock
2025-04-08,SSI,23.00,23.10,22.10,22.10,25.40,22.10,12375100,HSX,stock
2025-04-09,SSI,20.60,22.05,20.60,20.60,23.60,20.60,31797400,HSX,stock
2025-04-10,SSI,22.00,22.00,22.00,22.00,22.00,19.20,5177600,HSX,stock
2025-04-11,SSI,23.00,23.45,22.40,23.45,23.50,20.50,32048200,HSX,stock
2025-04-14,SSI,23.70,24.10,23.40,24.10,25.05,21.85,14853900,HSX,stock
2025-04-15,SSI,23.80,24.00,23.20,23.30,25.75,22.45,11782600,HSX,stock
2025-04-16,SSI,23.40,23.60,23.00,23.00,24.90,21.70,9400200,HSX,stock
2025-04-17,SSI,22.80,23.35,22.80,23.10,24.60,21.40,9493200,HSX,stock
2025-04-18,SSI,23.30,23.95,23.25,23.35,24.70,21.50,11923400,HSX,stock
2025-04-21,SSI,23.40,23.50,22.85,22.90,24.95,21.75,6965500,HSX,stock
2025-04-22,SSI,22.50,22.90,21.30,22.25,24.50,21.30,17168100,HSX,stock
2025-04-23,SSI,22.95,22.95,22.60,22.75,23.80,20.70,5568200,HSX,stock
2025-04-24,SSI,22.90,23.15,22.65,23.00,24.30,21.20,7098100,HSX,stock
2025-04-25,SSI,23.20,23.20,22.80,22.80,24.60,21.40,8008600,HSX,stock
2025-04-28,SSI,22.90,23.15,22.80,23.05,24.35,21.25,5355600,HSX,stock
2025-04-29,SSI,23.15,23.15,22.95,22.95,24.65,21.45,5226900,HSX,stock
2025-05-05,SSI,23.40,23.45,23.00,23.10,24.55,21.35,65091700,HSX,stock
2025-05-06,SSI,23.20,23.50,23.10,23.15,,,46076700,HSX,stock
2025-05-07,SSI,23.15,23.15,22.75,22.85,24.75,21.55,21066000,HSX,stock
2025-05-08,SSI,22.95,23.30,22.75,23.10,24.40,21.30,33843100,HSX,stock
2025-05-09,SSI,23.20,23.30,22.90,22.95,24.70,21.50,60145700,HSX,stock
2025-05-12,SSI,23.10,23.20,22.85,23.20,24.55,21.35,185253300,HSX,stock
2025-05-13,SSI,23.55,23.90,23.35,23.40,24.80,21.60,177741800,HSX,stock
2025-05-14,SSI,23.45,24.20,23.30,23.90,25.00,21.80,85647200,HSX,stock
2025-05-15,SSI,24.15,24.25,23.85,23.90,25.55,22.25,174756800,HSX,stock
2025-05-16,SSI,23.95,24.40,23.70,23.70,25.55,22.25,157694000,HSX,stock
2025-05-19,SSI,23.55,23.70,23.35,23.35,25.35,22.05,119423200,HSX,stock
2025-05-20,SSI,23.40,23.65,23.30,23.50,24.95,21.75,31874400,HSX,stock
2025-05-21,SSI,23.55,23.70,23.25,23.35,25.10,21.90,34141800,HSX,stock
2025-05-22,SSI,23.35,23.90,23.25,23.35,24.95,21.75,94620600,HSX,stock
2025-05-23,SSI,23.40,23.55,23.25,23.35,24.95,21.75,25199700,HSX,stock
2025-05-26,SSI,23.45,23.60,22.80,23.60,24.95,21.75,43423600,HSX,stock
2025-05-27,SSI,23.70,24.00,23.50,23.70,25.25,21.95,41776300,HSX,stock
2025-05-28,SSI,23.95,24.20,23.55,23.70,25.35,22.05,60048800,HSX,stock
2025-05-29,SSI,23.85,23.90,23.50,23.50,25.35,22.05,75440600,HSX,stock
2025-05-30,SSI,23.50,23.95,23.40,23.45,25.10,21.90,106274000,HSX,stock
2025-06-02,SSI,23.35,23.70,23.35,23.70,25.05,21.85,66866300,HSX,stock
2025-06-03,SSI,24.10,24.85,24.10,24.50,25.35,22.05,159362900,HSX,stock
2025-06-04,SSI,24.70,24.70,24.15,24.20,26.20,22.80,58881300,HSX,stock
2025-06-05,SSI,24.20,24.30,23.90,23.95,25.85,22.55,76128200,HSX,stock
2025-06-06,SSI,23.90,24.00,23.60,23.60,25.60,22.30,227449000,HSX,stock
2025-06-09,SSI,23.65,23.70,23.35,23.35,25.25,21.95,131375100,HSX,stock
2025-06-10,SSI,23.40,23.55,23.30,23.35,24.95,21.75,34870700,HSX,stock
2025-06-11,SSI,23.40,23.60,23.35,23.50,24.95,21.75,42333200,HSX,stock
2025-06-12,SSI,23.60,23.85,23.55,23.65,25.10,21.90,31973100,HSX,stock
2025-06-13,SSI,23.50,23.55,23.05,23.15,25.30,22.00,119588700,HSX,stock
2025-06-16,SSI,23.10,23.85,23.10,23.85,24.75,21.55,104090700,HSX,stock
2025-06-17,SSI,23.90,23.95,23.65,23.85,25.50,22.20,50626100,HSX,stock
2025-06-18,SSI,23.85,23.95,23.60,23.60,25.50,22.20,59644800,HSX,stock
2025-06-19,SSI,23.60,23.95,23.50,23.90,25.25,21.95,219248200,HSX,stock
2025-06-20,SSI,24.05,24.35,23.85,24.00,25.55,22.25,235618900,HSX,stock
2025-06-23,SSI,23.70,23.85,23.55,23.75,25.65,22.35,64981300,HSX,stock
2025-06-24,SSI,24.15,24.55,24.00,24.30,25.40,22.10,228671600,HSX,stock
2025-06-25,SSI,24.35,24.80,24.20,24.50,26.00,22.60,90654300,HSX,stock
2025-06-26,SSI,24.50,24.60,24.15,24.50,26.20,22.80,133406000,HSX,stock
2025-06-27,SSI,24.60,24.85,24.45,24.65,26.20,22.80,164578100,HSX,stock
2025-06-30,SSI,25.00,25.15,24.70,24.70,26.35,22.95,221434100,HSX,stock
2025-07-01,SSI,24.75,24.80,24.35,24.45,26.40,23.00,57415000,HSX,stock
2025-07-02,SSI,24.40,25.80,24.35,25.50,26.15,22.75,315730400,HSX,stock
2025-07-03,SSI,25.50,26.30,25.15,25.75,27.25,23.75,241123000,HSX,stock
2025-07-04,SSI,25.90,26.15,25.60,25.90,27.55,23.95,77395000,HSX,stock
2025-07-07,SSI,26.20,26.45,26.05,26.30,27.70,24.10,178814100,HSX,stock
2025-07-08,SSI,26.40,27.15,26.25,27.05,28.10,24.50,308233100,HSX,stock
2025-07-09,SSI,27.25,28.85,27.25,28.55,28.90,25.20,227108000,HSX,stock
2025-07-10,SSI,28.90,29.15,28.60,28.95,30.50,26.60,213265400,HSX,stock
2025-07-11,SSI,28.95,30.00,28.95,29.65,30.95,26.95,249284800,HSX,stock
2025-07-14,SSI,29.80,29.95,29.00,29.75,31.70,27.60,159146400,HSX,stock
2025-07-15,SSI,29.80,31.80,29.65,30.50,31.80,27.70,538010900,HSX,stock
2025-07-16,SSI,30.50,31.90,30.30,31.60,32.60,28.40,141441100,HSX,stock
2025-07-17,SSI,32.00,32.10,31.35,31.90,33.80,29.40,45397800,HSX,stock
2025-07-18,SSI,32.05,32.30,31.50,31.80,34.10,29.70,240362500,HSX,stock
2025-07-21,SSI,32.05,32.10,30.80,31.35,34.00,29.60,201554700,HSX,stock
2025-07-22,SSI,31.00,32.00,30.55,32.00,33.50,29.20,47820300,HSX,stock
2025-07-23,SSI,32.30,33.35,31.90,32.25,34.20,29.80,198350400,HSX,stock
2025-07-24,SSI,32.30,32.35,31.35,32.00,34.50,30.00,156750800,HSX,stock
2025-07-25,SSI,32.15,34.10,32.00,34.00,34.20,29.80,257795400,HSX,stock
2025-07-28,SSI,34.80,35.85,34.45,35.80,36.35,31.65,265721400,HSX,stock
2025-07-29,SSI,36.10,36.20,33.30,33.30,38.30,33.30,2550478300,HSX,stock
2025-07-30,SSI,33.60,34.15,32.70,33.90,35.60,31.00,328276500,HSX,stock
2025-07-31,SSI,34.10,34.60,33.10,34.20,36.25,31.55,151990200,HSX,stock
2025-08-01,SSI,34.00,34.80,33.10,33.20,36.55,31.85,335155500,HSX,stock
2025-08-04,SSI,32.50,34.00,32.40,34.00,35.50,30.90,338476900,HSX,stock
2025-08-05,SSI,34.40,35.90,32.50,34.65,36.35,31.65,604048600,HSX,stock
2025-08-06,SSI,34.75,35.30,34.40,35.30,37.05,32.25,226153800,HSX,stock
2025-08-07,SSI,35.80,35.80,34.75,35.15,37.75,32.85,153782000,HSX,stock
2025-08-08,SSI,35.70,37.20,35.10,35.50,37.60,32.70,318602700,HSX,stock
2025-08-11,SSI,35.80,37.75,35.30,37.50,37.95,33.05,361366000,HSX,stock
2025-08-12,SSI,37.90,37.95,36.40,36.75,40.10,34.90,221807300,HSX,stock
2025-08-13,SSI,37.05,37.15,35.60,36.75,39.30,34.20,205106800,HSX,stock
2025-08-14,SSI,37.00,37.80,36.10,36.80,39.30,34.20,243030900,HSX,stock
2025-08-15,SSI,37.40,37.55,36.25,36.55,39.35,34.25,743755400,HSX,stock
2025-08-18,SSI,36.60,36.80,35.65,35.80,39.10,34.00,265357100,HSX,stock
2025-08-19,SSI,35.50,37.30,35.50,36.75,38.30,33.30,350285100,HSX,stock
2025-08-20,SSI,36.75,36.80,34.50,36.10,39.30,34.20,183425800,HSX,stock
2025-08-21,SSI,36.20,37.90,36.10,37.05,38.60,33.60,330312300,HSX,stock
2025-08-22,SSI,36.45,36.80,35.35,35.75,39.60,34.50,521341100,HSX,stock
2025-08-25,SSI,36.40,37.80,35.85,36.65,38.25,33.25,299668500,HSX,stock
2025-08-26,SSI,36.55,39.20,36.15,39.20,39.20,34.10,83516800,HSX,stock
2025-08-27,SSI,40.45,41.20,40.10,40.25,41.90,36.50,723508500,HSX,stock
2025-08-28,SSI,40.50,42.00,40.15,42.00,43.05,37.45,985058300,HSX,stock
2025-08-29,SSI,42.95,44.15,42.20,42.20,44.90,39.10,801100700,HSX,stock
2025-09-03,SSI,42.20,42.65,40.90,41.35,45.15,39.25,187697300,HSX,stock
2025-09-04,SSI,41.60,42.60,41.15,42.30,44.20,38.50,128057400,HSX,stock
2025-09-05,SSI,42.75,43.40,40.50,40.50,45.25,39.35,3399465700,HSX,stock
2025-09-08,SSI,40.30,41.60,40.10,40.20,43.30,37.70,1790482100,HSX,stock
2025-09-09,SSI,40.55,42.00,39.30,42.00,43.00,37.40,904186500,HSX,stock
2025-09-10,SSI,42.80,43.40,41.65,42.45,44.90,39.10,340316700,HSX,stock
2025-09-11,SSI,41.80,42.60,39.80,42.45,45.40,39.50,471931900,HSX,stock
2025-09-12,SSI,42.85,42.90,41.55,41.90,45.40,39.50,359787700,HSX,stock
2025-09-15,SSI,42.10,42.65,41.45,42.20,44.80,39.00,257187400,HSX,stock
2025-09-16,SSI,43.00,43.00,41.60,41.60,45.15,39.25,1123674400,HSX,stock
2025-09-17,SSI,41.40,41.65,40.50,40.60,44.50,38.70,564954600,HSX,stock
2025-09-18,SSI,40.85,41.40,40.30,40.80,43.40,37.80,109990400,HSX,stock
2025-09-19,SSI,41.00,41.25,40.35,40.35,43.65,37.95,726071600,HSX,stock
2025-09-22,SSI,40.50,40.75,39.20,39.30,43.15,37.55,388199700,HSX,stock
2025-09-23,SSI,39.40,40.10,39.40,39.40,42.05,36.55,92179500,HSX,stock
2025-09-24,SSI,39.50,40.25,38.55,40.25,42.15,36.65,720226900,HSX,stock
2025-09-25,SSI,39.50,39.65,39.00,39.00,41.95,36.55,203588200,HSX,stock
2025-09-26,SSI,38.90,38.95,38.00,38.00,41.70,36.30,866503400,HSX,stock
2025-09-29,SSI,38.05,38.20,37.20,37.55,40.65,35.35,248779200,HSX,stock
2025-09-30,SSI,37.60,38.80,37.30,38.55,40.15,34.95,173060100,HSX,stock
2025-10-01,SSI,38.85,39.20,38.45,38.60,41.20,35.90,122860900,HSX,stock
2025-10-02,SSI,38.65,38.95,37.70,37.85,41.30,35.90,404222800,HSX,stock
2025-10-03,SSI,37.75,38.20,37.20,37.65,40.45,35.25,245412400,HSX,stock
2025-10-06,SSI,38.50,40.25,38.45,40.25,40.25,35.05,46798600,HSX,stock
2025-10-07,SSI,41.00,41.35,40.55,40.80,43.05,37.45,558008100,HSX,stock
2025-10-08,SSI,41.75,42.50,40.55,41.20,43.65,37.95,2186495700,HSX,stock
2025-10-09,SSI,41.25,41.30,40.55,40.65,44.05,38.35,211234300,HSX,stock
2025-10-10,SSI,40.90,41.50,40.60,40.70,43.45,37.85,212701200,HSX,stock
2025-10-13,SSI,40.15,41.70,40.00,41.35,43.50,37.90,518890000,HSX,stock
2025-10-14,SSI,42.35,43.30,41.00,41.00,44.20,38.50,821627500,HSX,stock
2025-10-15,SSI,41.10,41.75,40.85,41.45,43.85,38.15,138075500,HSX,stock
2025-10-16,SSI,41.70,42.25,41.15,41.35,44.35,38.55,116712400,HSX,stock
2025-10-17,SSI,41.50,41.95,40.70,40.80,44.20,38.50,504157800,HSX,stock
2025-10-20,SSI,40.75,41.80,37.95,37.95,43.65,37.95,3252334600,HSX,stock
2025-10-21,SSI,37.95,39.50,36.95,38.60,40.60,35.30,497592600,HSX,stock
2025-10-22,SSI,38.80,38.80,37.20,38.45,41.30,35.90,145740400,HSX,stock
2025-10-23,SSI,38.50,38.65,37.50,37.50,41.10,35.80,571177400,HSX,stock
2025-10-24,SSI,37.20,37.40,35.70,36.00,40.10,34.90,884144000,HSX,stock
2025-10-27,SSI,36.40,36.55,34.55,34.80,38.50,33.50,1007766600,HSX,stock
2025-10-28,SSI,34.70,36.00,34.70,35.85,37.20,32.40,175093500,HSX,stock
2025-10-29,SSI,35.95,36.20,35.60,35.60,38.35,33.35,122244300,HSX,stock
2025-10-30,SSI,35.65,35.85,34.80,34.85,38.05,33.15,323183700,HSX,stock
2025-10-31,SSI,34.75,35.25,34.30,34.30,37.25,32.45,1139246000,HSX,stock
2025-11-03,SSI,34.30,34.55,32.50,32.50,36.70,31.90,1990984800,HSX,stock
2025-11-04,SSI,32.40,34.75,32.10,34.75,34.75,30.25,76932100,HSX,stock
2025-11-05,SSI,34.80,35.50,34.75,34.90,37.15,32.35,176344600,HSX,stock
2025-11-06,SSI,35.00,35.05,34.05,34.30,37.30,32.50,297047200,HSX,stock
2025-11-07,SSI,34.15,34.20,32.85,32.95,36.70,31.90,897484900,HSX,stock
2025-11-10,SSI,32.95,34.85,32.75,33.60,35.25,30.65,198217900,HSX,stock
2025-11-11,SSI,34.10,34.95,33.70,34.85,35.95,31.25,184819300,HSX,stock
2025-11-12,SSI,35.10,35.85,34.80,35.50,37.25,32.45,186448900,HSX,stock
2025-11-13,SSI,35.55,35.55,34.80,34.95,37.95,33.05,199264500,HSX,stock
2025-11-14,SSI,34.80,35.35,34.60,34.95,37.35,32.55,97896700,HSX,stock
2025-11-17,SSI,35.00,35.45,34.85,35.40,37.35,32.55,142179400,HSX,stock
2025-11-18,SSI,35.45,35.95,35.20,35.55,37.85,32.95,107393200,HSX,stock
2025-11-19,SSI,35.40,35.45,34.35,34.65,38.00,33.10,171045100,HSX,stock
2025-11-20,SSI,34.65,34.95,34.15,34.80,37.05,32.25,79572200,HSX,stock
2025-11-21,SSI,34.30,34.55,34.05,34.30,37.20,32.40,144662700,HSX,stock
2025-11-24,SSI,34.60,34.90,34.30,34.40,36.70,31.90,116867500,HSX,stock
2025-11-25,SSI,34.15,34.30,32.60,32.85,36.80,32.00,386888600,HSX,stock
2025-11-26,SSI,33.00,34.05,32.95,34.00,35.10,30.60,59285500,HSX,stock
2025-11-27,SSI,33.85,34.15,33.15,33.20,36.35,31.65,194572900,HSX,stock
2025-11-28,SSI,33.15,33.45,32.55,32.80,35.50,30.90,220959800,HSX,stock
2025-12-01,SSI,33.00,33.15,32.00,32.00,35.05,30.55,1096630800,HSX,stock
2025-12-02,SSI,31.70,32.45,31.70,32.30,34.20,29.80,173888900,HSX,stock
2025-12-03,SSI,32.40,32.55,32.15,32.35,34.55,30.05,127312500,HSX,stock
2025-12-04,SSI,32.55,33.15,32.50,32.80,34.60,30.10,227658700,HSX,stock
2025-12-05,SSI,32.95,33.00,32.20,32.25,35.05,30.55,1741633000,HSX,stock
2025-12-08,SSI,30.00,30.45,29.40,29.40,31.45,27.35,736806100,HSX,stock
2025-12-09,SSI,29.35,29.40,28.40,28.75,31.45,27.35,75595700,HSX,stock
2025-12-10,SSI,29.00,29.30,28.90,29.25,30.75,26.75,65875900,HSX,stock
2025-12-11,SSI,29.35,29.70,28.95,29.05,31.25,27.25,31923000,HSX,stock
2025-12-12,SSI,29.30,29.40,28.00,28.10,31.05,27.05,1093066200,HSX,stock
2025-12-15,SSI,28.05,28.85,28.05,28.40,30.05,26.15,101145400,HSX,stock
2025-12-16,SSI,28.60,30.35,28.00,30.25,30.35,26.45,184396700,HSX,stock
2025-12-17,SSI,30.00,30.10,29.60,29.65,32.35,28.15,86373500,HSX,stock
2025-12-18,SSI,29.65,30.10,29.35,29.85,31.70,27.60,48597800,HSX,stock
2025-12-19,SSI,30.00,30.95,29.85,30.80,31.90,27.80,786955500,HSX,stock
2025-12-22,SSI,30.90,31.50,30.55,31.45,32.95,28.65,211277500,HSX,stock
2025-12-23,SSI,31.45,31.60,30.65,30.80,33.65,29.25,162237300,HSX,stock
2025-12-24,SSI,30.70,31.35,30.40,31.35,32.95,28.65,179276800,HSX,stock
2025-12-25,SSI,31.35,31.60,30.50,30.50,33.50,29.20,533937500,HSX,stock
2025-12-26,SSI,30.25,31.25,29.75,30.75,32.60,28.40,135497900,HSX,stock
2025-12-29,SSI,30.80,30.95,30.40,30.50,32.90,28.60,87638100,HSX,stock
2025-12-30,SSI,30.50,30.80,30.30,30.60,32.60,28.40,54940000,HSX,stock
2025-12-31,SSI,30.65,30.90,30.20,30.25,32.70,28.50,209144100,HSX,stock
2026-01-05,SSI,30.40,30.40,28.80,29.15,32.35,28.15,153638900,HSX,stock
2026-01-06,SSI,29.15,29.80,28.65,29.65,31.15,27.15,66911400,HSX,stock
2026-01-07,SSI,30.00,30.50,29.75,30.10,31.70,27.60,278442000,HSX,stock
2026-01-08,SSI,30.20,31.30,30.20,30.55,32.20,28.00,181717300,HSX,stock
2026-01-09,SSI,30.95,31.05,30.30,30.35,32.65,28.45,203130600,HSX,stock
2026-01-12,SSI,30.45,32.45,30.45,32.45,32.45,28.25,34210300,HSX,stock
2026-01-13,SSI,33.55,33.90,32.65,32.75,34.70,30.20,821083000,HSX,stock
2026-01-14,SSI,32.80,33.55,32.20,33.35,35.00,30.50,823777100,HSX,stock
2026-01-15,SSI,33.30,33.80,32.35,32.65,35.65,31.05,204029700,HSX,stock
2026-01-16,SSI,32.90,33.45,32.00,32.65,34.90,30.40,152427800,HSX,stock
2026-01-19,SSI,32.60,33.20,32.45,32.65,34.90,30.40,13688900,HSX,stock
2026-01-20,SSI,33.00,33.30,32.25,32.60,34.90,30.40,251229700,HSX,stock
2026-01-21,SSI,32.25,32.50,31.40,31.70,34.85,30.35,144474000,HSX,stock
2026-01-22,SSI,32.05,32.55,31.70,31.90,33.90,29.50,77504900,HSX,stock
2026-01-23,SSI,32.20,32.70,31.80,31.90,34.10,29.70,145153100,HSX,stock
2026-01-26,SSI,31.75,32.40,30.80,31.00,34.10,29.70,124172500,HSX,stock
2026-01-27,SSI,31.00,31.40,30.85,30.85,33.15,28.85,124757600,HSX,stock
2026-01-28,SSI,31.00,31.40,30.50,30.95,33.00,28.70,63588400,HSX,stock
2026-01-29,SSI,31.05,31.50,30.95,31.15,33.10,28.80,42015600,HSX,stock
2026-01-30,SSI,31.20,31.60,31.10,31.15,33.30,29.00,105775900,HSX,stock
2026-02-02,SSI,31.15,31.15,30.60,30.80,33.30,29.00,71651200,HSX,stock
2026-02-03,SSI,31.00,31.50,30.90,30.90,32.95,28.65,80838400,HSX,stock
2026-02-04,SSI,31.40,32.50,31.35,31.55,33.05,28.75,120037700,HSX,stock
2026-02-05,SSI,31.70,31.90,31.00,31.00,33.75,29.35,233295100,HSX,stock
2026-02-06,SSI,30.70,31.00,29.90,29.90,33.15,28.85,779176500,HSX,stock
2026-02-09,SSI,30.25,30.35,29.60,29.60,31.95,27.85,160977200,HSX,stock
2026-02-10,SSI,29.60,30.00,29.50,29.95,31.65,27.55,129971000,HSX,stock
2026-02-11,SSI,30.15,31.20,30.10,31.20,32.00,27.90,112389000,HSX,stock
2026-02-12,SSI,31.25,31.50,31.05,31.25,33.35,29.05,54749300,HSX,stock
2026-02-13,SSI,31.10,31.55,30.90,31.40,33.40,29.10,285450000,HSX,stock
2026-02-23,SSI,31.60,31.85,31.30,31.60,33.55,29.25,89205900,HSX,stock
2026-02-24,SSI,31.50,32.80,31.25,32.10,33.80,29.40,173629300,HSX,stock
2026-02-25,SSI,32.00,32.70,31.80,32.15,34.30,29.90,478973800,HSX,stock
2026-02-26,SSI,32.30,32.70,32.00,32.40,34.40,29.90,105428100,HSX,stock
2026-02-27,SSI,32.50,32.95,32.10,32.40,34.65,30.15,262031500,HSX,stock
2026-03-02,SSI,31.50,32.80,31.30,31.85,34.65,30.15,1977808600,HSX,stock
2026-03-03,SSI,32.10,33.55,32.00,32.60,34.05,29.65,485433800,HSX,stock
2026-03-04,SSI,32.55,33.70,31.50,33.70,34.85,30.35,2426981200,HSX,stock
2026-03-05,SSI,34.30,35.00,33.50,33.50,36.05,31.35,1988095200,HSX,stock
2026-03-06,SSI,33.10,33.20,31.50,31.50,35.80,31.20,2731373900,HSX,stock
2026-03-09,SSI,29.30,29.45,29.30,29.30,33.70,29.30,4113446000,HSX,stock
2026-03-10,SSI,30.00,30.50,29.00,29.65,31.35,27.25,2488948000,HSX,stock
2026-03-11,SSI,29.80,30.80,29.40,30.25,31.70,27.60,204879000,HSX,stock
2026-03-12,SSI,29.70,30.10,28.90,29.15,32.35,28.15,309095800,HSX,stock
2026-03-13,SSI,28.75,29.20,28.20,28.40,31.15,27.15,781998300,HSX,stock
2026-03-16,SSI,28.45,29.25,28.30,28.40,30.35,26.45,154332000,HSX,stock
2026-03-17,SSI,28.80,29.45,28.65,28.65,30.35,26.45,110016100,HSX,stock
2026-03-18,SSI,28.80,28.90,27.70,28.00,30.65,26.65,374645000,HSX,stock
2026-03-19,SSI,27.40,27.60,26.60,27.00,29.95,26.05,702862000,HSX,stock
2026-03-20,SSI,26.80,27.30,26.65,26.95,28.85,25.15,1272456900,HSX,stock
2026-03-23,SSI,26.10,26.35,25.20,25.40,28.80,25.10,667828600,HSX,stock
2026-03-24,SSI,26.25,26.50,25.85,25.90,27.15,23.65,288361800,HSX,stock
2026-03-25,SSI,26.40,27.25,26.30,26.85,27.70,24.10,141166800,HSX,stock
2026-03-26,SSI,26.85,26.85,26.35,26.35,28.70,25.00,128079500,HSX,stock
2026-03-27,SSI,26.35,27.20,26.35,27.05,28.15,24.55,278149300,HSX,stock
2026-03-30,SSI,26.35,26.90,26.00,26.55,28.90,25.20,218673400,HSX,stock
2026-03-31,SSI,26.70,27.30,26.55,26.95,28.40,24.70,131838000,HSX,stock
2026-04-01,SSI,27.70,28.50,27.60,27.90,28.80,25.10,292074600,HSX,stock
2026-04-02,SSI,27.65,27.95,27.35,27.55,29.85,25.95,127489300,HSX,stock
2026-04-03,SSI,27.70,27.80,27.00,27.00,29.45,25.65,301846200,HSX,stock
2026-04-06,SSI,26.90,27.50,26.85,26.95,28.85,25.15,127198900,HSX,stock
2026-04-07,SSI,27.15,27.50,26.75,27.50,28.80,25.10,343122000,HSX,stock
2026-04-08,SSI,28.70,29.40,28.50,29.40,29.40,25.60,1624896800,HSX,stock
2026-04-09,SSI,28.95,29.25,28.75,28.75,31.45,27.35,303264100,HSX,stock
2026-04-10,SSI,29.10,29.15,28.60,28.60,30.75,26.75,252078500,HSX,stock
2026-04-13,SSI,28.20,28.75,28.10,28.40,30.60,26.60,130229800,HSX,stock
2026-04-14,SSI,28.80,29.10,28.45,28.70,30.35,26.45,98023700,HSX,stock
2026-04-15,SSI,29.00,29.15,28.70,28.70,30.70,26.70,264887500,HSX,stock
2026-04-16,SSI,28.70,29.10,28.55,28.85,30.70,26.70,127283900,HSX,stock
2026-04-17,SSI,28.85,29.15,28.55,28.55,30.85,26.85,287024600,HSX,stock
2026-04-20,SSI,28.60,29.20,28.60,28.95,30.50,26.60,71996000,HSX,stock
2026-04-21,SSI,29.00,29.10,28.30,28.30,30.95,26.95,404736400,HSX,stock
2026-04-22,SSI,28.40,28.45,28.10,28.15,30.25,26.35,63450200,HSX,stock
2026-04-23,SSI,28.20,28.50,27.55,27.95,30.10,26.20,63511800,HSX,stock
2026-04-24,SSI,27.90,28.00,27.55,27.70,29.90,26.00,176441800,HSX,stock
2026-04-28,SSI,27.80,28.05,27.65,27.65,29.60,25.80,30819200,HSX,stock
2026-04-29,SSI,27.70,27.90,27.65,27.65,29.55,25.75,106221500,HSX,stock
2026-05-04,SSI,27.85,28.15,27.70,27.70,29.55,25.75,116395900,HSX,stock
2026-05-05,SSI,27.60,27.75,27.30,27.30,29.60,25.80,115255100,HSX,stock
2026-05-06,SSI,27.55,28.70,27.45,28.50,29.20,25.40,111087700,HSX,stock
2026-05-07,SSI,28.75,28.80,28.30,28.35,30.45,26.55,113610200,HSX,stock
2026-05-08,SSI,28.35,28.60,28.20,28.30,30.30,26.40,84487600,HSX,stock
2026-05-11,SSI,28.45,28.80,28.25,28.30,30.25,26.35,106442300,HSX,stock
2026-05-12,SSI,28.30,28.40,28.05,28.05,30.25,26.35,63916500,HSX,stock
2026-05-13,SSI,28.25,28.35,27.65,27.80,30.00,26.10,61789700,HSX,stock
2026-05-14,SSI,27.80,28.15,27.80,28.10,29.70,25.90,48417600,HSX,stock
2026-05-15,SSI,28.20,28.35,27.85,27.90,30.05,26.15,67174400,HSX,stock
2026-05-18,SSI,27.80,28.25,27.65,28.15,29.85,25.95,88044700,HSX,stock
2026-05-19,SSI,28.30,28.75,27.65,27.80,30.10,26.20,143019500,HSX,stock
2026-05-20,SSI,27.80,27.90,26.50,27.25,29.70,25.90,59941000,HSX,stock
2026-05-21,SSI,27.40,27.55,27.05,27.10,29.15,25.35,52606400,HSX,stock
2026-05-22,SSI,27.15,27.95,26.80,27.55,28.95,25.25,48283900,HSX,stock
2026-05-25,SSI,27.75,27.85,27.45,27.45,29.45,25.65,78616200,HSX,stock
2026-05-26,SSI,27.40,28.10,27.40,28.00,29.35,25.55,103292300,HSX,stock
2026-05-27,SSI,28.10,28.20,27.85,27.90,29.95,26.05,63664800,HSX,stock
2026-05-28,SSI,27.90,28.20,27.55,27.55,29.85,25.95,281793700,HSX,stock
2026-05-29,SSI,27.60,28.00,27.45,27.50,29.45,25.65,68504500,HSX,stock
2026-06-01,SSI,27.50,27.95,27.35,27.45,29.40,25.60,104777000,HSX,stock
2026-06-02,SSI,27.45,27.70,26.95,27.00,29.35,25.55,42990400,HSX,stock
2026-06-03,SSI,27.00,27.55,26.90,27.30,28.85,25.15,56601000,HSX,stock
2026-06-04,SSI,27.35,27.40,27.00,27.10,29.20,25.40,40135000,HSX,stock
2026-06-05,SSI,27.15,27.25,26.90,27.00,28.95,25.25,68591600,HSX,stock
2026-06-08,SSI,26.80,26.85,26.35,26.35,28.85,25.15,196451900,HSX,stock
2026-06-09,SSI,26.40,26.80,26.25,26.50,28.15,24.55,35596600,HSX,stock
2026-06-10,SSI,26.50,26.75,26.35,26.55,28.35,24.65,49739600,HSX,stock
2026-06-11,SSI,26.40,26.55,26.30,26.30,28.40,24.70,54334900,HSX,stock
2026-06-12,SSI,26.70,26.80,26.15,26.15,28.10,24.50,112707300,HSX,stock
2026-06-15,SSI,26.70,27.20,26.60,27.05,27.95,24.35,92645500,HSX,stock
2026-06-16,SSI,27.20,27.80,27.05,27.60,28.90,25.20,99585200,HSX,stock
2026-06-17,SSI,27.65,27.90,27.45,27.70,29.50,25.70,36357700,HSX,stock
2026-06-18,SSI,27.70,28.00,27.50,27.50,29.60,25.80,91856400,HSX,stock
2026-06-19,SSI,27.50,27.65,27.15,27.15,29.40,25.60,184045100,HSX,stock
2026-06-22,SSI,27.20,27.45,26.90,27.20,29.05,25.25,37581200,HSX,stock
2026-06-23,SSI,27.25,27.45,26.85,26.85,29.10,25.30,88288100,HSX,stock
2026-06-24,SSI,26.90,26.95,26.55,26.70,28.70,25.00,43380200,HSX,stock
2026-06-25,SSI,26.80,26.85,26.50,26.50,28.55,24.85,47719300,HSX,stock
2026-06-26,SSI,26.50,26.60,26.25,26.40,28.35,24.65,63456000,HSX,stock
2026-06-29,SSI,26.50,26.75,26.50,26.60,28.20,24.60,17669900,HSX,stock
2026-06-30,SSI,26.65,27.15,26.60,26.75,28.45,24.75,44634700,HSX,stock
2026-07-01,SSI,26.80,27.30,26.75,27.20,28.60,24.90,55329000,HSX,stock
2026-07-02,SSI,27.25,27.50,27.10,27.10,29.10,25.30,34634200,HSX,stock
2026-07-03,SSI,27.25,27.50,26.95,27.35,28.95,25.25,48954300,HSX,stock
2026-07-06,SSI,27.50,27.70,26.30,26.75,29.25,25.45,71862800,HSX,stock
2026-07-07,SSI,26.75,27.15,26.45,27.15,28.60,24.90,80594500,HSX,stock
2026-07-08,SSI,27.15,27.80,27.10,27.20,29.05,25.25,61607000,HSX,stock
2026-07-09,SSI,27.10,27.25,26.80,26.95,29.10,25.30,19657400,HSX,stock
2026-07-10,SSI,27.00,27.05,26.50,26.55,28.80,25.10,148079700,HSX,stock
2026-07-13,SSI,26.50,26.50,25.10,25.65,28.40,24.70,129549300,HSX,stock
2026-07-14,SSI,25.25,25.85,25.00,25.55,27.40,23.90,54636000,HSX,stock
2026-07-15,SSI,25.45,25.75,24.70,24.70,27.30,23.80,340988700,HSX,stock
2026-07-16,SSI,24.50,25.00,23.70,25.00,26.40,23.00,90703700,HSX,stock
2022-01-04,TCB,50.50,51.20,50.30,50.90,53.50,46.50,5871400,HSX,stock
2022-01-05,TCB,50.90,51.20,50.30,50.50,54.40,47.35,4791800,HSX,stock
2022-01-06,TCB,50.20,50.40,49.60,49.90,54.00,47.00,4776500,HSX,stock
2022-01-07,TCB,49.90,50.10,49.40,49.45,53.30,46.45,3300700,HSX,stock
2022-01-10,TCB,49.50,49.60,48.65,48.65,52.90,46.00,3095700,HSX,stock
2022-01-11,TCB,48.90,49.10,48.40,48.45,52.00,45.25,3884400,HSX,stock
2022-01-12,TCB,48.45,50.40,48.40,50.40,51.80,45.10,5215300,HSX,stock
2022-01-13,TCB,50.90,51.80,50.20,50.50,53.90,46.90,5899900,HSX,stock
2022-01-14,TCB,50.00,50.40,49.50,49.75,54.00,47.00,2674600,HSX,stock
2022-01-17,TCB,49.70,50.50,48.60,48.60,53.20,46.30,5438200,HSX,stock
2022-01-18,TCB,48.60,49.45,48.50,48.75,52.00,45.20,3865400,HSX,stock
2022-01-19,TCB,49.00,49.40,48.80,48.85,52.10,45.35,2326900,HSX,stock
2022-01-20,TCB,48.65,49.40,48.60,48.85,52.20,45.45,3418600,HSX,stock
2022-01-21,TCB,49.00,50.80,48.90,49.80,52.20,45.45,4696700,HSX,stock
2022-01-24,TCB,49.95,51.40,49.80,50.30,53.20,46.35,7120900,HSX,stock
2022-01-25,TCB,51.20,52.10,51.00,51.90,53.80,46.80,6022400,HSX,stock
2022-01-26,TCB,52.40,53.30,52.00,52.40,55.50,48.30,5911000,HSX,stock
2022-01-27,TCB,52.00,52.70,51.50,51.90,56.00,48.75,3321600,HSX,stock
2022-01-28,TCB,51.90,53.00,51.60,52.80,55.50,48.30,4899300,HSX,stock
2022-02-07,TCB,53.70,53.80,52.80,52.80,56.40,49.15,4450500,HSX,stock
2022-02-08,TCB,52.80,54.30,52.80,53.80,56.40,49.15,6473400,HSX,stock
2022-02-09,TCB,54.00,54.90,53.60,53.60,57.50,50.10,7819800,HSX,stock
2022-02-10,TCB,53.60,54.20,53.10,53.60,57.30,49.85,5193800,HSX,stock
2022-02-11,TCB,53.50,53.80,53.00,53.70,57.30,49.85,3380600,HSX,stock
2022-02-14,TCB,53.20,53.20,51.50,51.50,57.40,49.95,7861300,HSX,stock
2022-02-15,TCB,51.60,52.10,51.30,51.80,55.10,47.90,4107800,HSX,stock
2022-02-16,TCB,52.20,52.20,51.50,51.60,55.40,48.20,2950500,HSX,stock
2022-02-17,TCB,51.60,52.50,51.60,52.20,55.20,48.00,3950600,HSX,stock
2022-02-18,TCB,51.70,52.00,51.50,51.60,55.80,48.55,3157600,HSX,stock
2022-02-21,TCB,51.60,51.70,50.80,51.50,55.20,48.00,3646200,HSX,stock
2022-02-22,TCB,51.00,51.70,50.60,51.40,55.10,47.90,4902900,HSX,stock
2022-02-23,TCB,51.70,52.20,51.40,51.70,54.90,47.85,2590900,HSX,stock
2022-02-24,TCB,51.50,51.90,49.80,50.50,55.30,48.10,6597400,HSX,stock
2022-02-25,TCB,51.00,51.30,50.50,50.70,54.00,47.00,3257900,HSX,stock
2022-02-28,TCB,50.50,50.90,50.20,50.40,54.20,47.20,3219200,HSX,stock
2022-03-01,TCB,50.70,50.70,50.10,50.30,53.90,46.90,3471700,HSX,stock
2022-03-02,TCB,50.10,50.10,49.20,49.20,53.80,46.80,7345400,HSX,stock
2022-03-03,TCB,49.50,49.90,49.15,49.65,52.60,45.80,3432700,HSX,stock
2022-03-04,TCB,49.75,50.40,49.50,49.95,53.10,46.20,3101300,HSX,stock
2022-03-07,TCB,49.50,49.60,49.10,49.25,53.40,46.50,3386800,HSX,stock
2022-03-08,TCB,49.00,49.50,48.80,49.00,52.60,45.85,4266300,HSX,stock
2022-03-09,TCB,49.00,49.35,48.90,49.10,52.40,45.60,3790200,HSX,stock
2022-03-10,TCB,49.80,49.80,49.25,49.25,52.50,45.70,2409200,HSX,stock
2022-03-11,TCB,49.20,49.20,48.70,48.90,52.60,45.85,2677600,HSX,stock
2022-03-14,TCB,48.80,48.90,48.30,48.50,52.30,45.50,2374700,HSX,stock
2022-03-15,TCB,48.60,49.00,48.50,48.60,51.80,45.15,2134100,HSX,stock
2022-03-16,TCB,48.80,49.45,48.80,49.05,52.00,45.20,2311600,HSX,stock
2022-03-17,TCB,49.45,49.50,49.00,49.00,52.40,45.65,1917900,HSX,stock
2022-03-18,TCB,49.15,49.40,49.10,49.20,52.40,45.60,1408400,HSX,stock
2022-03-21,TCB,49.25,49.55,49.10,49.45,52.60,45.80,1665500,HSX,stock
2022-03-22,TCB,49.55,50.30,49.50,49.90,52.90,46.00,2667400,HSX,stock
2022-03-23,TCB,49.90,50.20,49.60,49.60,53.30,46.45,1801800,HSX,stock
2022-03-24,TCB,49.60,49.80,49.30,49.30,53.00,46.15,1505500,HSX,stock
2022-03-25,TCB,49.40,49.45,49.15,49.25,52.70,45.85,1628500,HSX,stock
2022-03-28,TCB,49.15,49.15,48.35,48.80,52.60,45.85,2537100,HSX,stock
2022-03-29,TCB,48.90,49.15,48.65,48.90,52.20,45.40,1636700,HSX,stock
2022-03-30,TCB,48.90,49.90,48.90,49.15,52.30,45.50,2535700,HSX,stock
2022-03-31,TCB,49.50,49.70,49.30,49.55,52.50,45.75,2551300,HSX,stock
2022-04-01,TCB,49.55,50.40,49.40,50.30,53.00,46.10,4236800,HSX,stock
2022-04-04,TCB,50.40,50.60,49.65,49.65,,,3905700,HSX,stock
2022-04-05,TCB,49.40,49.50,49.05,49.05,53.10,46.20,2567800,HSX,stock
2022-04-06,TCB,48.90,49.90,48.70,49.90,52.40,45.65,4295200,HSX,stock
2022-04-07,TCB,49.90,50.30,49.30,49.30,53.30,46.45,2416000,HSX,stock
2022-04-08,TCB,49.40,49.40,48.80,48.85,52.70,45.85,3462000,HSX,stock
2022-04-12,TCB,48.70,48.90,47.90,48.00,52.20,45.45,3882300,HSX,stock
2022-04-13,TCB,48.40,48.45,47.90,48.00,51.30,44.65,3481200,HSX,stock
2022-04-14,TCB,48.05,48.35,47.15,47.30,51.30,44.65,3204900,HSX,stock
2022-04-15,TCB,47.30,47.30,45.60,45.60,50.60,44.00,7259400,HSX,stock
2022-04-18,TCB,46.00,46.25,44.80,44.85,48.75,42.45,5864500,HSX,stock
2022-04-19,TCB,45.00,45.45,43.50,43.70,47.95,41.75,3740100,HSX,stock
2022-04-20,TCB,43.70,44.20,43.05,43.05,46.75,40.65,4372900,HSX,stock
2022-04-21,TCB,43.00,44.00,42.90,43.60,46.05,40.05,5867800,HSX,stock
2022-04-22,TCB,44.00,44.75,43.55,44.10,46.65,40.55,3178500,HSX,stock
2022-04-25,TCB,44.20,44.30,41.05,41.05,47.15,41.05,4422100,HSX,stock
2022-04-26,TCB,40.60,42.00,38.85,41.50,43.90,38.20,5642500,HSX,stock
2022-04-27,TCB,41.50,42.20,40.90,41.60,44.40,38.60,3154400,HSX,stock
2022-04-28,TCB,41.65,42.80,41.65,42.30,44.50,38.70,2574500,HSX,stock
2022-04-29,TCB,42.30,44.00,42.20,44.00,45.25,39.35,6043100,HSX,stock
2022-05-04,TCB,43.50,43.65,42.00,42.00,47.05,40.95,3043000,HSX,stock
2022-05-05,TCB,42.85,42.85,41.40,42.60,44.90,39.10,2602800,HSX,stock
2022-05-06,TCB,41.70,42.30,41.50,41.50,45.55,39.65,2719800,HSX,stock
2022-05-09,TCB,41.20,41.40,38.60,38.60,44.40,38.60,6040500,HSX,stock
2022-05-10,TCB,37.45,38.85,37.45,38.70,41.30,35.90,5477900,HSX,stock
2022-05-11,TCB,39.00,39.45,38.45,39.00,41.40,36.00,2128200,HSX,stock
2022-05-12,TCB,39.00,39.00,36.30,36.30,41.70,36.30,3269700,HSX,stock
2022-05-13,TCB,36.30,36.80,33.80,33.80,38.80,33.80,7131500,HSX,stock
2022-05-16,TCB,35.10,35.80,32.60,32.60,36.15,31.45,5857300,HSX,stock
2022-05-17,TCB,32.60,34.85,32.55,34.85,34.85,30.35,4831200,HSX,stock
2022-05-18,TCB,35.70,36.90,35.35,36.05,37.25,32.45,4265800,HSX,stock
2022-05-19,TCB,35.40,36.40,35.20,35.80,38.55,33.55,3030500,HSX,stock
2022-05-20,TCB,35.80,36.45,35.35,35.70,38.30,33.30,2764000,HSX,stock
2022-05-23,TCB,35.80,36.20,34.85,34.85,38.15,33.25,2858800,HSX,stock
2022-05-24,TCB,34.80,35.25,34.40,35.25,37.25,32.45,2197000,HSX,stock
2022-05-25,TCB,35.85,36.65,35.50,36.50,37.70,32.80,3040000,HSX,stock
2022-05-26,TCB,36.70,37.25,36.55,36.70,39.05,33.95,2402900,HSX,stock
2022-05-27,TCB,36.90,37.45,36.85,37.45,39.25,34.15,3012300,HSX,stock
2022-05-30,TCB,38.00,38.00,37.45,37.75,40.05,34.85,2313000,HSX,stock
2022-05-31,TCB,37.45,37.60,37.15,37.15,40.35,35.15,2597500,HSX,stock
2022-06-01,TCB,37.00,37.70,36.65,36.85,39.75,34.55,2053300,HSX,stock
2022-06-02,TCB,36.90,37.00,36.00,36.40,,,748300,HSX,stock
2022-06-03,TCB,36.35,36.85,36.05,36.45,38.90,33.90,1440800,HSX,stock
2022-06-06,TCB,36.45,36.80,36.00,36.05,39.00,33.90,1899600,HSX,stock
2022-06-07,TCB,36.00,36.20,35.00,36.20,38.55,33.55,2259400,HSX,stock
2022-06-08,TCB,36.30,37.45,36.15,37.25,38.70,33.70,3183600,HSX,stock
2022-06-09,TCB,37.25,37.55,37.05,37.40,39.85,34.65,3054600,HSX,stock
2022-06-10,TCB,37.00,38.90,36.95,37.95,40.00,34.80,4049000,HSX,stock
2022-06-13,TCB,37.00,37.25,35.95,36.00,40.60,35.30,3135000,HSX,stock
2022-06-14,TCB,35.30,36.30,35.20,35.75,38.50,33.50,1995100,HSX,stock
2022-06-15,TCB,35.70,36.15,35.05,35.70,38.25,33.25,3099400,HSX,stock
2022-06-16,TCB,35.90,36.50,35.60,36.05,38.15,33.25,3291900,HSX,stock
2022-06-17,TCB,35.05,35.40,33.85,34.50,38.55,33.55,2263000,HSX,stock
2022-06-20,TCB,34.50,35.20,33.00,33.00,36.90,32.10,2258800,HSX,stock
2022-06-21,TCB,33.10,33.80,32.80,33.00,35.30,30.70,2611000,HSX,stock
2022-06-22,TCB,33.75,35.30,33.45,34.80,35.30,30.70,2633100,HSX,stock
2022-06-23,TCB,34.80,36.40,34.55,35.95,37.20,32.40,2175300,HSX,stock
2022-06-24,TCB,35.95,36.10,35.50,35.50,38.45,33.45,1496200,HSX,stock
2022-06-27,TCB,35.55,35.95,35.50,35.55,37.95,33.05,2222800,HSX,stock
2022-06-28,TCB,35.50,36.95,35.35,36.70,38.00,33.10,2426100,HSX,stock
2022-06-29,TCB,36.20,37.15,36.20,36.75,39.25,34.15,1602200,HSX,stock
2022-06-30,TCB,36.55,37.10,35.55,35.55,39.30,34.20,1827200,HSX,stock
2022-07-01,TCB,35.60,36.25,34.85,36.00,38.00,33.10,1968100,HSX,stock
2022-07-04,TCB,36.25,36.70,36.05,36.35,38.50,33.50,1439900,HSX,stock
2022-07-05,TCB,36.60,38.25,36.35,37.75,38.85,33.85,4425900,HSX,stock
2022-07-06,TCB,37.50,38.40,37.20,37.60,40.35,35.15,2880700,HSX,stock
2022-07-07,TCB,37.45,38.00,37.00,37.80,40.20,35.00,1770900,HSX,stock
2022-07-08,TCB,37.95,38.00,37.35,37.55,40.40,35.20,1976000,HSX,stock
2022-07-11,TCB,37.05,37.30,35.50,35.60,40.15,34.95,4113000,HSX,stock
2022-07-12,TCB,35.80,36.10,35.65,36.10,38.05,33.15,2097100,HSX,stock
2022-07-13,TCB,36.15,36.80,36.00,36.10,38.60,33.60,1808800,HSX,stock
2022-07-14,TCB,35.90,36.30,35.85,35.95,38.60,33.60,1665200,HSX,stock
2022-07-15,TCB,36.10,36.55,36.10,36.10,38.45,33.45,2359800,HSX,stock
2022-07-18,TCB,36.30,36.85,36.10,36.30,38.60,33.60,1459800,HSX,stock
2022-07-19,TCB,36.25,36.30,35.75,36.10,38.80,33.80,1187500,HSX,stock
2022-07-20,TCB,36.50,36.60,36.20,36.30,38.60,33.60,2368900,HSX,stock
2022-07-21,TCB,36.60,36.90,36.30,36.85,38.80,33.80,2707000,HSX,stock
2022-07-22,TCB,37.30,37.90,37.05,37.10,39.40,34.30,2164700,HSX,stock
2022-07-25,TCB,36.85,37.10,36.75,36.80,39.65,34.55,1271400,HSX,stock
2022-07-26,TCB,36.80,37.05,36.55,36.60,39.35,34.25,1436100,HSX,stock
2022-07-27,TCB,36.40,36.60,36.40,36.60,39.15,34.05,919300,HSX,stock
2022-07-28,TCB,36.90,37.50,36.80,37.30,39.15,34.05,2721300,HSX,stock
2022-07-29,TCB,37.50,37.90,37.15,37.90,39.90,34.70,4033800,HSX,stock
2022-08-01,TCB,37.85,38.80,37.60,38.60,40.55,35.25,3092200,HSX,stock
2022-08-02,TCB,38.40,38.60,38.05,38.30,41.30,35.90,2497400,HSX,stock
2022-08-03,TCB,38.30,38.40,37.85,38.15,40.95,35.65,2583600,HSX,stock
2022-08-04,TCB,38.25,38.85,38.20,38.40,40.80,35.50,2366600,HSX,stock
2022-08-05,TCB,38.40,38.80,38.30,38.40,41.05,35.75,2161600,HSX,stock
2022-08-08,TCB,38.50,39.65,38.50,39.20,41.05,35.75,3607300,HSX,stock
2022-08-09,TCB,39.40,39.65,39.00,39.15,41.90,36.50,2332200,HSX,stock
2022-08-10,TCB,38.85,39.05,38.70,38.80,41.85,36.45,1528300,HSX,stock
2022-08-11,TCB,39.10,39.30,38.35,38.50,41.50,36.10,2341300,HSX,stock
2022-08-12,TCB,38.50,38.80,38.25,38.80,41.15,35.85,1542700,HSX,stock
2022-08-15,TCB,39.00,39.35,38.85,39.10,41.50,36.10,2200800,HSX,stock
2022-08-16,TCB,39.05,39.20,38.95,39.00,41.80,36.40,1510900,HSX,stock
2022-08-17,TCB,39.05,39.35,39.00,39.30,41.70,36.30,2123500,HSX,stock
2022-08-18,TCB,39.10,39.50,38.95,39.10,42.05,36.55,2896900,HSX,stock
2022-08-19,TCB,39.05,39.20,38.95,39.00,41.80,36.40,1401100,HSX,stock
2022-08-22,TCB,38.85,39.10,38.55,38.70,41.70,36.30,1755100,HSX,stock
2022-08-23,TCB,38.65,38.80,38.35,38.80,41.40,36.00,2081900,HSX,stock
2022-08-24,TCB,38.80,39.75,38.80,39.25,41.50,36.10,1834700,HSX,stock
2022-08-25,TCB,39.30,39.70,39.30,39.55,41.95,36.55,1752200,HSX,stock
2022-08-26,TCB,39.60,39.95,39.50,39.50,42.30,36.80,2156100,HSX,stock
2022-08-29,TCB,38.80,39.10,38.50,38.75,42.25,36.75,2198000,HSX,stock
2022-08-30,TCB,38.80,39.15,38.75,38.75,41.45,36.05,1897200,HSX,stock
2022-08-31,TCB,38.75,39.15,38.65,38.95,41.45,36.05,1095800,HSX,stock
2022-09-05,TCB,38.85,38.90,38.55,38.60,41.65,36.25,1406800,HSX,stock
2022-09-06,TCB,38.55,39.00,38.55,38.65,41.30,35.90,1202400,HSX,stock
2022-09-07,TCB,38.65,38.70,37.55,37.55,41.35,35.95,2284500,HSX,stock
2022-09-08,TCB,37.75,37.90,37.35,37.40,40.15,34.95,1225200,HSX,stock
2022-09-09,TCB,37.70,37.70,37.00,37.65,40.00,34.80,1605300,HSX,stock
2022-09-12,TCB,37.65,37.80,37.45,37.50,40.25,35.05,736500,HSX,stock
2022-09-13,TCB,37.40,37.60,37.30,37.30,40.10,34.90,958200,HSX,stock
2022-09-14,TCB,36.50,37.00,36.50,36.80,39.90,34.70,1299700,HSX,stock
2022-09-15,TCB,37.00,37.05,36.60,36.60,39.35,34.25,1005500,HSX,stock
2022-09-16,TCB,36.40,36.65,36.00,36.00,39.15,34.05,1029300,HSX,stock
2022-09-19,TCB,36.00,36.00,34.85,35.05,38.50,33.50,1600900,HSX,stock
2022-09-20,TCB,35.55,35.55,34.90,35.05,37.50,32.60,1144500,HSX,stock
2022-09-21,TCB,35.00,35.10,34.50,34.50,37.50,32.60,1159500,HSX,stock
2022-09-22,TCB,34.30,34.65,34.10,34.55,36.90,32.10,1485100,HSX,stock
2022-09-23,TCB,34.45,34.60,34.05,34.20,36.95,32.15,1145800,HSX,stock
2022-09-26,TCB,33.85,33.85,32.95,33.25,36.55,31.85,2586100,HSX,stock
2022-09-27,TCB,33.55,33.90,33.20,33.50,35.55,30.95,1326700,HSX,stock
2022-09-28,TCB,33.35,33.70,33.20,33.25,35.80,31.20,1088700,HSX,stock
2022-09-29,TCB,33.70,33.70,33.00,33.00,35.55,30.95,1519900,HSX,stock
2022-09-30,TCB,33.00,33.20,32.20,32.50,35.30,30.70,3101200,HSX,stock
2022-10-03,TCB,32.50,32.60,30.25,30.25,34.75,30.25,3175300,HSX,stock
2022-10-04,TCB,30.80,31.00,30.00,30.30,32.35,28.15,3244900,HSX,stock
2022-10-05,TCB,31.00,31.05,30.50,30.50,32.40,28.20,2351100,HSX,stock
2022-10-06,TCB,30.50,30.80,29.30,29.30,32.60,28.40,3071300,HSX,stock
2022-10-07,TCB,28.90,28.90,27.25,27.25,31.35,27.25,7214800,HSX,stock
2022-10-10,TCB,25.80,26.95,25.35,25.80,29.15,25.35,9295800,HSX,stock
2022-10-11,TCB,25.80,25.80,24.00,24.00,27.60,24.00,9083500,HSX,stock
2022-10-12,TCB,24.00,25.40,23.55,24.80,25.65,22.35,5004600,HSX,stock
2022-10-13,TCB,24.80,25.30,24.10,25.30,26.50,23.10,4197600,HSX,stock
2022-10-14,TCB,26.50,26.50,25.50,25.70,27.05,23.55,2573200,HSX,stock
2022-10-17,TCB,25.50,25.50,24.35,25.10,27.45,23.95,3955500,HSX,stock
2022-10-18,TCB,25.60,25.90,25.15,25.30,26.85,23.35,2363500,HSX,stock
2022-10-19,TCB,25.30,25.50,24.60,25.20,27.05,23.55,2100700,HSX,stock
2022-10-20,TCB,25.10,25.10,24.55,24.60,26.95,23.45,2823300,HSX,stock
2022-10-21,TCB,24.85,24.85,22.90,22.90,26.30,22.90,4785100,HSX,stock
2022-10-24,TCB,23.05,23.35,21.30,21.30,24.50,21.30,4886600,HSX,stock
2022-10-25,TCB,21.30,22.45,20.00,21.30,22.75,19.85,4813200,HSX,stock
2022-10-26,TCB,21.70,21.80,21.05,21.40,22.75,19.85,1513600,HSX,stock
2022-10-27,TCB,21.50,22.85,21.50,22.85,22.85,19.95,2339700,HSX,stock
2022-10-28,TCB,23.60,24.40,23.50,24.40,24.40,21.30,4944500,HSX,stock
2022-10-31,TCB,24.60,24.80,23.50,24.60,26.10,22.70,3577900,HSX,stock
2022-11-01,TCB,25.00,26.00,25.00,25.65,26.30,22.90,3851600,HSX,stock
2022-11-02,TCB,25.70,25.80,25.05,25.20,27.40,23.90,2718100,HSX,stock
2022-11-03,TCB,24.65,25.85,24.65,25.85,26.95,23.45,3500800,HSX,stock
2022-11-04,TCB,25.00,25.50,24.05,25.50,27.65,24.05,6965600,HSX,stock
2022-11-07,TCB,25.45,25.80,23.75,23.75,27.25,23.75,3996800,HSX,stock
2022-11-08,TCB,23.75,24.90,23.00,24.15,25.40,22.10,2738200,HSX,stock
2022-11-09,TCB,24.50,25.10,24.20,24.35,25.80,22.50,1858800,HSX,stock
2022-11-10,TCB,24.00,24.10,22.65,22.75,26.05,22.65,3678500,HSX,stock
2022-11-11,TCB,23.50,23.95,22.80,22.80,24.30,21.20,2777600,HSX,stock
2022-11-14,TCB,22.20,22.40,21.30,22.20,24.35,21.25,3070400,HSX,stock
2022-11-15,TCB,22.05,22.05,20.65,20.70,23.75,20.65,5601300,HSX,stock
2022-11-16,TCB,19.30,22.10,19.30,22.10,22.10,19.30,9550800,HSX,stock
2022-11-17,TCB,22.70,23.05,22.20,22.95,23.60,20.60,2935200,HSX,stock
2022-11-18,TCB,22.85,23.35,21.80,22.70,24.55,21.35,3028500,HSX,stock
2022-11-21,TCB,22.65,23.10,22.25,22.25,24.25,21.15,2306400,HSX,stock
2022-11-22,TCB,22.05,23.05,21.85,21.85,23.80,20.70,4159100,HSX,stock
2022-11-23,TCB,22.00,22.40,21.70,22.00,23.35,20.35,1982700,HSX,stock
2022-11-24,TCB,22.00,22.20,21.50,22.15,23.50,20.50,1718700,HSX,stock
2022-11-25,TCB,22.35,23.00,22.20,23.00,23.70,20.60,2806500,HSX,stock
2022-11-28,TCB,23.30,24.60,23.25,24.60,24.60,21.40,4152000,HSX,stock
2022-11-29,TCB,24.95,25.60,24.35,25.20,26.30,22.90,4043100,HSX,stock
2022-11-30,TCB,25.20,25.90,24.95,25.90,26.95,23.45,4945600,HSX,stock
2022-12-01,TCB,26.25,27.70,26.25,27.40,27.70,24.10,7066900,HSX,stock
2022-12-02,TCB,27.00,29.00,26.85,28.80,29.30,25.50,4622200,HSX,stock
2022-12-05,TCB,29.50,29.80,28.80,29.00,30.80,26.80,4240600,HSX,stock
2022-12-06,TCB,28.80,29.00,27.00,27.05,31.00,27.00,6770600,HSX,stock
2022-12-07,TCB,27.00,27.15,25.95,26.40,28.90,25.20,3422400,HSX,stock
2022-12-08,TCB,26.80,28.20,26.50,28.20,28.20,24.60,4929100,HSX,stock
2022-12-09,TCB,28.45,28.50,27.70,28.25,30.15,26.25,2367100,HSX,stock
2022-12-12,TCB,28.25,28.55,27.20,27.20,30.20,26.30,3401200,HSX,stock
2022-12-13,TCB,27.20,28.80,27.00,28.80,29.10,25.30,3763800,HSX,stock
2022-12-14,TCB,29.50,29.70,28.80,28.80,30.80,26.80,3918500,HSX,stock
2022-12-15,TCB,28.80,29.55,28.60,29.50,30.80,26.80,3892200,HSX,stock
2022-12-16,TCB,29.00,29.30,28.60,29.15,31.55,27.45,3435300,HSX,stock
2022-12-19,TCB,29.15,30.65,29.05,29.25,31.15,27.15,4482100,HSX,stock
2022-12-20,TCB,29.00,29.25,27.25,27.70,31.25,27.25,4919900,HSX,stock
2022-12-21,TCB,28.05,28.20,26.30,27.70,29.60,25.80,3266000,HSX,stock
2022-12-22,TCB,27.75,28.40,27.25,27.70,29.60,25.80,1891300,HSX,stock
2022-12-23,TCB,27.70,27.90,26.95,27.60,29.60,25.80,1558500,HSX,stock
2022-12-26,TCB,27.25,27.40,25.70,25.70,29.50,25.70,3240600,HSX,stock
2022-12-27,TCB,25.60,26.30,25.40,26.30,27.45,23.95,2356600,HSX,stock
2022-12-28,TCB,26.10,26.45,25.75,26.15,28.10,24.50,1496600,HSX,stock
2022-12-29,TCB,26.10,26.30,25.75,25.95,27.95,24.35,1759900,HSX,stock
2022-12-30,TCB,25.95,26.10,25.85,25.85,27.75,24.15,1406700,HSX,stock
2023-01-03,TCB,25.75,27.45,25.75,27.45,27.65,24.05,2152700,HSX,stock
2023-01-04,TCB,27.45,27.80,27.25,27.30,29.35,25.55,1731700,HSX,stock
2023-01-05,TCB,27.30,27.80,27.15,27.65,29.20,25.40,1618700,HSX,stock
2023-01-06,TCB,27.45,28.40,27.30,27.70,29.55,25.75,2616200,HSX,stock
2023-01-09,TCB,27.80,27.95,27.60,27.75,29.60,25.80,1272400,HSX,stock
2023-01-10,TCB,27.75,28.00,27.30,27.45,29.65,25.85,1521400,HSX,stock
2023-01-11,TCB,27.45,28.00,27.30,27.65,29.35,25.55,1721400,HSX,stock
2023-01-12,TCB,27.65,27.95,27.60,27.85,29.55,25.75,1219700,HSX,stock
2023-01-13,TCB,27.90,28.30,27.80,27.80,29.75,25.95,1556200,HSX,stock
2023-01-16,TCB,27.85,28.10,27.65,28.10,29.70,25.90,1311300,HSX,stock
2023-01-17,TCB,28.40,29.30,28.35,29.00,30.05,26.15,3286500,HSX,stock
2023-01-18,TCB,29.10,29.15,28.90,29.10,31.00,27.00,1690000,HSX,stock
2023-01-19,TCB,28.85,29.30,28.85,29.10,31.10,27.10,2686000,HSX,stock
2023-01-27,TCB,29.35,29.70,29.00,29.05,31.10,27.10,2659200,HSX,stock
2023-01-30,TCB,29.05,29.05,28.55,28.70,31.05,27.05,3012200,HSX,stock
2023-01-31,TCB,28.65,29.40,28.05,29.40,30.70,26.70,2829000,HSX,stock
2023-02-01,TCB,29.50,29.50,28.00,28.20,31.45,27.35,3291100,HSX,stock
2023-02-02,TCB,28.20,28.40,27.60,28.00,30.15,26.25,2097700,HSX,stock
2023-02-03,TCB,28.10,28.20,27.10,27.10,29.95,26.05,4863900,HSX,stock
2023-02-06,TCB,27.10,28.00,27.05,27.95,28.95,25.25,1628100,HSX,stock
2023-02-07,TCB,27.95,28.05,27.40,27.40,29.90,26.00,1879000,HSX,stock
2023-02-08,TCB,27.50,27.95,27.40,27.85,29.30,25.50,1520300,HSX,stock
2023-02-09,TCB,27.70,27.85,27.30,27.30,29.75,25.95,1507100,HSX,stock
2023-02-10,TCB,27.35,27.50,26.90,26.95,29.20,25.40,1441500,HSX,stock
2023-02-13,TCB,26.85,26.90,26.35,26.60,28.80,25.10,1486800,HSX,stock
2023-02-14,TCB,26.50,27.40,26.50,26.85,28.45,24.75,1662500,HSX,stock
2023-02-15,TCB,26.85,27.60,26.60,27.40,28.70,25.00,1629100,HSX,stock
2023-02-16,TCB,27.60,27.90,27.20,27.90,29.30,25.50,1357300,HSX,stock
2023-02-17,TCB,27.75,27.80,27.50,27.80,29.85,25.95,1135100,HSX,stock
2023-02-20,TCB,27.75,28.60,27.70,28.60,29.70,25.90,1464800,HSX,stock
2023-02-21,TCB,28.60,28.95,28.35,28.40,30.60,26.60,1177200,HSX,stock
2023-02-22,TCB,28.05,28.15,27.50,27.50,30.35,26.45,1469900,HSX,stock
2023-02-23,TCB,27.50,27.95,27.00,27.95,29.40,25.60,1708800,HSX,stock
2023-02-24,TCB,27.95,27.95,27.15,27.25,29.90,26.00,913300,HSX,stock
2023-02-27,TCB,27.20,27.20,26.60,27.00,29.15,25.35,1141000,HSX,stock
2023-02-28,TCB,27.00,27.20,26.50,26.50,28.85,25.15,1216700,HSX,stock
2023-03-01,TCB,26.20,27.35,26.05,27.30,28.35,24.65,1168400,HSX,stock
2023-03-02,TCB,27.55,27.60,27.00,27.20,29.20,25.40,1024400,HSX,stock
2023-03-03,TCB,27.20,27.35,26.55,26.80,29.10,25.30,950300,HSX,stock
2023-03-06,TCB,27.00,27.45,26.70,27.20,28.65,24.95,1609900,HSX,stock
2023-03-07,TCB,27.20,27.50,27.05,27.10,29.10,25.30,1338400,HSX,stock
2023-03-08,TCB,26.90,27.40,26.80,27.30,28.95,25.25,1212500,HSX,stock
2023-03-09,TCB,27.50,27.85,27.20,27.80,29.20,25.40,1573900,HSX,stock
2023-03-10,TCB,27.50,27.60,27.00,27.15,29.70,25.90,935400,HSX,stock
2023-03-13,TCB,26.55,26.95,26.55,26.75,29.05,25.25,1682500,HSX,stock
2023-03-14,TCB,26.65,26.75,26.30,26.30,28.60,24.90,1314900,HSX,stock
2023-03-15,TCB,26.80,27.40,26.80,27.20,28.10,24.50,1319400,HSX,stock
2023-03-16,TCB,26.90,26.95,26.35,26.75,29.10,25.30,1300900,HSX,stock
2023-03-17,TCB,26.80,27.10,26.60,26.65,28.60,24.90,642900,HSX,stock
2023-03-20,TCB,26.50,26.60,26.25,26.25,28.50,24.80,1191700,HSX,stock
2023-03-21,TCB,26.50,26.60,26.10,26.35,28.05,24.45,1126800,HSX,stock
2023-03-22,TCB,26.45,26.60,26.20,26.20,28.15,24.55,1455700,HSX,stock
2023-03-23,TCB,26.20,26.35,25.85,26.20,28.00,24.40,1175100,HSX,stock
2023-03-24,TCB,26.40,26.70,26.30,26.45,28.00,24.40,949200,HSX,stock
2023-03-27,TCB,26.45,26.70,26.35,26.50,28.30,24.60,813500,HSX,stock
2023-03-28,TCB,26.70,27.70,26.70,27.55,28.35,24.65,3022600,HSX,stock
2023-03-29,TCB,27.55,28.30,27.50,28.00,29.45,25.65,2330100,HSX,stock
2023-03-30,TCB,28.35,28.50,27.70,27.70,29.95,26.05,1780600,HSX,stock
2023-03-31,TCB,27.80,28.40,27.80,28.35,29.60,25.80,3321100,HSX,stock
2023-04-03,TCB,29.00,29.35,28.70,29.30,30.30,26.40,5717100,HSX,stock
2023-04-04,TCB,29.30,29.50,29.05,29.50,31.35,27.25,3484300,HSX,stock
2023-04-05,TCB,29.40,29.60,29.20,29.50,31.55,27.45,2296400,HSX,stock
2023-04-06,TCB,29.35,30.20,29.35,29.60,31.55,27.45,3846500,HSX,stock
2023-04-07,TCB,29.65,29.70,29.40,29.55,31.65,27.55,2274500,HSX,stock
2023-04-10,TCB,29.65,30.80,29.60,30.20,31.60,27.50,2106900,HSX,stock
2023-04-11,TCB,30.20,30.40,29.60,30.40,32.30,28.10,2654100,HSX,stock
2023-04-12,TCB,30.40,30.95,30.10,30.70,32.50,28.30,2011400,HSX,stock
2023-04-13,TCB,30.60,30.95,30.20,30.20,32.80,28.60,1367600,HSX,stock
2023-04-14,TCB,30.20,30.40,28.90,28.90,32.30,28.10,4740800,HSX,stock
2023-04-17,TCB,29.00,29.45,28.75,29.45,30.90,26.90,1558800,HSX,stock
2023-04-18,TCB,29.40,29.40,28.90,29.15,31.50,27.40,1391700,HSX,stock
2023-04-19,TCB,29.20,29.40,29.00,29.00,31.15,27.15,1380500,HSX,stock
2023-04-20,TCB,28.90,29.00,28.55,28.85,31.00,27.00,1064100,HSX,stock
2023-04-21,TCB,29.00,29.00,28.70,28.70,30.85,26.85,1257100,HSX,stock
2023-04-24,TCB,28.70,29.75,28.65,29.50,30.70,26.70,1677500,HSX,stock
2023-04-25,TCB,29.65,29.85,29.00,29.00,31.55,27.45,1178900,HSX,stock
2023-04-26,TCB,29.20,30.00,28.85,30.00,31.00,27.00,1738600,HSX,stock
2023-04-27,TCB,30.20,30.20,29.85,29.90,32.10,27.90,1049400,HSX,stock
2023-04-28,TCB,29.95,29.95,29.50,29.50,31.95,27.85,1404600,HSX,stock
2023-05-04,TCB,29.50,29.50,28.90,29.05,31.55,27.45,908600,HSX,stock
2023-05-05,TCB,29.05,29.20,28.45,28.70,31.05,27.05,1343200,HSX,stock
2023-05-08,TCB,28.90,29.40,28.70,29.40,30.70,26.70,1679000,HSX,stock
2023-05-09,TCB,29.45,29.50,29.05,29.30,31.45,27.35,1101600,HSX,stock
2023-05-10,TCB,29.35,29.40,29.10,29.30,31.35,27.25,1402100,HSX,stock
2023-05-11,TCB,29.50,29.50,29.10,29.10,31.35,27.25,1196700,HSX,stock
2023-05-12,TCB,29.10,29.30,29.00,29.30,31.10,27.10,1363400,HSX,stock
2023-05-15,TCB,29.45,30.15,29.40,29.90,31.35,27.25,3953700,HSX,stock
2023-05-16,TCB,30.10,30.10,29.75,29.80,31.95,27.85,995100,HSX,stock
2023-05-17,TCB,29.70,29.90,29.25,29.25,31.85,27.75,1833100,HSX,stock
2023-05-18,TCB,29.25,29.70,29.25,29.55,31.25,27.25,1887800,HSX,stock
2023-05-19,TCB,29.55,29.75,29.25,29.65,31.60,27.50,1784100,HSX,stock
2023-05-22,TCB,29.70,30.60,29.70,30.50,31.70,27.60,3898900,HSX,stock
2023-05-23,TCB,30.70,30.70,30.00,30.35,32.60,28.40,1988700,HSX,stock
2023-05-24,TCB,30.40,30.55,29.75,29.80,32.45,28.25,2233000,HSX,stock
2023-05-25,TCB,29.80,29.90,29.60,29.80,31.85,27.75,1431600,HSX,stock
2023-05-26,TCB,29.90,29.95,29.65,29.90,31.85,27.75,958100,HSX,stock
2023-05-29,TCB,30.00,30.20,29.80,30.20,31.95,27.85,1420100,HSX,stock
2023-05-30,TCB,30.40,30.45,30.00,30.20,32.30,28.10,1186500,HSX,stock
2023-05-31,TCB,30.20,30.30,29.90,29.95,32.30,28.10,2032600,HSX,stock
2023-06-01,TCB,30.00,30.30,29.75,30.30,32.00,27.90,2415400,HSX,stock
2023-06-02,TCB,30.80,32.20,30.70,32.20,32.40,28.20,5873800,HSX,stock
2023-06-05,TCB,32.45,32.80,31.90,31.90,34.45,29.95,2624500,HSX,stock
2023-06-06,TCB,31.90,32.70,31.75,32.70,34.10,29.70,3048300,HSX,stock
2023-06-07,TCB,32.55,32.75,32.20,32.60,34.95,30.45,2130700,HSX,stock
2023-06-08,TCB,32.70,32.75,31.75,31.75,34.85,30.35,3061400,HSX,stock
2023-06-09,TCB,31.80,32.50,31.60,32.40,33.95,29.55,2261000,HSX,stock
2023-06-12,TCB,32.25,32.85,31.90,32.70,34.65,30.15,1816900,HSX,stock
2023-06-13,TCB,32.70,32.90,32.40,32.80,34.95,30.45,1805800,HSX,stock
2023-06-14,TCB,33.00,33.45,32.55,32.60,35.05,30.55,2259700,HSX,stock
2023-06-15,TCB,32.60,32.90,32.40,32.65,34.85,30.35,2128300,HSX,stock
2023-06-16,TCB,32.65,33.45,32.50,32.55,34.90,30.40,3356800,HSX,stock
2023-06-19,TCB,32.55,32.55,31.95,32.10,34.80,30.30,1559300,HSX,stock
2023-06-20,TCB,32.20,32.25,31.95,32.15,34.30,29.90,1049100,HSX,stock
2023-06-21,TCB,32.15,32.50,32.10,32.50,34.40,29.90,1261900,HSX,stock
2023-06-22,TCB,32.90,33.15,32.60,32.60,34.75,30.25,2068800,HSX,stock
2023-06-23,TCB,32.65,33.25,32.55,32.90,34.85,30.35,1704900,HSX,stock
2023-06-26,TCB,32.90,33.30,32.55,33.30,35.20,30.60,2139700,HSX,stock
2023-06-27,TCB,33.30,33.40,32.90,32.95,35.60,31.00,1869600,HSX,stock
2023-06-28,TCB,32.95,33.30,32.75,33.30,35.25,30.65,2028400,HSX,stock
2023-06-29,TCB,33.30,33.40,32.65,32.65,35.60,31.00,1600700,HSX,stock
2023-06-30,TCB,32.65,32.80,32.35,32.35,34.90,30.40,1396800,HSX,stock
2023-07-03,TCB,32.70,32.70,32.00,32.00,34.60,30.10,1901000,HSX,stock
2023-07-04,TCB,32.00,32.10,31.85,32.00,34.20,29.80,2045800,HSX,stock
2023-07-05,TCB,32.15,32.40,31.95,31.95,34.20,29.80,1890800,HSX,stock
2023-07-06,TCB,31.95,32.05,31.20,31.55,34.15,29.75,2577500,HSX,stock
2023-07-07,TCB,31.50,31.80,31.30,31.55,33.75,29.35,1683900,HSX,stock
2023-07-10,TCB,32.00,32.10,31.70,32.00,33.75,29.35,2649100,HSX,stock
2023-07-11,TCB,32.20,32.35,31.95,31.95,34.20,29.80,2733900,HSX,stock
2023-07-12,TCB,31.90,32.00,31.60,31.65,34.15,29.75,1438400,HSX,stock
2023-07-13,TCB,31.70,32.00,31.65,31.95,33.85,29.45,1408200,HSX,stock
2023-07-14,TCB,32.20,32.20,31.70,31.95,34.15,29.75,1404900,HSX,stock
2023-07-17,TCB,32.10,32.10,31.80,31.90,34.15,29.75,1767900,HSX,stock
2023-07-18,TCB,31.90,32.30,31.80,32.30,34.10,29.70,2003800,HSX,stock
2023-07-19,TCB,32.65,32.90,32.25,32.30,34.55,30.05,1420200,HSX,stock
2023-07-20,TCB,32.40,32.40,31.80,31.90,34.55,30.05,1955300,HSX,stock
2023-07-21,TCB,31.85,32.30,31.85,32.30,34.10,29.70,2105800,HSX,stock
2023-07-24,TCB,32.45,32.50,32.15,32.45,34.55,30.05,2531500,HSX,stock
2023-07-25,TCB,32.80,33.80,32.70,33.50,34.70,30.20,5851200,HSX,stock
2023-07-26,TCB,33.50,33.55,33.20,33.45,35.80,31.20,1541100,HSX,stock
2023-07-27,TCB,33.35,33.45,32.70,33.10,35.75,31.15,3425400,HSX,stock
2023-07-28,TCB,33.05,33.80,33.00,33.80,35.40,30.80,1916900,HSX,stock
2023-07-31,TCB,34.10,34.60,34.00,34.30,36.15,31.45,2989900,HSX,stock
2023-08-01,TCB,34.60,34.60,34.00,34.00,36.70,31.90,3359800,HSX,stock
2023-08-02,TCB,33.90,34.10,33.75,33.90,36.35,31.65,1850900,HSX,stock
2023-08-03,TCB,34.00,34.05,33.50,33.50,36.25,31.55,1966200,HSX,stock
2023-08-04,TCB,33.65,34.20,33.45,33.60,35.80,31.20,9315100,HSX,stock
2023-08-07,TCB,34.20,34.45,34.00,34.35,35.95,31.25,2770100,HSX,stock
2023-08-08,TCB,34.40,34.50,33.95,34.00,36.75,31.95,1890800,HSX,stock
2023-08-09,TCB,34.05,34.20,33.80,34.00,36.35,31.65,2256500,HSX,stock
2023-08-10,TCB,34.00,34.05,33.50,33.50,36.35,31.65,1837600,HSX,stock
2023-08-11,TCB,33.55,33.80,33.10,33.65,35.80,31.20,2145800,HSX,stock
2023-08-14,TCB,33.75,33.80,33.45,33.80,36.00,31.30,2410800,HSX,stock
2023-08-15,TCB,33.90,34.40,33.85,34.05,36.15,31.45,1987800,HSX,stock
2023-08-16,TCB,34.00,35.35,33.95,35.30,36.40,31.70,5201000,HSX,stock
2023-08-17,TCB,35.30,35.30,34.70,34.70,37.75,32.85,2796100,HSX,stock
2023-08-18,TCB,34.55,34.55,32.45,32.50,37.10,32.30,3642700,HSX,stock
2023-08-21,TCB,32.50,32.95,32.10,32.75,34.75,30.25,3045500,HSX,stock
2023-08-22,TCB,32.75,33.10,31.90,33.10,35.00,30.50,1624200,HSX,stock
2023-08-23,TCB,34.00,34.20,33.20,33.20,35.40,30.80,3833700,HSX,stock
2023-08-24,TCB,33.50,33.95,33.40,33.80,35.50,30.90,2177600,HSX,stock
2023-08-25,TCB,33.70,33.85,33.40,33.65,36.15,31.45,865400,HSX,stock
2023-08-28,TCB,33.85,34.10,33.60,34.00,36.00,31.30,2051600,HSX,stock
2023-08-29,TCB,34.00,34.25,33.75,33.90,36.35,31.65,1499600,HSX,stock
2023-08-30,TCB,34.00,34.30,33.90,34.00,36.25,31.55,2099700,HSX,stock
2023-08-31,TCB,34.10,34.50,34.10,34.50,36.35,31.65,1811600,HSX,stock
2023-09-05,TCB,34.80,35.15,34.75,35.00,36.90,32.10,2474000,HSX,stock
2023-09-06,TCB,35.05,35.35,34.85,35.20,37.45,32.55,1578600,HSX,stock
2023-09-07,TCB,35.25,36.15,35.10,35.75,37.65,32.75,2863100,HSX,stock
2023-09-08,TCB,35.85,35.90,35.35,35.35,38.25,33.25,2179300,HSX,stock
2023-09-11,TCB,35.60,35.60,34.45,34.55,37.80,32.90,4817900,HSX,stock
2023-09-12,TCB,34.55,35.30,34.40,35.30,36.95,32.15,2567900,HSX,stock
2023-09-13,TCB,35.40,35.45,34.85,35.00,37.75,32.85,1293000,HSX,stock
2023-09-14,TCB,35.10,35.75,34.90,34.90,37.45,32.55,2367300,HSX,stock
2023-09-15,TCB,35.10,35.50,34.90,34.90,37.30,32.50,2419100,HSX,stock
2023-09-18,TCB,34.85,35.00,34.00,34.10,37.30,32.50,3590900,HSX,stock
2023-09-19,TCB,34.30,34.35,33.80,33.90,36.45,31.75,2266500,HSX,stock
2023-09-20,TCB,33.90,34.50,33.85,34.35,36.25,31.55,1446700,HSX,stock
2023-09-21,TCB,34.35,34.50,34.00,34.30,36.75,31.95,1584600,HSX,stock
2023-09-22,TCB,33.95,34.25,33.40,34.00,36.70,31.90,2090300,HSX,stock
2023-09-25,TCB,34.00,34.20,32.75,32.80,36.35,31.65,1531700,HSX,stock
2023-09-26,TCB,32.80,33.00,32.40,32.40,35.05,30.55,1846100,HSX,stock
2023-09-27,TCB,32.25,32.60,32.25,32.60,34.65,30.15,1254700,HSX,stock
2023-09-28,TCB,32.60,33.90,31.85,33.65,34.85,30.35,3369300,HSX,stock
2023-09-29,TCB,33.50,33.70,33.10,33.65,36.00,31.30,1883300,HSX,stock
2023-10-02,TCB,33.65,33.65,33.00,33.15,36.00,31.30,988000,HSX,stock
2023-10-03,TCB,32.90,32.90,31.90,32.50,35.45,30.85,1554600,HSX,stock
2023-10-04,TCB,32.25,32.65,32.00,32.25,34.75,30.25,1216600,HSX,stock
2023-10-05,TCB,32.35,32.60,31.80,31.80,34.50,30.00,993800,HSX,stock
2023-10-06,TCB,31.75,32.25,31.60,32.05,34.00,29.60,712100,HSX,stock
2023-10-09,TCB,32.10,32.15,31.90,32.10,34.25,29.85,798200,HSX,stock
2023-10-10,TCB,32.30,32.65,32.25,32.50,34.30,29.90,1249300,HSX,stock
2023-10-11,TCB,32.65,32.65,32.30,32.60,34.75,30.25,1044600,HSX,stock
2023-10-12,TCB,32.70,32.85,32.50,32.50,34.85,30.35,1115700,HSX,stock
2023-10-13,TCB,32.40,32.45,32.00,32.20,34.75,30.25,835700,HSX,stock
2023-10-16,TCB,32.05,32.30,31.80,31.80,34.45,29.95,1254900,HSX,stock
2023-10-17,TCB,31.95,32.20,31.75,31.75,34.00,29.60,888800,HSX,stock
2023-10-18,TCB,31.75,31.80,31.00,31.25,33.95,29.55,1687100,HSX,stock
2023-10-19,TCB,31.25,31.40,30.65,30.65,33.40,29.10,1445800,HSX,stock
2023-10-20,TCB,30.70,31.40,30.55,31.10,32.75,28.55,1360900,HSX,stock
2023-10-23,TCB,31.10,31.50,30.50,30.90,33.25,28.95,1314400,HSX,stock
2023-10-24,TCB,31.35,31.80,31.05,31.35,33.05,28.75,1206900,HSX,stock
2023-10-25,TCB,31.20,31.60,31.20,31.20,33.50,29.20,1118100,HSX,stock
2023-10-26,TCB,30.80,30.95,29.20,29.80,33.35,29.05,3220200,HSX,stock
2023-10-27,TCB,30.00,30.40,29.10,29.55,,,1279100,HSX,stock
2023-10-30,TCB,29.20,29.25,28.10,28.10,31.60,27.50,3115000,HSX,stock
2023-10-31,TCB,28.20,28.50,27.20,27.70,30.05,26.15,2826800,HSX,stock
2023-11-01,TCB,28.30,28.45,27.45,28.20,29.60,25.80,2486500,HSX,stock
2023-11-02,TCB,28.80,29.60,28.50,29.35,30.15,26.25,2206600,HSX,stock
2023-11-03,TCB,29.95,31.00,29.55,31.00,31.40,27.30,5363300,HSX,stock
2023-11-06,TCB,30.80,31.00,30.30,31.00,33.15,28.85,1717500,HSX,stock
2023-11-07,TCB,30.60,30.95,30.45,30.60,33.15,28.85,806700,HSX,stock
2023-11-08,TCB,30.60,31.90,30.20,31.80,32.70,28.50,1900100,HSX,stock
2023-11-09,TCB,31.85,31.95,31.30,31.50,34.00,29.60,2152100,HSX,stock
2023-11-10,TCB,31.20,31.50,30.70,31.05,33.70,29.30,2405700,HSX,stock
2023-11-13,TCB,31.30,31.30,30.65,30.90,33.20,28.90,1252500,HSX,stock
2023-11-14,TCB,31.15,31.75,30.90,31.50,33.05,28.75,1829700,HSX,stock
2023-11-15,TCB,32.00,32.20,31.50,31.55,33.70,29.30,1904500,HSX,stock
2023-11-16,TCB,31.50,31.80,31.50,31.70,33.75,29.35,1258900,HSX,stock
2023-11-17,TCB,31.70,31.95,30.70,31.15,33.90,29.50,2464900,HSX,stock
2023-11-20,TCB,30.50,31.25,30.45,31.00,33.30,29.00,2215500,HSX,stock
2023-11-21,TCB,31.35,31.35,30.80,30.80,33.15,28.85,1330500,HSX,stock
2023-11-22,TCB,30.90,31.00,30.65,30.95,32.95,28.65,1087400,HSX,stock
2023-11-23,TCB,31.20,31.30,30.40,30.40,33.10,28.80,1694500,HSX,stock
2023-11-24,TCB,30.35,30.60,29.45,30.05,32.50,28.30,2295800,HSX,stock
2023-11-27,TCB,29.95,29.95,29.30,29.30,32.15,27.95,1552600,HSX,stock
2023-11-28,TCB,29.30,29.95,28.80,29.95,31.35,27.25,1730200,HSX,stock
2023-11-29,TCB,29.90,30.30,29.60,29.90,32.00,27.90,818500,HSX,stock
2023-11-30,TCB,29.75,30.05,29.50,29.50,31.95,27.85,1573400,HSX,stock
2023-12-01,TCB,29.60,29.85,29.35,29.75,31.55,27.45,1467400,HSX,stock
2023-12-04,TCB,29.80,30.50,29.80,30.20,31.80,27.70,2199100,HSX,stock
2023-12-05,TCB,30.25,30.30,29.90,30.05,32.30,28.10,1734300,HSX,stock
2023-12-06,TCB,30.00,30.50,30.00,30.40,32.15,27.95,1150100,HSX,stock
2023-12-07,TCB,30.55,31.05,30.30,30.85,32.50,28.30,2885100,HSX,stock
2023-12-08,TCB,30.85,31.00,30.60,30.95,33.00,28.70,1467100,HSX,stock
2023-12-11,TCB,30.95,31.00,30.65,30.85,33.10,28.80,744600,HSX,stock
2023-12-12,TCB,30.85,31.05,30.75,31.05,33.00,28.70,1064500,HSX,stock
2023-12-13,TCB,31.15,31.15,30.50,30.50,33.20,28.90,1733600,HSX,stock
2023-12-14,TCB,30.80,30.85,30.55,30.55,32.60,28.40,1401100,HSX,stock
2023-12-15,TCB,30.55,30.80,30.40,30.60,32.65,28.45,1269100,HSX,stock
2023-12-18,TCB,30.60,30.65,30.05,30.05,32.70,28.50,1363000,HSX,stock
2023-12-19,TCB,30.00,30.60,29.80,30.60,32.15,27.95,1152400,HSX,stock
2023-12-20,TCB,30.30,30.55,30.15,30.35,32.70,28.50,933600,HSX,stock
2023-12-21,TCB,30.30,30.65,30.15,30.65,32.45,28.25,1514700,HSX,stock
2023-12-22,TCB,30.50,30.80,30.45,30.60,32.75,28.55,1111600,HSX,stock
2023-12-25,TCB,30.80,31.00,30.60,30.95,32.70,28.50,1217600,HSX,stock
2023-12-26,TCB,30.85,31.00,30.75,30.80,33.10,28.80,754300,HSX,stock
2023-12-27,TCB,30.85,31.15,30.85,30.85,32.95,28.65,925700,HSX,stock
2023-12-28,TCB,30.90,31.65,30.90,31.50,33.00,28.70,2507900,HSX,stock
2023-12-29,TCB,31.70,31.95,31.50,31.80,33.70,29.30,3476500,HSX,stock
2024-01-02,TCB,31.90,32.25,31.80,32.10,34.00,29.60,1790900,HSX,stock
2024-01-03,TCB,31.90,32.60,31.85,32.60,34.30,29.90,2752200,HSX,stock
2024-01-04,TCB,32.60,33.65,32.55,33.10,34.85,30.35,4690300,HSX,stock
2024-01-05,TCB,33.10,33.40,33.00,33.20,35.40,30.80,1739200,HSX,stock
2024-01-08,TCB,33.50,34.15,33.35,34.10,35.50,30.90,2767400,HSX,stock
2024-01-09,TCB,34.00,34.50,33.80,34.50,36.45,31.75,3689700,HSX,stock
2024-01-10,TCB,34.55,34.70,34.25,34.40,36.90,32.10,3572300,HSX,stock
2024-01-11,TCB,34.30,34.60,33.80,34.15,36.80,32.00,3255300,HSX,stock
2024-01-12,TCB,33.85,34.70,33.55,34.65,36.50,31.80,5321700,HSX,stock
2024-01-15,TCB,34.70,34.80,34.30,34.30,37.05,32.25,1751300,HSX,stock
2024-01-16,TCB,34.10,34.20,33.80,34.15,36.70,31.90,2240700,HSX,stock
2024-01-17,TCB,34.15,34.65,34.00,34.05,36.50,31.80,2214900,HSX,stock
2024-01-18,TCB,34.25,34.60,34.05,34.40,36.40,31.70,2137800,HSX,stock
2024-01-19,TCB,34.60,35.15,34.50,34.95,36.80,32.00,3933800,HSX,stock
2024-01-22,TCB,35.30,35.30,34.70,34.95,37.35,32.55,2393600,HSX,stock
2024-01-23,TCB,35.50,36.00,35.40,35.45,37.35,32.55,5427100,HSX,stock
2024-01-24,TCB,35.25,35.55,35.25,35.25,37.90,33.00,1893100,HSX,stock
2024-01-25,TCB,35.25,35.25,34.90,35.00,37.70,32.80,2372100,HSX,stock
2024-01-26,TCB,35.05,35.50,35.00,35.40,37.45,32.55,1549200,HSX,stock
2024-01-29,TCB,35.45,35.65,35.20,35.25,37.85,32.95,1628200,HSX,stock
2024-01-30,TCB,35.10,35.25,34.70,35.20,37.70,32.80,2593600,HSX,stock
2024-01-31,TCB,35.20,35.25,34.40,34.55,37.65,32.75,2358500,HSX,stock
2024-02-01,TCB,34.45,34.65,34.00,34.15,36.95,32.15,3040400,HSX,stock
2024-02-02,TCB,34.00,34.45,34.00,34.15,36.50,31.80,6130100,HSX,stock
2024-02-05,TCB,34.45,36.00,34.40,35.50,36.50,31.80,4448300,HSX,stock
2024-02-06,TCB,35.65,36.20,35.60,35.65,37.95,33.05,1940200,HSX,stock
2024-02-07,TCB,35.80,37.30,35.80,37.30,38.10,33.20,5030800,HSX,stock
2024-02-15,TCB,37.50,38.95,37.45,38.40,39.90,34.70,5790800,HSX,stock
2024-02-16,TCB,38.50,38.70,37.90,38.50,41.05,35.75,3486200,HSX,stock
2024-02-19,TCB,38.55,39.05,38.45,38.90,41.15,35.85,4642900,HSX,stock
2024-02-20,TCB,38.80,39.00,38.50,38.90,41.60,36.20,2500200,HSX,stock
2024-02-21,TCB,38.75,39.35,38.60,39.00,41.60,36.20,3344500,HSX,stock
2024-02-22,TCB,39.00,40.35,38.95,40.30,41.70,36.30,4450200,HSX,stock
2024-02-23,TCB,40.75,42.35,40.00,40.10,43.10,37.50,7258100,HSX,stock
2024-02-26,TCB,40.20,41.50,40.20,41.20,42.90,37.30,4309900,HSX,stock
2024-02-27,TCB,41.40,41.95,41.00,41.95,44.05,38.35,4336100,HSX,stock
2024-02-28,TCB,42.05,42.35,41.55,42.20,44.85,39.05,3671700,HSX,stock
2024-02-29,TCB,42.45,42.45,41.35,42.20,45.15,39.25,4339500,HSX,stock
2024-03-01,TCB,41.70,41.85,41.25,41.85,45.15,39.25,3826800,HSX,stock
2024-03-04,TCB,41.75,42.20,41.35,41.85,44.75,38.95,3956700,HSX,stock
2024-03-05,TCB,41.80,42.20,41.40,42.20,44.75,38.95,3186300,HSX,stock
2024-03-06,TCB,42.05,43.50,41.80,42.75,45.15,39.25,4911200,HSX,stock
2024-03-07,TCB,42.85,43.30,42.40,42.60,45.70,39.80,3866100,HSX,stock
2024-03-08,TCB,42.45,42.60,41.00,41.00,45.55,39.65,8785100,HSX,stock
2024-03-11,TCB,40.90,41.20,39.90,40.40,43.85,38.15,4293000,HSX,stock
2024-03-12,TCB,40.35,41.30,40.10,41.20,43.20,37.60,4094500,HSX,stock
2024-03-13,TCB,41.20,42.00,40.95,42.00,44.05,38.35,3691200,HSX,stock
2024-03-14,TCB,42.10,42.10,41.25,41.40,44.90,39.10,3028400,HSX,stock
2024-03-15,TCB,41.25,41.65,40.40,41.40,44.25,38.55,3569000,HSX,stock
2024-03-18,TCB,41.20,41.20,39.40,40.10,44.25,38.55,5220400,HSX,stock
2024-03-19,TCB,40.20,40.40,39.60,40.30,42.90,37.30,2804100,HSX,stock
2024-03-20,TCB,40.40,42.45,40.05,42.30,43.10,37.50,7793900,HSX,stock
2024-03-21,TCB,42.60,45.10,42.60,45.10,45.25,39.35,7263300,HSX,stock
2024-03-22,TCB,45.50,45.50,44.05,44.90,48.25,41.95,4786700,HSX,stock
2024-03-25,TCB,45.60,46.40,44.15,44.80,48.00,41.80,5195000,HSX,stock
2024-03-26,TCB,44.80,46.20,44.50,45.95,47.90,41.70,3214600,HSX,stock
2024-03-27,TCB,46.20,46.20,45.10,45.55,49.15,42.75,2346400,HSX,stock
2024-03-28,TCB,48.70,48.70,47.70,48.00,48.70,42.40,18582500,HSX,stock
2024-03-29,TCB,47.95,48.15,47.55,47.55,51.30,44.65,3218900,HSX,stock
2024-04-01,TCB,47.55,47.70,46.85,47.45,50.80,44.25,3894300,HSX,stock
2024-04-02,TCB,47.60,48.00,47.00,47.65,50.70,44.15,7726800,HSX,stock
2024-04-03,TCB,47.40,47.95,46.80,46.80,50.90,44.35,4558500,HSX,stock
2024-04-04,TCB,46.50,46.75,45.95,46.00,50.00,43.55,5154400,HSX,stock
2024-04-05,TCB,45.50,45.90,45.15,45.20,49.20,42.80,5278800,HSX,stock
2024-04-08,TCB,45.00,45.85,44.90,45.50,48.35,42.05,4533200,HSX,stock
2024-04-09,TCB,45.50,45.80,45.20,45.80,48.65,42.35,3352800,HSX,stock
2024-04-10,TCB,46.00,46.80,45.60,45.65,49.00,42.60,3368300,HSX,stock
2024-04-11,TCB,45.05,45.65,44.95,45.10,48.80,42.50,4823700,HSX,stock
2024-04-12,TCB,45.45,47.45,45.10,47.40,48.25,41.95,5727200,HSX,stock
2024-04-15,TCB,47.20,47.45,44.20,44.40,50.70,44.10,7320300,HSX,stock
2024-04-16,TCB,44.95,45.50,44.20,45.50,47.50,41.30,7132400,HSX,stock
2024-04-17,TCB,45.50,45.60,44.65,44.85,48.65,42.35,3834400,HSX,stock
2024-04-19,TCB,44.00,44.65,43.35,44.50,47.95,41.75,7158700,HSX,stock
2024-04-22,TCB,45.35,45.70,44.90,45.25,47.60,41.40,3172900,HSX,stock
2024-04-23,TCB,45.50,47.50,45.50,46.20,48.40,42.10,7154300,HSX,stock
2024-04-24,TCB,46.80,47.05,46.40,47.00,49.40,43.00,4737300,HSX,stock
2024-04-25,TCB,47.00,47.00,45.80,46.15,50.20,43.75,3528900,HSX,stock
2024-04-26,TCB,46.00,46.90,45.65,46.60,49.35,42.95,2861900,HSX,stock
2024-05-02,TCB,46.80,46.95,46.35,46.85,49.85,43.35,2229400,HSX,stock
2024-05-03,TCB,47.50,48.80,47.40,48.20,50.10,43.60,6714300,HSX,stock
2024-05-06,TCB,48.50,48.70,47.90,48.35,51.50,44.85,3499100,HSX,stock
2024-05-07,TCB,48.35,48.35,47.70,47.90,51.70,45.00,4053300,HSX,stock
2024-05-08,TCB,47.90,49.20,47.30,48.20,51.20,44.55,7230500,HSX,stock
2024-05-09,TCB,48.60,48.90,47.80,48.45,51.50,44.85,4395200,HSX,stock
2024-05-10,TCB,48.80,48.80,47.90,48.50,51.80,45.10,4139400,HSX,stock
2024-05-13,TCB,48.50,48.65,48.00,48.40,51.80,45.15,3242200,HSX,stock
2024-05-14,TCB,48.45,48.45,47.85,47.90,51.70,45.05,3541300,HSX,stock
2024-05-15,TCB,47.90,48.15,47.75,48.10,51.20,44.55,4478800,HSX,stock
2024-05-16,TCB,48.50,49.95,48.40,49.90,51.40,44.75,9045300,HSX,stock
2024-05-17,TCB,49.75,50.00,49.65,49.75,53.30,46.45,3232000,HSX,stock
2024-05-20,TCB,49.95,50.50,49.55,49.70,53.20,46.30,4499900,HSX,stock
2024-05-21,TCB,48.10,48.20,47.05,47.20,51.50,44.85,5213000,HSX,stock
2024-05-22,TCB,47.25,47.50,46.35,46.40,50.50,43.90,6163900,HSX,stock
2024-05-23,TCB,46.30,46.65,45.85,46.50,49.60,43.20,3542900,HSX,stock
2024-05-24,TCB,46.15,47.25,45.80,46.40,49.75,43.25,7076600,HSX,stock
2024-05-27,TCB,46.40,46.60,46.00,46.50,49.60,43.20,3111100,HSX,stock
2024-05-28,TCB,46.50,46.95,46.30,46.90,49.75,43.25,2903700,HSX,stock
2024-05-29,TCB,47.00,47.05,46.40,46.50,50.10,43.65,3440400,HSX,stock
2024-05-30,TCB,46.05,46.80,45.85,46.80,49.75,43.25,3581500,HSX,stock
2024-05-31,TCB,46.80,47.00,46.30,47.00,50.00,43.55,2911600,HSX,stock
2024-06-03,TCB,47.50,47.70,47.10,47.15,50.20,43.75,5080600,HSX,stock
2024-06-04,TCB,47.50,47.80,47.00,47.60,50.40,43.85,4996300,HSX,stock
2024-06-05,TCB,47.70,47.75,47.20,47.50,50.90,44.30,4642600,HSX,stock
2024-06-06,TCB,47.55,48.00,47.20,48.00,50.80,44.20,6549100,HSX,stock
2024-06-07,TCB,49.00,49.70,48.70,49.10,51.30,44.65,7638900,HSX,stock
2024-06-10,TCB,49.50,49.50,48.35,48.90,52.50,45.70,4210800,HSX,stock
2024-06-11,TCB,49.50,49.85,49.15,49.35,52.30,45.50,9247300,HSX,stock
2024-06-12,TCB,49.35,49.50,49.00,49.40,52.80,45.90,4412800,HSX,stock
2024-06-13,TCB,49.50,49.60,49.30,49.40,52.80,45.95,4769800,HSX,stock
2024-06-14,TCB,49.50,49.55,49.10,49.10,52.80,45.95,5241900,HSX,stock
2024-06-17,TCB,49.05,49.05,48.50,48.60,52.50,45.70,4768000,HSX,stock
2024-06-18,TCB,48.60,49.10,48.20,48.80,52.00,45.20,5268800,HSX,stock
2024-06-19,TCB,49.00,49.00,48.15,48.30,52.20,45.40,9352600,HSX,stock
2024-06-20,TCB,24.55,25.15,24.50,24.80,25.80,22.50,16150600,HSX,stock
2024-06-21,TCB,24.95,24.95,24.20,24.50,26.50,23.10,5485300,HSX,stock
2024-06-24,TCB,24.50,24.50,23.60,23.95,26.20,22.80,6770000,HSX,stock
2024-06-25,TCB,23.95,24.00,23.40,24.00,25.60,22.30,5879600,HSX,stock
2024-06-26,TCB,23.95,24.00,23.55,24.00,25.65,22.35,4401700,HSX,stock
2024-06-27,TCB,23.65,23.70,23.35,23.45,25.65,22.35,7079000,HSX,stock
2024-06-28,TCB,23.45,23.50,22.50,23.35,25.05,21.85,9781300,HSX,stock
2024-07-01,TCB,23.10,23.10,22.65,22.65,24.95,21.75,5030000,HSX,stock
2024-07-02,TCB,22.85,23.20,22.65,22.90,24.20,21.10,4197800,HSX,stock
2024-07-03,TCB,22.95,23.55,22.90,23.50,24.50,21.30,4284600,HSX,stock
2024-07-04,TCB,23.50,23.55,23.30,23.50,25.10,21.90,2605400,HSX,stock
2024-07-05,TCB,23.35,23.50,23.20,23.50,25.10,21.90,4593900,HSX,stock
2024-07-08,TCB,23.50,23.50,23.10,23.45,25.10,21.90,3588100,HSX,stock
2024-07-09,TCB,23.30,23.50,23.25,23.35,25.05,21.85,5082100,HSX,stock
2024-07-10,TCB,23.40,23.45,23.10,23.15,24.95,21.75,5406700,HSX,stock
2024-07-11,TCB,23.15,23.35,22.80,22.80,24.75,21.55,6465700,HSX,stock
2024-07-12,TCB,22.85,23.00,22.80,22.80,24.35,21.25,2269400,HSX,stock
2024-07-15,TCB,22.85,22.90,22.60,22.65,24.35,21.25,2648200,HSX,stock
2024-07-16,TCB,22.65,22.85,22.55,22.70,24.20,21.10,4910400,HSX,stock
2024-07-17,TCB,22.85,24.20,22.80,23.70,24.25,21.15,12195400,HSX,stock
2024-07-18,TCB,23.70,23.85,23.30,23.70,25.35,22.05,5083000,HSX,stock
2024-07-19,TCB,23.75,23.75,23.10,23.40,25.35,22.05,6036400,HSX,stock
2024-07-22,TCB,23.30,23.80,23.00,23.65,25.00,21.80,6465500,HSX,stock
2024-07-23,TCB,23.80,23.80,23.00,23.05,25.30,22.00,6502300,HSX,stock
2024-07-24,TCB,22.85,23.20,22.85,23.00,24.65,21.45,5291100,HSX,stock
2024-07-25,TCB,22.85,22.90,22.55,22.75,24.60,21.40,3572800,HSX,stock
2024-07-26,TCB,22.70,22.85,22.60,22.75,24.30,21.20,3083600,HSX,stock
2024-07-29,TCB,22.85,22.95,22.75,22.75,24.30,21.20,2818800,HSX,stock
2024-07-30,TCB,22.70,22.95,22.60,22.95,24.30,21.20,3328600,HSX,stock
2024-07-31,TCB,23.00,23.35,22.95,23.25,24.55,21.35,5548100,HSX,stock
2024-08-01,TCB,23.20,23.25,22.55,23.00,24.85,21.65,5273000,HSX,stock
2024-08-02,TCB,22.55,23.50,22.55,23.50,24.60,21.40,8466800,HSX,stock
2024-08-05,TCB,23.00,23.00,22.30,22.30,25.10,21.90,8445300,HSX,stock
2024-08-06,TCB,22.40,22.60,22.05,22.30,23.85,20.75,7556000,HSX,stock
2024-08-07,TCB,22.40,22.40,21.75,21.80,23.85,20.75,7586200,HSX,stock
2024-08-08,TCB,21.60,21.65,20.75,20.85,23.30,20.30,15994900,HSX,stock
2024-08-09,TCB,21.00,21.30,21.00,21.10,22.30,19.40,6921000,HSX,stock
2024-08-12,TCB,21.20,21.25,21.00,21.25,22.55,19.65,4936600,HSX,stock
2024-08-13,TCB,21.20,21.20,20.90,21.00,22.70,19.80,5239100,HSX,stock
2024-08-14,TCB,21.05,21.30,20.90,21.20,22.45,19.55,5163700,HSX,stock
2024-08-15,TCB,21.20,21.20,20.95,21.15,22.65,19.75,4670700,HSX,stock
2024-08-16,TCB,21.15,21.55,21.05,21.45,22.60,19.70,9449400,HSX,stock
2024-08-19,TCB,21.55,21.95,21.40,21.90,22.95,19.95,6304500,HSX,stock
2024-08-20,TCB,21.95,22.05,21.80,21.85,23.40,20.40,5442700,HSX,stock
2024-08-21,TCB,21.70,22.10,21.55,22.00,23.35,20.35,7419200,HSX,stock
2024-08-22,TCB,22.00,22.65,22.00,22.35,23.50,20.50,7727600,HSX,stock
2024-08-23,TCB,22.35,22.50,22.20,22.40,23.90,20.80,4741500,HSX,stock
2024-08-26,TCB,22.50,22.65,22.40,22.50,23.95,20.85,7349400,HSX,stock
2024-08-27,TCB,22.50,22.70,22.45,22.65,24.05,20.95,6477400,HSX,stock
2024-08-28,TCB,22.70,23.15,22.60,23.00,24.20,21.10,7800000,HSX,stock
2024-08-29,TCB,23.00,23.25,23.00,23.00,24.60,21.40,6543500,HSX,stock
2024-08-30,TCB,23.00,23.35,23.00,23.35,24.60,21.40,6541000,HSX,stock
2024-09-04,TCB,23.05,23.25,22.85,23.00,24.95,21.75,6509200,HSX,stock
2024-09-05,TCB,22.90,23.05,22.70,22.80,24.60,21.40,4486600,HSX,stock
2024-09-06,TCB,22.80,22.95,22.65,22.80,24.35,21.25,6002600,HSX,stock
2024-09-09,TCB,22.70,22.85,22.60,22.65,24.35,21.25,6233500,HSX,stock
2024-09-10,TCB,22.70,22.75,22.20,22.25,24.20,21.10,6507300,HSX,stock
2024-09-11,TCB,22.15,22.25,21.95,22.10,23.80,20.70,4498600,HSX,stock
2024-09-12,TCB,22.30,22.40,22.15,22.30,23.60,20.60,5021400,HSX,stock
2024-09-13,TCB,22.30,22.35,22.15,22.20,23.85,20.75,4115700,HSX,stock
2024-09-16,TCB,22.20,22.70,22.20,22.20,23.75,20.65,4422200,HSX,stock
2024-09-17,TCB,22.15,22.75,22.15,22.75,23.75,20.65,4064100,HSX,stock
2024-09-18,TCB,22.75,23.10,22.70,23.00,24.30,21.20,6602500,HSX,stock
2024-09-19,TCB,23.20,23.20,22.90,23.20,24.60,21.40,7181200,HSX,stock
2024-09-20,TCB,23.30,23.70,23.30,23.55,24.80,21.60,13050900,HSX,stock
2024-09-23,TCB,23.55,23.75,23.35,23.35,25.15,21.95,4144900,HSX,stock
2024-09-24,TCB,23.30,23.60,23.30,23.55,24.95,21.75,5269600,HSX,stock
2024-09-25,TCB,23.75,23.95,23.60,23.80,25.15,21.95,9829100,HSX,stock
2024-09-26,TCB,23.80,24.40,23.65,24.10,25.45,22.15,10297200,HSX,stock
2024-09-27,TCB,24.20,24.35,24.05,24.20,25.75,22.45,7670600,HSX,stock
2024-09-30,TCB,24.15,24.35,23.95,24.20,25.85,22.55,11315500,HSX,stock
2024-10-01,TCB,24.20,24.80,24.15,24.65,25.85,22.55,19085700,HSX,stock
2024-10-02,TCB,24.55,25.15,24.35,24.90,26.35,22.95,12200500,HSX,stock
2024-10-03,TCB,24.95,25.20,24.35,24.35,26.60,23.20,14257400,HSX,stock
2024-10-04,TCB,24.35,24.45,24.05,24.05,26.05,22.65,9101300,HSX,stock
2024-10-07,TCB,24.25,24.35,24.00,24.15,25.70,22.40,5188300,HSX,stock
2024-10-08,TCB,24.20,24.60,24.20,24.40,25.80,22.50,7351100,HSX,stock
2024-10-09,TCB,24.40,24.75,24.30,24.65,26.10,22.70,8798600,HSX,stock
2024-10-10,TCB,24.90,25.00,24.55,24.55,26.35,22.95,8177200,HSX,stock
2024-10-11,TCB,24.55,24.60,24.25,24.45,26.25,22.85,5239400,HSX,stock
2024-10-14,TCB,24.55,24.60,24.35,24.35,26.15,22.75,5112100,HSX,stock
2024-10-15,TCB,24.35,24.60,24.15,24.25,26.05,22.65,6256300,HSX,stock
2024-10-16,TCB,24.20,24.30,24.10,24.20,25.90,22.60,4159300,HSX,stock
2024-10-17,TCB,24.20,24.40,24.10,24.35,25.85,22.55,4952800,HSX,stock
2024-10-18,TCB,24.45,24.80,24.40,24.45,26.05,22.65,5729200,HSX,stock
2024-10-21,TCB,24.45,24.50,24.10,24.15,26.15,22.75,4863900,HSX,stock
2024-10-22,TCB,24.20,24.40,24.00,24.20,25.80,22.50,8117600,HSX,stock
2024-10-23,TCB,24.20,24.30,23.75,24.20,25.85,22.55,6666900,HSX,stock
2024-10-24,TCB,24.15,24.20,23.55,23.65,25.85,22.55,6316000,HSX,stock
2024-10-25,TCB,23.75,23.85,23.40,23.50,25.30,22.00,5997100,HSX,stock
2024-10-28,TCB,23.50,23.70,23.45,23.65,25.10,21.90,3020500,HSX,stock
2024-10-29,TCB,23.70,23.85,23.70,23.75,25.30,22.00,2516700,HSX,stock
2024-10-30,TCB,23.80,24.00,23.75,24.00,25.40,22.10,4746900,HSX,stock
2024-10-31,TCB,24.00,24.10,23.85,23.90,25.65,22.35,4071700,HSX,stock
2024-11-01,TCB,23.85,24.00,23.70,23.70,25.55,22.25,8234800,HSX,stock
2024-11-04,TCB,23.75,23.75,23.40,23.45,25.35,22.05,6027200,HSX,stock
2024-11-05,TCB,23.50,23.65,23.45,23.45,25.05,21.85,4738600,HSX,stock
2024-11-06,TCB,23.60,24.05,23.60,23.90,25.05,21.85,8608300,HSX,stock
2024-11-07,TCB,24.15,24.15,23.85,23.85,25.55,22.25,4830900,HSX,stock
2024-11-08,TCB,24.00,24.00,23.45,23.60,25.50,22.20,6658300,HSX,stock
2024-11-11,TCB,23.70,23.70,23.05,23.20,25.25,21.95,6685300,HSX,stock
2024-11-12,TCB,23.40,23.40,22.90,23.05,24.80,21.60,5703700,HSX,stock
2024-11-13,TCB,23.00,23.15,22.70,23.15,24.65,21.45,6300100,HSX,stock
2024-11-14,TCB,23.00,23.05,22.75,22.80,24.75,21.55,4178500,HSX,stock
2024-11-15,TCB,22.80,22.80,22.40,22.45,24.35,21.25,7031000,HSX,stock
2024-11-18,TCB,22.40,22.70,22.20,22.45,24.00,20.90,5787900,HSX,stock
2024-11-19,TCB,22.55,22.55,22.20,22.40,24.00,20.90,3952600,HSX,stock
2024-11-20,TCB,22.30,22.85,22.25,22.85,23.95,20.85,5114100,HSX,stock
2024-11-21,TCB,22.80,23.20,22.60,23.20,24.40,21.30,5682100,HSX,stock
2024-11-22,TCB,23.20,23.55,23.15,23.50,24.80,21.60,6260100,HSX,stock
2024-11-25,TCB,23.50,23.60,23.40,23.50,25.10,21.90,3709200,HSX,stock
2024-11-26,TCB,23.50,23.70,23.45,23.55,25.10,21.90,3609400,HSX,stock
2024-11-27,TCB,23.50,23.60,23.35,23.50,25.15,21.95,3281600,HSX,stock
2024-11-28,TCB,23.65,23.70,23.40,23.60,25.10,21.90,4277000,HSX,stock
2024-11-29,TCB,23.50,23.60,23.35,23.60,25.25,21.95,4249600,HSX,stock
2024-12-02,TCB,23.70,23.70,23.40,23.65,25.25,21.95,3738300,HSX,stock
2024-12-03,TCB,23.65,23.75,23.45,23.65,25.30,22.00,4761700,HSX,stock
2024-12-04,TCB,23.45,23.60,23.40,23.45,25.30,22.00,4709400,HSX,stock
2024-12-05,TCB,23.45,24.20,23.35,24.20,25.05,21.85,6563000,HSX,stock
2024-12-06,TCB,24.20,24.25,23.95,24.15,25.85,22.55,5811400,HSX,stock
2024-12-09,TCB,24.10,24.30,23.95,24.15,25.80,22.50,4052000,HSX,stock
2024-12-10,TCB,24.05,24.20,24.00,24.05,25.80,22.50,3619600,HSX,stock
2024-12-11,TCB,24.05,24.30,24.00,24.15,25.70,22.40,4521500,HSX,stock
2024-12-12,TCB,24.20,24.50,24.15,24.25,25.80,22.50,7533000,HSX,stock
2024-12-13,TCB,24.30,24.55,24.10,24.35,25.90,22.60,5299200,HSX,stock
2024-12-16,TCB,24.30,24.40,24.10,24.30,26.05,22.65,3550500,HSX,stock
2024-12-17,TCB,24.40,24.40,24.15,24.20,26.00,22.60,3353400,HSX,stock
2024-12-18,TCB,24.25,24.30,24.10,24.20,25.85,22.55,2897600,HSX,stock
2024-12-19,TCB,24.00,24.05,23.75,23.75,25.85,22.55,7998900,HSX,stock
2024-12-20,TCB,23.85,23.95,23.80,23.80,25.40,22.10,2486300,HSX,stock
2024-12-23,TCB,24.00,24.05,23.80,23.90,25.45,22.15,1745900,HSX,stock
2024-12-24,TCB,24.05,24.05,23.80,24.00,25.55,22.25,3005200,HSX,stock
2024-12-25,TCB,24.00,24.90,23.95,24.45,25.65,22.35,8735200,HSX,stock
2024-12-26,TCB,24.50,24.55,24.30,24.35,26.15,22.75,2771800,HSX,stock
2024-12-27,TCB,24.50,24.90,24.45,24.60,26.05,22.65,6817900,HSX,stock
2024-12-30,TCB,24.75,24.75,24.35,24.40,26.30,22.90,4191500,HSX,stock
2024-12-31,TCB,24.35,24.65,24.35,24.65,26.10,22.70,6760500,HSX,stock
2025-01-02,TCB,24.65,24.70,24.30,24.35,26.35,22.95,3877300,HSX,stock
2025-01-03,TCB,24.35,24.35,23.60,23.60,26.05,22.65,6640700,HSX,stock
2025-01-06,TCB,23.60,23.85,23.50,23.60,25.25,21.95,3814000,HSX,stock
2025-01-07,TCB,23.90,23.90,23.55,23.65,25.25,21.95,3091500,HSX,stock
2025-01-08,TCB,23.80,24.30,23.65,23.95,25.30,22.00,4928300,HSX,stock
2025-01-09,TCB,24.05,24.05,23.75,23.95,25.60,22.30,2282400,HSX,stock
2025-01-10,TCB,24.00,24.00,23.40,23.40,25.60,22.30,3436400,HSX,stock
2025-01-13,TCB,23.20,23.80,23.15,23.80,25.00,21.80,4180900,HSX,stock
2025-01-14,TCB,23.55,23.75,23.50,23.60,25.45,22.15,2338700,HSX,stock
2025-01-15,TCB,23.80,23.90,23.65,23.70,25.25,21.95,3556600,HSX,stock
2025-01-16,TCB,23.85,23.95,23.60,23.85,25.35,22.05,4594800,HSX,stock
2025-01-17,TCB,23.85,24.40,23.75,24.40,25.50,22.20,4971500,HSX,stock
2025-01-20,TCB,24.40,24.50,24.25,24.40,26.10,22.70,2428100,HSX,stock
2025-01-21,TCB,24.40,24.50,24.15,24.20,26.10,22.70,4052000,HSX,stock
2025-01-22,TCB,24.45,24.45,24.15,24.20,25.85,22.55,3961400,HSX,stock
2025-01-23,TCB,24.35,24.85,24.25,24.60,25.85,22.55,9522600,HSX,stock
2025-01-24,TCB,24.80,24.85,24.65,24.75,26.30,22.90,5626600,HSX,stock
2025-02-03,TCB,24.50,24.70,24.25,24.25,26.45,23.05,6175600,HSX,stock
2025-02-04,TCB,24.35,24.70,24.30,24.65,25.90,22.60,6013000,HSX,stock
2025-02-05,TCB,24.85,24.90,24.55,24.70,26.35,22.95,4704600,HSX,stock
2025-02-06,TCB,24.90,25.50,24.80,25.20,26.40,23.00,13647800,HSX,stock
2025-02-07,TCB,25.45,25.80,25.20,25.75,26.95,23.45,11338800,HSX,stock
2025-02-10,TCB,25.75,26.25,25.45,25.75,27.55,23.95,9387400,HSX,stock
2025-02-11,TCB,26.10,26.15,25.75,25.90,27.55,23.95,7076800,HSX,stock
2025-02-12,TCB,26.00,26.00,25.70,25.70,27.70,24.10,5374400,HSX,stock
2025-02-13,TCB,25.60,26.00,25.55,25.95,27.45,23.95,5400700,HSX,stock
2025-02-14,TCB,26.10,26.20,25.90,26.00,27.75,24.15,5405800,HSX,stock
2025-02-17,TCB,26.00,26.10,25.70,25.70,27.80,24.20,5556300,HSX,stock
2025-02-18,TCB,25.70,26.10,25.65,25.85,27.45,23.95,5148400,HSX,stock
2025-02-19,TCB,25.95,26.15,25.80,26.10,27.65,24.05,5806600,HSX,stock
2025-02-20,TCB,26.20,26.60,26.05,26.55,27.90,24.30,8671100,HSX,stock
2025-02-21,TCB,26.60,26.60,26.40,26.50,28.40,24.70,4753000,HSX,stock
2025-02-24,TCB,26.40,26.65,26.30,26.50,28.35,24.65,5941500,HSX,stock
2025-02-25,TCB,26.60,26.80,26.35,26.40,28.35,24.65,5458100,HSX,stock
2025-02-26,TCB,26.40,26.55,26.30,26.30,28.20,24.60,4405100,HSX,stock
2025-02-27,TCB,26.40,26.40,26.00,26.25,28.10,24.50,6133200,HSX,stock
2025-02-28,TCB,26.25,26.30,26.05,26.10,28.05,24.45,7431000,HSX,stock
2025-03-03,TCB,26.15,26.30,26.05,26.10,27.90,24.30,4915700,HSX,stock
2025-03-04,TCB,26.10,27.55,26.00,27.50,27.90,24.30,15901100,HSX,stock
2025-03-05,TCB,27.50,27.60,27.30,27.30,29.40,25.60,7055100,HSX,stock
2025-03-06,TCB,27.45,27.70,27.35,27.70,29.20,25.40,5501800,HSX,stock
2025-03-07,TCB,27.70,27.90,27.45,27.75,29.60,25.80,6987800,HSX,stock
2025-03-10,TCB,27.75,28.30,27.70,27.80,29.65,25.85,6510600,HSX,stock
2025-03-11,TCB,27.50,28.00,27.45,28.00,29.70,25.90,6665100,HSX,stock
2025-03-12,TCB,28.10,28.25,27.80,27.85,29.95,26.05,5245800,HSX,stock
2025-03-13,TCB,27.80,27.80,27.25,27.30,29.75,25.95,8015600,HSX,stock
2025-03-14,TCB,27.10,27.40,27.10,27.30,29.20,25.40,4994900,HSX,stock
2025-03-17,TCB,27.35,27.45,27.15,27.45,29.20,25.40,4106300,HSX,stock
2025-03-18,TCB,27.50,27.60,27.30,27.40,29.35,25.55,3443500,HSX,stock
2025-03-19,TCB,27.30,27.35,27.15,27.25,29.30,25.50,5865800,HSX,stock
2025-03-20,TCB,27.50,27.55,27.10,27.45,29.15,25.35,6646300,HSX,stock
2025-03-21,TCB,27.35,27.55,27.30,27.35,29.35,25.55,3563300,HSX,stock
2025-03-24,TCB,27.35,28.20,27.20,28.00,29.25,25.45,8389500,HSX,stock
2025-03-25,TCB,28.10,28.20,27.85,27.90,29.95,26.05,3840000,HSX,stock
2025-03-26,TCB,27.90,28.50,27.80,28.00,29.85,25.95,10309100,HSX,stock
2025-03-27,TCB,28.00,28.15,27.75,27.75,29.95,26.05,3647900,HSX,stock
2025-03-28,TCB,27.75,27.80,27.45,27.55,29.65,25.85,6059800,HSX,stock
2025-03-31,TCB,27.40,27.50,27.20,27.50,29.45,25.65,6152200,HSX,stock
2025-04-01,TCB,27.50,28.00,27.40,27.95,29.40,25.60,4504900,HSX,stock
2025-04-02,TCB,28.00,28.15,27.85,27.90,29.90,26.00,3133500,HSX,stock
2025-04-03,TCB,26.95,27.20,25.95,25.95,29.85,25.95,21921300,HSX,stock
2025-04-04,TCB,24.15,25.75,24.15,25.70,27.75,24.15,26842500,HSX,stock
2025-04-08,TCB,25.00,25.00,23.95,23.95,27.45,23.95,12826700,HSX,stock
2025-04-09,TCB,22.30,24.90,22.30,23.60,25.60,22.30,20204400,HSX,stock
2025-04-10,TCB,25.25,25.25,25.25,25.25,25.25,21.95,1174800,HSX,stock
2025-04-11,TCB,26.50,26.60,25.60,26.60,27.00,23.50,24615100,HSX,stock
2025-04-14,TCB,26.60,26.70,26.10,26.55,28.45,24.75,8299400,HSX,stock
2025-04-15,TCB,26.05,26.35,25.80,26.00,28.40,24.70,9588600,HSX,stock
2025-04-16,TCB,26.15,26.45,25.75,25.80,27.80,24.20,8720600,HSX,stock
2025-04-17,TCB,25.60,26.00,25.55,26.00,27.60,24.00,7222100,HSX,stock
2025-04-18,TCB,26.50,26.50,26.00,26.00,27.80,24.20,9799900,HSX,stock
2025-04-21,TCB,26.00,26.30,25.60,25.75,27.80,24.20,5009100,HSX,stock
2025-04-22,TCB,25.25,25.65,23.95,25.15,27.55,23.95,12896700,HSX,stock
2025-04-23,TCB,25.75,26.30,25.15,26.10,26.90,23.40,8720200,HSX,stock
2025-04-24,TCB,26.00,26.10,25.70,25.75,27.90,24.30,4418600,HSX,stock
2025-04-25,TCB,25.95,26.05,25.40,25.95,27.55,23.95,12809800,HSX,stock
2025-04-28,TCB,26.00,26.10,25.80,26.00,27.75,24.15,4706200,HSX,stock
2025-04-29,TCB,26.00,26.60,26.00,26.30,27.80,24.20,7640200,HSX,stock
2025-05-05,TCB,26.65,26.65,26.15,26.50,28.10,24.50,40747400,HSX,stock
2025-05-06,TCB,26.50,27.20,26.40,26.85,,,28908000,HSX,stock
2025-05-07,TCB,26.85,27.10,26.60,27.00,28.70,25.00,24014000,HSX,stock
2025-05-08,TCB,27.00,27.45,26.85,27.40,28.85,25.15,39880100,HSX,stock
2025-05-09,TCB,27.30,28.00,27.25,27.60,29.30,25.50,29317700,HSX,stock
2025-05-12,TCB,27.65,29.45,27.60,29.40,29.50,25.70,217345700,HSX,stock
2025-05-13,TCB,29.50,29.70,29.15,29.40,31.45,27.35,71867700,HSX,stock
2025-05-14,TCB,29.35,30.50,29.30,29.85,31.45,27.35,26254600,HSX,stock
2025-05-15,TCB,29.90,30.20,29.55,29.90,31.90,27.80,41402400,HSX,stock
2025-05-16,TCB,29.90,29.90,29.25,29.45,31.95,27.85,138615000,HSX,stock
2025-05-19,TCB,29.20,29.95,29.10,29.50,31.50,27.40,35758900,HSX,stock
2025-05-20,TCB,29.50,31.10,29.50,30.95,31.55,27.45,62666700,HSX,stock
2025-05-21,TCB,31.00,31.40,30.70,30.90,33.10,28.80,28433800,HSX,stock
2025-05-22,TCB,30.65,31.20,30.30,30.50,33.05,28.75,257364000,HSX,stock
2025-05-23,TCB,30.55,30.60,29.80,30.15,32.60,28.40,31477700,HSX,stock
2025-05-26,TCB,30.15,30.35,29.50,30.35,32.25,28.05,49857000,HSX,stock
2025-05-27,TCB,30.60,31.25,30.35,30.60,32.45,28.25,60645100,HSX,stock
2025-05-28,TCB,30.70,30.80,30.25,30.50,32.70,28.50,39010900,HSX,stock
2025-05-29,TCB,30.50,30.80,30.30,30.80,32.60,28.40,94581800,HSX,stock
2025-05-30,TCB,30.80,30.80,30.45,30.45,32.95,28.65,49762300,HSX,stock
2025-06-02,TCB,30.40,30.95,30.20,30.85,32.55,28.35,39389200,HSX,stock
2025-06-03,TCB,30.90,31.90,30.90,31.60,33.00,28.70,36326100,HSX,stock
2025-06-04,TCB,31.70,31.70,31.20,31.35,33.80,29.40,40240100,HSX,stock
2025-06-05,TCB,31.35,31.60,31.05,31.10,33.50,29.20,50474600,HSX,stock
2025-06-06,TCB,31.00,31.00,30.30,30.30,33.25,28.95,253321000,HSX,stock
2025-06-09,TCB,30.30,30.45,29.75,29.75,32.40,28.20,302053500,HSX,stock
2025-06-10,TCB,29.95,30.50,29.85,30.05,31.80,27.70,27779700,HSX,stock
2025-06-11,TCB,30.35,30.35,29.95,30.10,32.15,27.95,23987800,HSX,stock
2025-06-12,TCB,30.35,31.15,30.25,30.95,32.20,28.00,33527100,HSX,stock
2025-06-13,TCB,30.70,31.50,30.50,31.20,33.10,28.80,154267900,HSX,stock
2025-06-16,TCB,31.00,32.35,30.95,32.30,33.35,29.05,87126600,HSX,stock
2025-06-17,TCB,32.55,32.60,32.05,32.40,34.55,30.05,44198600,HSX,stock
2025-06-18,TCB,32.40,33.35,32.20,32.80,34.65,30.15,37910400,HSX,stock
2025-06-19,TCB,32.80,34.00,32.80,34.00,35.05,30.55,319751600,HSX,stock
2025-06-20,TCB,34.20,34.85,33.90,34.00,36.35,31.65,77268800,HSX,stock
2025-06-23,TCB,33.60,34.00,33.40,33.80,36.35,31.65,63667500,HSX,stock
2025-06-24,TCB,34.05,34.75,33.70,34.00,36.15,31.45,93766700,HSX,stock
2025-06-25,TCB,34.15,34.25,33.80,33.80,36.35,31.65,76808700,HSX,stock
2025-06-26,TCB,34.00,34.45,33.80,34.05,36.15,31.45,43371400,HSX,stock
2025-06-27,TCB,34.10,34.25,33.85,33.95,36.40,31.70,64926800,HSX,stock
2025-06-30,TCB,34.10,34.70,34.00,34.20,36.30,31.60,51435100,HSX,stock
2025-07-01,TCB,34.20,34.55,34.05,34.40,36.55,31.85,21694200,HSX,stock
2025-07-02,TCB,34.50,35.10,34.45,35.00,36.80,32.00,15046400,HSX,stock
2025-07-03,TCB,35.15,35.30,34.80,34.85,37.45,32.55,79501200,HSX,stock
2025-07-04,TCB,34.85,35.00,34.65,34.95,37.25,32.45,38381800,HSX,stock
2025-07-07,TCB,35.20,35.45,35.10,35.30,37.35,32.55,23721500,HSX,stock
2025-07-08,TCB,35.30,35.55,35.10,35.30,37.75,32.85,29751800,HSX,stock
2025-07-09,TCB,35.45,35.60,34.70,34.90,37.75,32.85,212204100,HSX,stock
2025-07-10,TCB,34.90,35.00,34.65,34.80,37.30,32.50,87183500,HSX,stock
2025-07-11,TCB,34.80,35.50,34.80,34.95,37.20,32.40,48888900,HSX,stock
2025-07-14,TCB,34.95,35.10,34.30,35.10,37.35,32.55,107056100,HSX,stock
2025-07-15,TCB,35.15,35.75,34.80,34.80,37.55,32.65,120730200,HSX,stock
2025-07-16,TCB,34.80,35.45,34.60,35.25,37.20,32.40,40529400,HSX,stock
2025-07-17,TCB,35.40,35.60,35.10,35.15,37.70,32.80,8744300,HSX,stock
2025-07-18,TCB,35.15,36.50,35.05,36.25,37.60,32.70,132246400,HSX,stock
2025-07-21,TCB,36.30,36.50,35.35,35.45,38.75,33.75,170990300,HSX,stock
2025-07-22,TCB,35.15,35.45,34.90,35.35,37.90,33.00,24692300,HSX,stock
2025-07-23,TCB,35.40,35.45,34.90,35.00,37.80,32.90,85388900,HSX,stock
2025-07-24,TCB,35.05,35.60,34.95,35.05,37.45,32.55,44314400,HSX,stock
2025-07-25,TCB,35.10,35.20,34.95,35.20,37.50,32.60,56343800,HSX,stock
2025-07-28,TCB,35.25,35.85,35.20,35.60,37.65,32.75,72720800,HSX,stock
2025-07-29,TCB,35.75,35.75,33.90,33.90,38.05,33.15,530695200,HSX,stock
2025-07-30,TCB,34.15,34.60,33.70,34.50,36.25,31.55,69285200,HSX,stock
2025-07-31,TCB,34.60,35.00,33.80,34.00,36.90,32.10,68648500,HSX,stock
2025-08-01,TCB,34.15,34.70,34.05,34.10,36.35,31.65,152544400,HSX,stock
2025-08-04,TCB,34.10,35.35,34.00,35.35,36.45,31.75,234224700,HSX,stock
2025-08-05,TCB,35.80,37.80,35.80,37.00,37.80,32.90,197692100,HSX,stock
2025-08-06,TCB,38.00,39.00,37.20,38.20,39.55,34.45,112063200,HSX,stock
2025-08-07,TCB,38.50,38.90,37.80,38.40,40.85,35.55,82048200,HSX,stock
2025-08-08,TCB,38.75,38.75,37.40,37.85,41.05,35.75,96315500,HSX,stock
2025-08-11,TCB,37.95,38.45,37.60,37.75,40.45,35.25,63605100,HSX,stock
2025-08-12,TCB,37.80,38.00,37.20,37.70,40.35,35.15,117007000,HSX,stock
2025-08-13,TCB,37.80,38.00,36.90,37.50,40.30,35.10,80130000,HSX,stock
2025-08-14,TCB,37.75,39.20,37.75,38.40,40.10,34.90,80854200,HSX,stock
2025-08-15,TCB,38.90,38.95,37.60,37.60,41.05,35.75,209886600,HSX,stock
2025-08-18,TCB,38.20,38.65,37.65,37.95,40.20,35.00,110015100,HSX,stock
2025-08-19,TCB,38.25,39.45,38.10,39.20,40.60,35.30,168569900,HSX,stock
2025-08-20,TCB,40.45,40.90,38.90,40.50,41.90,36.50,729453700,HSX,stock
2025-08-21,TCB,41.30,42.50,41.00,41.55,43.30,37.70,210415700,HSX,stock
2025-08-22,TCB,40.50,41.10,38.65,39.00,44.45,38.65,544743900,HSX,stock
2025-08-25,TCB,39.55,39.65,37.30,37.55,41.70,36.30,350408000,HSX,stock
2025-08-26,TCB,38.00,39.40,36.95,39.35,40.15,34.95,112047600,HSX,stock
2025-08-27,TCB,39.50,40.70,38.90,38.95,42.10,36.60,103746700,HSX,stock
2025-08-28,TCB,39.60,39.60,38.80,39.60,41.65,36.25,260422600,HSX,stock
2025-08-29,TCB,40.10,40.25,39.60,39.60,42.35,36.85,135334500,HSX,stock
2025-09-03,TCB,40.05,40.10,39.45,39.60,42.35,36.85,129425400,HSX,stock
2025-09-04,TCB,39.60,39.95,39.40,39.60,42.35,36.85,40118100,HSX,stock
2025-09-05,TCB,39.95,40.95,39.50,39.50,42.35,36.85,565171700,HSX,stock
2025-09-08,TCB,39.50,39.60,38.00,38.00,42.25,36.75,507169600,HSX,stock
2025-09-09,TCB,38.55,38.65,37.85,38.50,40.65,35.35,141965400,HSX,stock
2025-09-10,TCB,39.25,39.80,38.60,39.00,41.15,35.85,126548800,HSX,stock
2025-09-11,TCB,38.90,39.00,37.70,38.70,41.70,36.30,35995700,HSX,stock
2025-09-12,TCB,39.05,39.10,38.50,38.60,41.40,36.00,107362600,HSX,stock
2025-09-15,TCB,38.55,39.00,38.55,39.00,41.30,35.90,241878900,HSX,stock
2025-09-16,TCB,39.65,40.10,39.25,39.35,41.70,36.30,78440300,HSX,stock
2025-09-17,TCB,39.35,39.45,38.50,38.70,42.10,36.60,68527000,HSX,stock
2025-09-18,TCB,38.70,38.80,38.20,38.80,41.40,36.00,84637800,HSX,stock
2025-09-19,TCB,38.80,38.80,38.10,38.40,41.50,36.10,50685600,HSX,stock
2025-09-22,TCB,38.30,38.40,37.30,37.50,41.05,35.75,76984900,HSX,stock
2025-09-23,TCB,37.55,38.00,37.50,37.50,40.10,34.90,31379600,HSX,stock
2025-09-24,TCB,37.50,38.80,37.15,38.80,40.10,34.90,162386000,HSX,stock
2025-09-25,TCB,38.80,38.95,38.55,38.90,41.50,36.10,62959000,HSX,stock
2025-09-26,TCB,38.90,38.95,38.40,38.70,41.60,36.20,114030200,HSX,stock
2025-09-29,TCB,38.60,38.80,38.40,38.75,41.40,36.00,59563000,HSX,stock
2025-09-30,TCB,38.05,38.05,37.50,37.85,40.35,35.15,52040700,HSX,stock
2025-10-01,TCB,37.85,38.60,37.80,38.55,40.45,35.25,132944100,HSX,stock
2025-10-02,TCB,38.85,39.20,38.40,38.85,41.20,35.90,103774800,HSX,stock
2025-10-03,TCB,38.55,38.65,38.05,38.35,41.55,36.15,76384600,HSX,stock
2025-10-06,TCB,38.95,39.40,38.50,39.40,41.00,35.70,213369300,HSX,stock
2025-10-07,TCB,40.00,40.00,38.95,39.00,42.15,36.65,147963100,HSX,stock
2025-10-08,TCB,39.25,39.40,38.45,38.60,41.70,36.30,121110400,HSX,stock
2025-10-09,TCB,38.60,39.10,38.55,38.95,41.30,35.90,30604400,HSX,stock
2025-10-10,TCB,39.10,39.90,39.00,39.35,41.65,36.25,42212000,HSX,stock
2025-10-13,TCB,39.30,41.50,39.25,41.30,42.10,36.60,364372800,HSX,stock
2025-10-14,TCB,41.75,42.00,40.55,40.80,44.15,38.45,129536100,HSX,stock
2025-10-15,TCB,41.00,41.35,40.55,40.80,43.65,37.95,42448600,HSX,stock
2025-10-16,TCB,41.20,41.25,40.80,41.25,43.65,37.95,122052200,HSX,stock
2025-10-17,TCB,41.65,41.65,40.45,40.65,44.10,38.40,226870000,HSX,stock
2025-10-20,TCB,40.65,40.65,37.85,37.85,43.45,37.85,1486352200,HSX,stock
2025-10-21,TCB,38.10,38.45,36.50,37.65,40.45,35.25,67269000,HSX,stock
2025-10-22,TCB,38.10,38.15,36.40,38.00,40.25,35.05,52165400,HSX,stock
2025-10-23,TCB,38.05,38.05,36.80,37.25,40.65,35.35,119105300,HSX,stock
2025-10-24,TCB,37.00,37.00,36.05,36.10,39.85,34.65,259131500,HSX,stock
2025-10-27,TCB,36.30,36.50,35.05,35.05,38.60,33.60,200664200,HSX,stock
2025-10-28,TCB,35.05,36.40,34.00,36.00,37.50,32.60,102231300,HSX,stock
2025-10-29,TCB,35.90,36.90,35.65,36.40,38.50,33.50,25366000,HSX,stock
2025-10-30,TCB,36.50,36.60,35.60,35.70,38.90,33.90,52110700,HSX,stock
2025-10-31,TCB,35.70,36.20,35.10,35.10,38.15,33.25,288500000,HSX,stock
2025-11-03,TCB,35.10,35.50,33.60,33.60,37.55,32.65,348838700,HSX,stock
2025-11-04,TCB,33.60,35.20,33.45,35.00,35.95,31.25,83955100,HSX,stock
2025-11-05,TCB,34.90,34.90,34.05,34.10,37.45,32.55,44867700,HSX,stock
2025-11-06,TCB,34.15,34.50,33.50,33.60,36.45,31.75,59602000,HSX,stock
2025-11-07,TCB,33.60,33.95,33.00,33.00,35.95,31.25,184756800,HSX,stock
2025-11-10,TCB,33.30,33.60,32.95,33.40,35.30,30.70,16691300,HSX,stock
2025-11-11,TCB,33.45,34.00,33.35,33.65,35.70,31.10,21535100,HSX,stock
2025-11-12,TCB,33.70,35.00,33.60,35.00,36.00,31.30,56689500,HSX,stock
2025-11-13,TCB,34.65,35.50,34.60,35.10,37.45,32.55,40991500,HSX,stock
2025-11-14,TCB,34.80,35.35,34.70,35.10,37.55,32.65,21614300,HSX,stock
2025-11-17,TCB,35.10,35.25,34.70,35.15,37.55,32.65,30567600,HSX,stock
2025-11-18,TCB,35.20,35.35,34.95,35.35,37.60,32.70,26447000,HSX,stock
2025-11-19,TCB,35.40,35.40,34.75,34.80,37.80,32.90,31905900,HSX,stock
2025-11-20,TCB,34.85,35.00,34.60,34.60,37.20,32.40,30159200,HSX,stock
2025-11-21,TCB,34.50,34.50,33.50,34.25,37.00,32.20,18207400,HSX,stock
2025-11-24,TCB,34.30,34.40,33.90,33.95,36.60,31.90,66527300,HSX,stock
2025-11-25,TCB,34.00,34.00,33.45,33.45,36.30,31.60,126615500,HSX,stock
2025-11-26,TCB,33.60,33.90,33.50,33.85,35.75,31.15,13304600,HSX,stock
2025-11-27,TCB,33.95,34.20,33.70,33.75,36.20,31.50,22244300,HSX,stock
2025-11-28,TCB,33.75,33.90,33.30,33.75,36.10,31.40,80572400,HSX,stock
2025-12-01,TCB,33.70,33.70,33.20,33.20,36.10,31.40,76294800,HSX,stock
2025-12-02,TCB,33.20,34.30,33.15,34.20,35.50,30.90,61532400,HSX,stock
2025-12-03,TCB,34.25,35.00,34.25,34.90,36.55,31.85,25387200,HSX,stock
2025-12-04,TCB,35.00,35.50,34.80,35.40,37.30,32.50,21793500,HSX,stock
2025-12-05,TCB,35.50,35.50,34.70,34.70,37.85,32.95,53029500,HSX,stock
2025-12-08,TCB,34.65,34.80,34.15,34.20,37.10,32.30,33235500,HSX,stock
2025-12-09,TCB,34.20,34.20,33.50,33.80,36.55,31.85,39828800,HSX,stock
2025-12-10,TCB,33.75,34.15,33.70,33.70,36.15,31.45,18573000,HSX,stock
2025-12-11,TCB,33.75,34.00,33.40,33.40,36.05,31.35,37710100,HSX,stock
2025-12-12,TCB,33.45,33.60,32.00,32.00,35.70,31.10,1024232100,HSX,stock
2025-12-15,TCB,32.00,32.30,31.50,32.00,34.20,29.80,40810700,HSX,stock
2025-12-16,TCB,32.00,33.10,30.50,33.00,34.20,29.80,39673300,HSX,stock
2025-12-17,TCB,33.00,33.15,32.55,32.60,35.30,30.70,23472500,HSX,stock
2025-12-18,TCB,32.80,33.10,32.50,33.00,34.85,30.35,14307900,HSX,stock
2025-12-19,TCB,33.20,33.65,33.10,33.60,35.30,30.70,52428800,HSX,stock
2025-12-22,TCB,33.85,35.20,33.75,35.20,35.95,31.25,84494500,HSX,stock
2025-12-23,TCB,35.30,35.35,34.75,34.80,37.65,32.75,75982900,HSX,stock
2025-12-24,TCB,34.70,35.20,34.30,34.95,37.20,32.40,35102200,HSX,stock
2025-12-25,TCB,34.95,35.80,34.00,34.00,37.35,32.55,169255500,HSX,stock
2025-12-26,TCB,33.50,34.35,33.05,33.90,36.35,31.65,40178100,HSX,stock
2025-12-29,TCB,33.95,34.45,33.80,34.05,36.25,31.55,21227900,HSX,stock
2025-12-30,TCB,34.20,34.40,33.75,34.35,36.40,31.70,51313800,HSX,stock
2025-12-31,TCB,34.80,34.90,34.25,34.90,36.75,31.95,167870600,HSX,stock
2026-01-05,TCB,34.65,34.95,33.80,34.95,37.30,32.50,20287300,HSX,stock
2026-01-06,TCB,34.95,36.00,34.20,36.00,37.35,32.55,183659900,HSX,stock
2026-01-07,TCB,36.25,36.50,35.95,36.40,38.50,33.50,59624000,HSX,stock
2026-01-08,TCB,36.50,36.65,35.50,36.00,38.90,33.90,138841600,HSX,stock
2026-01-09,TCB,37.05,37.15,36.20,36.65,38.50,33.50,730329600,HSX,stock
2026-01-12,TCB,36.70,38.00,36.45,38.00,39.20,34.10,122533400,HSX,stock
2026-01-13,TCB,38.10,38.20,37.15,37.35,40.65,35.35,113127900,HSX,stock
2026-01-14,TCB,37.20,37.30,36.00,36.50,39.95,34.75,106712300,HSX,stock
2026-01-15,TCB,36.00,36.60,35.30,35.60,39.05,33.95,77612000,HSX,stock
2026-01-16,TCB,35.65,36.35,35.60,35.80,38.05,33.15,34955400,HSX,stock
2026-01-19,TCB,35.90,36.45,35.80,36.30,38.30,33.30,2272500,HSX,stock
2026-01-20,TCB,36.35,36.60,35.65,35.95,38.80,33.80,530432200,HSX,stock
2026-01-21,TCB,35.80,35.90,35.00,35.80,38.45,33.45,44923500,HSX,stock
2026-01-22,TCB,35.85,36.25,35.65,36.00,38.30,33.30,22973900,HSX,stock
2026-01-23,TCB,36.20,36.90,35.95,36.50,38.50,33.50,49799900,HSX,stock
2026-01-26,TCB,36.70,36.70,35.65,35.65,39.05,33.95,63683300,HSX,stock
2026-01-27,TCB,35.50,35.80,34.75,34.95,38.10,33.20,59834600,HSX,stock
2026-01-28,TCB,35.00,35.30,34.35,34.50,37.35,32.55,62177100,HSX,stock
2026-01-29,TCB,34.65,35.00,34.15,34.90,36.90,32.10,48356400,HSX,stock
2026-01-30,TCB,34.85,35.90,34.80,35.90,37.30,32.50,172211700,HSX,stock
2026-02-02,TCB,35.30,35.75,34.75,35.00,38.40,33.40,38370800,HSX,stock
2026-02-03,TCB,35.60,35.60,34.70,34.70,37.45,32.55,90429700,HSX,stock
2026-02-04,TCB,34.70,34.90,34.35,34.55,37.10,32.30,40380600,HSX,stock
2026-02-05,TCB,34.95,35.10,34.75,34.85,36.95,32.15,94976900,HSX,stock
2026-02-06,TCB,34.50,34.60,34.10,34.60,37.25,32.45,59118500,HSX,stock
2026-02-09,TCB,35.00,35.00,34.50,34.75,37.00,32.20,27757700,HSX,stock
2026-02-10,TCB,34.80,35.00,34.45,34.60,37.15,32.35,54712400,HSX,stock
2026-02-11,TCB,34.70,35.35,34.60,35.30,37.00,32.20,26448900,HSX,stock
2026-02-12,TCB,35.40,35.75,35.20,35.45,37.75,32.85,48042100,HSX,stock
2026-02-13,TCB,35.20,35.50,35.20,35.45,37.90,33.00,49387500,HSX,stock
2026-02-23,TCB,35.50,35.90,35.45,35.85,37.90,33.00,26787300,HSX,stock
2026-02-24,TCB,35.85,35.90,35.75,35.80,38.35,33.35,35598400,HSX,stock
2026-02-25,TCB,35.80,36.45,35.70,36.00,38.30,33.30,24388200,HSX,stock
2026-02-26,TCB,36.10,36.45,36.00,36.45,38.50,33.50,36645200,HSX,stock
2026-02-27,TCB,36.05,36.40,35.85,36.25,39.00,33.90,102621700,HSX,stock
2026-03-02,TCB,35.80,35.80,34.65,34.65,38.75,33.75,276914800,HSX,stock
2026-03-03,TCB,34.65,34.95,33.60,33.60,37.05,32.25,351586200,HSX,stock
2026-03-04,TCB,33.50,33.70,31.80,32.50,35.95,31.25,64076500,HSX,stock
2026-03-05,TCB,33.00,33.10,32.20,32.20,34.75,30.25,126683100,HSX,stock
2026-03-06,TCB,32.10,32.10,31.35,31.45,34.45,29.95,112068800,HSX,stock
2026-03-09,TCB,29.25,29.80,29.25,29.25,33.65,29.25,1807351200,HSX,stock
2026-03-10,TCB,30.80,30.80,29.75,30.30,31.25,27.25,555563700,HSX,stock
2026-03-11,TCB,30.05,31.35,29.95,31.10,32.40,28.20,55648400,HSX,stock
2026-03-12,TCB,30.55,31.00,29.90,30.00,33.25,28.95,78401000,HSX,stock
2026-03-13,TCB,30.00,30.30,29.65,30.00,32.10,27.90,30592400,HSX,stock
2026-03-16,TCB,30.00,30.45,30.00,30.20,32.10,27.90,12578300,HSX,stock
2026-03-17,TCB,30.25,30.90,30.10,30.30,32.30,28.10,19729400,HSX,stock
2026-03-18,TCB,30.50,30.80,30.15,30.30,32.40,28.20,14189000,HSX,stock
2026-03-19,TCB,30.15,30.30,29.90,30.05,32.40,28.20,40727700,HSX,stock
2026-03-20,TCB,30.00,30.10,29.85,29.85,32.15,27.95,52021900,HSX,stock
2026-03-23,TCB,29.50,29.55,28.90,28.90,31.90,27.80,81723000,HSX,stock
2026-03-24,TCB,29.30,29.85,29.15,29.85,30.90,26.90,32850300,HSX,stock
2026-03-25,TCB,30.30,30.90,30.05,30.80,31.90,27.80,56197300,HSX,stock
2026-03-26,TCB,30.70,30.70,30.15,30.15,32.95,28.65,24784600,HSX,stock
2026-03-27,TCB,30.15,30.70,30.05,30.65,32.25,28.05,34833300,HSX,stock
2026-03-30,TCB,30.05,30.50,29.75,30.50,32.75,28.55,29673800,HSX,stock
2026-03-31,TCB,30.50,30.75,30.40,30.70,32.60,28.40,45697300,HSX,stock
2026-04-01,TCB,31.35,31.35,30.80,30.80,32.80,28.60,48037600,HSX,stock
2026-04-02,TCB,30.50,30.55,30.10,30.35,32.95,28.65,22405800,HSX,stock
2026-04-03,TCB,30.40,30.50,29.75,29.75,32.45,28.25,50433400,HSX,stock
2026-04-06,TCB,29.70,29.70,29.00,29.05,31.80,27.70,26663400,HSX,stock
2026-04-07,TCB,29.25,29.30,28.35,28.70,31.05,27.05,27936900,HSX,stock
2026-04-08,TCB,29.75,30.70,29.50,30.70,30.70,26.70,86317400,HSX,stock
2026-04-09,TCB,30.95,31.60,30.60,30.90,32.80,28.60,130038400,HSX,stock
2026-04-10,TCB,31.05,32.65,31.05,32.25,33.05,28.75,83655900,HSX,stock
2026-04-13,TCB,31.50,32.15,31.50,31.90,34.50,30.00,35581000,HSX,stock
2026-04-14,TCB,32.40,32.55,31.85,32.05,34.10,29.70,18860900,HSX,stock
2026-04-15,TCB,32.40,32.55,31.85,31.85,34.25,29.85,37797100,HSX,stock
2026-04-16,TCB,31.85,32.10,31.80,31.90,34.05,29.65,10651000,HSX,stock
2026-04-17,TCB,32.15,32.45,32.00,32.25,34.10,29.70,21644000,HSX,stock
2026-04-20,TCB,32.40,32.90,32.35,32.60,34.50,30.00,16547900,HSX,stock
2026-04-21,TCB,32.65,32.85,32.50,32.70,34.85,30.35,25387700,HSX,stock
2026-04-22,TCB,33.10,33.50,32.90,33.00,34.95,30.45,23757700,HSX,stock
2026-04-23,TCB,33.00,33.70,32.90,33.30,35.30,30.70,42518800,HSX,stock
2026-04-24,TCB,33.40,34.30,33.30,34.25,35.60,31.00,60998600,HSX,stock
2026-04-28,TCB,35.00,35.00,34.50,34.60,36.60,31.90,123182200,HSX,stock
2026-04-29,TCB,34.50,34.60,33.50,33.85,37.00,32.20,89587600,HSX,stock
2026-05-04,TCB,33.80,33.95,33.30,33.55,36.20,31.50,39514900,HSX,stock
2026-05-05,TCB,33.45,33.45,32.70,33.30,35.85,31.25,22439200,HSX,stock
2026-05-06,TCB,33.45,33.90,33.20,33.90,35.60,31.00,19218000,HSX,stock
2026-05-07,TCB,34.05,34.20,33.70,33.70,36.25,31.55,42915600,HSX,stock
2026-05-08,TCB,33.65,33.95,33.55,33.85,36.05,31.35,47797200,HSX,stock
2026-05-11,TCB,33.95,33.95,33.75,33.80,36.20,31.50,51078200,HSX,stock
2026-05-12,TCB,33.80,33.85,33.65,33.80,36.15,31.45,130613600,HSX,stock
2026-05-13,TCB,33.90,33.90,33.55,33.60,36.15,31.45,22630500,HSX,stock
2026-05-14,TCB,33.60,34.00,33.60,34.00,35.95,31.25,137652900,HSX,stock
2026-05-15,TCB,34.35,34.80,33.95,34.05,36.35,31.65,74855000,HSX,stock
2026-05-18,TCB,34.00,34.20,33.75,34.00,36.40,31.70,23993900,HSX,stock
2026-05-19,TCB,33.50,33.60,32.60,32.60,35.60,31.00,69225500,HSX,stock
2026-05-20,TCB,32.20,32.45,31.05,32.45,34.85,30.35,44494000,HSX,stock
2026-05-21,TCB,32.50,32.60,32.20,32.25,34.70,30.20,24328000,HSX,stock
2026-05-22,TCB,32.40,32.40,31.65,32.20,34.50,30.00,20463800,HSX,stock
2026-05-25,TCB,32.05,32.80,32.05,32.55,34.45,29.95,44106800,HSX,stock
2026-05-26,TCB,32.50,33.00,32.45,32.90,34.80,30.30,9640600,HSX,stock
2026-05-27,TCB,33.10,33.70,32.90,33.65,35.20,30.60,44791600,HSX,stock
2026-05-28,TCB,33.60,33.60,32.60,32.60,36.00,31.30,105574500,HSX,stock
2026-05-29,TCB,32.65,33.05,32.65,32.75,34.85,30.35,21070800,HSX,stock
2026-06-01,TCB,32.85,32.95,32.35,32.35,35.00,30.50,65472200,HSX,stock
2026-06-02,TCB,32.35,32.40,31.90,31.90,34.60,30.10,28511300,HSX,stock
2026-06-03,TCB,31.90,32.00,31.45,31.55,34.10,29.70,87338300,HSX,stock
2026-06-04,TCB,31.65,31.90,31.45,31.45,33.75,29.35,162305200,HSX,stock
2026-06-05,TCB,31.50,32.00,31.50,31.70,33.65,29.25,7272700,HSX,stock
2026-06-08,TCB,31.50,31.60,30.85,30.85,33.90,29.50,39567400,HSX,stock
2026-06-09,TCB,30.90,31.20,30.80,30.90,33.00,28.70,63689500,HSX,stock
2026-06-10,TCB,31.05,31.25,30.90,30.95,33.05,28.75,65227400,HSX,stock
2026-06-11,TCB,30.95,31.05,30.80,30.85,33.10,28.80,65307400,HSX,stock
2026-06-12,TCB,31.30,31.45,31.05,31.25,33.00,28.70,13924500,HSX,stock
2026-06-15,TCB,31.70,31.95,31.25,31.70,33.40,29.10,25835200,HSX,stock
2026-06-16,TCB,31.80,31.90,31.55,31.75,33.90,29.50,6952700,HSX,stock
2026-06-17,TCB,31.75,31.80,31.35,31.45,33.95,29.55,54214700,HSX,stock
2026-06-18,TCB,31.45,31.50,31.15,31.20,33.65,29.25,14253100,HSX,stock
2026-06-19,TCB,31.25,31.30,30.90,30.95,33.35,29.05,86074400,HSX,stock
2026-06-22,TCB,31.15,31.15,30.90,30.90,33.10,28.80,19717900,HSX,stock
2026-06-23,TCB,31.00,33.05,31.00,32.05,33.05,28.75,56480400,HSX,stock
2026-06-24,TCB,32.50,32.95,32.00,32.50,34.25,29.85,37512500,HSX,stock
2026-06-25,TCB,32.70,33.50,32.45,33.40,34.75,30.25,59446100,HSX,stock
2026-06-26,TCB,33.40,33.45,32.90,33.40,35.70,31.10,46235700,HSX,stock
2026-06-29,TCB,33.30,33.90,33.25,33.80,35.70,31.10,26181100,HSX,stock
2026-06-30,TCB,33.85,33.85,33.45,33.50,36.15,31.45,81280900,HSX,stock
2026-07-01,TCB,33.55,34.50,33.50,34.30,35.80,31.20,32935600,HSX,stock
2026-07-02,TCB,34.35,34.60,33.80,33.85,36.70,31.90,27171000,HSX,stock
2026-07-03,TCB,33.95,33.95,33.20,33.60,36.20,31.50,20714600,HSX,stock
2026-07-06,TCB,33.60,33.95,33.20,33.75,35.95,31.25,58511600,HSX,stock
2026-07-07,TCB,33.75,33.85,33.35,33.85,36.10,31.40,36361400,HSX,stock
2026-07-08,TCB,33.85,34.20,33.75,33.75,36.20,31.50,46517600,HSX,stock
2026-07-09,TCB,33.55,33.65,33.15,33.15,36.10,31.40,57986600,HSX,stock
2026-07-10,TCB,33.15,33.20,32.30,32.40,35.45,30.85,176440200,HSX,stock
2026-07-13,TCB,32.25,32.35,31.50,32.35,34.65,30.15,82089200,HSX,stock
2026-07-14,TCB,32.15,32.30,31.75,32.20,34.60,30.10,37180400,HSX,stock
2026-07-15,TCB,32.05,32.20,31.50,31.50,34.45,29.95,107305000,HSX,stock
2026-07-16,TCB,31.30,31.90,30.75,31.90,33.70,29.30,20456400,HSX,stock
2022-01-04,VCB,79.00,79.40,78.00,79.00,84.30,73.30,540300,HSX,stock
2022-01-05,VCB,79.00,80.40,78.00,78.00,84.50,73.50,911300,HSX,stock
2022-01-06,VCB,78.60,79.90,77.90,79.10,83.40,72.60,692400,HSX,stock
2022-01-07,VCB,79.60,79.90,78.20,79.80,84.60,73.60,490000,HSX,stock
2022-01-10,VCB,79.70,79.90,78.50,79.50,85.30,74.30,458900,HSX,stock
2022-01-11,VCB,80.00,80.00,78.50,79.40,85.00,74.00,579000,HSX,stock
2022-01-12,VCB,79.40,80.00,78.00,80.00,84.90,73.90,868500,HSX,stock
2022-01-13,VCB,80.50,84.40,80.20,81.90,85.60,74.40,1182300,HSX,stock
2022-01-14,VCB,81.90,83.40,81.00,83.40,87.60,76.20,716700,HSX,stock
2022-01-17,VCB,83.00,88.00,82.30,86.20,89.20,77.60,1357200,HSX,stock
2022-01-18,VCB,85.50,87.60,84.00,87.60,92.20,80.20,954600,HSX,stock
2022-01-19,VCB,87.50,87.50,85.00,86.80,93.70,81.50,565400,HSX,stock
2022-01-20,VCB,85.20,87.50,83.10,87.10,92.80,80.80,1490600,HSX,stock
2022-01-21,VCB,86.90,90.00,86.10,89.20,93.10,81.10,1377900,HSX,stock
2022-01-24,VCB,89.40,93.50,88.20,93.00,95.40,83.00,1448000,HSX,stock
2022-01-25,VCB,92.50,96.00,89.00,95.80,99.50,86.50,1225500,HSX,stock
2022-01-26,VCB,95.80,95.80,92.60,94.50,102.50,89.10,1425100,HSX,stock
2022-01-27,VCB,93.00,94.50,90.40,91.00,101.10,87.90,883600,HSX,stock
2022-01-28,VCB,91.00,92.00,89.00,89.00,97.30,84.70,1174800,HSX,stock
2022-02-07,VCB,90.60,92.90,89.50,92.40,95.20,82.80,728800,HSX,stock
2022-02-08,VCB,92.40,92.40,90.10,92.00,98.80,86.00,617300,HSX,stock
2022-02-09,VCB,91.20,91.90,90.30,90.80,98.40,85.60,901100,HSX,stock
2022-02-10,VCB,91.10,93.40,91.00,91.30,97.10,84.50,877400,HSX,stock
2022-02-11,VCB,91.30,91.60,90.00,90.00,97.60,85.00,628700,HSX,stock
2022-02-14,VCB,88.10,88.80,86.00,86.00,96.30,83.70,1790900,HSX,stock
2022-02-15,VCB,86.00,88.30,83.80,87.00,92.00,80.00,1123500,HSX,stock
2022-02-16,VCB,87.50,87.90,86.40,87.00,93.00,81.00,692500,HSX,stock
2022-02-17,VCB,87.00,87.70,86.80,87.50,93.00,81.00,733400,HSX,stock
2022-02-18,VCB,86.40,87.50,86.40,87.20,93.60,81.40,528000,HSX,stock
2022-02-21,VCB,86.60,87.60,86.60,87.40,93.30,81.10,508300,HSX,stock
2022-02-22,VCB,87.00,87.00,85.00,86.80,93.50,81.30,736700,HSX,stock
2022-02-23,VCB,87.00,87.00,85.80,86.90,92.80,80.80,508900,HSX,stock
2022-02-24,VCB,86.70,86.80,85.00,85.30,92.90,80.90,1061800,HSX,stock
2022-02-25,VCB,85.30,85.90,85.00,85.10,91.20,79.40,803600,HSX,stock
2022-02-28,VCB,85.10,85.10,84.40,84.50,91.00,79.20,655100,HSX,stock
2022-03-01,VCB,84.50,85.40,84.10,85.00,90.40,78.60,745200,HSX,stock
2022-03-02,VCB,85.60,85.60,84.20,85.00,90.90,79.10,845800,HSX,stock
2022-03-03,VCB,85.00,85.50,84.70,85.50,90.90,79.10,564700,HSX,stock
2022-03-04,VCB,85.20,85.50,84.80,84.90,91.40,79.60,597200,HSX,stock
2022-03-07,VCB,84.30,84.90,83.90,84.90,90.80,79.00,559300,HSX,stock
2022-03-08,VCB,83.80,84.50,81.50,81.50,90.80,79.00,1361200,HSX,stock
2022-03-09,VCB,81.80,83.10,81.70,83.00,87.20,75.80,676600,HSX,stock
2022-03-10,VCB,83.00,83.70,82.90,83.50,88.80,77.20,762900,HSX,stock
2022-03-11,VCB,83.70,83.90,83.00,83.80,89.30,77.70,484600,HSX,stock
2022-03-14,VCB,83.30,84.20,83.20,84.20,89.60,78.00,841500,HSX,stock
2022-03-15,VCB,84.00,84.10,81.00,81.10,90.00,78.40,1230500,HSX,stock
2022-03-16,VCB,81.30,83.20,81.30,82.50,86.70,75.50,595900,HSX,stock
2022-03-17,VCB,83.00,83.50,82.70,83.00,88.20,76.80,772600,HSX,stock
2022-03-18,VCB,83.10,85.20,82.90,84.20,88.80,77.20,847800,HSX,stock
2022-03-21,VCB,84.20,85.50,84.00,84.90,90.00,78.40,401700,HSX,stock
2022-03-22,VCB,84.90,85.50,84.90,84.90,90.80,79.00,389200,HSX,stock
2022-03-23,VCB,84.90,85.60,84.90,84.90,90.80,79.00,480200,HSX,stock
2022-03-24,VCB,84.90,84.90,83.50,83.50,90.80,79.00,342300,HSX,stock
2022-03-25,VCB,84.00,84.00,82.00,82.50,89.30,77.70,569500,HSX,stock
2022-03-28,VCB,83.00,83.00,82.00,82.40,88.20,76.80,376100,HSX,stock
2022-03-29,VCB,82.40,83.00,81.60,81.90,88.10,76.70,521200,HSX,stock
2022-03-30,VCB,81.80,83.50,81.50,82.00,87.60,76.20,518400,HSX,stock
2022-03-31,VCB,82.00,82.60,82.00,82.10,87.70,76.30,287500,HSX,stock
2022-04-01,VCB,82.10,83.60,81.10,82.80,87.80,76.40,472900,HSX,stock
2022-04-04,VCB,83.20,84.10,82.60,82.60,,,443700,HSX,stock
2022-04-05,VCB,82.80,83.20,82.60,83.00,88.30,76.90,271400,HSX,stock
2022-04-06,VCB,82.90,85.00,81.70,84.60,88.80,77.20,953700,HSX,stock
2022-04-07,VCB,84.90,85.20,83.00,83.00,90.50,78.70,505200,HSX,stock
2022-04-08,VCB,83.90,83.90,82.90,83.00,88.80,77.20,417300,HSX,stock
2022-04-12,VCB,83.00,83.20,81.60,82.40,88.80,77.20,501800,HSX,stock
2022-04-13,VCB,83.00,83.10,82.00,82.40,88.10,76.70,571500,HSX,stock
2022-04-14,VCB,82.40,82.90,81.00,81.00,88.10,76.70,628300,HSX,stock
2022-04-15,VCB,81.20,81.50,80.20,80.20,86.60,75.40,408300,HSX,stock
2022-04-18,VCB,80.00,80.20,77.60,77.70,85.80,74.60,782800,HSX,stock
2022-04-19,VCB,77.80,78.50,77.60,77.70,83.10,72.30,503000,HSX,stock
2022-04-20,VCB,78.00,78.90,77.70,78.40,83.10,72.30,466400,HSX,stock
2022-04-21,VCB,78.40,79.20,78.20,78.40,83.80,73.00,1449700,HSX,stock
2022-04-22,VCB,79.10,82.60,79.10,82.20,83.80,73.00,1509000,HSX,stock
2022-04-25,VCB,82.20,83.00,77.00,81.80,87.90,76.50,1421900,HSX,stock
2022-04-26,VCB,79.00,80.50,79.00,80.50,87.50,76.10,1068600,HSX,stock
2022-04-27,VCB,79.90,82.00,78.20,81.50,86.10,74.90,703700,HSX,stock
2022-04-28,VCB,81.50,81.60,79.50,81.50,87.20,75.80,351400,HSX,stock
2022-04-29,VCB,81.40,82.30,80.00,80.90,87.20,75.80,741900,HSX,stock
2022-05-04,VCB,80.90,81.00,79.00,79.90,86.50,75.30,514600,HSX,stock
2022-05-05,VCB,80.50,81.50,79.60,81.00,85.40,74.40,652800,HSX,stock
2022-05-06,VCB,79.70,81.20,79.40,79.40,86.60,75.40,469900,HSX,stock
2022-05-09,VCB,78.80,80.40,77.80,77.90,84.90,73.90,884100,HSX,stock
2022-05-10,VCB,77.10,80.00,77.10,80.00,83.30,72.50,500400,HSX,stock
2022-05-11,VCB,80.00,80.30,79.00,80.00,85.60,74.40,557100,HSX,stock
2022-05-12,VCB,79.00,79.90,77.00,77.00,85.60,74.40,549500,HSX,stock
2022-05-13,VCB,77.00,78.00,73.00,73.00,82.30,71.70,1110900,HSX,stock
2022-05-16,VCB,75.50,76.40,74.00,74.20,78.10,67.90,968600,HSX,stock
2022-05-17,VCB,74.20,77.00,73.10,76.00,79.30,69.10,1129800,HSX,stock
2022-05-18,VCB,77.00,77.00,75.00,75.40,81.30,70.70,566400,HSX,stock
2022-05-19,VCB,75.00,76.70,74.80,76.00,80.60,70.20,409300,HSX,stock
2022-05-20,VCB,75.10,76.50,75.00,75.30,81.30,70.70,362300,HSX,stock
2022-05-23,VCB,75.60,75.60,73.60,74.40,80.50,70.10,373300,HSX,stock
2022-05-24,VCB,74.90,75.70,74.30,75.60,79.60,69.20,448100,HSX,stock
2022-05-25,VCB,76.00,77.00,74.80,77.00,80.80,70.40,453400,HSX,stock
2022-05-26,VCB,77.00,77.10,76.00,76.70,82.30,71.70,489100,HSX,stock
2022-05-27,VCB,76.70,77.40,76.30,77.40,82.00,71.40,399100,HSX,stock
2022-05-30,VCB,77.40,81.00,76.40,78.00,82.80,72.00,714600,HSX,stock
2022-05-31,VCB,78.90,78.90,78.00,78.90,83.40,72.60,296900,HSX,stock
2022-06-01,VCB,79.00,80.50,79.00,80.50,84.40,73.40,426400,HSX,stock
2022-06-02,VCB,80.80,80.80,79.00,79.00,,,221100,HSX,stock
2022-06-03,VCB,78.40,79.50,76.40,77.50,84.50,73.50,293800,HSX,stock
2022-06-06,VCB,77.50,80.00,75.10,79.70,82.90,72.10,453400,HSX,stock
2022-06-07,VCB,79.00,82.00,78.10,81.00,85.20,74.20,418800,HSX,stock
2022-06-08,VCB,81.00,81.00,78.80,79.20,86.60,75.40,588700,HSX,stock
2022-06-09,VCB,79.00,79.90,77.70,77.80,84.70,73.70,486300,HSX,stock
2022-06-10,VCB,77.80,79.00,77.40,77.70,83.20,72.40,200300,HSX,stock
2022-06-13,VCB,77.00,77.00,74.10,76.40,83.10,72.30,537800,HSX,stock
2022-06-14,VCB,75.50,78.10,74.00,77.00,81.70,71.10,578000,HSX,stock
2022-06-15,VCB,77.40,78.30,75.30,76.50,82.30,71.70,814700,HSX,stock
2022-06-16,VCB,76.70,80.00,76.50,79.10,81.80,71.20,653400,HSX,stock
2022-06-17,VCB,77.00,78.30,76.10,76.10,84.60,73.60,678700,HSX,stock
2022-06-20,VCB,79.50,79.50,75.30,76.00,81.40,70.80,587200,HSX,stock
2022-06-21,VCB,76.00,77.70,75.20,77.70,81.30,70.70,591400,HSX,stock
2022-06-22,VCB,77.90,78.00,75.00,76.00,83.10,72.30,561600,HSX,stock
2022-06-23,VCB,75.10,76.70,74.90,75.90,81.30,70.70,402200,HSX,stock
2022-06-24,VCB,76.20,76.30,74.60,75.00,81.20,70.60,284600,HSX,stock
2022-06-27,VCB,75.50,76.00,74.80,74.90,80.20,69.80,484600,HSX,stock
2022-06-28,VCB,75.00,77.00,74.80,76.30,80.10,69.70,541500,HSX,stock
2022-06-29,VCB,75.80,75.90,75.30,75.50,81.60,71.00,525400,HSX,stock
2022-06-30,VCB,75.50,76.00,74.80,74.80,80.70,70.30,438400,HSX,stock
2022-07-01,VCB,74.50,75.00,72.90,74.00,80.00,69.60,725800,HSX,stock
2022-07-04,VCB,74.90,75.20,73.90,74.10,79.10,68.90,331500,HSX,stock
2022-07-05,VCB,74.90,74.90,73.60,74.00,79.20,69.00,465700,HSX,stock
2022-07-06,VCB,73.70,73.90,68.90,72.80,79.10,68.90,825000,HSX,stock
2022-07-07,VCB,72.70,75.50,71.70,75.50,77.80,67.80,666800,HSX,stock
2022-07-08,VCB,74.90,75.00,73.90,74.00,80.70,70.30,436300,HSX,stock
2022-07-11,VCB,73.30,73.50,72.00,72.00,79.10,68.90,347700,HSX,stock
2022-07-12,VCB,72.10,72.60,71.70,71.90,77.00,67.00,346400,HSX,stock
2022-07-13,VCB,71.80,73.40,71.40,71.80,76.90,66.90,696400,HSX,stock
2022-07-14,VCB,71.80,72.80,71.60,72.40,76.80,66.80,228500,HSX,stock
2022-07-15,VCB,72.10,73.50,72.10,72.30,77.40,67.40,326300,HSX,stock
2022-07-18,VCB,72.50,72.90,72.00,72.00,77.30,67.30,175800,HSX,stock
2022-07-19,VCB,72.00,72.10,71.10,71.30,77.00,67.00,400500,HSX,stock
2022-07-20,VCB,71.60,72.50,71.60,72.50,76.20,66.40,333700,HSX,stock
2022-07-21,VCB,72.50,72.90,72.10,72.50,77.50,67.50,511800,HSX,stock
2022-07-22,VCB,72.10,72.70,72.00,72.50,77.50,67.50,458800,HSX,stock
2022-07-25,VCB,72.40,73.20,72.00,72.90,77.50,67.50,527000,HSX,stock
2022-07-26,VCB,73.20,74.40,73.20,73.90,78.00,67.80,537300,HSX,stock
2022-07-27,VCB,74.00,75.00,73.70,75.00,79.00,68.80,580400,HSX,stock
2022-07-28,VCB,75.40,75.60,74.80,75.30,80.20,69.80,549900,HSX,stock
2022-07-29,VCB,75.40,75.50,74.70,74.70,80.50,70.10,579300,HSX,stock
2022-08-01,VCB,74.70,77.00,74.40,77.00,79.90,69.50,790600,HSX,stock
2022-08-02,VCB,77.00,79.20,76.00,78.90,82.30,71.70,814900,HSX,stock
2022-08-03,VCB,78.30,79.50,78.00,79.50,84.40,73.40,567200,HSX,stock
2022-08-04,VCB,79.50,82.50,79.40,82.50,85.00,74.00,1075400,HSX,stock
2022-08-05,VCB,82.00,82.40,81.10,82.00,88.20,76.80,929900,HSX,stock
2022-08-08,VCB,82.00,82.50,81.90,82.00,87.70,76.30,549600,HSX,stock
2022-08-09,VCB,82.00,82.00,79.90,80.80,87.70,76.30,665600,HSX,stock
2022-08-10,VCB,80.10,81.00,80.10,80.50,86.40,75.20,263600,HSX,stock
2022-08-11,VCB,81.30,82.00,80.60,81.50,86.10,74.90,605200,HSX,stock
2022-08-12,VCB,81.50,81.90,80.90,81.60,87.20,75.80,612400,HSX,stock
2022-08-15,VCB,82.00,82.30,81.70,81.80,87.30,75.90,531100,HSX,stock
2022-08-16,VCB,82.00,82.00,81.10,81.50,87.50,76.10,427200,HSX,stock
2022-08-17,VCB,81.20,81.70,81.20,81.50,87.20,75.80,473600,HSX,stock
2022-08-18,VCB,81.30,82.00,81.20,81.50,87.20,75.80,902500,HSX,stock
2022-08-19,VCB,80.60,82.00,80.60,80.90,87.20,75.80,719500,HSX,stock
2022-08-22,VCB,80.10,81.50,80.00,80.00,86.50,75.30,257700,HSX,stock
2022-08-23,VCB,80.00,81.30,79.90,80.20,85.60,74.40,393000,HSX,stock
2022-08-24,VCB,81.20,82.90,80.30,82.00,85.80,74.60,478900,HSX,stock
2022-08-25,VCB,82.20,82.20,81.30,82.00,87.70,76.30,276600,HSX,stock
2022-08-26,VCB,82.00,83.70,82.00,82.50,87.70,76.30,735800,HSX,stock
2022-08-29,VCB,81.40,82.50,80.90,82.50,88.20,76.80,516400,HSX,stock
2022-08-30,VCB,82.50,86.00,82.50,86.00,88.20,76.80,1187500,HSX,stock
2022-08-31,VCB,86.00,86.50,84.00,84.00,92.00,80.00,617500,HSX,stock
2022-09-05,VCB,84.00,84.30,82.50,82.60,89.80,78.20,746800,HSX,stock
2022-09-06,VCB,82.60,84.00,82.10,82.70,88.30,76.90,527600,HSX,stock
2022-09-07,VCB,82.00,82.50,79.80,80.00,88.40,77.00,1243800,HSX,stock
2022-09-08,VCB,80.90,80.90,78.00,78.00,85.60,74.40,681300,HSX,stock
2022-09-09,VCB,78.50,79.30,78.20,78.80,83.40,72.60,653400,HSX,stock
2022-09-12,VCB,79.60,79.70,78.80,79.10,84.30,73.30,348200,HSX,stock
2022-09-13,VCB,79.40,79.40,78.60,78.60,84.60,73.60,636200,HSX,stock
2022-09-14,VCB,77.20,79.50,77.00,78.30,84.10,73.10,608100,HSX,stock
2022-09-15,VCB,78.50,79.30,78.10,79.20,83.70,72.90,320200,HSX,stock
2022-09-16,VCB,79.30,80.00,78.50,80.00,84.70,73.70,1311500,HSX,stock
2022-09-19,VCB,79.00,80.20,78.00,78.80,85.60,74.40,560600,HSX,stock
2022-09-20,VCB,78.80,80.00,78.60,79.20,84.30,73.30,296800,HSX,stock
2022-09-21,VCB,79.30,79.60,77.90,78.90,84.70,73.70,238400,HSX,stock
2022-09-22,VCB,77.70,78.60,77.50,78.00,84.40,73.40,595200,HSX,stock
2022-09-23,VCB,77.20,77.70,75.80,75.90,83.40,72.60,448900,HSX,stock
2022-09-26,VCB,75.10,77.00,74.10,75.00,81.20,70.60,726000,HSX,stock
2022-09-27,VCB,76.00,76.00,74.20,74.30,80.20,69.80,385300,HSX,stock
2022-09-28,VCB,74.00,75.00,73.80,75.00,79.50,69.10,332500,HSX,stock
2022-09-29,VCB,76.00,76.00,74.00,74.00,80.20,69.80,327700,HSX,stock
2022-09-30,VCB,73.20,74.30,72.40,73.20,79.10,68.90,732200,HSX,stock
2022-10-03,VCB,73.50,73.80,70.30,70.60,78.30,68.10,416500,HSX,stock
2022-10-04,VCB,70.00,71.90,69.50,71.30,75.50,65.70,682200,HSX,stock
2022-10-05,VCB,71.40,72.00,71.10,71.50,76.20,66.40,472100,HSX,stock
2022-10-06,VCB,72.00,72.00,69.90,70.10,76.50,66.50,383200,HSX,stock
2022-10-07,VCB,69.60,69.60,65.30,66.70,75.00,65.20,1249800,HSX,stock
2022-10-10,VCB,66.50,67.70,64.10,65.10,71.30,62.10,727600,HSX,stock
2022-10-11,VCB,65.30,66.00,62.00,62.00,69.60,60.60,609600,HSX,stock
2022-10-12,VCB,63.00,65.30,62.20,64.00,66.30,57.70,893900,HSX,stock
2022-10-13,VCB,64.10,66.50,62.70,66.50,68.40,59.60,793900,HSX,stock
2022-10-14,VCB,68.50,68.50,67.30,68.10,71.10,61.90,859200,HSX,stock
2022-10-17,VCB,67.30,68.00,65.50,66.30,72.80,63.40,724000,HSX,stock
2022-10-18,VCB,68.00,68.00,67.30,67.70,70.90,61.70,519500,HSX,stock
2022-10-19,VCB,67.90,68.00,67.30,67.90,72.40,63.00,385100,HSX,stock
2022-10-20,VCB,67.90,70.00,67.10,69.20,72.60,63.20,908500,HSX,stock
2022-10-21,VCB,69.20,70.70,68.00,68.00,74.00,64.40,758300,HSX,stock
2022-10-24,VCB,69.50,69.50,65.80,68.00,72.70,63.30,434000,HSX,stock
2022-10-25,VCB,66.00,70.60,66.00,69.90,72.70,63.30,790500,HSX,stock
2022-10-26,VCB,70.60,70.60,68.50,70.00,74.70,65.10,284500,HSX,stock
2022-10-27,VCB,70.50,72.90,69.30,71.70,74.90,65.10,745600,HSX,stock
2022-10-28,VCB,72.50,74.50,71.60,71.60,76.70,66.70,799200,HSX,stock
2022-10-31,VCB,73.50,73.50,72.50,73.50,76.60,66.60,379400,HSX,stock
2022-11-01,VCB,74.00,75.00,73.30,75.00,78.60,68.40,539700,HSX,stock
2022-11-02,VCB,74.00,74.50,72.00,73.60,80.20,69.80,776400,HSX,stock
2022-11-03,VCB,72.00,73.40,72.00,73.00,78.70,68.50,483400,HSX,stock
2022-11-04,VCB,71.50,72.50,68.90,71.80,78.10,67.90,724700,HSX,stock
2022-11-07,VCB,71.80,73.00,71.10,71.80,76.80,66.80,667800,HSX,stock
2022-11-08,VCB,72.00,75.00,71.60,72.60,76.80,66.80,835400,HSX,stock
2022-11-09,VCB,73.50,74.20,72.60,74.00,77.60,67.60,781600,HSX,stock
2022-11-10,VCB,73.90,73.90,71.60,72.80,79.10,68.90,480600,HSX,stock
2022-11-11,VCB,73.00,75.50,73.00,75.50,77.80,67.80,689900,HSX,stock
2022-11-14,VCB,75.50,76.50,74.10,75.10,80.70,70.30,755200,HSX,stock
2022-11-15,VCB,74.40,76.40,72.10,75.00,80.30,69.90,823500,HSX,stock
2022-11-16,VCB,70.30,78.00,70.30,75.10,80.20,69.80,1256800,HSX,stock
2022-11-17,VCB,76.10,76.60,75.50,76.50,80.30,69.90,878900,HSX,stock
2022-11-18,VCB,75.90,76.90,73.60,76.50,81.80,71.20,841600,HSX,stock
2022-11-21,VCB,76.50,76.50,75.00,75.00,81.80,71.20,622400,HSX,stock
2022-11-22,VCB,74.50,76.00,72.50,73.50,80.20,69.80,1104400,HSX,stock
2022-11-23,VCB,73.00,73.50,72.40,73.50,78.60,68.40,496900,HSX,stock
2022-11-24,VCB,73.50,74.00,72.50,73.00,78.60,68.40,654400,HSX,stock
2022-11-25,VCB,73.10,73.60,72.80,73.10,78.10,67.90,854900,HSX,stock
2022-11-28,VCB,74.50,77.00,73.80,76.70,78.20,68.00,595500,HSX,stock
2022-11-29,VCB,76.00,79.80,76.00,79.80,82.00,71.40,966900,HSX,stock
2022-11-30,VCB,80.30,81.00,77.00,81.00,85.30,74.30,879400,HSX,stock
2022-12-01,VCB,80.90,81.40,79.20,80.00,86.60,75.40,713900,HSX,stock
2022-12-02,VCB,79.90,85.00,79.30,85.00,85.60,74.40,705200,HSX,stock
2022-12-05,VCB,84.10,87.00,82.50,85.00,90.90,79.10,836200,HSX,stock
2022-12-06,VCB,85.00,85.20,80.00,80.00,90.90,79.10,873800,HSX,stock
2022-12-07,VCB,80.00,82.00,78.00,78.50,85.60,74.40,785300,HSX,stock
2022-12-08,VCB,79.00,81.00,77.00,77.00,83.90,73.10,1191900,HSX,stock
2022-12-09,VCB,78.40,79.20,77.10,77.30,82.30,71.70,957600,HSX,stock
2022-12-12,VCB,78.80,80.50,77.40,77.40,82.70,71.90,1243500,HSX,stock
2022-12-13,VCB,78.10,79.30,77.90,78.20,82.80,72.00,1437600,HSX,stock
2022-12-14,VCB,79.70,79.70,78.50,78.80,83.60,72.80,733600,HSX,stock
2022-12-15,VCB,78.80,80.70,78.60,79.50,84.30,73.30,648200,HSX,stock
2022-12-16,VCB,79.50,82.90,78.90,79.70,85.00,74.00,2554900,HSX,stock
2022-12-19,VCB,80.00,81.00,79.00,79.20,85.20,74.20,442000,HSX,stock
2022-12-20,VCB,79.70,82.00,79.00,79.00,84.70,73.70,791900,HSX,stock
2022-12-21,VCB,81.40,81.40,78.70,78.70,84.50,73.50,691500,HSX,stock
2022-12-22,VCB,79.50,81.10,79.30,79.30,84.20,73.20,782500,HSX,stock
2022-12-23,VCB,80.20,81.20,79.10,79.10,84.80,73.80,683200,HSX,stock
2022-12-26,VCB,79.20,80.80,78.90,78.90,84.60,73.60,787500,HSX,stock
2022-12-27,VCB,80.20,80.50,78.90,79.10,84.40,73.40,635200,HSX,stock
2022-12-28,VCB,80.40,82.00,79.50,80.00,84.60,73.60,602000,HSX,stock
2022-12-29,VCB,82.30,82.50,80.50,80.70,85.60,74.40,828400,HSX,stock
2022-12-30,VCB,82.90,83.10,80.00,80.00,86.30,75.10,1093200,HSX,stock
2023-01-03,VCB,80.20,82.60,80.20,82.60,85.60,74.40,666900,HSX,stock
2023-01-04,VCB,82.90,82.90,81.80,82.80,88.30,76.90,476700,HSX,stock
2023-01-05,VCB,82.80,84.00,82.50,84.00,88.50,77.10,661600,HSX,stock
2023-01-06,VCB,84.00,84.80,83.90,84.00,89.80,78.20,644100,HSX,stock
2023-01-09,VCB,85.80,86.90,84.80,86.90,89.80,78.20,875200,HSX,stock
2023-01-10,VCB,86.20,89.90,86.20,87.30,92.90,80.90,1178800,HSX,stock
2023-01-11,VCB,87.30,87.30,85.10,85.10,93.40,81.20,574800,HSX,stock
2023-01-12,VCB,85.20,85.20,83.80,84.80,91.00,79.20,996900,HSX,stock
2023-01-13,VCB,85.20,86.50,85.20,85.80,90.70,78.90,480300,HSX,stock
2023-01-16,VCB,86.00,88.50,86.00,87.30,91.80,79.80,394400,HSX,stock
2023-01-17,VCB,88.50,89.40,87.30,89.40,93.40,81.20,421100,HSX,stock
2023-01-18,VCB,90.00,91.00,89.40,90.00,95.60,83.20,523300,HSX,stock
2023-01-19,VCB,89.50,96.00,87.50,93.00,96.30,83.70,986300,HSX,stock
2023-01-27,VCB,93.00,94.60,91.50,93.00,99.50,86.50,908700,HSX,stock
2023-01-30,VCB,92.10,92.50,89.80,89.90,99.50,86.50,567400,HSX,stock
2023-01-31,VCB,89.90,91.90,87.80,91.90,96.10,83.70,816400,HSX,stock
2023-02-01,VCB,92.00,92.50,89.10,89.10,98.30,85.50,735500,HSX,stock
2023-02-02,VCB,88.60,92.00,88.60,90.60,95.30,82.90,434400,HSX,stock
2023-02-03,VCB,90.30,93.00,89.10,93.00,96.90,84.30,495700,HSX,stock
2023-02-06,VCB,92.60,96.30,91.50,96.00,99.50,86.50,628600,HSX,stock
2023-02-07,VCB,95.30,95.50,92.00,92.00,102.70,89.30,670000,HSX,stock
2023-02-08,VCB,92.10,96.20,92.10,94.20,98.40,85.60,534700,HSX,stock
2023-02-09,VCB,93.80,95.00,93.00,93.00,100.70,87.70,493400,HSX,stock
2023-02-10,VCB,94.50,94.50,92.80,94.50,99.50,86.50,355300,HSX,stock
2023-02-13,VCB,94.80,95.40,92.00,93.50,101.10,87.90,435400,HSX,stock
2023-02-14,VCB,93.50,93.50,91.20,92.50,100.00,87.00,662900,HSX,stock
2023-02-15,VCB,92.50,94.20,91.20,93.00,98.90,86.10,516100,HSX,stock
2023-02-16,VCB,93.00,94.00,92.20,92.40,99.50,86.50,437600,HSX,stock
2023-02-17,VCB,93.00,93.30,92.00,93.00,98.80,86.00,563800,HSX,stock
2023-02-20,VCB,93.00,94.50,93.00,93.80,99.50,86.50,530200,HSX,stock
2023-02-21,VCB,94.20,94.90,94.00,94.20,100.30,87.30,336500,HSX,stock
2023-02-22,VCB,94.20,94.30,92.50,93.00,100.70,87.70,688100,HSX,stock
2023-02-23,VCB,93.00,94.00,91.20,93.30,99.50,86.50,583900,HSX,stock
2023-02-24,VCB,93.00,94.00,90.00,93.50,99.80,86.80,358900,HSX,stock
2023-02-27,VCB,93.00,93.50,91.70,92.80,100.00,87.00,272500,HSX,stock
2023-02-28,VCB,93.10,93.70,92.60,93.50,99.20,86.40,428800,HSX,stock
2023-03-01,VCB,92.30,93.40,92.20,93.00,100.00,87.00,449400,HSX,stock
2023-03-02,VCB,93.00,93.80,91.80,93.20,99.50,86.50,592100,HSX,stock
2023-03-03,VCB,91.80,92.80,90.90,90.90,99.70,86.70,512800,HSX,stock
2023-03-06,VCB,91.00,92.20,91.00,91.00,97.20,84.60,475100,HSX,stock
2023-03-07,VCB,91.50,92.50,91.10,91.90,97.30,84.70,562600,HSX,stock
2023-03-08,VCB,91.00,92.20,90.70,92.20,98.30,85.50,492800,HSX,stock
2023-03-09,VCB,92.00,93.40,91.70,93.00,98.60,85.80,677600,HSX,stock
2023-03-10,VCB,92.20,92.50,91.50,92.10,99.50,86.50,481000,HSX,stock
2023-03-13,VCB,92.00,92.00,90.80,91.50,98.50,85.70,384600,HSX,stock
2023-03-14,VCB,91.00,91.20,90.50,91.00,97.90,85.10,404300,HSX,stock
2023-03-15,VCB,91.60,92.00,91.10,91.40,97.30,84.70,457000,HSX,stock
2023-03-16,VCB,91.00,92.00,89.50,91.00,97.70,85.10,497300,HSX,stock
2023-03-17,VCB,91.00,91.10,89.00,89.00,97.30,84.70,1471800,HSX,stock
2023-03-20,VCB,89.00,89.50,85.10,85.10,95.20,82.80,558200,HSX,stock
2023-03-21,VCB,85.40,89.90,85.40,86.50,91.00,79.20,564900,HSX,stock
2023-03-22,VCB,86.60,89.90,86.60,89.00,92.50,80.50,596900,HSX,stock
2023-03-23,VCB,88.80,90.70,87.30,90.70,95.20,82.80,434400,HSX,stock
2023-03-24,VCB,91.00,91.00,88.90,89.00,97.00,84.40,420200,HSX,stock
2023-03-27,VCB,89.00,91.00,88.00,91.00,95.20,82.80,454900,HSX,stock
2023-03-28,VCB,90.80,92.90,90.10,91.80,97.30,84.70,414600,HSX,stock
2023-03-29,VCB,92.50,92.50,90.50,92.30,98.20,85.40,270900,HSX,stock
2023-03-30,VCB,92.30,93.20,92.00,92.70,98.70,85.90,168100,HSX,stock
2023-03-31,VCB,92.80,93.20,90.50,91.40,99.10,86.30,584600,HSX,stock
2023-04-03,VCB,91.70,92.90,91.20,92.80,97.70,85.10,387300,HSX,stock
2023-04-04,VCB,92.80,92.90,91.60,92.00,99.20,86.40,165700,HSX,stock
2023-04-05,VCB,92.30,92.30,91.10,92.10,98.40,85.60,220300,HSX,stock
2023-04-06,VCB,91.50,92.10,91.20,91.20,98.50,85.70,194800,HSX,stock
2023-04-07,VCB,91.00,91.10,89.50,90.00,97.50,84.90,336200,HSX,stock
2023-04-10,VCB,90.00,90.00,89.00,89.00,96.30,83.70,250400,HSX,stock
2023-04-11,VCB,89.00,90.00,88.20,88.20,95.20,82.80,515100,HSX,stock
2023-04-12,VCB,88.30,88.60,88.00,88.30,94.30,82.10,307800,HSX,stock
2023-04-13,VCB,88.30,88.50,87.80,88.20,94.40,82.20,272300,HSX,stock
2023-04-14,VCB,88.30,89.10,88.20,88.40,94.30,82.10,224300,HSX,stock
2023-04-17,VCB,88.40,88.50,87.80,88.40,94.50,82.30,290900,HSX,stock
2023-04-18,VCB,88.30,88.60,87.50,88.00,94.50,82.30,405800,HSX,stock
2023-04-19,VCB,88.10,88.70,88.00,88.50,94.10,81.90,248100,HSX,stock
2023-04-20,VCB,88.80,88.80,88.00,88.30,94.60,82.40,160400,HSX,stock
2023-04-21,VCB,88.00,88.10,87.40,87.50,94.40,82.20,195400,HSX,stock
2023-04-24,VCB,88.00,88.50,87.00,87.90,93.60,81.40,220900,HSX,stock
2023-04-25,VCB,88.20,88.50,87.50,88.30,94.00,81.80,369200,HSX,stock
2023-04-26,VCB,88.00,89.50,87.90,89.40,94.40,82.20,385200,HSX,stock
2023-04-27,VCB,88.70,90.50,88.40,90.00,95.60,83.20,307000,HSX,stock
2023-04-28,VCB,90.00,90.50,88.80,90.50,96.30,83.70,406200,HSX,stock
2023-05-04,VCB,90.00,90.00,88.50,88.50,96.80,84.20,299700,HSX,stock
2023-05-05,VCB,88.50,89.90,88.20,89.80,94.60,82.40,127900,HSX,stock
2023-05-08,VCB,90.00,93.20,89.80,93.00,96.00,83.60,762500,HSX,stock
2023-05-09,VCB,93.00,93.90,92.30,92.30,99.50,86.50,264000,HSX,stock
2023-05-10,VCB,91.90,93.00,91.60,92.00,98.70,85.90,209300,HSX,stock
2023-05-11,VCB,92.00,92.10,91.00,91.00,98.40,85.60,262900,HSX,stock
2023-05-12,VCB,91.00,92.80,90.80,92.80,97.30,84.70,472700,HSX,stock
2023-05-15,VCB,92.00,93.00,91.20,91.70,99.20,86.40,238500,HSX,stock
2023-05-16,VCB,92.00,93.10,91.30,92.60,98.10,85.30,311900,HSX,stock
2023-05-17,VCB,92.50,93.00,92.30,92.80,99.00,86.20,347600,HSX,stock
2023-05-18,VCB,92.90,96.00,92.20,95.00,99.20,86.40,879800,HSX,stock
2023-05-19,VCB,94.50,94.90,92.60,94.20,101.60,88.40,196600,HSX,stock
2023-05-22,VCB,93.00,93.90,92.20,93.10,100.70,87.70,372700,HSX,stock
2023-05-23,VCB,93.00,93.60,92.10,92.80,99.60,86.60,353300,HSX,stock
2023-05-24,VCB,92.80,92.80,91.90,92.60,99.20,86.40,196800,HSX,stock
2023-05-25,VCB,92.60,94.00,91.40,93.20,99.00,86.20,363200,HSX,stock
2023-05-26,VCB,93.20,93.50,92.00,92.00,99.70,86.70,199700,HSX,stock
2023-05-29,VCB,92.00,95.00,92.00,93.10,98.40,85.60,335400,HSX,stock
2023-05-30,VCB,93.10,94.80,92.40,94.50,99.60,86.60,329500,HSX,stock
2023-05-31,VCB,93.90,94.10,93.10,94.00,101.10,87.90,232500,HSX,stock
2023-06-01,VCB,94.60,94.60,93.20,93.90,100.50,87.50,284800,HSX,stock
2023-06-02,VCB,93.90,95.00,93.30,94.90,100.40,87.40,395800,HSX,stock
2023-06-05,VCB,95.20,98.70,95.20,98.00,101.50,88.30,612800,HSX,stock
2023-06-06,VCB,98.00,99.00,96.50,99.00,104.80,91.20,380300,HSX,stock
2023-06-07,VCB,99.00,99.00,97.00,97.00,105.90,92.10,401200,HSX,stock
2023-06-08,VCB,97.00,101.70,97.00,100.00,103.70,90.30,681100,HSX,stock
2023-06-09,VCB,100.00,102.00,99.00,100.50,107.00,93.00,404200,HSX,stock
2023-06-12,VCB,99.90,101.50,98.10,101.00,107.50,93.50,215200,HSX,stock
2023-06-13,VCB,100.00,103.00,99.70,102.50,108.00,94.00,526700,HSX,stock
2023-06-14,VCB,102.40,104.00,101.50,102.60,109.60,95.40,378500,HSX,stock
2023-06-15,VCB,102.50,103.70,101.60,103.50,109.70,95.50,456500,HSX,stock
2023-06-16,VCB,104.20,106.40,103.20,105.00,110.70,96.30,924400,HSX,stock
2023-06-19,VCB,103.60,104.10,101.70,101.70,112.30,97.70,622600,HSX,stock
2023-06-20,VCB,101.10,101.10,99.80,99.90,108.80,94.60,883200,HSX,stock
2023-06-21,VCB,99.70,100.50,99.70,100.00,106.80,93.00,505400,HSX,stock
2023-06-22,VCB,102.00,102.00,99.90,100.40,107.00,93.00,407100,HSX,stock
2023-06-23,VCB,100.40,100.40,99.50,99.90,107.40,93.40,336400,HSX,stock
2023-06-26,VCB,99.10,100.90,99.10,100.00,106.80,93.00,435900,HSX,stock
2023-06-27,VCB,100.00,101.00,99.70,100.00,107.00,93.00,396300,HSX,stock
2023-06-28,VCB,100.00,102.20,99.80,101.10,107.00,93.00,444000,HSX,stock
2023-06-29,VCB,101.80,103.00,101.10,101.90,108.10,94.10,363700,HSX,stock
2023-06-30,VCB,101.10,101.80,100.00,100.00,109.00,94.80,330700,HSX,stock
2023-07-03,VCB,100.00,100.80,99.80,100.00,107.00,93.00,242000,HSX,stock
2023-07-04,VCB,100.70,101.90,99.90,100.00,107.00,93.00,363300,HSX,stock
2023-07-05,VCB,101.00,102.50,100.30,102.00,107.00,93.00,598500,HSX,stock
2023-07-06,VCB,102.10,102.20,100.50,100.70,109.10,94.90,561400,HSX,stock
2023-07-07,VCB,100.50,105.00,100.40,105.00,107.70,93.70,522700,HSX,stock
2023-07-10,VCB,104.90,104.90,102.30,102.70,112.30,97.70,505300,HSX,stock
2023-07-11,VCB,101.80,105.00,101.80,103.00,109.80,95.60,546600,HSX,stock
2023-07-12,VCB,102.70,104.50,102.70,104.00,110.20,95.80,268000,HSX,stock
2023-07-13,VCB,105.00,105.00,103.70,104.90,111.20,96.80,408300,HSX,stock
2023-07-14,VCB,104.90,105.00,104.00,105.00,112.20,97.60,193900,HSX,stock
2023-07-17,VCB,105.00,105.00,104.20,104.80,112.30,97.70,508000,HSX,stock
2023-07-18,VCB,104.90,105.00,104.30,104.30,112.10,97.50,185800,HSX,stock
2023-07-19,VCB,104.60,107.10,104.60,106.50,111.60,97.00,225800,HSX,stock
2023-07-20,VCB,105.50,106.40,103.60,105.00,113.90,99.10,243400,HSX,stock
2023-07-21,VCB,105.00,105.00,104.00,105.00,112.30,97.70,273100,HSX,stock
2023-07-24,VCB,105.10,105.40,104.50,104.60,112.30,97.70,458500,HSX,stock
2023-07-25,VCB,90.40,92.50,90.30,91.70,94.80,82.40,1304700,HSX,stock
2023-07-26,VCB,91.90,93.40,91.90,93.40,98.10,85.30,473400,HSX,stock
2023-07-27,VCB,93.70,93.70,92.50,92.70,99.90,86.90,470700,HSX,stock
2023-07-28,VCB,92.70,93.00,91.80,93.00,99.10,86.30,353800,HSX,stock
2023-07-31,VCB,93.00,93.20,91.60,91.60,99.50,86.50,681700,HSX,stock
2023-08-01,VCB,91.60,92.80,91.20,91.20,98.00,85.20,628300,HSX,stock
2023-08-02,VCB,91.20,91.50,91.00,91.50,97.50,84.90,504300,HSX,stock
2023-08-03,VCB,91.50,91.50,90.50,90.60,97.90,85.10,334100,HSX,stock
2023-08-04,VCB,90.70,91.10,90.10,90.10,96.90,84.30,821000,HSX,stock
2023-08-07,VCB,90.10,90.80,90.00,90.80,96.40,83.80,607900,HSX,stock
2023-08-08,VCB,90.80,91.20,90.10,90.70,97.10,84.50,406800,HSX,stock
2023-08-09,VCB,90.70,90.90,90.10,90.20,97.00,84.40,279400,HSX,stock
2023-08-10,VCB,90.50,90.50,88.50,88.50,96.50,83.90,360400,HSX,stock
2023-08-11,VCB,88.50,90.40,88.50,90.40,94.60,82.40,462800,HSX,stock
2023-08-14,VCB,90.30,90.30,89.00,89.00,96.70,84.10,789500,HSX,stock
2023-08-15,VCB,90.00,90.00,88.50,88.90,95.20,82.80,512200,HSX,stock
2023-08-16,VCB,88.80,89.40,88.70,89.20,95.10,82.70,342800,HSX,stock
2023-08-17,VCB,89.20,89.80,88.60,89.40,95.40,83.00,1056000,HSX,stock
2023-08-18,VCB,89.80,90.30,89.00,89.50,95.60,83.20,593700,HSX,stock
2023-08-21,VCB,89.70,90.20,89.20,89.80,95.70,83.30,769900,HSX,stock
2023-08-22,VCB,89.50,89.70,87.80,88.40,96.00,83.60,514400,HSX,stock
2023-08-23,VCB,88.90,88.90,86.10,86.30,94.50,82.30,580200,HSX,stock
2023-08-24,VCB,86.30,88.20,86.00,87.00,92.30,80.30,335800,HSX,stock
2023-08-25,VCB,86.20,87.00,86.00,86.20,93.00,81.00,334000,HSX,stock
2023-08-28,VCB,86.40,87.50,86.20,87.00,92.20,80.20,729800,HSX,stock
2023-08-29,VCB,87.00,88.50,86.90,88.40,93.00,81.00,701800,HSX,stock
2023-08-30,VCB,88.50,89.50,88.50,89.10,94.50,82.30,640900,HSX,stock
2023-08-31,VCB,89.10,89.60,88.30,89.10,95.30,82.90,965500,HSX,stock
2023-09-05,VCB,89.10,90.70,89.10,90.10,95.30,82.90,630100,HSX,stock
2023-09-06,VCB,90.20,90.20,89.70,90.20,96.40,83.80,517500,HSX,stock
2023-09-07,VCB,90.00,90.80,89.50,89.50,96.50,83.90,506300,HSX,stock
2023-09-08,VCB,89.50,89.50,89.10,89.50,95.70,83.30,639700,HSX,stock
2023-09-11,VCB,89.60,90.00,88.00,88.50,95.70,83.30,813600,HSX,stock
2023-09-12,VCB,89.00,90.00,88.90,89.90,94.60,82.40,886200,HSX,stock
2023-09-13,VCB,90.00,90.00,88.90,89.10,96.10,83.70,491500,HSX,stock
2023-09-14,VCB,89.00,89.50,88.10,89.10,95.30,82.90,437600,HSX,stock
2023-09-15,VCB,88.90,89.80,88.60,89.80,95.30,82.90,1818200,HSX,stock
2023-09-18,VCB,89.50,89.70,88.30,88.80,96.00,83.60,324500,HSX,stock
2023-09-19,VCB,88.80,89.20,86.00,88.10,95.00,82.60,428400,HSX,stock
2023-09-20,VCB,88.10,88.40,86.40,88.00,94.20,82.00,348800,HSX,stock
2023-09-21,VCB,88.00,88.00,86.80,87.00,94.10,81.90,486000,HSX,stock
2023-09-22,VCB,86.40,89.50,86.00,89.30,93.00,81.00,917600,HSX,stock
2023-09-25,VCB,89.00,89.50,88.30,89.30,95.50,83.10,598100,HSX,stock
2023-09-26,VCB,89.20,89.40,86.90,87.00,95.50,83.10,564400,HSX,stock
2023-09-27,VCB,87.60,89.00,87.00,87.80,93.00,81.00,458700,HSX,stock
2023-09-28,VCB,87.20,88.30,86.60,88.00,93.90,81.70,466900,HSX,stock
2023-09-29,VCB,88.30,88.30,87.10,87.50,94.10,81.90,256500,HSX,stock
2023-10-02,VCB,87.10,87.20,86.50,86.50,93.60,81.40,238600,HSX,stock
2023-10-03,VCB,86.50,86.70,85.80,86.30,92.50,80.50,331700,HSX,stock
2023-10-04,VCB,86.30,86.30,85.30,86.30,92.30,80.30,306600,HSX,stock
2023-10-05,VCB,86.00,86.00,84.50,84.50,92.30,80.30,294400,HSX,stock
2023-10-06,VCB,84.50,85.40,83.50,85.40,90.40,78.60,283100,HSX,stock
2023-10-09,VCB,85.40,85.40,84.00,84.60,91.30,79.50,443000,HSX,stock
2023-10-10,VCB,84.60,86.20,84.60,86.10,90.50,78.70,382300,HSX,stock
2023-10-11,VCB,86.20,86.50,85.70,86.50,92.10,80.10,318100,HSX,stock
2023-10-12,VCB,86.90,86.90,85.50,86.00,92.50,80.50,362500,HSX,stock
2023-10-13,VCB,86.00,86.60,85.50,86.60,92.00,80.00,326400,HSX,stock
2023-10-16,VCB,85.60,86.60,85.60,86.10,92.60,80.60,176500,HSX,stock
2023-10-17,VCB,86.10,86.50,85.50,85.90,92.10,80.10,173900,HSX,stock
2023-10-18,VCB,85.50,86.00,85.00,85.90,91.90,79.90,493600,HSX,stock
2023-10-19,VCB,85.50,86.00,84.10,84.50,91.90,79.90,572500,HSX,stock
2023-10-20,VCB,83.50,85.30,82.70,84.80,90.40,78.60,468200,HSX,stock
2023-10-23,VCB,84.50,84.50,82.50,84.50,90.70,78.90,467800,HSX,stock
2023-10-24,VCB,84.50,86.50,83.90,86.00,90.40,78.60,524800,HSX,stock
2023-10-25,VCB,85.10,85.80,84.60,85.80,92.00,80.00,372200,HSX,stock
2023-10-26,VCB,85.00,86.00,83.50,84.50,91.80,79.80,782800,HSX,stock
2023-10-27,VCB,84.60,85.00,83.80,85.00,,,301500,HSX,stock
2023-10-30,VCB,83.50,86.00,83.50,85.90,90.90,79.10,319400,HSX,stock
2023-10-31,VCB,85.90,86.90,84.90,86.80,91.90,79.90,706500,HSX,stock
2023-11-01,VCB,86.80,87.80,86.10,87.80,92.80,80.80,850500,HSX,stock
2023-11-02,VCB,88.00,89.00,86.60,89.00,93.90,81.70,500400,HSX,stock
2023-11-03,VCB,89.00,89.40,88.10,88.90,95.20,82.80,660600,HSX,stock
2023-11-06,VCB,88.90,89.80,88.50,89.50,95.10,82.70,353900,HSX,stock
2023-11-07,VCB,89.00,89.30,88.30,88.30,95.70,83.30,261400,HSX,stock
2023-11-08,VCB,88.00,89.70,87.90,89.50,94.40,82.20,703000,HSX,stock
2023-11-09,VCB,89.50,89.50,87.90,87.90,95.70,83.30,690600,HSX,stock
2023-11-10,VCB,87.10,87.50,86.00,86.00,94.00,81.80,758300,HSX,stock
2023-11-13,VCB,86.00,86.10,85.40,85.50,92.00,80.00,523100,HSX,stock
2023-11-14,VCB,86.00,86.50,85.40,86.00,91.40,79.60,551000,HSX,stock
2023-11-15,VCB,86.50,87.70,86.50,87.70,92.00,80.00,1687500,HSX,stock
2023-11-16,VCB,87.00,88.00,86.70,88.00,93.80,81.60,803500,HSX,stock
2023-11-17,VCB,87.80,87.90,85.50,85.60,94.10,81.90,869900,HSX,stock
2023-11-20,VCB,85.60,87.00,85.00,86.10,91.50,79.70,495000,HSX,stock
2023-11-21,VCB,86.10,86.70,85.80,86.60,92.10,80.10,623400,HSX,stock
2023-11-22,VCB,86.30,86.70,85.50,86.70,92.60,80.60,583400,HSX,stock
2023-11-23,VCB,86.70,86.80,85.50,85.50,92.70,80.70,375700,HSX,stock
2023-11-24,VCB,85.50,86.00,85.00,86.00,91.40,79.60,440000,HSX,stock
2023-11-27,VCB,86.00,86.00,85.10,85.80,92.00,80.00,262100,HSX,stock
2023-11-28,VCB,85.50,85.90,84.80,85.80,91.80,79.80,427000,HSX,stock
2023-11-29,VCB,85.40,85.90,85.10,85.10,91.80,79.80,430500,HSX,stock
2023-11-30,VCB,85.10,85.40,84.70,84.70,91.00,79.20,514800,HSX,stock
2023-12-01,VCB,84.90,85.00,84.10,85.00,90.60,78.80,364700,HSX,stock
2023-12-04,VCB,85.40,86.20,84.80,86.00,90.90,79.10,513900,HSX,stock
2023-12-05,VCB,86.00,86.10,84.80,85.40,92.00,80.00,534500,HSX,stock
2023-12-06,VCB,85.30,86.00,85.00,85.90,91.30,79.50,407000,HSX,stock
2023-12-07,VCB,85.70,86.00,85.00,85.20,91.90,79.90,544200,HSX,stock
2023-12-08,VCB,85.20,85.50,85.00,85.00,91.10,79.30,603800,HSX,stock
2023-12-11,VCB,85.00,85.30,84.10,84.20,90.90,79.10,686300,HSX,stock
2023-12-12,VCB,84.70,84.70,84.00,84.20,90.00,78.40,527400,HSX,stock
2023-12-13,VCB,84.20,84.50,83.70,83.70,90.00,78.40,673400,HSX,stock
2023-12-14,VCB,84.00,84.50,84.00,84.40,89.50,77.90,557600,HSX,stock
2023-12-15,VCB,84.00,84.40,82.20,82.20,90.30,78.50,2119100,HSX,stock
2023-12-18,VCB,82.80,82.90,81.50,81.50,87.90,76.50,805300,HSX,stock
2023-12-19,VCB,81.50,81.50,80.10,81.20,87.20,75.80,1001500,HSX,stock
2023-12-20,VCB,81.20,81.30,80.50,81.10,86.80,75.60,1015600,HSX,stock
2023-12-21,VCB,81.00,81.00,80.30,80.90,86.70,75.50,1236700,HSX,stock
2023-12-22,VCB,80.90,81.10,80.40,80.90,86.50,75.30,950300,HSX,stock
2023-12-25,VCB,80.90,81.80,80.70,81.80,86.50,75.30,669200,HSX,stock
2023-12-26,VCB,82.00,82.80,82.00,82.80,87.50,76.10,525900,HSX,stock
2023-12-27,VCB,82.90,83.20,82.50,82.70,88.50,77.10,505900,HSX,stock
2023-12-28,VCB,82.70,83.10,82.40,82.80,88.40,77.00,377700,HSX,stock
2023-12-29,VCB,83.50,83.90,80.30,80.30,88.50,77.10,1443500,HSX,stock
2024-01-02,VCB,82.90,83.60,82.20,83.50,85.90,74.70,894300,HSX,stock
2024-01-03,VCB,83.50,84.50,82.80,84.50,89.30,77.70,768900,HSX,stock
2024-01-04,VCB,84.50,86.20,84.00,85.90,90.40,78.60,1327400,HSX,stock
2024-01-05,VCB,85.90,86.20,85.70,86.20,91.90,79.90,809100,HSX,stock
2024-01-08,VCB,86.30,86.80,86.30,86.80,92.20,80.20,952800,HSX,stock
2024-01-09,VCB,86.80,87.90,86.80,87.80,92.80,80.80,925500,HSX,stock
2024-01-10,VCB,87.80,89.50,87.20,89.50,93.90,81.70,763900,HSX,stock
2024-01-11,VCB,89.50,90.00,88.60,89.30,95.70,83.30,819300,HSX,stock
2024-01-12,VCB,88.10,89.50,87.40,88.70,95.50,83.10,1109300,HSX,stock
2024-01-15,VCB,89.00,90.10,88.90,90.00,94.90,82.50,1064500,HSX,stock
2024-01-16,VCB,89.00,90.10,88.90,90.00,96.30,83.70,791000,HSX,stock
2024-01-17,VCB,89.00,91.00,89.00,90.90,96.30,83.70,1056300,HSX,stock
2024-01-18,VCB,90.90,91.20,90.00,91.10,97.20,84.60,887800,HSX,stock
2024-01-19,VCB,91.00,93.00,90.40,92.60,97.40,84.80,896100,HSX,stock
2024-01-22,VCB,93.50,93.50,92.00,92.00,99.00,86.20,651600,HSX,stock
2024-01-23,VCB,92.10,92.40,90.40,91.50,98.40,85.60,790000,HSX,stock
2024-01-24,VCB,91.60,92.00,90.90,91.10,97.90,85.10,429900,HSX,stock
2024-01-25,VCB,91.10,91.60,90.70,91.00,97.40,84.80,321000,HSX,stock
2024-01-26,VCB,91.60,92.00,91.40,92.00,97.30,84.70,545000,HSX,stock
2024-01-29,VCB,91.80,92.00,90.90,91.20,98.40,85.60,386500,HSX,stock
2024-01-30,VCB,91.20,91.20,90.10,91.00,97.50,84.90,584100,HSX,stock
2024-01-31,VCB,90.60,90.60,88.50,88.50,97.30,84.70,537800,HSX,stock
2024-02-01,VCB,88.00,90.20,88.00,89.80,94.60,82.40,375400,HSX,stock
2024-02-02,VCB,89.10,90.50,89.10,90.30,96.00,83.60,472300,HSX,stock
2024-02-05,VCB,90.20,90.60,89.40,90.00,96.60,84.00,1169900,HSX,stock
2024-02-06,VCB,90.30,90.60,89.10,89.50,96.30,83.70,744500,HSX,stock
2024-02-07,VCB,90.00,90.80,89.30,90.00,95.70,83.30,707100,HSX,stock
2024-02-15,VCB,90.00,90.70,89.10,89.90,96.30,83.70,560200,HSX,stock
2024-02-16,VCB,89.90,90.20,89.50,89.60,96.10,83.70,447600,HSX,stock
2024-02-19,VCB,89.90,90.50,89.30,90.20,95.80,83.40,531900,HSX,stock
2024-02-20,VCB,90.10,91.40,89.40,91.30,96.50,83.90,762900,HSX,stock
2024-02-21,VCB,91.70,91.70,90.50,91.20,97.60,85.00,716100,HSX,stock
2024-02-22,VCB,90.60,91.00,89.50,89.50,97.50,84.90,657200,HSX,stock
2024-02-23,VCB,89.50,91.40,88.90,88.90,95.70,83.30,1017100,HSX,stock
2024-02-26,VCB,88.90,90.00,88.90,89.50,95.10,82.70,413100,HSX,stock
2024-02-27,VCB,89.60,91.20,89.10,91.10,95.70,83.30,787500,HSX,stock
2024-02-28,VCB,91.00,97.40,90.40,97.40,97.40,84.80,1976100,HSX,stock
2024-02-29,VCB,98.50,100.50,97.30,97.30,104.20,90.60,895300,HSX,stock
2024-03-01,VCB,98.20,98.20,94.90,97.30,104.10,90.50,1194700,HSX,stock
2024-03-04,VCB,98.00,98.00,95.60,96.00,104.10,90.50,828800,HSX,stock
2024-03-05,VCB,96.60,96.60,95.20,95.50,102.70,89.30,823800,HSX,stock
2024-03-06,VCB,95.50,96.80,95.10,95.60,102.10,88.90,1073100,HSX,stock
2024-03-07,VCB,95.90,97.40,95.50,95.80,102.20,89.00,1234900,HSX,stock
2024-03-08,VCB,95.90,96.50,95.10,95.10,102.50,89.10,1412000,HSX,stock
2024-03-11,VCB,95.10,96.00,94.10,94.10,101.70,88.50,1003800,HSX,stock
2024-03-12,VCB,94.10,94.90,94.00,94.40,100.60,87.60,533200,HSX,stock
2024-03-13,VCB,94.90,96.50,94.30,96.00,101.00,87.80,1666100,HSX,stock
2024-03-14,VCB,96.00,96.10,94.60,95.00,102.70,89.30,1140000,HSX,stock
2024-03-15,VCB,95.00,95.00,93.90,94.00,101.60,88.40,1563500,HSX,stock
2024-03-18,VCB,94.30,94.50,92.50,93.00,100.50,87.50,1054000,HSX,stock
2024-03-19,VCB,92.50,93.50,92.50,92.50,99.50,86.50,532300,HSX,stock
2024-03-20,VCB,92.50,94.10,92.50,93.20,98.90,86.10,492800,HSX,stock
2024-03-21,VCB,94.00,95.50,94.00,95.20,99.70,86.70,719900,HSX,stock
2024-03-22,VCB,95.20,96.80,95.20,96.40,101.80,88.60,990100,HSX,stock
2024-03-25,VCB,95.00,96.90,94.10,95.70,103.10,89.70,737800,HSX,stock
2024-03-26,VCB,96.00,96.60,95.80,96.30,102.30,89.10,418700,HSX,stock
2024-03-27,VCB,96.20,96.20,95.60,95.80,103.00,89.60,538500,HSX,stock
2024-03-28,VCB,96.20,96.40,95.60,95.70,102.50,89.10,702900,HSX,stock
2024-03-29,VCB,95.90,95.90,94.90,94.90,102.30,89.10,493800,HSX,stock
2024-04-01,VCB,94.90,96.00,94.70,95.20,101.50,88.30,582800,HSX,stock
2024-04-02,VCB,95.10,95.20,93.90,94.50,101.80,88.60,582800,HSX,stock
2024-04-03,VCB,94.40,94.80,93.80,93.80,101.10,87.90,648000,HSX,stock
2024-04-04,VCB,94.90,96.00,94.40,96.00,100.30,87.30,1029100,HSX,stock
2024-04-05,VCB,94.80,95.60,94.20,94.90,102.70,89.30,446100,HSX,stock
2024-04-08,VCB,94.90,95.30,94.20,94.90,101.50,88.30,405600,HSX,stock
2024-04-09,VCB,95.00,95.40,94.20,94.30,101.50,88.30,399700,HSX,stock
2024-04-10,VCB,94.30,94.60,94.10,94.50,100.90,87.70,403600,HSX,stock
2024-04-11,VCB,94.00,94.60,93.50,94.00,101.10,87.90,484700,HSX,stock
2024-04-12,VCB,94.50,95.50,93.80,94.60,100.50,87.50,441600,HSX,stock
2024-04-15,VCB,94.60,96.50,92.00,92.00,101.20,88.00,1120200,HSX,stock
2024-04-16,VCB,93.80,93.80,90.50,91.00,98.40,85.60,1000500,HSX,stock
2024-04-17,VCB,91.20,92.10,89.50,90.50,97.30,84.70,751900,HSX,stock
2024-04-19,VCB,90.00,90.90,89.70,90.50,96.80,84.20,677500,HSX,stock
2024-04-22,VCB,90.50,91.40,90.20,90.60,96.80,84.20,522000,HSX,stock
2024-04-23,VCB,90.60,91.20,89.20,90.10,96.90,84.30,756100,HSX,stock
2024-04-24,VCB,91.00,91.10,90.10,90.60,96.40,83.80,1128700,HSX,stock
2024-04-25,VCB,90.60,92.90,90.50,91.00,96.90,84.30,710700,HSX,stock
2024-04-26,VCB,91.70,93.30,91.20,91.20,97.30,84.70,891900,HSX,stock
2024-05-02,VCB,92.10,92.50,91.10,91.90,97.50,84.90,466000,HSX,stock
2024-05-03,VCB,92.40,93.40,91.80,92.50,98.30,85.50,711200,HSX,stock
2024-05-06,VCB,92.90,93.30,92.70,93.00,98.90,86.10,685000,HSX,stock
2024-05-07,VCB,93.40,94.10,92.90,92.90,99.50,86.50,726700,HSX,stock
2024-05-08,VCB,92.70,93.20,92.10,93.00,99.40,86.40,738800,HSX,stock
2024-05-09,VCB,92.90,93.40,92.30,92.50,99.50,86.50,317500,HSX,stock
2024-05-10,VCB,92.70,92.70,91.70,92.00,98.90,86.10,436400,HSX,stock
2024-05-13,VCB,92.10,92.40,90.50,91.00,98.40,85.60,562000,HSX,stock
2024-05-14,VCB,91.10,91.60,90.50,90.60,97.30,84.70,440700,HSX,stock
2024-05-15,VCB,91.00,91.30,90.80,91.00,96.90,84.30,513200,HSX,stock
2024-05-16,VCB,92.00,92.70,91.50,92.60,97.30,84.70,806500,HSX,stock
2024-05-17,VCB,92.60,92.60,91.70,91.80,99.00,86.20,658600,HSX,stock
2024-05-20,VCB,92.30,93.00,91.80,91.90,98.20,85.40,660900,HSX,stock
2024-05-21,VCB,91.90,92.00,90.70,91.10,98.30,85.50,769700,HSX,stock
2024-05-22,VCB,91.50,91.70,90.70,90.70,97.40,84.80,769400,HSX,stock
2024-05-23,VCB,90.70,91.50,90.50,91.00,97.00,84.40,697600,HSX,stock
2024-05-24,VCB,91.00,91.00,90.00,90.20,97.30,84.70,1163400,HSX,stock
2024-05-27,VCB,90.40,90.60,89.70,90.20,96.50,83.90,639200,HSX,stock
2024-05-28,VCB,89.80,90.70,89.80,90.70,96.50,83.90,727100,HSX,stock
2024-05-29,VCB,90.80,91.00,89.80,89.80,97.00,84.40,574900,HSX,stock
2024-05-30,VCB,89.50,89.70,88.50,88.60,96.00,83.60,1250200,HSX,stock
2024-05-31,VCB,88.70,89.00,87.20,87.20,94.80,82.40,1980100,HSX,stock
2024-06-03,VCB,88.00,89.30,88.00,88.20,93.30,81.10,1196900,HSX,stock
2024-06-04,VCB,88.90,89.20,88.30,88.70,94.30,82.10,1069500,HSX,stock
2024-06-05,VCB,88.70,89.50,88.60,88.80,94.90,82.50,901000,HSX,stock
2024-06-06,VCB,88.90,89.70,88.80,89.00,95.00,82.60,787100,HSX,stock
2024-06-07,VCB,89.10,89.70,88.50,88.50,95.20,82.80,552000,HSX,stock
2024-06-10,VCB,88.90,89.20,87.90,88.00,94.60,82.40,1324200,HSX,stock
2024-06-11,VCB,88.30,88.40,87.10,87.20,94.10,81.90,1200000,HSX,stock
2024-06-12,VCB,87.40,89.20,87.00,88.70,93.30,81.10,1282600,HSX,stock
2024-06-13,VCB,88.90,89.10,88.40,88.40,94.90,82.50,893600,HSX,stock
2024-06-14,VCB,88.50,89.10,87.50,87.50,94.50,82.30,1516100,HSX,stock
2024-06-17,VCB,87.60,87.80,87.10,87.10,93.60,81.40,1387500,HSX,stock
2024-06-18,VCB,87.50,88.50,87.10,87.10,93.10,81.10,837400,HSX,stock
2024-06-19,VCB,87.30,87.50,86.50,86.60,93.10,81.10,1253100,HSX,stock
2024-06-20,VCB,86.60,86.60,85.60,86.00,92.60,80.60,1383700,HSX,stock
2024-06-21,VCB,86.10,86.70,85.50,86.00,92.00,80.00,1413200,HSX,stock
2024-06-24,VCB,86.00,87.40,85.50,85.50,92.00,80.00,1057000,HSX,stock
2024-06-25,VCB,85.70,86.70,85.50,85.50,91.40,79.60,884200,HSX,stock
2024-06-26,VCB,85.90,86.30,85.20,85.20,91.40,79.60,1057000,HSX,stock
2024-06-27,VCB,85.20,86.00,85.20,85.20,91.10,79.30,987700,HSX,stock
2024-06-28,VCB,86.00,86.00,85.00,85.20,91.10,79.30,717800,HSX,stock
2024-07-01,VCB,85.80,86.20,85.20,86.10,91.10,79.30,615400,HSX,stock
2024-07-02,VCB,86.70,88.80,86.20,88.20,92.10,80.10,1040800,HSX,stock
2024-07-03,VCB,88.00,88.70,87.80,88.50,94.30,82.10,1475800,HSX,stock
2024-07-04,VCB,88.60,89.70,88.00,88.00,94.60,82.40,1735300,HSX,stock
2024-07-05,VCB,88.10,89.20,88.00,88.00,94.10,81.90,1149800,HSX,stock
2024-07-08,VCB,88.00,88.70,87.20,87.20,94.10,81.90,746600,HSX,stock
2024-07-09,VCB,87.50,88.40,86.70,88.10,93.30,81.10,893300,HSX,stock
2024-07-10,VCB,88.30,89.20,88.00,88.60,94.20,82.00,748000,HSX,stock
2024-07-11,VCB,88.60,88.90,88.10,88.10,94.80,82.40,784400,HSX,stock
2024-07-12,VCB,88.20,88.60,87.60,87.60,94.20,82.00,746700,HSX,stock
2024-07-15,VCB,87.60,88.30,87.50,87.50,93.70,81.50,780100,HSX,stock
2024-07-16,VCB,87.60,88.60,87.60,87.90,93.60,81.40,781900,HSX,stock
2024-07-17,VCB,88.80,90.00,87.50,88.00,94.00,81.80,1606500,HSX,stock
2024-07-18,VCB,88.30,88.80,87.90,88.00,94.10,81.90,1033000,HSX,stock
2024-07-19,VCB,88.00,88.80,87.50,87.50,94.10,81.90,701500,HSX,stock
2024-07-22,VCB,87.50,88.30,87.30,87.70,93.60,81.40,1000400,HSX,stock
2024-07-23,VCB,87.80,88.30,87.50,87.50,93.80,81.60,872900,HSX,stock
2024-07-24,VCB,87.40,88.10,87.40,87.50,93.60,81.40,930400,HSX,stock
2024-07-25,VCB,87.60,87.70,87.20,87.30,93.60,81.40,451200,HSX,stock
2024-07-26,VCB,87.30,87.70,87.20,87.30,93.40,81.20,621800,HSX,stock
2024-07-29,VCB,87.60,87.80,87.30,87.30,93.40,81.20,301400,HSX,stock
2024-07-30,VCB,87.30,88.30,87.30,87.50,93.40,81.20,612100,HSX,stock
2024-07-31,VCB,87.50,89.20,87.50,89.20,93.60,81.40,1112900,HSX,stock
2024-08-01,VCB,89.30,91.40,89.20,90.70,95.40,83.00,2234500,HSX,stock
2024-08-02,VCB,90.40,90.40,88.70,88.70,97.00,84.40,844400,HSX,stock
2024-08-05,VCB,88.50,88.50,86.90,86.90,94.90,82.50,1587900,HSX,stock
2024-08-06,VCB,86.90,87.70,86.70,87.30,92.90,80.90,864300,HSX,stock
2024-08-07,VCB,87.40,87.70,87.00,87.70,93.40,81.20,315000,HSX,stock
2024-08-08,VCB,87.70,87.70,87.20,87.30,93.80,81.60,504900,HSX,stock
2024-08-09,VCB,87.40,88.30,87.40,87.70,93.40,81.20,620400,HSX,stock
2024-08-12,VCB,88.40,88.40,87.30,87.80,93.80,81.60,547700,HSX,stock
2024-08-13,VCB,87.60,89.50,87.60,89.50,93.90,81.70,952900,HSX,stock
2024-08-14,VCB,89.30,89.40,87.80,88.00,95.70,83.30,767900,HSX,stock
2024-08-15,VCB,88.00,88.80,87.60,87.60,94.10,81.90,574800,HSX,stock
2024-08-16,VCB,88.00,88.90,88.00,88.10,93.70,81.50,873200,HSX,stock
2024-08-19,VCB,88.80,89.30,88.30,88.80,94.20,82.00,1015700,HSX,stock
2024-08-20,VCB,88.90,90.80,88.90,90.80,95.00,82.60,1448400,HSX,stock
2024-08-21,VCB,90.80,93.00,90.40,92.80,97.10,84.50,1178200,HSX,stock
2024-08-22,VCB,92.90,93.20,92.10,92.40,99.20,86.40,785500,HSX,stock
2024-08-23,VCB,92.50,92.80,90.50,92.40,98.80,86.00,519300,HSX,stock
2024-08-26,VCB,92.10,92.60,91.60,92.00,98.80,86.00,611800,HSX,stock
2024-08-27,VCB,92.00,92.10,90.90,91.50,98.40,85.60,462200,HSX,stock
2024-08-28,VCB,91.70,91.90,91.10,91.10,97.90,85.10,526600,HSX,stock
2024-08-29,VCB,91.00,92.40,91.00,91.50,97.40,84.80,787500,HSX,stock
2024-08-30,VCB,91.50,92.30,91.50,91.70,97.90,85.10,1031300,HSX,stock
2024-09-04,VCB,91.10,91.10,90.30,91.00,98.10,85.30,545300,HSX,stock
2024-09-05,VCB,90.60,91.10,90.10,90.10,97.30,84.70,646200,HSX,stock
2024-09-06,VCB,90.20,90.80,89.80,90.20,96.40,83.80,381900,HSX,stock
2024-09-09,VCB,90.10,90.20,89.20,90.20,96.50,83.90,374500,HSX,stock
2024-09-10,VCB,90.10,90.20,89.00,89.00,96.50,83.90,687100,HSX,stock
2024-09-11,VCB,88.60,89.00,88.00,88.40,95.20,82.80,477700,HSX,stock
2024-09-12,VCB,88.50,90.10,88.40,89.50,94.50,82.30,852900,HSX,stock
2024-09-13,VCB,89.80,90.20,89.10,89.90,95.70,83.30,1065600,HSX,stock
2024-09-16,VCB,89.60,90.00,88.80,88.90,96.10,83.70,334500,HSX,stock
2024-09-17,VCB,89.00,90.50,88.60,90.50,95.10,82.70,448100,HSX,stock
2024-09-18,VCB,90.60,91.90,89.70,91.00,96.80,84.20,730000,HSX,stock
2024-09-19,VCB,91.00,91.70,90.90,91.50,97.30,84.70,553200,HSX,stock
2024-09-20,VCB,91.80,92.00,90.60,90.60,97.90,85.10,1420500,HSX,stock
2024-09-23,VCB,91.30,91.60,90.90,90.90,96.90,84.30,527700,HSX,stock
2024-09-24,VCB,90.90,91.50,90.90,91.20,97.20,84.60,330400,HSX,stock
2024-09-25,VCB,91.50,93.00,91.20,92.80,97.50,84.90,1344400,HSX,stock
2024-09-26,VCB,92.90,93.80,92.50,92.50,99.20,86.40,964500,HSX,stock
2024-09-27,VCB,92.50,93.60,92.50,92.50,98.90,86.10,654100,HSX,stock
2024-09-30,VCB,92.50,92.50,92.00,92.00,98.90,86.10,719000,HSX,stock
2024-10-01,VCB,92.30,93.40,92.00,92.00,98.40,85.60,849500,HSX,stock
2024-10-02,VCB,92.30,92.70,91.80,92.70,98.40,85.60,737000,HSX,stock
2024-10-03,VCB,92.60,93.90,92.40,92.60,99.10,86.30,715500,HSX,stock
2024-10-04,VCB,92.50,92.80,92.30,92.30,99.00,86.20,483700,HSX,stock
2024-10-07,VCB,92.30,92.50,91.80,92.00,98.70,85.90,304900,HSX,stock
2024-10-08,VCB,92.00,92.00,91.00,91.50,98.40,85.60,534800,HSX,stock
2024-10-09,VCB,91.30,91.80,90.90,91.00,97.90,85.10,1116100,HSX,stock
2024-10-10,VCB,92.30,93.00,91.20,91.90,97.30,84.70,748800,HSX,stock
2024-10-11,VCB,91.90,91.90,91.20,91.50,98.30,85.50,554600,HSX,stock
2024-10-14,VCB,92.20,92.20,91.30,91.40,97.90,85.10,496800,HSX,stock
2024-10-15,VCB,91.30,92.10,91.30,91.40,97.70,85.10,738900,HSX,stock
2024-10-16,VCB,91.40,91.80,91.30,91.50,97.70,85.10,644500,HSX,stock
2024-10-17,VCB,92.00,92.30,91.70,92.20,97.90,85.10,615000,HSX,stock
2024-10-18,VCB,92.70,93.10,92.00,92.40,98.60,85.80,726600,HSX,stock
2024-10-21,VCB,92.50,93.30,92.00,92.00,98.80,86.00,784900,HSX,stock
2024-10-22,VCB,92.00,92.20,91.40,91.40,98.40,85.60,746300,HSX,stock
2024-10-23,VCB,91.20,91.80,91.20,91.50,97.70,85.10,510600,HSX,stock
2024-10-24,VCB,92.20,92.30,91.40,91.70,97.90,85.10,455700,HSX,stock
2024-10-25,VCB,92.10,92.30,91.70,91.80,98.10,85.30,572900,HSX,stock
2024-10-28,VCB,91.50,92.30,91.50,92.00,98.20,85.40,547200,HSX,stock
2024-10-29,VCB,92.10,92.60,92.00,92.00,98.40,85.60,651800,HSX,stock
2024-10-30,VCB,92.00,92.40,91.60,91.70,98.40,85.60,377000,HSX,stock
2024-10-31,VCB,91.50,95.00,91.50,93.60,98.10,85.30,1470700,HSX,stock
2024-11-01,VCB,94.00,94.90,93.50,93.50,100.10,87.10,945200,HSX,stock
2024-11-04,VCB,94.00,95.30,92.40,92.50,100.00,87.00,1055700,HSX,stock
2024-11-05,VCB,92.60,93.00,92.00,92.60,98.90,86.10,638000,HSX,stock
2024-11-06,VCB,92.80,93.40,92.80,92.90,99.00,86.20,762000,HSX,stock
2024-11-07,VCB,93.20,93.90,93.20,93.20,99.40,86.40,830200,HSX,stock
2024-11-08,VCB,93.50,93.90,92.20,92.20,99.70,86.70,712500,HSX,stock
2024-11-11,VCB,92.80,92.80,91.90,92.00,98.60,85.80,1142100,HSX,stock
2024-11-12,VCB,92.00,93.20,91.90,91.90,98.40,85.60,848400,HSX,stock
2024-11-13,VCB,91.90,92.90,91.90,92.50,98.30,85.50,860200,HSX,stock
2024-11-14,VCB,92.00,92.50,91.90,92.00,98.90,86.10,938500,HSX,stock
2024-11-15,VCB,92.00,92.50,91.60,91.70,98.40,85.60,918300,HSX,stock
2024-11-18,VCB,91.70,92.30,90.90,91.00,98.10,85.30,1164000,HSX,stock
2024-11-19,VCB,91.50,91.60,90.00,90.00,97.30,84.70,1031300,HSX,stock
2024-11-20,VCB,90.00,91.20,89.90,90.30,96.30,83.70,935600,HSX,stock
2024-11-21,VCB,90.40,91.30,90.20,90.50,96.60,84.00,820900,HSX,stock
2024-11-22,VCB,91.00,91.30,90.60,90.60,96.80,84.20,850800,HSX,stock
2024-11-25,VCB,90.90,92.20,90.90,91.30,96.90,84.30,1173800,HSX,stock
2024-11-26,VCB,91.40,92.90,91.40,92.40,97.60,85.00,942300,HSX,stock
2024-11-27,VCB,92.30,93.20,92.30,92.70,98.80,86.00,600200,HSX,stock
2024-11-28,VCB,93.10,93.50,92.50,92.60,99.10,86.30,704900,HSX,stock
2024-11-29,VCB,92.60,93.30,92.50,93.30,99.00,86.20,576000,HSX,stock
2024-12-02,VCB,94.90,95.10,93.90,94.20,99.80,86.80,885300,HSX,stock
2024-12-03,VCB,94.40,94.40,92.60,93.00,100.70,87.70,1074600,HSX,stock
2024-12-04,VCB,92.80,93.90,92.50,93.50,99.50,86.50,650900,HSX,stock
2024-12-05,VCB,93.00,94.60,93.00,94.00,100.00,87.00,1295900,HSX,stock
2024-12-06,VCB,94.00,95.30,93.90,94.20,100.50,87.50,914100,HSX,stock
2024-12-09,VCB,94.20,95.30,93.90,95.30,100.70,87.70,1127700,HSX,stock
2024-12-10,VCB,95.30,95.30,94.50,94.50,101.90,88.70,536600,HSX,stock
2024-12-11,VCB,94.50,94.80,93.20,93.30,101.10,87.90,813700,HSX,stock
2024-12-12,VCB,93.50,94.40,93.50,93.50,99.80,86.80,404900,HSX,stock
2024-12-13,VCB,93.20,93.60,92.90,93.10,100.00,87.00,682500,HSX,stock
2024-12-16,VCB,93.00,93.20,92.90,93.10,99.60,86.60,663000,HSX,stock
2024-12-17,VCB,93.00,93.10,92.80,93.00,99.60,86.60,588700,HSX,stock
2024-12-18,VCB,93.00,93.30,93.00,93.10,99.50,86.50,322600,HSX,stock
2024-12-19,VCB,92.80,92.80,92.20,92.40,99.60,86.60,1180700,HSX,stock
2024-12-20,VCB,92.40,92.90,92.30,92.50,98.80,86.00,992200,HSX,stock
2024-12-23,VCB,92.60,92.80,92.40,92.40,98.90,86.10,478500,HSX,stock
2024-12-24,VCB,92.70,92.80,92.00,92.10,98.80,86.00,660900,HSX,stock
2024-12-25,VCB,92.20,93.80,92.20,92.40,98.50,85.70,1126800,HSX,stock
2024-12-26,VCB,92.50,92.80,92.00,92.10,98.80,86.00,1385000,HSX,stock
2024-12-27,VCB,92.50,93.00,92.20,92.20,98.50,85.70,1190000,HSX,stock
2024-12-30,VCB,92.20,92.50,92.00,92.00,98.60,85.80,1110600,HSX,stock
2024-12-31,VCB,92.20,92.40,91.20,91.20,98.40,85.60,1861200,HSX,stock
2025-01-02,VCB,91.60,92.50,91.50,91.90,97.50,84.90,1130200,HSX,stock
2025-01-03,VCB,91.90,92.40,91.90,92.00,98.30,85.50,711800,HSX,stock
2025-01-06,VCB,92.00,93.40,91.90,92.90,98.40,85.60,984500,HSX,stock
2025-01-07,VCB,93.20,93.20,92.30,92.30,99.40,86.40,666100,HSX,stock
2025-01-08,VCB,92.30,92.40,91.50,92.40,98.70,85.90,497300,HSX,stock
2025-01-09,VCB,92.00,92.20,91.70,91.90,98.80,86.00,354600,HSX,stock
2025-01-10,VCB,91.90,92.40,91.40,91.40,98.30,85.50,643900,HSX,stock
2025-01-13,VCB,91.30,91.90,91.10,91.90,97.70,85.10,478500,HSX,stock
2025-01-14,VCB,91.90,91.90,91.20,91.70,98.30,85.50,387600,HSX,stock
2025-01-15,VCB,91.90,91.90,91.40,91.40,98.10,85.30,270700,HSX,stock
2025-01-16,VCB,91.90,93.20,91.80,92.70,97.70,85.10,1488600,HSX,stock
2025-01-17,VCB,92.70,93.00,92.20,92.50,99.10,86.30,640800,HSX,stock
2025-01-20,VCB,92.30,92.50,91.60,91.70,98.90,86.10,931700,HSX,stock
2025-01-21,VCB,92.10,92.10,91.30,91.40,98.10,85.30,638600,HSX,stock
2025-01-22,VCB,92.00,92.00,91.20,91.20,97.70,85.10,559300,HSX,stock
2025-01-23,VCB,91.30,92.90,91.30,92.50,97.50,84.90,1033200,HSX,stock
2025-01-24,VCB,92.10,93.00,92.10,92.60,98.90,86.10,540100,HSX,stock
2025-02-03,VCB,92.30,92.40,91.60,91.60,99.00,86.20,740700,HSX,stock
2025-02-04,VCB,92.10,92.20,91.70,92.00,98.00,85.20,460500,HSX,stock
2025-02-05,VCB,92.00,92.80,92.00,92.60,98.40,85.60,835100,HSX,stock
2025-02-06,VCB,92.80,93.40,92.70,92.90,99.00,86.20,712500,HSX,stock
2025-02-07,VCB,92.90,93.20,92.50,93.00,99.40,86.40,1221900,HSX,stock
2025-02-10,VCB,92.90,92.90,91.90,92.20,99.50,86.50,1138500,HSX,stock
2025-02-11,VCB,92.20,92.30,91.70,91.90,98.60,85.80,562000,HSX,stock
2025-02-12,VCB,91.90,92.50,91.50,91.50,98.30,85.50,495100,HSX,stock
2025-02-13,VCB,91.90,91.90,91.40,91.60,97.90,85.10,456800,HSX,stock
2025-02-14,VCB,92.20,92.20,91.50,91.60,98.00,85.20,586700,HSX,stock
2025-02-17,VCB,91.50,92.00,91.50,91.60,98.00,85.20,470000,HSX,stock
2025-02-18,VCB,91.60,92.00,91.40,91.60,98.00,85.20,539400,HSX,stock
2025-02-19,VCB,91.60,91.70,91.30,91.70,98.00,85.20,784200,HSX,stock
2025-02-20,VCB,92.20,92.30,91.70,91.70,98.10,85.30,842100,HSX,stock
2025-02-21,VCB,92.10,93.10,92.10,93.10,98.10,85.30,1055100,HSX,stock
2025-02-24,VCB,93.30,93.50,92.70,93.50,99.60,86.60,1023900,HSX,stock
2025-02-25,VCB,93.50,93.60,92.50,92.60,100.00,87.00,868500,HSX,stock
2025-02-26,VCB,92.60,92.90,92.20,92.30,99.00,86.20,463300,HSX,stock
2025-02-27,VCB,94.90,95.40,94.00,94.00,98.70,85.90,2592600,HSX,stock
2025-02-28,VCB,94.20,94.20,93.30,93.30,100.50,87.50,1069600,HSX,stock
2025-03-03,VCB,93.50,93.50,93.00,93.30,99.80,86.80,693200,HSX,stock
2025-03-04,VCB,93.20,93.40,92.70,93.00,99.80,86.80,1311700,HSX,stock
2025-03-05,VCB,93.00,93.80,93.00,93.00,99.50,86.50,946500,HSX,stock
2025-03-06,VCB,93.50,94.20,93.20,93.50,99.50,86.50,1286200,HSX,stock
2025-03-07,VCB,93.60,95.30,93.50,95.10,100.00,87.00,1768900,HSX,stock
2025-03-10,VCB,96.40,97.40,96.10,96.80,101.70,88.50,2301900,HSX,stock
2025-03-11,VCB,96.00,96.80,95.60,96.80,103.50,90.10,1872600,HSX,stock
2025-03-12,VCB,66.00,68.60,65.60,66.70,69.20,60.20,3762800,HSX,stock
2025-03-13,VCB,67.20,67.20,65.20,65.50,71.30,62.10,1989800,HSX,stock
2025-03-14,VCB,65.40,66.80,65.40,66.00,70.00,61.00,2120900,HSX,stock
2025-03-17,VCB,66.00,67.30,66.00,67.30,70.60,61.40,2020900,HSX,stock
2025-03-18,VCB,67.80,67.80,66.80,66.80,72.00,62.60,2010100,HSX,stock
2025-03-19,VCB,67.20,67.20,66.50,66.50,71.40,62.20,1669400,HSX,stock
2025-03-20,VCB,66.50,67.00,66.20,66.80,71.10,61.90,907200,HSX,stock
2025-03-21,VCB,67.00,67.00,66.00,66.00,71.40,62.20,1149800,HSX,stock
2025-03-24,VCB,66.30,66.50,65.50,66.50,70.60,61.40,967200,HSX,stock
2025-03-25,VCB,66.50,66.60,66.20,66.20,71.10,61.90,926000,HSX,stock
2025-03-26,VCB,66.40,66.60,65.80,65.80,70.80,61.60,728400,HSX,stock
2025-03-27,VCB,65.80,65.90,65.50,65.50,70.40,61.20,407400,HSX,stock
2025-03-28,VCB,65.50,65.70,64.80,64.80,70.00,61.00,790200,HSX,stock
2025-03-31,VCB,64.70,65.20,64.00,64.00,69.30,60.30,1153900,HSX,stock
2025-04-01,VCB,64.70,65.30,64.00,64.50,68.40,59.60,848900,HSX,stock
2025-04-02,VCB,65.00,66.00,64.60,64.80,69.00,60.00,1368300,HSX,stock
2025-04-03,VCB,64.00,64.40,60.30,60.30,69.30,60.30,4012400,HSX,stock
2025-04-04,VCB,56.70,60.00,56.20,60.00,64.50,56.10,5655900,HSX,stock
2025-04-08,VCB,59.80,59.80,55.80,55.80,64.20,55.80,2601400,HSX,stock
2025-04-09,VCB,52.00,59.70,52.00,52.50,59.70,51.90,3863900,HSX,stock
2025-04-10,VCB,56.10,56.10,56.10,56.10,56.10,48.85,167600,HSX,stock
2025-04-11,VCB,59.80,59.90,58.00,59.80,60.00,52.20,4603600,HSX,stock
2025-04-14,VCB,60.00,60.00,58.70,59.30,63.90,55.70,1701900,HSX,stock
2025-04-15,VCB,59.10,60.90,58.30,60.00,63.40,55.20,3090900,HSX,stock
2025-04-16,VCB,59.70,60.30,59.00,59.30,64.20,55.80,1200900,HSX,stock
2025-04-17,VCB,59.30,59.30,58.10,58.10,63.40,55.20,1675600,HSX,stock
2025-04-18,VCB,58.70,59.60,58.10,58.10,62.10,54.10,1361700,HSX,stock
2025-04-21,VCB,58.50,58.90,58.10,58.20,62.10,54.10,621400,HSX,stock
2025-04-22,VCB,58.10,58.80,54.70,58.50,62.20,54.20,1883100,HSX,stock
2025-04-23,VCB,59.40,59.40,58.00,58.00,62.50,54.50,1085700,HSX,stock
2025-04-24,VCB,58.20,58.60,58.00,58.20,62.00,54.00,919400,HSX,stock
2025-04-25,VCB,58.20,59.00,57.50,57.50,62.20,54.20,2358000,HSX,stock
2025-04-28,VCB,57.70,58.30,57.50,57.50,61.50,53.50,1065600,HSX,stock
2025-04-29,VCB,57.70,58.50,57.30,57.30,61.50,53.50,1213000,HSX,stock
2025-05-05,VCB,57.50,58.00,57.00,57.10,61.30,53.30,3013900,HSX,stock
2025-05-06,VCB,57.30,58.00,57.00,57.00,,,2323000,HSX,stock
2025-05-07,VCB,57.10,57.50,57.00,57.00,60.90,53.10,8752300,HSX,stock
2025-05-08,VCB,57.40,57.70,56.90,57.10,60.90,53.10,9114800,HSX,stock
2025-05-09,VCB,57.30,57.60,56.60,56.60,61.00,53.20,16579100,HSX,stock
2025-05-12,VCB,57.00,57.30,56.20,56.60,60.50,52.70,10381300,HSX,stock
2025-05-13,VCB,57.10,57.30,56.60,56.80,60.50,52.70,14321100,HSX,stock
2025-05-14,VCB,57.20,58.80,57.20,58.70,60.70,52.90,33665700,HSX,stock
2025-05-15,VCB,59.30,59.80,58.70,58.70,62.80,54.60,25753800,HSX,stock
2025-05-16,VCB,58.80,59.00,57.50,57.50,62.80,54.60,32389300,HSX,stock
2025-05-19,VCB,57.40,57.60,57.00,57.00,61.50,53.50,7918200,HSX,stock
2025-05-20,VCB,57.00,57.40,56.80,57.10,60.90,53.10,6492500,HSX,stock
2025-05-21,VCB,57.50,57.90,57.00,57.10,61.00,53.20,7888800,HSX,stock
2025-05-22,VCB,57.10,57.40,56.90,56.90,61.00,53.20,14843000,HSX,stock
2025-05-23,VCB,56.90,57.50,56.70,56.80,60.80,53.00,4435500,HSX,stock
2025-05-26,VCB,56.90,57.00,56.00,57.00,60.70,52.90,8652300,HSX,stock
2025-05-27,VCB,56.80,57.20,56.70,56.80,60.90,53.10,5063900,HSX,stock
2025-05-28,VCB,57.10,57.60,56.80,56.80,60.70,52.90,6198000,HSX,stock
2025-05-29,VCB,57.20,57.20,56.70,56.70,60.70,52.90,7906000,HSX,stock
2025-05-30,VCB,56.80,56.90,56.40,56.40,60.60,52.80,16919100,HSX,stock
2025-06-02,VCB,56.50,56.50,56.10,56.20,60.30,52.50,3855600,HSX,stock
2025-06-03,VCB,56.70,56.90,56.40,56.80,60.10,52.30,5798500,HSX,stock
2025-06-04,VCB,56.90,57.00,56.50,56.60,60.70,52.90,4836100,HSX,stock
2025-06-05,VCB,56.70,56.80,56.30,56.30,60.50,52.70,11042600,HSX,stock
2025-06-06,VCB,56.30,56.60,56.10,56.10,60.20,52.40,18129100,HSX,stock
2025-06-09,VCB,56.20,56.40,55.90,55.90,60.00,52.20,4587800,HSX,stock
2025-06-10,VCB,56.00,56.20,55.90,55.90,59.80,52.00,3068900,HSX,stock
2025-06-11,VCB,56.20,56.20,55.70,55.70,59.80,52.00,8598700,HSX,stock
2025-06-12,VCB,56.00,56.10,55.70,56.00,59.50,51.90,3965200,HSX,stock
2025-06-13,VCB,55.90,57.10,55.60,56.20,59.90,52.10,12707900,HSX,stock
2025-06-16,VCB,56.20,56.70,56.20,56.60,60.10,52.30,5735600,HSX,stock
2025-06-17,VCB,56.90,57.50,56.80,57.20,60.50,52.70,7240400,HSX,stock
2025-06-18,VCB,57.20,57.30,56.50,56.70,61.20,53.20,7117600,HSX,stock
2025-06-19,VCB,56.70,57.00,56.50,56.60,60.60,52.80,6017000,HSX,stock
2025-06-20,VCB,56.70,57.20,56.50,57.10,60.50,52.70,85450900,HSX,stock
2025-06-23,VCB,56.70,56.90,56.50,56.60,61.00,53.20,6795600,HSX,stock
2025-06-24,VCB,56.90,57.10,56.60,56.60,60.50,52.70,6010700,HSX,stock
2025-06-25,VCB,56.80,56.90,56.60,56.60,60.50,52.70,4423400,HSX,stock
2025-06-26,VCB,56.70,56.80,56.40,56.40,60.50,52.70,5030400,HSX,stock
2025-06-27,VCB,56.60,57.30,56.40,56.70,60.30,52.50,8653200,HSX,stock
2025-06-30,VCB,57.00,57.20,56.90,57.00,60.60,52.80,5237600,HSX,stock
2025-07-01,VCB,57.20,58.80,57.10,58.20,60.90,53.10,13848100,HSX,stock
2025-07-02,VCB,58.30,58.60,57.70,58.00,62.20,54.20,3948100,HSX,stock
2025-07-03,VCB,58.10,58.80,57.70,57.90,62.00,54.00,16200200,HSX,stock
2025-07-04,VCB,57.90,58.80,57.80,58.40,61.90,53.90,3921800,HSX,stock
2025-07-07,VCB,58.50,58.90,58.20,58.60,62.40,54.40,17842800,HSX,stock
2025-07-08,VCB,58.80,59.50,58.60,59.00,62.70,54.50,26836500,HSX,stock
2025-07-09,VCB,59.40,61.80,59.40,61.50,63.10,54.90,33453000,HSX,stock
2025-07-10,VCB,61.80,61.80,61.00,61.40,65.80,57.20,18324400,HSX,stock
2025-07-11,VCB,61.50,63.10,61.50,62.70,65.60,57.20,24106200,HSX,stock
2025-07-14,VCB,62.90,62.90,61.00,62.40,67.00,58.40,10218700,HSX,stock
2025-07-15,VCB,62.40,62.60,61.40,61.40,66.70,58.10,54465800,HSX,stock
2025-07-16,VCB,61.40,62.10,61.10,61.80,65.60,57.20,11933500,HSX,stock
2025-07-17,VCB,61.80,62.70,61.80,62.20,66.10,57.50,5693600,HSX,stock
2025-07-18,VCB,62.30,62.60,61.80,61.90,66.50,57.90,9967700,HSX,stock
2025-07-21,VCB,62.20,62.70,61.30,61.30,66.20,57.60,53642500,HSX,stock
2025-07-22,VCB,61.30,62.20,60.90,62.20,65.50,57.10,2025600,HSX,stock
2025-07-23,VCB,62.50,62.60,61.80,62.10,66.50,57.90,10682600,HSX,stock
2025-07-24,VCB,62.20,63.50,61.90,62.10,66.40,57.80,9023500,HSX,stock
2025-07-25,VCB,62.10,62.50,61.90,62.00,66.40,57.80,17059500,HSX,stock
2025-07-28,VCB,62.20,63.00,62.10,62.80,66.30,57.70,20133200,HSX,stock
2025-07-29,VCB,63.20,63.20,61.00,61.00,67.10,58.50,112196000,HSX,stock
2025-07-30,VCB,61.00,61.90,60.40,60.90,65.20,56.80,12128300,HSX,stock
2025-07-31,VCB,61.50,61.70,60.10,60.20,65.10,56.70,17125300,HSX,stock
2025-08-01,VCB,60.30,60.60,59.70,60.20,64.40,56.00,17993700,HSX,stock
2025-08-04,VCB,60.10,61.40,60.00,61.10,64.40,56.00,7490700,HSX,stock
2025-08-05,VCB,61.50,63.70,61.20,61.50,65.30,56.90,24349700,HSX,stock
2025-08-06,VCB,62.10,62.80,61.90,62.30,65.80,57.20,7479700,HSX,stock
2025-08-07,VCB,62.90,62.90,61.30,61.70,66.60,58.00,23767500,HSX,stock
2025-08-08,VCB,62.20,63.30,61.60,61.90,66.00,57.40,15888600,HSX,stock
2025-08-11,VCB,62.10,63.20,62.10,62.50,66.20,57.60,14117400,HSX,stock
2025-08-12,VCB,62.80,64.80,62.70,63.00,66.80,58.20,34047300,HSX,stock
2025-08-13,VCB,63.50,63.60,62.00,62.50,67.40,58.60,11524600,HSX,stock
2025-08-14,VCB,63.70,66.30,63.30,65.20,66.80,58.20,48816300,HSX,stock
2025-08-15,VCB,67.40,67.50,64.20,64.30,69.70,60.70,114530700,HSX,stock
2025-08-18,VCB,64.80,65.60,64.00,64.50,68.80,59.80,23572300,HSX,stock
2025-08-19,VCB,64.50,65.40,64.20,64.20,69.00,60.00,48093700,HSX,stock
2025-08-20,VCB,64.50,64.60,62.20,63.00,68.60,59.80,17507300,HSX,stock
2025-08-21,VCB,63.30,65.00,63.30,64.20,67.40,58.60,28515900,HSX,stock
2025-08-22,VCB,64.00,67.20,63.70,64.60,68.60,59.80,28715400,HSX,stock
2025-08-25,VCB,65.80,65.80,63.40,63.60,69.10,60.10,17816400,HSX,stock
2025-08-26,VCB,63.60,65.00,62.90,64.60,68.00,59.20,23309400,HSX,stock
2025-08-27,VCB,65.00,69.10,65.00,69.10,69.10,60.10,18761300,HSX,stock
2025-08-28,VCB,69.50,70.60,68.70,69.00,73.90,64.30,26179000,HSX,stock
2025-08-29,VCB,69.20,70.10,68.50,68.60,73.80,64.20,60674100,HSX,stock
2025-09-03,VCB,68.80,68.80,67.00,67.00,73.40,63.80,239907300,HSX,stock
2025-09-04,VCB,67.50,69.00,66.90,68.90,71.60,62.40,14862100,HSX,stock
2025-09-05,VCB,69.50,69.60,67.50,67.50,73.70,64.10,137098600,HSX,stock
2025-09-08,VCB,67.10,67.50,65.30,65.30,72.20,62.80,111959200,HSX,stock
2025-09-09,VCB,65.50,66.20,64.50,64.90,69.80,60.80,12442000,HSX,stock
2025-09-10,VCB,65.60,66.00,64.80,65.80,69.40,60.40,10349100,HSX,stock
2025-09-11,VCB,65.60,66.00,64.20,65.70,70.40,61.20,8266500,HSX,stock
2025-09-12,VCB,66.20,66.20,65.00,65.80,70.20,61.20,23391900,HSX,stock
2025-09-15,VCB,66.00,66.00,65.50,65.80,70.40,61.20,15277200,HSX,stock
2025-09-16,VCB,66.00,66.60,65.60,65.60,70.40,61.20,16056100,HSX,stock
2025-09-17,VCB,65.50,65.80,64.80,64.80,70.10,61.10,46263100,HSX,stock
2025-09-18,VCB,64.90,64.90,63.60,63.90,69.30,60.30,12757400,HSX,stock
2025-09-19,VCB,64.20,64.50,63.00,63.00,68.30,59.50,125030900,HSX,stock
2025-09-22,VCB,63.00,63.20,61.80,62.00,67.40,58.60,14813700,HSX,stock
2025-09-23,VCB,62.40,63.10,62.20,62.20,66.30,57.70,5142400,HSX,stock
2025-09-24,VCB,62.40,62.70,61.80,62.70,66.50,57.90,11953700,HSX,stock
2025-09-25,VCB,63.30,63.40,62.70,63.00,67.00,58.40,7199500,HSX,stock
2025-09-26,VCB,63.20,63.40,62.90,63.00,67.40,58.60,11218800,HSX,stock
2025-09-29,VCB,62.90,62.90,62.40,62.60,67.40,58.60,5204000,HSX,stock
2025-09-30,VCB,62.80,62.90,61.80,62.00,66.90,58.30,14304400,HSX,stock
2025-10-01,VCB,62.70,62.70,62.00,62.40,66.30,57.70,7688600,HSX,stock
2025-10-02,VCB,62.40,63.10,62.10,62.10,66.70,58.10,10739900,HSX,stock
2025-10-03,VCB,62.00,62.00,61.40,61.70,66.00,57.40,8029300,HSX,stock
2025-10-06,VCB,62.80,64.00,62.80,64.00,66.00,57.40,13602600,HSX,stock
2025-10-07,VCB,64.10,64.10,63.30,63.70,68.40,59.60,13823900,HSX,stock
2025-10-08,VCB,64.20,64.90,63.60,64.60,68.10,59.30,20631100,HSX,stock
2025-10-09,VCB,64.50,65.20,63.80,63.80,69.10,60.10,11396500,HSX,stock
2025-10-10,VCB,63.90,64.40,63.60,64.20,68.20,59.40,10340000,HSX,stock
2025-10-13,VCB,63.40,63.80,62.80,63.10,68.60,59.80,13462700,HSX,stock
2025-10-14,VCB,63.50,64.00,62.90,63.10,67.50,58.70,16118000,HSX,stock
2025-10-15,VCB,63.10,63.40,62.50,62.50,67.50,58.70,10110800,HSX,stock
2025-10-16,VCB,62.70,63.00,62.50,62.90,66.80,58.20,6460300,HSX,stock
2025-10-17,VCB,62.90,62.90,61.80,61.90,67.30,58.50,15608500,HSX,stock
2025-10-20,VCB,61.80,62.20,58.60,59.40,66.20,57.60,92485400,HSX,stock
2025-10-21,VCB,59.70,60.70,59.30,59.30,63.50,55.30,14458300,HSX,stock
2025-10-22,VCB,60.10,60.20,58.50,59.60,63.40,55.20,3897000,HSX,stock
2025-10-23,VCB,58.90,60.30,58.90,59.80,63.70,55.50,34491300,HSX,stock
2025-10-24,VCB,59.80,59.90,58.80,59.50,63.90,55.70,5142300,HSX,stock
2025-10-27,VCB,60.00,60.00,59.20,59.20,63.60,55.40,7087700,HSX,stock
2025-10-28,VCB,59.20,60.20,59.10,60.00,63.30,55.10,3185200,HSX,stock
2025-10-29,VCB,60.00,61.00,59.80,60.70,64.20,55.80,5048100,HSX,stock
2025-10-30,VCB,61.00,61.20,60.30,60.60,64.90,56.50,2320000,HSX,stock
2025-10-31,VCB,60.80,60.80,59.60,59.60,64.80,56.40,24836400,HSX,stock
2025-11-03,VCB,60.00,60.30,59.30,59.30,63.70,55.50,10048000,HSX,stock
2025-11-04,VCB,59.20,60.40,59.10,60.10,63.40,55.20,8944100,HSX,stock
2025-11-05,VCB,60.00,61.10,59.90,60.80,64.30,55.90,10972100,HSX,stock
2025-11-06,VCB,60.90,61.30,60.20,60.30,65.00,56.60,3160000,HSX,stock
2025-11-07,VCB,60.00,60.00,59.00,59.30,64.50,56.10,7898400,HSX,stock
2025-11-10,VCB,59.40,59.70,58.80,58.80,63.40,55.20,4684800,HSX,stock
2025-11-11,VCB,59.10,59.60,58.80,58.90,62.90,54.70,3372800,HSX,stock
2025-11-12,VCB,59.10,59.70,59.00,59.50,63.00,54.80,3263700,HSX,stock
2025-11-13,VCB,59.50,60.00,59.20,59.80,63.60,55.40,2235200,HSX,stock
2025-11-14,VCB,59.80,60.40,59.40,60.00,63.90,55.70,4721900,HSX,stock
2025-11-17,VCB,60.00,60.40,59.90,60.20,64.20,55.80,4234300,HSX,stock
2025-11-18,VCB,60.40,60.40,59.80,59.90,64.40,56.00,2550700,HSX,stock
2025-11-19,VCB,59.90,60.10,59.30,59.40,64.00,55.80,4246000,HSX,stock
2025-11-20,VCB,59.60,59.70,59.20,59.40,63.50,55.30,3237600,HSX,stock
2025-11-21,VCB,59.10,59.20,58.70,59.00,63.50,55.30,6228700,HSX,stock
2025-11-24,VCB,59.00,59.30,58.70,58.80,63.10,54.90,4094500,HSX,stock
2025-11-25,VCB,58.90,59.00,58.20,58.20,62.90,54.70,4733600,HSX,stock
2025-11-26,VCB,58.50,58.60,57.80,58.10,62.20,54.20,11173800,HSX,stock
2025-11-27,VCB,58.20,58.50,57.90,57.90,62.10,54.10,20657000,HSX,stock
2025-11-28,VCB,58.00,58.10,57.40,57.40,61.90,53.90,39384900,HSX,stock
2025-12-01,VCB,57.60,58.00,57.50,57.50,61.40,53.40,5556200,HSX,stock
2025-12-02,VCB,57.50,57.80,57.20,57.60,61.50,53.50,6262800,HSX,stock
2025-12-03,VCB,57.80,59.10,57.80,58.90,61.60,53.60,11435800,HSX,stock
2025-12-04,VCB,59.00,59.40,58.70,58.90,63.00,54.80,3314000,HSX,stock
2025-12-05,VCB,59.00,59.20,58.20,58.30,63.00,54.80,10443800,HSX,stock
2025-12-08,VCB,58.20,58.30,57.80,57.90,62.30,54.30,3100400,HSX,stock
2025-12-09,VCB,57.90,58.70,57.30,58.00,61.90,53.90,7047100,HSX,stock
2025-12-10,VCB,58.30,58.60,57.80,58.20,62.00,54.00,6233500,HSX,stock
2025-12-11,VCB,58.40,58.40,57.60,57.60,62.20,54.20,3127700,HSX,stock
2025-12-12,VCB,57.80,57.80,56.80,56.80,61.60,53.60,34925200,HSX,stock
2025-12-15,VCB,56.80,57.30,56.70,56.80,60.70,52.90,4166300,HSX,stock
2025-12-16,VCB,56.90,57.40,56.00,56.90,60.70,52.90,11717000,HSX,stock
2025-12-17,VCB,57.00,57.50,56.70,56.70,60.80,53.00,10014800,HSX,stock
2025-12-18,VCB,57.20,57.50,56.70,56.80,60.60,52.80,11333000,HSX,stock
2025-12-19,VCB,57.00,57.50,56.70,57.50,60.70,52.90,203256900,HSX,stock
2025-12-22,VCB,57.70,58.00,57.30,57.80,61.50,53.50,6120900,HSX,stock
2025-12-23,VCB,57.80,58.10,57.00,57.20,61.80,53.80,5955300,HSX,stock
2025-12-24,VCB,57.30,57.30,56.90,57.00,61.20,53.20,6403400,HSX,stock
2025-12-25,VCB,57.00,57.90,57.00,57.10,60.90,53.10,13960700,HSX,stock
2025-12-26,VCB,57.10,57.40,56.60,57.10,61.00,53.20,5342800,HSX,stock
2025-12-29,VCB,57.40,57.50,57.10,57.10,61.00,53.20,3901700,HSX,stock
2025-12-30,VCB,57.30,58.10,57.20,57.30,61.00,53.20,5697600,HSX,stock
2025-12-31,VCB,57.40,57.90,57.30,57.50,61.30,53.30,15987800,HSX,stock
2026-01-05,VCB,57.50,57.60,57.00,57.10,61.50,53.50,5924500,HSX,stock
2026-01-06,VCB,57.10,57.50,56.60,57.30,61.00,53.20,7392300,HSX,stock
2026-01-07,VCB,57.60,59.90,57.50,59.60,61.30,53.30,42090600,HSX,stock
2026-01-08,VCB,59.80,63.70,59.70,63.70,63.70,55.50,86521000,HSX,stock
2026-01-09,VCB,65.40,68.00,65.40,68.00,68.10,59.30,177457800,HSX,stock
2026-01-12,VCB,69.90,72.70,69.60,72.70,72.70,63.30,92280200,HSX,stock
2026-01-13,VCB,74.30,76.00,71.80,74.00,77.70,67.70,363787800,HSX,stock
2026-01-14,VCB,73.10,78.80,73.10,76.00,79.10,68.90,57227500,HSX,stock
2026-01-15,VCB,74.00,74.90,71.90,71.90,81.30,70.70,656418300,HSX,stock
2026-01-16,VCB,73.00,76.00,72.00,73.00,76.90,66.90,90945900,HSX,stock
2026-01-19,VCB,73.00,73.50,71.60,72.70,78.10,67.90,2485100,HSX,stock
2026-01-20,VCB,74.00,75.00,72.10,73.50,77.70,67.70,47117000,HSX,stock
2026-01-21,VCB,72.80,73.60,71.70,72.80,78.60,68.40,28064700,HSX,stock
2026-01-22,VCB,73.40,75.90,70.60,71.00,77.80,67.80,134950500,HSX,stock
2026-01-23,VCB,71.00,71.00,68.50,68.60,75.90,66.10,146499900,HSX,stock
2026-01-26,VCB,68.90,71.10,68.70,69.60,73.40,63.80,23082600,HSX,stock
2026-01-27,VCB,69.70,71.50,68.10,70.60,74.40,64.80,33726400,HSX,stock
2026-01-28,VCB,71.10,72.90,69.40,69.60,75.50,65.70,31177200,HSX,stock
2026-01-29,VCB,69.30,70.80,68.60,69.80,74.40,64.80,16350500,HSX,stock
2026-01-30,VCB,70.60,71.90,69.60,70.50,74.60,65.00,50711200,HSX,stock
2026-02-02,VCB,70.50,71.50,69.30,71.50,75.40,65.60,99371400,HSX,stock
2026-02-03,VCB,72.40,73.30,71.30,71.80,76.50,66.50,31497200,HSX,stock
2026-02-04,VCB,72.00,72.00,70.50,70.80,76.80,66.80,19267200,HSX,stock
2026-02-05,VCB,70.70,70.80,68.40,68.40,75.70,65.90,187294900,HSX,stock
2026-02-06,VCB,67.90,67.90,64.90,65.10,73.10,63.70,149191300,HSX,stock
2026-02-09,VCB,65.50,66.00,64.20,65.00,69.60,60.60,26922100,HSX,stock
2026-02-10,VCB,64.50,65.50,62.60,63.10,69.50,60.50,31714700,HSX,stock
2026-02-11,VCB,64.00,66.60,63.50,64.70,67.50,58.70,21362400,HSX,stock
2026-02-12,VCB,65.50,65.50,64.20,64.20,69.20,60.20,11993600,HSX,stock
2026-02-13,VCB,64.70,65.10,64.00,64.40,68.60,59.80,18432200,HSX,stock
2026-02-23,VCB,65.00,66.70,64.60,66.40,68.90,59.90,35066300,HSX,stock
2026-02-24,VCB,66.60,66.60,64.90,65.00,71.00,61.80,25022200,HSX,stock
2026-02-25,VCB,65.00,66.50,64.70,65.10,69.50,60.50,27727900,HSX,stock
2026-02-26,VCB,65.20,65.90,65.00,65.40,69.60,60.60,21366100,HSX,stock
2026-02-27,VCB,65.50,66.40,64.80,64.90,69.90,60.90,26291500,HSX,stock
2026-03-02,VCB,62.90,63.90,62.90,62.90,69.40,60.40,201017900,HSX,stock
2026-03-03,VCB,62.90,63.70,61.40,61.60,67.30,58.50,53015300,HSX,stock
2026-03-04,VCB,61.80,63.20,61.70,63.00,65.90,57.30,36682400,HSX,stock
2026-03-05,VCB,63.70,63.70,62.50,62.50,67.40,58.60,31805700,HSX,stock
2026-03-06,VCB,62.00,63.20,61.60,61.60,66.80,58.20,66354900,HSX,stock
2026-03-09,VCB,57.40,59.70,57.30,57.30,65.90,57.30,600808800,HSX,stock
2026-03-10,VCB,59.80,60.90,58.80,60.40,61.30,53.30,181867200,HSX,stock
2026-03-11,VCB,60.50,61.20,60.00,60.40,64.60,56.20,21468900,HSX,stock
2026-03-12,VCB,60.20,60.30,59.50,59.80,64.60,56.20,11545000,HSX,stock
2026-03-13,VCB,59.20,60.10,58.90,59.00,63.90,55.70,34244600,HSX,stock
2026-03-16,VCB,59.30,59.80,58.60,58.80,63.10,54.90,13285300,HSX,stock
2026-03-17,VCB,59.50,60.50,59.40,60.50,62.90,54.70,51278600,HSX,stock
2026-03-18,VCB,60.90,62.00,60.00,60.50,64.70,56.30,19305500,HSX,stock
2026-03-19,VCB,59.70,60.00,59.00,59.80,64.70,56.30,15134300,HSX,stock
2026-03-20,VCB,59.80,59.80,58.00,58.00,63.90,55.70,157712200,HSX,stock
2026-03-23,VCB,57.80,58.30,56.50,57.60,62.00,54.00,24525700,HSX,stock
2026-03-24,VCB,59.00,59.00,58.00,58.20,61.60,53.60,20459300,HSX,stock
2026-03-25,VCB,58.80,59.10,58.00,58.40,62.20,54.20,21558200,HSX,stock
2026-03-26,VCB,58.50,58.60,57.50,57.90,62.40,54.40,11056600,HSX,stock
2026-03-27,VCB,58.00,59.00,57.90,58.80,61.90,53.90,17121000,HSX,stock
2026-03-30,VCB,57.90,58.50,57.80,58.00,62.90,54.70,16532500,HSX,stock
2026-03-31,VCB,58.20,58.90,58.00,58.10,62.00,54.00,18638800,HSX,stock
2026-04-01,VCB,58.90,59.20,58.50,59.00,62.10,54.10,24148800,HSX,stock
2026-04-02,VCB,58.70,58.80,58.10,58.20,63.10,54.90,10598000,HSX,stock
2026-04-03,VCB,58.30,58.50,57.70,57.70,62.20,54.20,63812000,HSX,stock
2026-04-06,VCB,57.80,58.20,57.70,58.00,61.70,53.70,18112800,HSX,stock
2026-04-07,VCB,58.00,58.30,57.70,58.00,62.00,54.00,4381700,HSX,stock
2026-04-08,VCB,59.20,60.30,58.80,60.20,62.00,54.00,132295900,HSX,stock
2026-04-09,VCB,60.00,60.10,59.30,59.40,64.40,56.00,21879800,HSX,stock
2026-04-10,VCB,59.60,61.00,59.60,59.80,63.50,55.30,22718400,HSX,stock
2026-04-13,VCB,59.50,59.50,59.00,59.20,63.90,55.70,15253600,HSX,stock
2026-04-14,VCB,59.70,59.80,59.10,59.30,63.30,55.10,11333900,HSX,stock
2026-04-15,VCB,59.70,60.50,59.60,59.90,63.40,55.20,20531300,HSX,stock
2026-04-16,VCB,60.00,60.10,59.30,59.40,64.00,55.80,18951200,HSX,stock
2026-04-17,VCB,59.40,59.90,59.40,59.50,63.50,55.30,7969100,HSX,stock
2026-04-20,VCB,59.60,60.50,59.50,60.10,63.60,55.40,11528900,HSX,stock
2026-04-21,VCB,60.40,60.60,59.60,59.60,64.30,55.90,18055100,HSX,stock
2026-04-22,VCB,59.60,59.80,59.20,59.40,63.70,55.50,6520500,HSX,stock
2026-04-23,VCB,59.70,63.50,59.60,62.80,63.50,55.30,61048800,HSX,stock
2026-04-24,VCB,63.00,63.00,60.60,60.60,67.10,58.50,33340800,HSX,stock
2026-04-28,VCB,60.80,61.50,59.80,59.80,64.80,56.40,36534100,HSX,stock
2026-04-29,VCB,59.90,60.50,59.50,59.80,63.90,55.70,42352700,HSX,stock
2026-05-04,VCB,60.50,61.20,60.00,60.70,63.90,55.70,15249900,HSX,stock
2026-05-05,VCB,60.60,60.70,59.70,59.90,64.90,56.50,17335400,HSX,stock
2026-05-06,VCB,60.20,60.50,59.70,60.50,64.00,55.80,25935900,HSX,stock
2026-05-07,VCB,60.90,61.10,60.30,60.30,64.70,56.30,46718100,HSX,stock
2026-05-08,VCB,60.50,61.70,60.30,60.70,64.50,56.10,18531300,HSX,stock
2026-05-11,VCB,61.00,61.10,60.20,60.30,64.90,56.50,14524600,HSX,stock
2026-05-12,VCB,60.30,60.50,59.50,59.90,64.50,56.10,14686400,HSX,stock
2026-05-13,VCB,59.70,61.30,59.20,60.10,64.00,55.80,10856400,HSX,stock
2026-05-14,VCB,60.50,61.50,60.00,61.00,64.30,55.90,16905400,HSX,stock
2026-05-15,VCB,61.30,61.70,60.70,60.70,65.20,56.80,35614300,HSX,stock
2026-05-18,VCB,60.70,63.50,60.30,63.20,64.90,56.50,56319100,HSX,stock
2026-05-19,VCB,63.40,65.00,62.60,64.40,67.60,58.80,74523700,HSX,stock
2026-05-20,VCB,63.70,64.70,61.80,64.60,68.90,59.90,72664400,HSX,stock
2026-05-21,VCB,64.60,66.20,63.80,64.90,69.10,60.10,58251700,HSX,stock
2026-05-22,VCB,64.90,64.90,63.30,63.50,69.40,60.40,29758000,HSX,stock
2026-05-25,VCB,63.20,64.00,62.10,63.70,67.90,59.10,15002200,HSX,stock
2026-05-26,VCB,63.30,64.40,63.30,64.40,68.10,59.30,47076800,HSX,stock
2026-05-27,VCB,64.40,64.50,63.80,64.20,68.90,59.90,20900400,HSX,stock
2026-05-28,VCB,64.20,64.20,62.80,62.80,68.60,59.80,92675000,HSX,stock
2026-05-29,VCB,63.00,63.00,61.80,62.00,67.10,58.50,72938700,HSX,stock
2026-06-01,VCB,62.30,62.80,61.70,62.20,66.30,57.70,24684000,HSX,stock
2026-06-02,VCB,62.30,62.70,61.60,61.60,66.50,57.90,28310900,HSX,stock
2026-06-03,VCB,61.70,62.50,61.40,61.90,65.90,57.30,9039200,HSX,stock
2026-06-04,VCB,61.80,62.50,61.70,62.20,66.20,57.60,10969400,HSX,stock
2026-06-05,VCB,62.40,62.50,61.60,61.70,66.50,57.90,17249700,HSX,stock
2026-06-08,VCB,61.20,62.10,60.90,61.30,66.00,57.40,17696200,HSX,stock
2026-06-09,VCB,61.30,61.70,61.00,61.50,65.50,57.10,14282300,HSX,stock
2026-06-10,VCB,61.60,62.20,61.60,61.70,65.80,57.20,6721300,HSX,stock
2026-06-11,VCB,61.50,61.90,61.30,61.60,66.00,57.40,16469900,HSX,stock
2026-06-12,VCB,61.90,62.10,61.60,61.60,65.90,57.30,7017200,HSX,stock
2026-06-15,VCB,62.30,62.40,61.60,61.60,65.90,57.30,15906000,HSX,stock
2026-06-16,VCB,61.80,62.30,61.60,61.80,65.90,57.30,5143400,HSX,stock
2026-06-17,VCB,61.80,62.40,61.60,62.20,66.10,57.50,8420600,HSX,stock
2026-06-18,VCB,62.30,62.40,61.60,61.60,66.50,57.90,27656400,HSX,stock
2026-06-19,VCB,61.90,61.90,61.20,61.70,65.90,57.30,35372800,HSX,stock
2026-06-22,VCB,61.70,61.80,61.20,61.30,66.00,57.40,17436100,HSX,stock
2026-06-23,VCB,61.70,62.60,61.30,61.30,65.50,57.10,10867700,HSX,stock
2026-06-24,VCB,61.40,61.60,61.00,61.00,65.50,57.10,4837200,HSX,stock
2026-06-25,VCB,61.10,61.30,60.80,60.80,65.20,56.80,22787800,HSX,stock
2026-06-26,VCB,61.00,61.50,60.80,61.40,65.00,56.60,9271200,HSX,stock
2026-06-29,VCB,61.60,62.20,61.40,62.00,65.60,57.20,8805900,HSX,stock
2026-06-30,VCB,62.20,62.60,61.90,62.20,66.30,57.70,11680100,HSX,stock
2026-07-01,VCB,62.40,63.00,62.10,63.00,66.50,57.90,19120700,HSX,stock
2026-07-02,VCB,63.00,63.10,62.10,62.10,67.40,58.60,9130100,HSX,stock
2026-07-03,VCB,62.30,62.40,62.00,62.00,66.40,57.80,6342300,HSX,stock
2026-07-06,VCB,62.00,62.50,60.70,61.20,66.30,57.70,14429700,HSX,stock
2026-07-07,VCB,61.20,61.50,60.90,61.30,65.40,57.00,3733700,HSX,stock
2026-07-08,VCB,61.30,61.80,61.10,61.60,65.50,57.10,2057000,HSX,stock
2026-07-09,VCB,61.30,61.50,61.00,61.10,65.90,57.30,8605400,HSX,stock
2026-07-10,VCB,61.10,61.50,60.50,60.50,65.30,56.90,19747800,HSX,stock
2026-07-13,VCB,60.50,60.50,58.80,58.90,64.70,56.30,20011800,HSX,stock
2026-07-14,VCB,58.90,59.50,58.60,59.20,63.00,54.80,3540800,HSX,stock
2026-07-15,VCB,59.20,59.40,58.70,59.20,63.30,55.10,6225900,HSX,stock
2026-07-16,VCB,59.10,59.80,58.40,59.40,63.30,55.10,6993300,HSX,stock
2022-01-04,VND,82.10,84.40,82.00,83.00,87.70,76.30,2327800,HSX,stock
2022-01-05,VND,83.00,84.80,82.10,82.10,88.80,77.20,2932600,HSX,stock
2022-01-06,VND,81.80,83.10,81.00,81.20,87.80,76.40,2666300,HSX,stock
2022-01-07,VND,80.50,81.70,79.70,80.00,86.80,75.60,2938700,HSX,stock
2022-01-10,VND,79.50,80.60,77.20,77.20,85.60,74.40,3962200,HSX,stock
2022-01-11,VND,79.00,79.00,73.00,73.00,82.60,71.80,4602500,HSX,stock
2022-01-12,VND,72.50,76.70,72.00,76.40,78.10,67.90,3260600,HSX,stock
2022-01-13,VND,76.90,77.40,72.20,72.90,81.70,71.10,2348600,HSX,stock
2022-01-14,VND,72.00,73.80,72.00,72.00,78.00,67.80,2048100,HSX,stock
2022-01-17,VND,72.00,72.40,67.00,67.00,77.00,67.00,5700000,HSX,stock
2022-01-18,VND,65.10,66.00,62.40,62.40,71.60,62.40,5484100,HSX,stock
2022-01-19,VND,64.50,66.70,63.70,66.70,66.70,58.10,2663200,HSX,stock
2022-01-20,VND,67.00,69.50,64.80,67.80,71.30,62.10,2497600,HSX,stock
2022-01-21,VND,67.70,67.70,65.70,65.80,72.50,63.10,1586700,HSX,stock
2022-01-24,VND,63.90,64.80,61.20,61.20,70.40,61.20,4516600,HSX,stock
2022-01-25,VND,60.60,63.00,59.10,62.70,65.40,57.00,2097700,HSX,stock
2022-01-26,VND,63.00,64.40,61.50,62.90,67.00,58.40,2147500,HSX,stock
2022-01-27,VND,62.40,66.80,62.10,65.00,67.30,58.50,1976600,HSX,stock
2022-01-28,VND,65.00,69.00,64.80,69.00,69.50,60.50,2560000,HSX,stock
2022-02-07,VND,69.80,71.80,69.20,70.40,73.80,64.20,1911200,HSX,stock
2022-02-08,VND,70.50,70.50,68.20,70.00,75.30,65.50,1437700,HSX,stock
2022-02-09,VND,70.00,72.90,69.50,72.00,74.90,65.10,2330800,HSX,stock
2022-02-10,VND,71.90,72.70,70.10,71.00,77.00,67.00,1266600,HSX,stock
2022-02-11,VND,70.60,72.20,70.20,71.50,75.90,66.10,1461900,HSX,stock
2022-02-14,VND,69.70,71.00,68.00,68.00,76.50,66.50,2062500,HSX,stock
2022-02-15,VND,69.00,70.60,67.50,70.30,72.70,63.30,2194000,HSX,stock
2022-02-16,VND,71.00,73.00,70.50,71.50,75.20,65.40,1255900,HSX,stock
2022-02-17,VND,71.50,71.90,70.70,71.10,76.50,66.50,1355000,HSX,stock
2022-02-18,VND,70.10,72.90,69.80,72.10,76.00,66.20,2401200,HSX,stock
2022-02-21,VND,72.60,76.00,72.50,75.10,77.10,67.10,2254700,HSX,stock
2022-02-22,VND,73.70,74.80,72.50,73.50,80.30,69.90,2200900,HSX,stock
2022-02-23,VND,74.10,74.90,73.80,74.40,78.60,68.40,1132800,HSX,stock
2022-02-24,VND,74.10,77.40,72.00,76.00,79.60,69.20,4232400,HSX,stock
2022-02-25,VND,77.00,81.00,76.60,78.10,81.30,70.70,4395200,HSX,stock
2022-02-28,VND,79.50,80.30,77.90,78.80,83.50,72.70,2598600,HSX,stock
2022-03-01,VND,79.20,79.70,77.80,78.50,84.30,73.30,2743600,HSX,stock
2022-03-02,VND,77.60,78.30,75.50,75.90,83.90,73.10,3991300,HSX,stock
2022-03-03,VND,76.30,76.90,75.10,76.80,81.20,70.60,1906200,HSX,stock
2022-03-04,VND,77.50,78.90,77.00,77.00,82.10,71.50,2102700,HSX,stock
2022-03-07,VND,76.30,77.50,76.00,76.10,82.30,71.70,2790500,HSX,stock
2022-03-08,VND,75.20,77.00,75.00,75.00,81.40,70.80,2989800,HSX,stock
2022-03-09,VND,75.40,75.70,73.50,73.50,80.20,69.80,5386900,HSX,stock
2022-03-10,VND,31.85,31.85,31.85,31.85,31.85,27.75,1757900,HSX,stock
2022-03-11,VND,34.05,34.05,32.50,32.50,34.05,29.65,14303100,HSX,stock
2022-03-14,VND,32.10,32.35,31.35,31.75,34.75,30.25,3480400,HSX,stock
2022-03-15,VND,31.90,33.55,31.75,32.60,33.95,29.55,4144000,HSX,stock
2022-03-16,VND,33.20,33.20,32.45,32.55,34.85,30.35,2182500,HSX,stock
2022-03-17,VND,33.00,33.00,32.00,32.10,34.80,30.30,2750900,HSX,stock
2022-03-18,VND,32.00,32.40,31.70,31.95,34.30,29.90,9167200,HSX,stock
2022-03-21,VND,32.05,32.30,31.70,32.00,34.15,29.75,2789100,HSX,stock
2022-03-22,VND,32.00,32.90,31.95,32.15,34.20,29.80,3674400,HSX,stock
2022-03-23,VND,32.20,32.50,31.85,31.95,34.40,29.90,2885900,HSX,stock
2022-03-24,VND,31.95,32.00,31.50,31.50,34.15,29.75,4085900,HSX,stock
2022-03-25,VND,31.30,31.80,31.00,31.10,33.70,29.30,3477000,HSX,stock
2022-03-28,VND,30.60,31.00,29.80,30.20,33.25,28.95,4084700,HSX,stock
2022-03-29,VND,30.90,31.25,30.50,30.90,32.30,28.10,2358000,HSX,stock
2022-03-30,VND,30.60,31.45,30.30,30.95,33.05,28.75,2620000,HSX,stock
2022-03-31,VND,31.10,31.25,30.30,30.50,33.10,28.80,2024100,HSX,stock
2022-04-01,VND,30.50,31.80,30.10,31.70,32.60,28.40,3751500,HSX,stock
2022-04-04,VND,32.40,33.90,32.35,33.90,,,10056700,HSX,stock
2022-04-05,VND,34.10,36.10,34.10,34.60,36.25,31.55,6296400,HSX,stock
2022-04-06,VND,34.00,36.00,34.00,35.50,37.00,32.20,7710300,HSX,stock
2022-04-07,VND,35.50,37.00,35.00,35.00,37.95,33.05,9745000,HSX,stock
2022-04-08,VND,35.00,36.00,34.55,35.10,37.45,32.55,7264400,HSX,stock
2022-04-12,VND,35.80,35.80,33.00,33.00,37.55,32.65,6895400,HSX,stock
2022-04-13,VND,33.10,35.30,31.80,35.30,35.30,30.70,7122400,HSX,stock
2022-04-14,VND,35.50,35.95,34.35,34.55,37.75,32.85,5025500,HSX,stock
2022-04-15,VND,34.20,35.25,33.50,33.70,36.95,32.15,5321700,HSX,stock
2022-04-18,VND,32.80,33.50,31.50,32.20,36.05,31.35,7416100,HSX,stock
2022-04-19,VND,32.30,33.05,30.00,30.00,34.45,29.95,6952900,HSX,stock
2022-04-20,VND,30.00,31.40,29.60,30.30,32.10,27.90,6269000,HSX,stock
2022-04-21,VND,30.30,32.40,30.10,32.35,32.40,28.20,6961600,HSX,stock
2022-04-22,VND,33.00,33.35,30.55,31.65,34.60,30.10,5811600,HSX,stock
2022-04-25,VND,31.65,32.15,29.45,29.45,33.85,29.45,7040100,HSX,stock
2022-04-26,VND,29.00,31.50,27.45,31.50,31.50,27.40,7116200,HSX,stock
2022-04-27,VND,31.00,31.75,30.55,31.20,33.70,29.30,3695800,HSX,stock
2022-04-28,VND,30.95,31.55,30.30,30.40,33.35,29.05,4052300,HSX,stock
2022-04-29,VND,30.15,31.40,30.05,31.00,32.50,28.30,4654500,HSX,stock
2022-05-04,VND,30.70,31.30,30.00,30.00,33.15,28.85,3595900,HSX,stock
2022-05-05,VND,30.45,30.60,28.65,29.00,32.10,27.90,4412300,HSX,stock
2022-05-06,VND,27.90,28.65,27.00,27.00,31.00,27.00,7214800,HSX,stock
2022-05-09,VND,25.80,26.40,25.15,25.15,28.85,25.15,6379900,HSX,stock
2022-05-10,VND,23.70,25.85,23.60,25.55,26.90,23.40,5746200,HSX,stock
2022-05-11,VND,25.60,25.90,24.85,25.30,27.30,23.80,2358600,HSX,stock
2022-05-12,VND,24.50,25.00,23.55,23.55,27.05,23.55,3283100,HSX,stock
2022-05-13,VND,23.50,23.70,21.95,21.95,25.15,21.95,8041300,HSX,stock
2022-05-16,VND,23.00,23.45,22.00,22.65,23.45,20.45,4141400,HSX,stock
2022-05-17,VND,22.45,24.20,21.90,24.20,24.20,21.10,3245700,HSX,stock
2022-05-18,VND,25.00,25.80,24.40,24.75,25.85,22.55,4833200,HSX,stock
2022-05-19,VND,24.00,25.40,23.90,25.20,26.45,23.05,3907200,HSX,stock
2022-05-20,VND,25.50,25.70,24.50,24.60,26.95,23.45,3442100,HSX,stock
2022-05-23,VND,24.80,24.85,22.90,23.30,26.30,22.90,4024400,HSX,stock
2022-05-24,VND,23.30,24.00,21.70,24.00,24.90,21.70,6077200,HSX,stock
2022-05-25,VND,24.00,25.20,23.90,24.80,25.65,22.35,4005200,HSX,stock
2022-05-26,VND,24.50,25.50,24.20,24.35,26.00,22.60,3757900,HSX,stock
2022-05-27,VND,24.35,24.95,24.00,24.45,26.05,22.65,4085700,HSX,stock
2022-05-30,VND,24.65,25.30,24.45,24.95,26.15,22.75,4377500,HSX,stock
2022-05-31,VND,25.00,25.70,24.60,25.25,26.65,23.25,4383200,HSX,stock
2022-06-01,VND,25.00,25.90,24.60,25.45,27.00,23.50,3989600,HSX,stock
2022-06-02,VND,25.50,25.95,24.60,24.85,,,2096000,HSX,stock
2022-06-03,VND,24.65,24.90,24.05,24.35,26.55,23.15,3710400,HSX,stock
2022-06-06,VND,24.25,25.00,23.95,24.10,26.05,22.65,2831400,HSX,stock
2022-06-07,VND,23.95,24.05,22.50,23.90,25.75,22.45,4056400,HSX,stock
2022-06-08,VND,24.35,25.20,23.85,24.70,25.55,22.25,3638200,HSX,stock
2022-06-09,VND,25.00,25.40,24.70,24.95,26.40,23.00,2862000,HSX,stock
2022-06-10,VND,24.60,24.90,24.00,24.00,26.65,23.25,3204400,HSX,stock
2022-06-13,VND,22.60,23.30,22.35,22.35,25.65,22.35,4552600,HSX,stock
2022-06-14,VND,21.50,22.30,20.80,20.90,23.90,20.80,4542900,HSX,stock
2022-06-15,VND,20.50,21.30,19.45,19.45,22.35,19.45,12474900,HSX,stock
2022-06-16,VND,19.95,20.00,18.10,18.15,20.80,18.10,11350000,HSX,stock
2022-06-17,VND,17.10,17.50,16.90,16.90,19.40,16.90,15056700,HSX,stock
2022-06-20,VND,17.45,17.65,15.75,15.75,18.05,15.75,11271900,HSX,stock
2022-06-21,VND,15.30,16.80,14.85,15.90,16.85,14.65,13000200,HSX,stock
2022-06-22,VND,16.55,17.00,16.40,17.00,17.00,14.80,10119000,HSX,stock
2022-06-23,VND,16.70,17.00,16.00,16.95,18.15,15.85,7279600,HSX,stock
2022-06-24,VND,16.85,17.85,16.65,17.20,18.10,15.80,10673400,HSX,stock
2022-06-27,VND,17.50,18.40,17.20,18.40,18.40,16.00,9339700,HSX,stock
2022-06-28,VND,18.40,18.90,18.10,18.30,19.65,17.15,10313600,HSX,stock
2022-06-29,VND,18.05,19.20,17.95,18.55,19.55,17.05,12363600,HSX,stock
2022-06-30,VND,18.60,19.10,17.40,17.40,19.80,17.30,13711700,HSX,stock
2022-07-01,VND,17.60,18.60,16.70,18.60,18.60,16.20,15210500,HSX,stock
2022-07-04,VND,19.05,19.70,18.85,19.20,19.90,17.30,10188900,HSX,stock
2022-07-05,VND,19.15,19.35,18.60,18.60,20.50,17.90,10457600,HSX,stock
2022-07-06,VND,18.00,18.65,17.60,17.60,19.90,17.30,12975700,HSX,stock
2022-07-07,VND,17.55,18.00,17.15,17.70,18.80,16.40,9149200,HSX,stock
2022-07-08,VND,18.05,18.60,18.00,18.35,18.90,16.50,10121800,HSX,stock
2022-07-11,VND,18.25,18.90,17.50,17.85,19.60,17.10,8185500,HSX,stock
2022-07-12,VND,17.85,18.50,17.70,18.30,19.05,16.65,8861700,HSX,stock
2022-07-13,VND,18.40,18.85,18.20,18.50,19.55,17.05,9463700,HSX,stock
2022-07-14,VND,18.20,19.50,18.10,19.30,19.75,17.25,11847900,HSX,stock
2022-07-15,VND,19.45,19.65,18.90,18.90,20.65,17.95,9851700,HSX,stock
2022-07-18,VND,19.15,19.35,18.90,19.00,20.20,17.60,8441600,HSX,stock
2022-07-19,VND,18.80,19.10,18.40,18.75,20.30,17.70,7752000,HSX,stock
2022-07-20,VND,19.15,19.65,19.00,19.20,20.05,17.45,9460300,HSX,stock
2022-07-21,VND,19.20,19.55,19.10,19.15,20.50,17.90,6726700,HSX,stock
2022-07-22,VND,19.25,19.40,18.95,18.95,20.45,17.85,6443900,HSX,stock
2022-07-25,VND,18.70,19.20,18.40,18.75,20.25,17.65,5130200,HSX,stock
2022-07-26,VND,18.90,18.95,18.20,18.20,20.05,17.45,6660600,HSX,stock
2022-07-27,VND,18.05,18.30,17.80,18.20,19.45,16.95,6793000,HSX,stock
2022-07-28,VND,18.70,19.15,18.40,18.85,19.45,16.95,7321200,HSX,stock
2022-07-29,VND,19.00,19.40,18.80,19.10,20.15,17.55,10780600,HSX,stock
2022-08-01,VND,19.25,20.40,19.20,20.40,20.40,17.80,13412200,HSX,stock
2022-08-02,VND,20.50,21.30,20.45,20.75,21.80,19.00,12898600,HSX,stock
2022-08-03,VND,20.50,21.20,20.45,21.15,22.20,19.30,11077800,HSX,stock
2022-08-04,VND,21.40,21.60,20.85,21.20,22.60,19.70,12027400,HSX,stock
2022-08-05,VND,21.00,22.35,20.90,22.00,22.65,19.75,10265600,HSX,stock
2022-08-08,VND,22.10,22.30,21.85,22.15,23.50,20.50,9901000,HSX,stock
2022-08-09,VND,22.10,22.70,21.80,22.55,23.70,20.60,8744400,HSX,stock
2022-08-10,VND,22.25,22.70,22.15,22.20,24.10,21.00,9021100,HSX,stock
2022-08-11,VND,22.50,22.90,21.65,21.95,23.75,20.65,14943400,HSX,stock
2022-08-12,VND,21.85,22.60,21.70,22.50,23.45,20.45,8279600,HSX,stock
2022-08-15,VND,22.80,22.85,22.30,22.45,24.05,20.95,6724700,HSX,stock
2022-08-16,VND,22.40,22.70,22.15,22.45,24.00,20.90,7631800,HSX,stock
2022-08-17,VND,22.60,22.75,22.10,22.25,24.00,20.90,8093000,HSX,stock
2022-08-18,VND,22.10,22.95,22.10,22.50,23.80,20.70,8858700,HSX,stock
2022-08-19,VND,22.45,22.90,22.30,22.65,24.05,20.95,6308800,HSX,stock
2022-08-22,VND,22.60,22.95,22.10,22.20,24.20,21.10,8511000,HSX,stock
2022-08-23,VND,22.00,22.75,21.70,22.75,23.75,20.65,10444700,HSX,stock
2022-08-24,VND,22.85,22.90,22.50,22.60,24.30,21.20,5584800,HSX,stock
2022-08-25,VND,22.70,23.30,22.70,22.95,24.15,21.05,7447500,HSX,stock
2022-08-26,VND,22.95,23.00,22.25,22.40,24.55,21.35,7538300,HSX,stock
2022-08-29,VND,21.85,22.20,20.90,22.20,23.95,20.85,14942600,HSX,stock
2022-08-30,VND,22.45,22.55,21.70,21.70,23.75,20.65,6326100,HSX,stock
2022-08-31,VND,21.50,21.90,21.35,21.70,23.20,20.20,5110100,HSX,stock
2022-09-05,VND,21.60,21.85,21.40,21.40,23.20,20.20,5239700,HSX,stock
2022-09-06,VND,21.65,21.75,21.35,21.40,22.85,19.95,4702800,HSX,stock
2022-09-07,VND,21.40,21.60,20.00,20.00,22.85,19.95,12251500,HSX,stock
2022-09-08,VND,20.40,20.50,19.85,20.00,21.40,18.60,6311000,HSX,stock
2022-09-09,VND,20.35,20.40,19.35,20.40,21.40,18.60,8143900,HSX,stock
2022-09-12,VND,20.80,20.85,20.05,20.10,21.80,19.00,4899100,HSX,stock
2022-09-13,VND,20.15,20.25,19.55,19.85,21.50,18.70,6277400,HSX,stock
2022-09-14,VND,19.10,20.10,19.10,20.00,21.20,18.50,9463700,HSX,stock
2022-09-15,VND,20.20,20.25,19.75,19.80,21.40,18.60,3593000,HSX,stock
2022-09-16,VND,19.70,19.80,19.00,19.00,21.15,18.45,11114100,HSX,stock
2022-09-19,VND,19.10,19.10,17.85,17.85,20.30,17.70,8849100,HSX,stock
2022-09-20,VND,18.00,18.80,17.85,18.80,19.05,16.65,6488800,HSX,stock
2022-09-21,VND,18.50,18.90,18.30,18.50,20.10,17.50,5145900,HSX,stock
2022-09-22,VND,18.25,19.10,18.20,19.00,19.75,17.25,6760500,HSX,stock
2022-09-23,VND,18.95,19.20,18.50,18.55,20.30,17.70,7519000,HSX,stock
2022-09-26,VND,18.05,18.30,17.30,17.45,19.80,17.30,11242000,HSX,stock
2022-09-27,VND,17.60,17.75,17.35,17.50,18.65,16.25,5997600,HSX,stock
2022-09-28,VND,17.50,18.20,17.40,17.80,18.70,16.30,8453500,HSX,stock
2022-09-29,VND,18.30,18.30,17.40,17.40,19.00,16.60,6493800,HSX,stock
2022-09-30,VND,17.40,17.70,16.40,17.50,18.60,16.20,9070300,HSX,stock
2022-10-03,VND,17.20,17.35,16.30,16.30,18.70,16.30,6731000,HSX,stock
2022-10-04,VND,16.70,16.80,15.40,15.40,17.40,15.20,9187400,HSX,stock
2022-10-05,VND,15.80,16.45,15.80,16.40,16.45,14.35,5325000,HSX,stock
2022-10-06,VND,16.35,16.40,15.30,15.30,17.50,15.30,7332200,HSX,stock
2022-10-07,VND,14.60,15.10,14.25,14.25,16.35,14.25,12091400,HSX,stock
2022-10-10,VND,13.90,14.85,13.45,14.65,15.20,13.30,8992500,HSX,stock
2022-10-11,VND,14.50,14.60,13.65,13.65,15.65,13.65,5952300,HSX,stock
2022-10-12,VND,13.55,14.50,13.30,13.95,14.60,12.70,10162900,HSX,stock
2022-10-13,VND,13.85,14.30,13.80,13.90,14.90,13.00,4450600,HSX,stock
2022-10-14,VND,14.40,14.85,14.20,14.50,14.85,12.95,9743400,HSX,stock
2022-10-17,VND,14.30,14.50,13.80,14.50,15.50,13.50,6474200,HSX,stock
2022-10-18,VND,14.85,15.15,14.60,14.60,15.50,13.50,8274900,HSX,stock
2022-10-19,VND,14.60,14.90,14.40,14.55,15.60,13.60,5210500,HSX,stock
2022-10-20,VND,14.50,14.60,14.05,14.15,15.55,13.55,5185900,HSX,stock
2022-10-21,VND,14.05,14.20,13.20,13.20,15.10,13.20,8786200,HSX,stock
2022-10-24,VND,12.85,13.00,12.30,12.30,14.10,12.30,5736100,HSX,stock
2022-10-25,VND,11.45,12.70,11.45,11.45,13.15,11.45,21495200,HSX,stock
2022-10-26,VND,11.60,12.00,10.65,10.65,12.25,10.65,11993800,HSX,stock
2022-10-27,VND,10.50,11.35,10.50,11.35,11.35,9.91,13037800,HSX,stock
2022-10-28,VND,11.70,12.10,11.55,11.70,12.10,10.60,10202900,HSX,stock
2022-10-31,VND,11.90,11.90,10.90,11.50,12.50,10.90,11789300,HSX,stock
2022-11-01,VND,11.70,11.85,11.25,11.80,12.30,10.70,8660700,HSX,stock
2022-11-02,VND,11.80,12.35,11.55,12.10,12.60,11.00,8837400,HSX,stock
2022-11-03,VND,11.70,12.10,11.65,11.95,12.90,11.30,6790600,HSX,stock
2022-11-04,VND,11.75,11.80,11.15,11.20,12.75,11.15,10789800,HSX,stock
2022-11-07,VND,11.20,11.30,10.45,10.45,11.95,10.45,10475500,HSX,stock
2022-11-08,VND,9.79,10.65,9.79,10.65,11.15,9.72,7927600,HSX,stock
2022-11-09,VND,10.75,11.00,10.40,10.45,11.35,9.91,3812900,HSX,stock
2022-11-10,VND,10.15,10.30,9.72,9.72,11.15,9.72,6637200,HSX,stock
2022-11-11,VND,10.00,10.20,9.67,9.80,10.40,9.04,10680100,HSX,stock
2022-11-14,VND,9.12,10.35,9.12,10.35,10.45,9.12,13092500,HSX,stock
2022-11-15,VND,10.05,10.40,9.63,9.90,11.05,9.63,10562400,HSX,stock
2022-11-16,VND,9.32,10.55,9.23,10.55,10.55,9.21,8626900,HSX,stock
2022-11-17,VND,10.80,11.25,10.70,11.10,11.25,9.82,7259800,HSX,stock
2022-11-18,VND,11.00,11.50,10.35,11.10,11.85,10.35,12082500,HSX,stock
2022-11-21,VND,11.10,11.50,10.95,11.30,11.85,10.35,7012600,HSX,stock
2022-11-22,VND,11.05,12.00,10.95,11.30,12.05,10.55,14006700,HSX,stock
2022-11-23,VND,11.20,11.45,10.60,10.60,12.05,10.55,6361000,HSX,stock
2022-11-24,VND,10.40,10.80,10.10,10.55,11.30,9.86,6385000,HSX,stock
2022-11-25,VND,10.85,11.25,10.70,11.25,11.25,9.82,9417200,HSX,stock
2022-11-28,VND,11.70,12.00,11.60,12.00,12.00,10.50,12352400,HSX,stock
2022-11-29,VND,12.40,12.80,12.05,12.80,12.80,11.20,17700100,HSX,stock
2022-11-30,VND,13.00,13.60,12.55,13.60,13.65,11.95,16376400,HSX,stock
2022-12-01,VND,14.05,14.20,12.90,13.00,14.55,12.65,18648900,HSX,stock
2022-12-02,VND,13.00,13.90,12.80,13.90,13.90,12.10,14171500,HSX,stock
2022-12-05,VND,14.80,14.85,14.40,14.85,14.85,12.95,17377500,HSX,stock
2022-12-06,VND,14.70,15.45,14.05,14.30,15.85,13.85,25306100,HSX,stock
2022-12-07,VND,14.50,14.80,13.85,14.30,15.30,13.30,15906600,HSX,stock
2022-12-08,VND,14.80,15.30,14.70,15.30,15.30,13.30,12085900,HSX,stock
2022-12-09,VND,15.65,15.80,15.25,15.50,16.35,14.25,14705800,HSX,stock
2022-12-12,VND,15.50,15.85,14.45,14.45,16.55,14.45,18946100,HSX,stock
2022-12-13,VND,14.40,15.45,13.90,15.45,15.45,13.45,19364700,HSX,stock
2022-12-14,VND,16.00,16.35,15.40,15.60,16.50,14.40,16032400,HSX,stock
2022-12-15,VND,15.40,15.95,15.20,15.90,16.65,14.55,11841200,HSX,stock
2022-12-16,VND,15.60,16.35,15.50,16.05,17.00,14.80,16073200,HSX,stock
2022-12-19,VND,16.10,16.90,15.30,15.50,17.15,14.95,19304800,HSX,stock
2022-12-20,VND,15.45,15.70,14.60,15.20,16.55,14.45,15705200,HSX,stock
2022-12-21,VND,15.50,15.55,14.15,14.65,16.25,14.15,13056500,HSX,stock
2022-12-22,VND,14.90,15.00,14.10,14.55,15.65,13.65,11189500,HSX,stock
2022-12-23,VND,14.50,14.50,13.90,14.00,15.55,13.55,8745300,HSX,stock
2022-12-26,VND,13.85,14.00,13.05,13.05,14.95,13.05,9785400,HSX,stock
2022-12-27,VND,13.00,13.95,13.00,13.95,13.95,12.15,8303500,HSX,stock
2022-12-28,VND,14.10,14.35,13.70,14.10,14.90,13.00,7023800,HSX,stock
2022-12-29,VND,13.95,14.15,13.50,13.50,15.05,13.15,6273200,HSX,stock
2022-12-30,VND,13.65,13.85,13.50,13.50,14.40,12.60,6136900,HSX,stock
2023-01-03,VND,13.55,14.40,13.55,14.40,14.40,12.60,7328000,HSX,stock
2023-01-04,VND,14.70,14.95,14.35,14.35,15.40,13.40,7980000,HSX,stock
2023-01-05,VND,14.50,14.75,14.10,14.60,15.35,13.35,7147500,HSX,stock
2023-01-06,VND,14.40,14.90,14.30,14.30,15.60,13.60,9404800,HSX,stock
2023-01-09,VND,14.55,14.65,14.30,14.40,15.30,13.30,6043100,HSX,stock
2023-01-10,VND,14.40,14.70,14.05,14.40,15.40,13.40,5987100,HSX,stock
2023-01-11,VND,14.60,15.20,14.50,14.75,15.40,13.40,9139200,HSX,stock
2023-01-12,VND,14.90,14.95,14.60,14.70,15.75,13.75,4400300,HSX,stock
2023-01-13,VND,14.90,15.30,14.70,14.90,15.70,13.70,9016600,HSX,stock
2023-01-16,VND,15.00,15.10,14.60,15.00,15.90,13.90,5490000,HSX,stock
2023-01-17,VND,15.15,15.95,15.10,15.90,16.05,13.95,10607800,HSX,stock
2023-01-18,VND,15.90,16.40,15.80,16.15,17.00,14.80,11025600,HSX,stock
2023-01-19,VND,16.00,16.85,15.95,16.75,17.25,15.05,13380000,HSX,stock
2023-01-27,VND,16.75,16.80,16.30,16.30,17.90,15.60,15315000,HSX,stock
2023-01-30,VND,16.30,16.80,16.05,16.25,17.40,15.20,10918000,HSX,stock
2023-01-31,VND,16.30,16.55,16.05,16.55,17.35,15.15,10569000,HSX,stock
2023-02-01,VND,16.70,16.75,15.40,15.40,17.70,15.40,18538200,HSX,stock
2023-02-02,VND,15.55,15.60,14.85,15.10,16.45,14.35,11085200,HSX,stock
2023-02-03,VND,15.15,15.40,14.85,15.10,16.15,14.05,6165000,HSX,stock
2023-02-06,VND,14.90,15.15,14.75,15.15,16.15,14.05,7259100,HSX,stock
2023-02-07,VND,15.30,15.40,14.30,14.35,16.20,14.10,9071100,HSX,stock
2023-02-08,VND,14.60,14.95,14.10,14.60,15.35,13.35,7425200,HSX,stock
2023-02-09,VND,14.60,14.80,14.35,14.40,15.60,13.60,3717900,HSX,stock
2023-02-10,VND,14.35,14.40,14.00,14.00,15.40,13.40,6552100,HSX,stock
2023-02-13,VND,13.80,13.95,13.10,13.45,14.95,13.05,7321400,HSX,stock
2023-02-14,VND,13.70,13.90,13.50,13.90,14.35,12.55,4440200,HSX,stock
2023-02-15,VND,13.80,14.25,13.75,14.00,14.85,12.95,6842200,HSX,stock
2023-02-16,VND,14.20,14.60,14.05,14.60,14.95,13.05,5907100,HSX,stock
2023-02-17,VND,14.55,14.70,14.30,14.45,15.60,13.60,4325000,HSX,stock
2023-02-20,VND,14.50,15.45,14.45,15.45,15.45,13.45,9763800,HSX,stock
2023-02-21,VND,15.65,15.70,15.15,15.15,16.50,14.40,7748900,HSX,stock
2023-02-22,VND,14.85,15.10,14.30,14.30,16.20,14.10,12553200,HSX,stock
2023-02-23,VND,14.30,14.50,13.60,14.50,15.30,13.30,11526300,HSX,stock
2023-02-24,VND,14.50,14.60,13.95,14.00,15.50,13.50,4777900,HSX,stock
2023-02-27,VND,13.70,13.80,13.35,13.40,14.95,13.05,6683700,HSX,stock
2023-02-28,VND,13.65,13.85,13.40,13.45,14.30,12.50,4233100,HSX,stock
2023-03-01,VND,13.40,14.25,13.20,14.25,14.35,12.55,6329400,HSX,stock
2023-03-02,VND,14.30,14.35,13.85,13.90,15.20,13.30,4001800,HSX,stock
2023-03-03,VND,14.05,14.15,13.60,13.60,14.85,12.95,5472800,HSX,stock
2023-03-06,VND,14.00,14.25,13.75,13.85,14.55,12.65,6036900,HSX,stock
2023-03-07,VND,14.00,14.35,13.90,14.20,14.80,12.90,5287500,HSX,stock
2023-03-08,VND,14.00,14.70,13.90,14.70,15.15,13.25,8582500,HSX,stock
2023-03-09,VND,14.75,14.95,14.60,14.70,15.70,13.70,7430100,HSX,stock
2023-03-10,VND,14.55,14.80,14.30,14.50,15.70,13.70,7726500,HSX,stock
2023-03-13,VND,14.30,14.80,14.30,14.50,15.50,13.50,7574500,HSX,stock
2023-03-14,VND,14.55,14.60,13.95,14.00,15.50,13.50,6630300,HSX,stock
2023-03-15,VND,14.60,14.95,14.40,14.95,14.95,13.05,9002400,HSX,stock
2023-03-16,VND,14.90,15.10,14.75,14.80,15.95,13.95,11195400,HSX,stock
2023-03-17,VND,15.15,15.15,14.70,15.00,15.80,13.80,14303100,HSX,stock
2023-03-20,VND,14.85,15.00,14.35,14.35,16.05,13.95,8495700,HSX,stock
2023-03-21,VND,14.60,14.80,14.25,14.80,15.35,13.35,6622000,HSX,stock
2023-03-22,VND,14.90,15.10,14.75,14.80,15.80,13.80,7300700,HSX,stock
2023-03-23,VND,14.65,15.25,14.60,15.15,15.80,13.80,8808700,HSX,stock
2023-03-24,VND,15.30,15.55,15.20,15.30,16.20,14.10,10873900,HSX,stock
2023-03-27,VND,15.35,15.80,15.20,15.45,16.35,14.25,8259200,HSX,stock
2023-03-28,VND,15.60,15.65,15.25,15.25,16.50,14.40,8277900,HSX,stock
2023-03-29,VND,15.25,15.50,15.15,15.40,16.30,14.20,7089200,HSX,stock
2023-03-30,VND,15.70,15.75,15.20,15.25,16.45,14.35,7134500,HSX,stock
2023-03-31,VND,15.25,15.60,15.10,15.50,16.30,14.20,11172400,HSX,stock
2023-04-03,VND,15.95,16.00,15.70,15.90,16.55,14.45,14856700,HSX,stock
2023-04-04,VND,15.90,16.40,15.70,16.20,17.00,14.80,15557800,HSX,stock
2023-04-05,VND,16.10,16.30,15.95,16.20,17.30,15.10,7914400,HSX,stock
2023-04-06,VND,16.30,16.50,15.65,15.65,17.30,15.10,15921000,HSX,stock
2023-04-07,VND,15.65,15.90,15.55,15.80,16.70,14.60,11263500,HSX,stock
2023-04-10,VND,16.10,16.45,15.80,15.90,16.90,14.70,12525400,HSX,stock
2023-04-11,VND,15.90,16.00,15.55,15.90,17.00,14.80,11602400,HSX,stock
2023-04-12,VND,15.90,16.00,15.60,15.60,17.00,14.80,8535700,HSX,stock
2023-04-13,VND,15.65,15.75,15.10,15.20,16.65,14.55,10537400,HSX,stock
2023-04-14,VND,15.30,15.40,14.85,14.85,16.25,14.15,11720300,HSX,stock
2023-04-17,VND,14.85,15.05,14.70,14.90,15.85,13.85,4934200,HSX,stock
2023-04-18,VND,15.00,15.30,14.90,15.20,15.90,13.90,6578100,HSX,stock
2023-04-19,VND,15.30,15.35,14.85,14.90,16.25,14.15,6248100,HSX,stock
2023-04-20,VND,14.90,14.95,14.80,14.85,15.90,13.90,3344900,HSX,stock
2023-04-21,VND,14.85,15.35,14.80,15.05,15.85,13.85,7170000,HSX,stock
2023-04-24,VND,15.05,15.15,14.75,14.95,16.10,14.00,3839500,HSX,stock
2023-04-25,VND,14.95,15.10,14.55,14.60,15.95,13.95,5464100,HSX,stock
2023-04-26,VND,14.60,14.75,14.35,14.65,15.60,13.60,5730400,HSX,stock
2023-04-27,VND,14.75,14.85,14.50,14.55,15.65,13.65,4429700,HSX,stock
2023-04-28,VND,14.70,14.90,14.60,14.90,15.55,13.55,6549100,HSX,stock
2023-05-04,VND,14.75,15.15,14.75,15.00,15.90,13.90,5179800,HSX,stock
2023-05-05,VND,14.90,15.05,14.75,14.75,16.05,13.95,3296000,HSX,stock
2023-05-08,VND,14.85,15.15,14.85,15.15,15.75,13.75,6875000,HSX,stock
2023-05-09,VND,15.15,15.20,15.00,15.05,16.20,14.10,3945300,HSX,stock
2023-05-10,VND,15.15,15.40,15.15,15.30,16.10,14.00,7964900,HSX,stock
2023-05-11,VND,15.40,15.80,15.35,15.55,16.35,14.25,9822600,HSX,stock
2023-05-12,VND,15.55,15.85,15.40,15.85,16.60,14.50,9560200,HSX,stock
2023-05-15,VND,16.00,16.10,15.50,15.50,16.95,14.75,9572800,HSX,stock
2023-05-16,VND,15.50,15.80,15.45,15.60,16.55,14.45,6392600,HSX,stock
2023-05-17,VND,15.55,15.70,15.25,15.25,16.65,14.55,7447400,HSX,stock
2023-05-18,VND,15.35,15.80,15.25,15.50,16.30,14.20,8025700,HSX,stock
2023-05-19,VND,15.60,16.25,15.50,16.10,16.55,14.45,24624300,HSX,stock
2023-05-22,VND,16.25,16.50,16.10,16.20,17.20,15.00,10403600,HSX,stock
2023-05-23,VND,16.30,16.70,16.20,16.45,17.30,15.10,17390600,HSX,stock
2023-05-24,VND,16.70,16.70,16.10,16.10,17.60,15.30,16233700,HSX,stock
2023-05-25,VND,16.00,16.15,15.80,15.85,17.20,15.00,11108100,HSX,stock
2023-05-26,VND,15.95,16.20,15.85,15.95,16.95,14.75,8228800,HSX,stock
2023-05-29,VND,16.20,17.05,16.15,17.05,17.05,14.85,15007500,HSX,stock
2023-05-30,VND,17.25,17.45,17.05,17.40,18.20,15.90,18544900,HSX,stock
2023-05-31,VND,17.40,17.85,17.25,17.50,18.60,16.20,14848800,HSX,stock
2023-06-01,VND,17.50,18.30,17.30,18.20,18.70,16.30,12373600,HSX,stock
2023-06-02,VND,18.35,18.65,18.10,18.30,19.45,16.95,11976900,HSX,stock
2023-06-05,VND,18.60,18.60,17.95,18.05,19.55,17.05,16408100,HSX,stock
2023-06-06,VND,18.05,19.30,17.95,19.30,19.30,16.80,17818900,HSX,stock
2023-06-07,VND,19.45,19.45,19.00,19.25,20.65,17.95,11566100,HSX,stock
2023-06-08,VND,19.20,19.50,18.10,18.10,20.55,17.95,24643800,HSX,stock
2023-06-09,VND,18.30,19.00,18.10,18.95,19.35,16.85,17119900,HSX,stock
2023-06-12,VND,19.00,19.05,18.35,18.85,20.25,17.65,10921500,HSX,stock
2023-06-13,VND,18.95,19.05,18.60,18.65,20.15,17.55,12332500,HSX,stock
2023-06-14,VND,18.80,19.15,18.65,18.70,19.95,17.35,13427400,HSX,stock
2023-06-15,VND,18.70,19.10,18.65,19.10,20.00,17.40,15413100,HSX,stock
2023-06-16,VND,19.40,20.40,19.35,19.40,20.40,17.80,27632700,HSX,stock
2023-06-19,VND,19.60,19.75,19.20,19.20,20.75,18.05,12161500,HSX,stock
2023-06-20,VND,19.20,19.60,18.85,19.60,20.50,17.90,13142000,HSX,stock
2023-06-21,VND,19.65,19.95,19.50,19.75,20.95,18.25,10580900,HSX,stock
2023-06-22,VND,19.85,20.00,19.50,19.65,21.10,18.40,11506400,HSX,stock
2023-06-23,VND,19.65,19.90,19.40,19.70,21.00,18.30,13689100,HSX,stock
2023-06-26,VND,19.65,19.70,18.90,19.35,21.05,18.35,13515200,HSX,stock
2023-06-27,VND,19.45,19.70,19.30,19.65,20.70,18.00,7653500,HSX,stock
2023-06-28,VND,19.90,20.10,19.55,19.55,21.00,18.30,12888700,HSX,stock
2023-06-29,VND,19.55,19.60,18.80,18.80,20.90,18.20,15062200,HSX,stock
2023-06-30,VND,18.80,19.15,18.70,18.90,20.10,17.50,8362300,HSX,stock
2023-07-03,VND,19.10,19.15,18.80,18.85,20.20,17.60,4736300,HSX,stock
2023-07-04,VND,18.80,19.60,18.80,19.60,20.15,17.55,11987500,HSX,stock
2023-07-05,VND,19.70,19.80,19.30,19.30,20.95,18.25,8744700,HSX,stock
2023-07-06,VND,19.25,19.55,17.95,18.05,20.65,17.95,29409000,HSX,stock
2023-07-07,VND,17.80,17.95,16.95,17.70,19.30,16.80,18333500,HSX,stock
2023-07-10,VND,17.70,18.25,17.55,17.75,18.90,16.50,14875800,HSX,stock
2023-07-11,VND,17.70,18.10,17.60,17.90,18.95,16.55,11878700,HSX,stock
2023-07-12,VND,18.00,18.05,17.45,17.60,19.15,16.65,7609000,HSX,stock
2023-07-13,VND,17.80,18.10,17.65,17.95,18.80,16.40,6358200,HSX,stock
2023-07-14,VND,18.10,18.60,18.00,18.50,19.20,16.70,12859900,HSX,stock
2023-07-17,VND,18.70,18.70,18.20,18.30,19.75,17.25,8526700,HSX,stock
2023-07-18,VND,18.30,18.55,18.10,18.40,19.55,17.05,4450500,HSX,stock
2023-07-19,VND,18.55,18.55,18.10,18.10,19.65,17.15,5169200,HSX,stock
2023-07-20,VND,18.15,18.20,17.90,18.15,19.35,16.85,5286200,HSX,stock
2023-07-21,VND,18.30,18.95,18.20,18.80,19.40,16.90,8553500,HSX,stock
2023-07-24,VND,19.10,19.20,18.85,19.05,20.10,17.50,10424700,HSX,stock
2023-07-25,VND,19.25,19.25,18.75,18.90,20.35,17.75,10301400,HSX,stock
2023-07-26,VND,18.95,19.50,18.60,19.30,20.20,17.60,11999300,HSX,stock
2023-07-27,VND,19.40,19.70,19.15,19.40,20.65,17.95,11179000,HSX,stock
2023-07-28,VND,19.45,20.40,19.45,20.30,20.75,18.05,14880300,HSX,stock
2023-07-31,VND,20.55,21.00,20.15,20.80,21.70,18.90,11083000,HSX,stock
2023-08-01,VND,20.80,20.85,20.00,20.00,22.25,19.35,12942300,HSX,stock
2023-08-02,VND,20.00,20.50,19.90,20.20,21.40,18.60,9650200,HSX,stock
2023-08-03,VND,20.00,20.40,19.70,19.80,21.60,18.80,15278100,HSX,stock
2023-08-04,VND,20.00,20.65,19.80,20.60,21.15,18.45,11071900,HSX,stock
2023-08-07,VND,20.75,21.20,20.55,20.55,22.00,19.20,13759600,HSX,stock
2023-08-08,VND,20.70,20.75,20.05,20.10,21.95,19.15,8933600,HSX,stock
2023-08-09,VND,20.10,20.40,19.90,20.00,21.50,18.70,8720000,HSX,stock
2023-08-10,VND,20.05,20.30,19.90,20.10,21.40,18.60,4483600,HSX,stock
2023-08-11,VND,20.20,20.30,19.75,20.05,21.50,18.70,7891100,HSX,stock
2023-08-14,VND,20.40,21.45,20.30,21.40,21.45,18.65,19179900,HSX,stock
2023-08-15,VND,21.45,21.50,21.05,21.10,22.85,19.95,9370400,HSX,stock
2023-08-16,VND,21.00,21.30,20.80,21.30,22.55,19.65,10871300,HSX,stock
2023-08-17,VND,21.60,22.20,21.50,21.50,22.75,19.85,19135900,HSX,stock
2023-08-18,VND,21.25,21.60,20.00,20.00,23.00,20.00,13700800,HSX,stock
2023-08-21,VND,20.45,20.80,19.80,20.45,21.40,18.60,14016100,HSX,stock
2023-08-22,VND,20.50,21.05,19.55,21.00,21.85,19.05,7259100,HSX,stock
2023-08-23,VND,21.30,21.30,20.55,20.55,22.45,19.55,7426200,HSX,stock
2023-08-24,VND,20.70,21.30,20.50,21.30,21.95,19.15,9291200,HSX,stock
2023-08-25,VND,21.35,22.20,21.15,21.85,22.75,19.85,7934700,HSX,stock
2023-08-28,VND,22.00,22.40,21.90,22.20,23.35,20.35,10557600,HSX,stock
2023-08-29,VND,22.40,22.80,22.00,22.40,23.75,20.65,15899400,HSX,stock
2023-08-30,VND,22.50,23.50,22.25,23.50,23.95,20.85,12573300,HSX,stock
2023-08-31,VND,23.55,23.80,23.30,23.50,25.10,21.90,10462500,HSX,stock
2023-09-05,VND,23.70,23.85,23.30,23.50,25.10,21.90,7309100,HSX,stock
2023-09-06,VND,23.50,24.45,23.20,24.00,25.10,21.90,8902200,HSX,stock
2023-09-07,VND,24.20,24.25,23.70,23.80,25.65,22.35,4927400,HSX,stock
2023-09-08,VND,23.60,24.10,23.55,23.65,25.45,22.15,9257700,HSX,stock
2023-09-11,VND,23.80,24.20,23.40,23.40,25.30,22.00,15265900,HSX,stock
2023-09-12,VND,23.40,25.00,23.35,25.00,25.00,21.80,14676900,HSX,stock
2023-09-13,VND,25.15,25.25,24.45,24.50,26.75,23.25,8400400,HSX,stock
2023-09-14,VND,24.50,24.70,24.00,24.15,26.20,22.80,7982200,HSX,stock
2023-09-15,VND,24.30,24.50,23.80,24.00,25.80,22.50,9426800,HSX,stock
2023-09-18,VND,23.95,24.75,23.75,24.55,25.65,22.35,11784800,HSX,stock
2023-09-19,VND,24.85,24.90,24.10,24.75,26.25,22.85,7344300,HSX,stock
2023-09-20,VND,24.80,25.60,24.70,25.25,26.45,23.05,8519100,HSX,stock
2023-09-21,VND,25.20,25.30,24.20,24.20,27.00,23.50,16096300,HSX,stock
2023-09-22,VND,23.30,23.70,22.55,22.55,25.85,22.55,13698500,HSX,stock
2023-09-25,VND,22.40,22.70,21.00,21.00,24.10,21.00,7139500,HSX,stock
2023-09-26,VND,21.00,22.10,20.65,20.65,22.45,19.55,11749000,HSX,stock
2023-09-27,VND,21.00,21.85,20.35,21.85,22.05,19.25,7148400,HSX,stock
2023-09-28,VND,21.70,21.80,20.85,21.05,23.35,20.35,8632900,HSX,stock
2023-09-29,VND,21.30,21.55,20.80,21.00,22.50,19.60,6623600,HSX,stock
2023-10-02,VND,21.00,21.50,21.00,21.10,22.45,19.55,4004600,HSX,stock
2023-10-03,VND,20.85,20.85,19.65,19.65,22.55,19.65,11707400,HSX,stock
2023-10-04,VND,19.00,20.90,19.00,20.35,21.00,18.30,9482500,HSX,stock
2023-10-05,VND,20.60,20.65,19.55,19.55,21.75,18.95,5278100,HSX,stock
2023-10-06,VND,19.60,20.90,19.45,20.90,20.90,18.20,9298100,HSX,stock
2023-10-09,VND,20.90,21.85,20.80,21.60,22.35,19.45,5378200,HSX,stock
2023-10-10,VND,21.95,21.95,21.35,21.40,23.10,20.10,11277300,HSX,stock
2023-10-11,VND,21.50,22.20,21.35,22.20,22.85,19.95,8888500,HSX,stock
2023-10-12,VND,22.30,22.50,21.90,22.05,23.75,20.65,10392200,HSX,stock
2023-10-13,VND,21.80,22.20,21.45,22.00,23.55,20.55,9342300,HSX,stock
2023-10-16,VND,22.00,22.00,20.90,20.95,23.50,20.50,11119600,HSX,stock
2023-10-17,VND,21.10,21.50,20.00,20.00,22.40,19.50,9415200,HSX,stock
2023-10-18,VND,20.30,20.75,19.00,20.15,21.40,18.60,9480200,HSX,stock
2023-10-19,VND,20.10,20.40,19.05,19.15,21.55,18.75,9166600,HSX,stock
2023-10-20,VND,19.15,20.00,18.35,19.95,20.45,17.85,11088600,HSX,stock
2023-10-23,VND,19.95,20.20,19.35,19.40,21.30,18.60,7359100,HSX,stock
2023-10-24,VND,19.60,19.90,19.25,19.75,20.75,18.05,5890200,HSX,stock
2023-10-25,VND,19.80,20.25,19.65,19.65,21.10,18.40,6190300,HSX,stock
2023-10-26,VND,19.00,19.40,18.30,18.30,21.00,18.30,18302500,HSX,stock
2023-10-27,VND,18.60,18.75,17.75,18.50,,,5142300,HSX,stock
2023-10-30,VND,18.20,18.45,17.30,17.30,19.75,17.25,7296400,HSX,stock
2023-10-31,VND,17.30,17.70,16.30,16.30,18.50,16.10,12687600,HSX,stock
2023-11-01,VND,16.50,17.35,16.35,17.35,17.40,15.20,11423600,HSX,stock
2023-11-02,VND,17.70,18.55,17.60,18.55,18.55,16.15,12149200,HSX,stock
2023-11-03,VND,18.60,18.80,18.25,18.50,19.80,17.30,9351200,HSX,stock
2023-11-06,VND,18.85,18.85,18.45,18.70,19.75,17.25,5719900,HSX,stock
2023-11-07,VND,18.50,19.05,18.20,18.30,20.00,17.40,8444000,HSX,stock
2023-11-08,VND,18.30,19.55,18.30,19.55,19.55,17.05,9961800,HSX,stock
2023-11-09,VND,19.80,20.80,19.65,20.05,20.90,18.20,12443300,HSX,stock
2023-11-10,VND,19.80,20.65,19.75,20.05,21.45,18.65,12682200,HSX,stock
2023-11-13,VND,20.20,20.40,19.65,20.20,21.45,18.65,7885100,HSX,stock
2023-11-14,VND,20.50,20.80,20.20,20.40,21.60,18.80,8765900,HSX,stock
2023-11-15,VND,21.10,21.30,20.50,20.50,21.80,19.00,11452500,HSX,stock
2023-11-16,VND,20.50,21.00,20.30,21.00,21.90,19.10,7679000,HSX,stock
2023-11-17,VND,21.10,21.25,20.00,20.25,22.45,19.55,12529500,HSX,stock
2023-11-20,VND,19.60,21.20,19.60,21.20,21.65,18.85,15298800,HSX,stock
2023-11-21,VND,21.50,21.90,21.35,21.70,22.65,19.75,12241200,HSX,stock
2023-11-22,VND,21.75,21.95,21.50,21.90,23.20,20.20,11906300,HSX,stock
2023-11-23,VND,22.00,22.35,20.60,20.60,23.40,20.40,22191700,HSX,stock
2023-11-24,VND,20.95,21.30,20.20,21.30,22.00,19.20,13301800,HSX,stock
2023-11-27,VND,21.30,21.40,20.60,20.60,22.75,19.85,8154200,HSX,stock
2023-11-28,VND,20.60,20.85,19.90,20.80,22.00,19.20,9642000,HSX,stock
2023-11-29,VND,20.80,21.20,20.80,21.05,22.25,19.35,7786200,HSX,stock
2023-11-30,VND,21.10,21.45,20.95,20.95,22.50,19.60,13051200,HSX,stock
2023-12-01,VND,21.20,21.45,20.80,21.35,22.40,19.50,8032400,HSX,stock
2023-12-04,VND,21.80,22.80,21.70,22.70,22.80,19.90,20919800,HSX,stock
2023-12-05,VND,22.70,22.80,22.45,22.55,24.25,21.15,11606400,HSX,stock
2023-12-06,VND,22.55,22.95,22.45,22.75,24.10,21.00,13422300,HSX,stock
2023-12-07,VND,22.80,22.90,21.50,22.00,24.30,21.20,24521600,HSX,stock
2023-12-08,VND,22.00,22.20,21.60,21.70,23.50,20.50,9064800,HSX,stock
2023-12-11,VND,21.70,22.05,21.40,21.95,23.20,20.20,9796600,HSX,stock
2023-12-12,VND,22.00,22.30,22.00,22.05,23.45,20.45,6788600,HSX,stock
2023-12-13,VND,22.25,22.35,21.50,21.60,23.55,20.55,9517100,HSX,stock
2023-12-14,VND,21.95,21.95,21.40,21.45,23.10,20.10,8405500,HSX,stock
2023-12-15,VND,21.45,22.20,21.35,21.80,22.95,19.95,19559300,HSX,stock
2023-12-18,VND,21.90,21.90,21.55,21.55,23.30,20.30,5468800,HSX,stock
2023-12-19,VND,21.55,21.80,21.20,21.80,23.05,20.05,7860600,HSX,stock
2023-12-20,VND,21.85,22.20,21.70,21.95,23.30,20.30,5584200,HSX,stock
2023-12-21,VND,21.75,21.95,21.70,21.75,23.45,20.45,5839600,HSX,stock
2023-12-22,VND,21.80,22.15,21.50,21.50,23.25,20.25,9999900,HSX,stock
2023-12-25,VND,21.50,21.90,21.45,21.70,23.00,20.00,5452100,HSX,stock
2023-12-26,VND,21.75,21.95,21.70,21.85,23.20,20.20,8695200,HSX,stock
2023-12-27,VND,22.00,22.45,21.95,22.00,23.35,20.35,9397200,HSX,stock
2023-12-28,VND,22.00,22.35,21.95,22.15,23.50,20.50,6773200,HSX,stock
2023-12-29,VND,22.20,22.35,22.10,22.25,23.70,20.60,8853000,HSX,stock
2024-01-02,VND,22.45,22.65,22.10,22.15,23.80,20.70,10853400,HSX,stock
2024-01-03,VND,22.15,22.35,21.90,22.35,23.70,20.60,6949300,HSX,stock
2024-01-04,VND,22.45,22.95,22.30,22.30,23.90,20.80,18289500,HSX,stock
2024-01-05,VND,22.35,22.45,22.00,22.30,23.85,20.75,9999100,HSX,stock
2024-01-08,VND,22.40,22.65,22.20,22.25,23.85,20.75,9567000,HSX,stock
2024-01-09,VND,22.30,22.40,22.10,22.15,23.80,20.70,8213500,HSX,stock
2024-01-10,VND,22.15,22.20,21.70,21.75,23.70,20.60,10769100,HSX,stock
2024-01-11,VND,21.75,22.20,21.75,21.95,23.25,20.25,6447000,HSX,stock
2024-01-12,VND,21.75,22.00,21.50,21.80,23.45,20.45,8688500,HSX,stock
2024-01-15,VND,21.85,22.00,21.50,21.50,23.30,20.30,4556300,HSX,stock
2024-01-16,VND,21.45,21.80,21.40,21.80,23.00,20.00,4367300,HSX,stock
2024-01-17,VND,21.80,22.50,21.70,21.95,23.30,20.30,8853400,HSX,stock
2024-01-18,VND,21.90,22.15,21.85,21.90,23.45,20.45,4902400,HSX,stock
2024-01-19,VND,22.15,22.15,21.70,21.70,23.40,20.40,5899400,HSX,stock
2024-01-22,VND,22.15,22.30,21.80,21.95,23.20,20.20,7574400,HSX,stock
2024-01-23,VND,22.00,22.25,21.90,21.90,23.45,20.45,6720200,HSX,stock
2024-01-24,VND,21.95,22.30,21.95,22.05,23.40,20.40,8833100,HSX,stock
2024-01-25,VND,22.05,22.15,21.90,21.90,23.55,20.55,3710300,HSX,stock
2024-01-26,VND,21.95,22.15,21.85,21.95,23.40,20.40,4395200,HSX,stock
2024-01-29,VND,22.00,22.05,21.80,21.80,23.45,20.45,3821700,HSX,stock
2024-01-30,VND,21.80,21.90,21.70,21.85,23.30,20.30,3651800,HSX,stock
2024-01-31,VND,21.95,22.35,21.80,21.80,23.35,20.35,12055000,HSX,stock
2024-02-01,VND,21.80,21.95,21.70,21.75,23.30,20.30,5702200,HSX,stock
2024-02-02,VND,21.80,22.10,21.80,21.80,23.25,20.25,7165100,HSX,stock
2024-02-05,VND,21.95,22.35,21.80,22.20,23.30,20.30,8454400,HSX,stock
2024-02-06,VND,22.30,22.50,22.10,22.10,23.75,20.65,8129300,HSX,stock
2024-02-07,VND,22.15,23.15,22.15,23.00,23.60,20.60,15145100,HSX,stock
2024-02-15,VND,23.30,23.30,22.90,23.00,24.60,21.40,9515000,HSX,stock
2024-02-16,VND,23.20,23.50,23.00,23.20,24.60,21.40,13069000,HSX,stock
2024-02-19,VND,23.30,23.40,22.60,22.95,24.80,21.60,15410600,HSX,stock
2024-02-20,VND,23.20,23.45,23.00,23.00,24.55,21.35,9991500,HSX,stock
2024-02-21,VND,23.00,23.05,22.50,22.60,24.60,21.40,14258500,HSX,stock
2024-02-22,VND,22.60,22.75,22.50,22.50,24.15,21.05,6973300,HSX,stock
2024-02-23,VND,22.55,22.75,21.90,22.05,24.05,20.95,12247500,HSX,stock
2024-02-26,VND,22.05,22.80,22.00,22.65,23.55,20.55,10443000,HSX,stock
2024-02-27,VND,22.80,23.10,22.65,22.80,24.20,21.10,8893900,HSX,stock
2024-02-28,VND,23.00,23.00,22.50,22.60,24.35,21.25,9018700,HSX,stock
2024-02-29,VND,22.75,23.20,22.60,22.65,24.15,21.05,12206900,HSX,stock
2024-03-01,VND,22.90,23.45,22.85,23.20,24.20,21.10,15256300,HSX,stock
2024-03-04,VND,23.60,23.65,23.25,23.45,24.80,21.60,14174300,HSX,stock
2024-03-05,VND,23.45,23.55,23.10,23.50,25.05,21.85,12460800,HSX,stock
2024-03-06,VND,23.40,23.60,22.90,23.00,25.10,21.90,11861000,HSX,stock
2024-03-07,VND,23.00,23.60,22.85,23.50,24.60,21.40,13942300,HSX,stock
2024-03-08,VND,23.70,24.30,23.50,23.50,25.10,21.90,25486600,HSX,stock
2024-03-11,VND,23.50,23.65,22.80,22.90,25.10,21.90,13742500,HSX,stock
2024-03-12,VND,22.80,22.95,22.55,22.60,24.50,21.30,13625300,HSX,stock
2024-03-13,VND,22.70,23.60,22.55,23.55,24.15,21.05,13944100,HSX,stock
2024-03-14,VND,23.75,24.15,23.20,23.30,25.15,21.95,15590600,HSX,stock
2024-03-15,VND,23.30,23.65,23.10,23.55,24.90,21.70,15275300,HSX,stock
2024-03-18,VND,23.80,23.90,22.20,23.20,25.15,21.95,17843900,HSX,stock
2024-03-19,VND,23.35,23.40,22.70,23.05,24.80,21.60,7890500,HSX,stock
2024-03-20,VND,23.00,23.45,22.75,23.40,24.65,21.45,9053500,HSX,stock
2024-03-21,VND,23.95,24.50,23.85,24.25,25.00,21.80,21906800,HSX,stock
2024-03-22,VND,24.40,24.65,24.05,24.30,25.90,22.60,14861900,HSX,stock
2024-03-25,VND,24.10,24.85,23.55,23.95,26.00,22.60,33516100,HSX,stock
2024-03-26,VND,23.05,23.50,22.75,23.45,25.60,22.30,28443500,HSX,stock
2024-03-27,VND,23.75,23.80,23.20,23.30,25.05,21.85,14486400,HSX,stock
2024-03-28,VND,23.40,23.70,22.90,23.20,24.90,21.70,17034500,HSX,stock
2024-03-29,VND,23.20,23.25,22.85,22.95,24.80,21.60,13821000,HSX,stock
2024-04-01,VND,22.95,23.30,22.70,22.90,24.55,21.35,12060600,HSX,stock
2024-04-02,VND,22.90,23.10,22.55,23.10,24.50,21.30,11371300,HSX,stock
2024-04-03,VND,23.15,23.30,22.70,22.80,24.70,21.50,10055300,HSX,stock
2024-04-04,VND,22.75,22.85,22.45,22.50,24.35,21.25,8315200,HSX,stock
2024-04-05,VND,22.20,22.30,22.05,22.05,24.05,20.95,12399000,HSX,stock
2024-04-08,VND,22.05,22.20,21.65,21.65,23.55,20.55,8278300,HSX,stock
2024-04-09,VND,21.65,22.30,21.60,22.25,23.15,20.15,6850100,HSX,stock
2024-04-10,VND,22.35,22.35,22.00,22.00,23.80,20.70,4738700,HSX,stock
2024-04-11,VND,21.70,21.95,21.60,21.80,23.50,20.50,5134900,HSX,stock
2024-04-12,VND,22.00,22.20,21.80,21.95,23.30,20.30,5297000,HSX,stock
2024-04-15,VND,21.95,22.20,20.45,20.45,23.45,20.45,12498800,HSX,stock
2024-04-16,VND,20.30,20.50,19.25,20.10,21.85,19.05,11160200,HSX,stock
2024-04-17,VND,20.10,20.25,19.35,19.35,21.50,18.70,5555500,HSX,stock
2024-04-19,VND,19.00,19.80,18.30,18.90,20.70,18.00,8490700,HSX,stock
2024-04-22,VND,19.80,20.20,19.45,20.20,20.20,17.60,8010100,HSX,stock
2024-04-23,VND,20.40,20.50,19.60,19.70,21.60,18.80,5995500,HSX,stock
2024-04-24,VND,20.10,21.00,20.00,20.90,21.05,18.35,6156600,HSX,stock
2024-04-25,VND,20.80,21.20,20.70,21.00,22.35,19.45,5351600,HSX,stock
2024-04-26,VND,20.55,20.90,20.50,20.65,22.45,19.55,4879600,HSX,stock
2024-05-02,VND,20.65,20.70,20.15,20.30,22.05,19.25,3502800,HSX,stock
2024-05-03,VND,20.65,20.65,20.30,20.30,21.70,18.90,3044300,HSX,stock
2024-05-06,VND,20.50,21.20,20.45,21.10,21.70,18.90,5291000,HSX,stock
2024-05-07,VND,21.15,21.20,20.80,20.95,22.55,19.65,3261100,HSX,stock
2024-05-08,VND,20.80,21.05,20.45,20.90,22.40,19.50,4581000,HSX,stock
2024-05-09,VND,20.95,21.10,20.60,20.60,22.35,19.45,3691700,HSX,stock
2024-05-10,VND,20.70,20.80,20.50,20.80,22.00,19.20,2948900,HSX,stock
2024-05-13,VND,20.95,21.00,20.65,20.80,22.25,19.35,2762100,HSX,stock
2024-05-14,VND,20.80,20.95,20.70,20.70,22.25,19.35,2545900,HSX,stock
2024-05-15,VND,20.75,21.20,20.70,21.00,22.10,19.30,4352200,HSX,stock
2024-05-16,VND,21.25,21.35,21.00,21.05,22.45,19.55,4193600,HSX,stock
2024-05-17,VND,21.10,22.00,21.05,21.90,22.50,19.60,8202700,HSX,stock
2024-05-20,VND,22.15,22.35,21.70,21.70,23.40,20.40,6936000,HSX,stock
2024-05-21,VND,21.60,21.90,21.25,21.45,23.20,20.20,6665100,HSX,stock
2024-05-22,VND,21.50,21.90,21.30,21.30,22.95,19.95,8775700,HSX,stock
2024-05-23,VND,21.20,21.35,20.00,20.60,22.75,19.85,12597400,HSX,stock
2024-05-24,VND,20.50,20.55,19.85,20.05,22.00,19.20,9556900,HSX,stock
2024-05-27,VND,20.10,20.40,20.05,20.25,21.45,18.65,4232400,HSX,stock
2024-05-28,VND,20.25,20.50,20.20,20.40,21.65,18.85,12298100,HSX,stock
2024-05-29,VND,18.55,18.75,18.10,18.20,19.15,16.65,10305600,HSX,stock
2024-05-30,VND,18.00,18.20,17.65,17.85,19.45,16.95,8751300,HSX,stock
2024-05-31,VND,18.00,18.00,17.80,17.80,19.05,16.65,3003300,HSX,stock
2024-06-03,VND,18.25,18.40,18.10,18.15,19.00,16.60,5855100,HSX,stock
2024-06-04,VND,18.25,18.40,18.00,18.00,19.40,16.90,5925600,HSX,stock
2024-06-05,VND,18.00,18.25,18.00,18.10,19.25,16.75,3862800,HSX,stock
2024-06-06,VND,18.10,18.30,17.95,17.95,19.35,16.85,4508200,HSX,stock
2024-06-07,VND,18.00,18.10,17.85,17.90,19.20,16.70,3030700,HSX,stock
2024-06-10,VND,18.00,18.10,17.85,17.85,19.15,16.65,5155900,HSX,stock
2024-06-11,VND,18.00,18.00,17.65,17.75,19.05,16.65,4466000,HSX,stock
2024-06-12,VND,17.75,18.15,17.75,18.05,18.95,16.55,4115600,HSX,stock
2024-06-13,VND,18.15,18.25,18.00,18.15,19.30,16.80,5761800,HSX,stock
2024-06-14,VND,18.20,18.30,17.85,17.85,19.40,16.90,7117200,HSX,stock
2024-06-17,VND,17.85,17.90,17.50,17.50,19.05,16.65,5455500,HSX,stock
2024-06-18,VND,17.50,17.70,17.20,17.20,18.70,16.30,6226500,HSX,stock
2024-06-19,VND,17.20,17.35,16.85,16.90,18.40,16.00,7645100,HSX,stock
2024-06-20,VND,16.90,17.10,16.55,16.70,18.05,15.75,5861500,HSX,stock
2024-06-21,VND,16.70,16.80,16.20,16.20,17.85,15.55,10994200,HSX,stock
2024-06-24,VND,16.20,16.80,16.15,16.35,17.30,15.10,8915200,HSX,stock
2024-06-25,VND,16.35,16.60,16.30,16.40,17.45,15.25,3904900,HSX,stock
2024-06-26,VND,16.50,17.00,16.50,16.70,17.50,15.30,5369200,HSX,stock
2024-06-27,VND,16.75,16.80,16.35,16.40,17.85,15.55,3401200,HSX,stock
2024-06-28,VND,16.50,16.50,16.05,16.05,17.50,15.30,4499700,HSX,stock
2024-07-01,VND,16.15,16.25,15.90,16.10,17.15,14.95,3895200,HSX,stock
2024-07-02,VND,16.10,16.45,16.10,16.20,17.20,15.00,3950500,HSX,stock
2024-07-03,VND,16.30,16.35,16.15,16.20,17.30,15.10,4524200,HSX,stock
2024-07-04,VND,16.25,16.95,16.20,16.60,17.30,15.10,6580800,HSX,stock
2024-07-05,VND,16.60,16.75,16.50,16.60,17.75,15.45,3592100,HSX,stock
2024-07-08,VND,16.90,16.90,16.35,16.35,17.75,15.45,4900400,HSX,stock
2024-07-09,VND,16.35,16.60,16.30,16.55,17.45,15.25,4077300,HSX,stock
2024-07-10,VND,16.50,16.60,16.25,16.30,17.70,15.40,3885100,HSX,stock
2024-07-11,VND,16.40,16.60,16.40,16.55,17.40,15.20,3587000,HSX,stock
2024-07-12,VND,16.55,16.70,16.40,16.45,17.70,15.40,3543200,HSX,stock
2024-07-15,VND,16.45,16.55,16.20,16.20,17.60,15.30,4229000,HSX,stock
2024-07-16,VND,16.20,16.35,15.85,15.95,17.30,15.10,6200900,HSX,stock
2024-07-17,VND,16.05,16.15,15.30,15.40,17.05,14.85,6032400,HSX,stock
2024-07-18,VND,15.45,15.65,15.00,15.50,16.45,14.35,5313800,HSX,stock
2024-07-19,VND,15.65,16.15,15.50,15.90,16.55,14.45,5366200,HSX,stock
2024-07-22,VND,15.90,16.05,15.55,16.00,17.00,14.80,5578600,HSX,stock
2024-07-23,VND,16.10,16.10,15.55,15.70,17.10,14.90,2591500,HSX,stock
2024-07-24,VND,15.70,15.95,15.10,15.85,16.75,14.65,4874100,HSX,stock
2024-07-25,VND,15.60,15.90,15.45,15.70,16.95,14.75,2305600,HSX,stock
2024-07-26,VND,15.75,15.90,15.65,15.75,16.75,14.65,2308600,HSX,stock
2024-07-29,VND,15.85,16.00,15.65,15.65,16.85,14.65,3031300,HSX,stock
2024-07-30,VND,15.65,15.80,15.45,15.50,16.70,14.60,2861100,HSX,stock
2024-07-31,VND,15.65,15.75,15.50,15.55,16.55,14.45,2134700,HSX,stock
2024-08-01,VND,15.60,15.65,15.00,15.00,16.60,14.50,4944800,HSX,stock
2024-08-02,VND,14.90,15.35,14.55,15.25,16.05,13.95,4233500,HSX,stock
2024-08-05,VND,14.85,15.00,14.20,14.20,16.30,14.20,6280400,HSX,stock
2024-08-06,VND,14.50,14.80,14.20,14.75,15.15,13.25,3922100,HSX,stock
2024-08-07,VND,14.80,14.80,14.45,14.65,15.75,13.75,2046100,HSX,stock
2024-08-08,VND,14.60,15.20,14.50,14.70,15.65,13.65,4788800,HSX,stock
2024-08-09,VND,15.00,15.20,14.85,15.15,15.70,13.70,4178100,HSX,stock
2024-08-12,VND,15.15,15.30,15.00,15.05,16.20,14.10,3025400,HSX,stock
2024-08-13,VND,15.10,15.15,14.50,14.70,16.10,14.00,5369600,HSX,stock
2024-08-14,VND,14.80,14.80,14.45,14.45,15.70,13.70,3201300,HSX,stock
2024-08-15,VND,14.50,14.55,14.25,14.25,15.45,13.45,2470700,HSX,stock
2024-08-16,VND,14.35,15.15,14.35,15.00,15.20,13.30,6285400,HSX,stock
2024-08-19,VND,15.10,15.30,14.95,14.95,16.05,13.95,3839200,HSX,stock
2024-08-20,VND,14.90,15.60,14.90,15.55,15.95,13.95,7586100,HSX,stock
2024-08-21,VND,15.60,15.75,15.45,15.55,16.60,14.50,4743300,HSX,stock
2024-08-22,VND,15.60,15.95,15.50,15.60,16.60,14.50,5969800,HSX,stock
2024-08-23,VND,15.75,15.80,15.40,15.60,16.65,14.55,5251600,HSX,stock
2024-08-26,VND,15.75,16.00,15.65,15.70,16.65,14.55,7350800,HSX,stock
2024-08-27,VND,15.65,15.75,15.40,15.45,16.75,14.65,4857600,HSX,stock
2024-08-28,VND,15.55,15.60,15.25,15.40,16.50,14.40,3695600,HSX,stock
2024-08-29,VND,15.55,15.85,15.55,15.60,16.45,14.35,4282200,HSX,stock
2024-08-30,VND,15.75,15.75,15.50,15.50,16.65,14.55,3383500,HSX,stock
2024-09-04,VND,15.30,15.40,15.05,15.25,16.55,14.45,5239700,HSX,stock
2024-09-05,VND,15.25,15.50,15.15,15.25,16.30,14.20,3858700,HSX,stock
2024-09-06,VND,15.25,15.40,15.15,15.20,16.30,14.20,3740400,HSX,stock
2024-09-09,VND,15.20,15.35,15.10,15.20,16.25,14.15,3338800,HSX,stock
2024-09-10,VND,14.90,14.95,14.45,14.50,15.70,13.70,4799900,HSX,stock
2024-09-11,VND,14.45,14.55,14.15,14.30,15.50,13.50,3238100,HSX,stock
2024-09-12,VND,14.45,14.50,14.30,14.30,15.30,13.30,1800600,HSX,stock
2024-09-13,VND,14.30,14.50,14.25,14.30,15.30,13.30,2701800,HSX,stock
2024-09-16,VND,14.30,14.40,14.10,14.10,15.30,13.30,4463600,HSX,stock
2024-09-17,VND,14.10,14.55,14.10,14.55,15.05,13.15,3147700,HSX,stock
2024-09-18,VND,14.60,14.90,14.55,14.70,15.55,13.55,4961700,HSX,stock
2024-09-19,VND,14.80,14.85,14.60,14.60,15.70,13.70,5208300,HSX,stock
2024-09-20,VND,14.75,15.20,14.75,15.00,15.60,13.60,11137400,HSX,stock
2024-09-23,VND,15.00,15.10,14.80,14.85,16.05,13.95,5111600,HSX,stock
2024-09-24,VND,14.80,14.85,14.65,14.80,15.85,13.85,5044200,HSX,stock
2024-09-25,VND,14.90,15.15,14.85,15.05,15.80,13.80,8582300,HSX,stock
2024-09-26,VND,15.15,15.30,15.05,15.05,16.10,14.00,5866100,HSX,stock
2024-09-27,VND,15.15,15.55,15.10,15.20,16.10,14.00,9209300,HSX,stock
2024-09-30,VND,15.20,15.45,15.15,15.25,16.25,14.15,5639600,HSX,stock
2024-10-01,VND,15.30,15.70,15.30,15.45,16.30,14.20,9339400,HSX,stock
2024-10-02,VND,15.35,15.40,15.10,15.10,16.50,14.40,6722100,HSX,stock
2024-10-03,VND,15.15,15.30,14.80,14.80,16.15,14.05,8242200,HSX,stock
2024-10-04,VND,14.80,14.95,14.65,14.65,15.80,13.80,6175300,HSX,stock
2024-10-07,VND,14.80,15.10,14.75,14.95,15.65,13.65,4553000,HSX,stock
2024-10-08,VND,14.95,15.15,14.80,14.85,15.95,13.95,4232300,HSX,stock
2024-10-09,VND,14.90,15.35,14.85,15.20,15.85,13.85,6241900,HSX,stock
2024-10-10,VND,15.30,15.45,15.10,15.10,16.25,14.15,5290400,HSX,stock
2024-10-11,VND,15.15,15.35,15.10,15.20,16.15,14.05,4085400,HSX,stock
2024-10-14,VND,15.35,15.45,15.10,15.15,16.25,14.15,5510700,HSX,stock
2024-10-15,VND,15.15,15.30,14.80,14.80,16.20,14.10,7770800,HSX,stock
2024-10-16,VND,14.80,14.95,14.60,14.65,15.80,13.80,5232500,HSX,stock
2024-10-17,VND,14.70,14.90,14.60,14.90,15.65,13.65,3728100,HSX,stock
2024-10-18,VND,14.95,15.05,14.85,14.85,15.90,13.90,3552100,HSX,stock
2024-10-21,VND,14.75,15.00,14.65,14.70,15.85,13.85,5594600,HSX,stock
2024-10-22,VND,14.65,14.80,14.60,14.65,15.70,13.70,4907600,HSX,stock
2024-10-23,VND,14.70,14.75,14.55,14.60,15.65,13.65,4623600,HSX,stock
2024-10-24,VND,14.60,14.65,14.30,14.30,15.60,13.60,5742600,HSX,stock
2024-10-25,VND,14.40,14.50,14.30,14.30,15.30,13.30,3057500,HSX,stock
2024-10-28,VND,14.30,14.65,14.30,14.60,15.30,13.30,3834800,HSX,stock
2024-10-29,VND,14.70,14.80,14.60,14.70,15.60,13.60,2711800,HSX,stock
2024-10-30,VND,14.70,14.75,14.45,14.50,15.70,13.70,2420800,HSX,stock
2024-10-31,VND,14.55,14.65,14.45,14.55,15.50,13.50,2600000,HSX,stock
2024-11-01,VND,14.45,14.50,14.35,14.35,15.55,13.55,2842800,HSX,stock
2024-11-04,VND,14.45,14.50,14.20,14.30,15.35,13.35,3495700,HSX,stock
2024-11-05,VND,14.35,14.40,14.30,14.35,15.30,13.30,1831500,HSX,stock
2024-11-06,VND,14.45,14.70,14.40,14.70,15.35,13.35,3259300,HSX,stock
2024-11-07,VND,14.75,14.85,14.70,14.70,15.70,13.70,3408200,HSX,stock
2024-11-08,VND,14.75,14.90,14.65,14.80,15.70,13.70,4719700,HSX,stock
2024-11-11,VND,14.75,14.80,14.45,14.50,15.80,13.80,3508700,HSX,stock
2024-11-12,VND,14.60,14.70,14.35,14.40,15.50,13.50,2992700,HSX,stock
2024-11-13,VND,14.30,14.45,14.20,14.35,15.40,13.40,4113200,HSX,stock
2024-11-14,VND,14.30,14.35,14.00,14.00,15.35,13.35,3248800,HSX,stock
2024-11-15,VND,13.90,14.10,13.70,13.70,14.95,13.05,4908600,HSX,stock
2024-11-18,VND,13.70,14.00,13.60,13.85,14.65,12.75,3360000,HSX,stock
2024-11-19,VND,13.90,13.95,13.70,13.70,14.80,12.90,1926700,HSX,stock
2024-11-20,VND,13.70,14.10,13.60,13.80,14.65,12.75,2834600,HSX,stock
2024-11-21,VND,13.85,13.95,13.80,13.90,14.75,12.85,1255400,HSX,stock
2024-11-22,VND,13.90,14.00,13.70,13.70,14.85,12.95,2616600,HSX,stock
2024-11-25,VND,13.75,13.90,13.70,13.90,14.65,12.75,2756800,HSX,stock
2024-11-26,VND,13.90,14.15,13.85,14.05,14.85,12.95,2611900,HSX,stock
2024-11-27,VND,14.10,14.10,13.85,13.90,15.00,13.10,1603200,HSX,stock
2024-11-28,VND,14.00,14.05,13.85,13.90,14.85,12.95,1958100,HSX,stock
2024-11-29,VND,13.95,13.95,13.75,13.75,14.85,12.95,2895600,HSX,stock
2024-12-02,VND,13.90,13.90,13.80,13.85,14.70,12.80,2597800,HSX,stock
2024-12-03,VND,13.85,13.90,13.70,13.75,14.80,12.90,2650900,HSX,stock
2024-12-04,VND,13.75,13.75,13.20,13.25,14.70,12.80,7287200,HSX,stock
2024-12-05,VND,13.25,13.90,12.50,13.85,14.15,12.35,12524300,HSX,stock
2024-12-06,VND,13.90,13.95,13.45,13.55,14.80,12.90,3717800,HSX,stock
2024-12-09,VND,13.55,13.60,13.40,13.45,14.45,12.65,4768000,HSX,stock
2024-12-10,VND,13.45,13.50,13.30,13.40,14.35,12.55,3644500,HSX,stock
2024-12-11,VND,13.35,13.45,13.20,13.20,14.30,12.50,3325800,HSX,stock
2024-12-12,VND,13.20,13.40,13.20,13.25,14.10,12.30,2452000,HSX,stock
2024-12-13,VND,13.25,13.30,13.10,13.15,14.15,12.35,2821800,HSX,stock
2024-12-16,VND,13.05,13.25,13.05,13.10,14.05,12.25,2821600,HSX,stock
2024-12-17,VND,13.15,13.25,13.05,13.10,14.00,12.20,1671600,HSX,stock
2024-12-18,VND,13.15,13.20,13.10,13.15,14.00,12.20,1953700,HSX,stock
2024-12-19,VND,13.00,13.05,12.85,12.95,14.05,12.25,3909000,HSX,stock
2024-12-20,VND,13.00,13.05,12.70,12.70,13.85,12.05,5385500,HSX,stock
2024-12-23,VND,12.75,12.95,12.75,12.80,13.55,11.85,2537600,HSX,stock
2024-12-24,VND,12.80,12.85,12.65,12.75,13.65,11.95,2414200,HSX,stock
2024-12-25,VND,12.80,13.20,12.80,13.00,13.60,11.90,3861400,HSX,stock
2024-12-26,VND,13.10,13.15,12.90,12.95,13.90,12.10,2074700,HSX,stock
2024-12-27,VND,12.95,13.00,12.80,12.85,13.85,12.05,2319000,HSX,stock
2024-12-30,VND,12.80,12.95,12.75,12.75,13.70,12.00,1991500,HSX,stock
2024-12-31,VND,12.80,12.80,12.60,12.60,13.60,11.90,3742900,HSX,stock
2025-01-02,VND,12.60,12.75,12.60,12.60,13.45,11.75,2684700,HSX,stock
2025-01-03,VND,12.60,12.65,12.30,12.35,13.45,11.75,3645500,HSX,stock
2025-01-06,VND,12.30,12.40,11.95,11.95,13.20,11.50,3783500,HSX,stock
2025-01-07,VND,11.95,12.15,11.75,11.80,12.75,11.15,3313200,HSX,stock
2025-01-08,VND,11.65,11.95,11.65,11.85,12.60,11.00,3173100,HSX,stock
2025-01-09,VND,11.85,11.95,11.80,11.80,12.65,11.05,1964700,HSX,stock
2025-01-10,VND,11.80,11.85,11.40,11.45,12.60,11.00,3999300,HSX,stock
2025-01-13,VND,11.35,11.65,11.25,11.55,12.25,10.65,3651300,HSX,stock
2025-01-14,VND,11.55,11.55,11.25,11.25,12.35,10.75,2919900,HSX,stock
2025-01-15,VND,11.25,11.50,11.25,11.45,12.00,10.50,2732000,HSX,stock
2025-01-16,VND,11.70,12.25,11.60,12.25,12.25,10.65,8501300,HSX,stock
2025-01-17,VND,12.25,12.25,12.05,12.15,13.10,11.40,2788100,HSX,stock
2025-01-20,VND,12.20,12.30,11.90,11.95,13.00,11.30,4115800,HSX,stock
2025-01-21,VND,12.00,12.20,11.95,11.95,12.75,11.15,3073600,HSX,stock
2025-01-22,VND,12.00,12.05,11.70,11.70,12.75,11.15,3948300,HSX,stock
2025-01-23,VND,11.75,12.20,11.70,12.00,12.50,10.90,3817500,HSX,stock
2025-01-24,VND,12.10,12.10,11.95,12.00,12.80,11.20,2880200,HSX,stock
2025-02-03,VND,11.95,11.95,11.60,11.60,12.80,11.20,7079700,HSX,stock
2025-02-04,VND,11.75,12.40,11.70,12.40,12.40,10.80,7690800,HSX,stock
2025-02-05,VND,12.60,12.75,12.35,12.45,13.25,11.55,7891800,HSX,stock
2025-02-06,VND,12.60,13.15,12.55,12.90,13.30,11.60,7874700,HSX,stock
2025-02-07,VND,13.00,13.00,12.70,12.80,13.80,12.00,3407000,HSX,stock
2025-02-10,VND,12.70,12.80,12.55,12.60,13.65,11.95,5956100,HSX,stock
2025-02-11,VND,12.60,12.75,12.55,12.65,13.45,11.75,4352800,HSX,stock
2025-02-12,VND,12.65,12.95,12.65,12.70,13.50,11.80,3248700,HSX,stock
2025-02-13,VND,12.70,12.75,12.55,12.65,13.55,11.85,3601700,HSX,stock
2025-02-14,VND,12.75,12.90,12.70,12.75,13.50,11.80,4866200,HSX,stock
2025-02-17,VND,12.80,13.30,12.75,13.10,13.60,11.90,9451400,HSX,stock
2025-02-18,VND,13.10,13.30,13.05,13.20,14.00,12.20,4419800,HSX,stock
2025-02-19,VND,13.20,13.35,13.15,13.30,14.10,12.30,6466900,HSX,stock
2025-02-20,VND,13.30,13.50,13.30,13.40,14.20,12.40,6711600,HSX,stock
2025-02-21,VND,13.40,13.45,13.20,13.35,14.30,12.50,5303800,HSX,stock
2025-02-24,VND,13.15,13.60,13.10,13.55,14.25,12.45,7657700,HSX,stock
2025-02-25,VND,13.60,13.95,13.55,13.70,14.45,12.65,7204700,HSX,stock
2025-02-26,VND,13.80,13.90,13.65,13.75,14.65,12.75,5622100,HSX,stock
2025-02-27,VND,13.80,13.80,13.40,13.65,14.70,12.80,8290600,HSX,stock
2025-02-28,VND,13.70,13.90,13.55,13.60,14.60,12.70,5019100,HSX,stock
2025-03-03,VND,13.60,13.80,13.45,13.70,14.55,12.65,5480300,HSX,stock
2025-03-04,VND,13.55,13.70,13.30,13.55,14.65,12.75,5380600,HSX,stock
2025-03-05,VND,13.50,13.75,13.40,13.40,14.45,12.65,5611200,HSX,stock
2025-03-06,VND,13.45,13.80,13.40,13.80,14.30,12.50,7731600,HSX,stock
2025-03-07,VND,13.80,13.90,13.65,13.70,14.75,12.85,6166100,HSX,stock
2025-03-10,VND,13.90,14.45,13.85,14.10,14.65,12.75,10706200,HSX,stock
2025-03-11,VND,13.85,14.50,13.85,14.35,15.05,13.15,11806600,HSX,stock
2025-03-12,VND,14.50,15.20,14.35,15.10,15.35,13.35,22518400,HSX,stock
2025-03-13,VND,15.00,15.30,14.85,14.95,16.15,14.05,15265200,HSX,stock
2025-03-14,VND,14.90,15.15,14.90,14.95,15.95,13.95,11067900,HSX,stock
2025-03-17,VND,15.00,15.10,14.65,14.90,15.95,13.95,7580800,HSX,stock
2025-03-18,VND,15.00,15.25,14.75,15.20,15.90,13.90,11719900,HSX,stock
2025-03-19,VND,15.15,15.20,14.90,15.10,16.25,14.15,9461800,HSX,stock
2025-03-20,VND,15.00,15.25,14.95,15.15,16.15,14.05,10324100,HSX,stock
2025-03-21,VND,15.15,15.65,15.10,15.35,16.20,14.10,16037300,HSX,stock
2025-03-24,VND,15.35,15.60,15.30,15.60,16.40,14.30,9807100,HSX,stock
2025-03-25,VND,15.70,15.75,15.30,15.35,16.65,14.55,10991800,HSX,stock
2025-03-26,VND,15.25,15.50,15.15,15.25,16.40,14.30,9363500,HSX,stock
2025-03-27,VND,15.10,15.65,15.10,15.55,16.30,14.20,9815000,HSX,stock
2025-03-28,VND,15.60,15.90,15.55,15.70,16.60,14.50,11777100,HSX,stock
2025-03-31,VND,15.45,15.60,15.15,15.30,16.75,14.65,6366500,HSX,stock
2025-04-01,VND,15.40,15.60,15.25,15.40,16.35,14.25,6386000,HSX,stock
2025-04-02,VND,15.40,16.00,15.35,15.90,16.45,14.35,11497600,HSX,stock
2025-04-03,VND,15.15,15.25,14.80,14.80,17.00,14.80,18132600,HSX,stock
2025-04-04,VND,13.80,14.60,13.80,14.60,15.80,13.80,18982200,HSX,stock
2025-04-08,VND,14.20,14.30,13.60,13.60,15.60,13.60,7517300,HSX,stock
2025-04-09,VND,12.65,13.75,12.65,12.65,14.55,12.65,16666700,HSX,stock
2025-04-10,VND,13.50,13.50,13.50,13.50,13.50,11.80,1610700,HSX,stock
2025-04-11,VND,14.00,14.40,13.80,14.40,14.40,12.60,13888200,HSX,stock
2025-04-14,VND,14.70,15.40,14.65,15.35,15.40,13.40,8274700,HSX,stock
2025-04-15,VND,15.25,15.60,14.95,15.00,16.40,14.30,10186400,HSX,stock
2025-04-16,VND,15.00,15.45,15.00,15.20,16.05,13.95,8700900,HSX,stock
2025-04-17,VND,14.95,15.45,14.95,15.40,16.25,14.15,9298000,HSX,stock
2025-04-18,VND,15.50,16.20,15.35,15.65,16.45,14.35,17585700,HSX,stock
2025-04-21,VND,15.50,15.60,15.00,15.35,16.70,14.60,12463100,HSX,stock
2025-04-22,VND,15.15,15.15,14.30,15.00,16.40,14.30,25290900,HSX,stock
2025-04-23,VND,15.40,15.40,15.05,15.10,16.05,13.95,5535300,HSX,stock
2025-04-24,VND,15.10,15.25,14.70,14.90,16.15,14.05,5955000,HSX,stock
2025-04-25,VND,15.05,15.05,14.70,14.70,15.90,13.90,4193600,HSX,stock
2025-04-28,VND,14.80,14.90,14.65,14.80,15.70,13.70,3590500,HSX,stock
2025-04-29,VND,14.80,14.85,14.60,14.60,15.80,13.80,4900800,HSX,stock
2025-05-05,VND,14.90,14.90,14.45,14.85,15.60,13.60,15555000,HSX,stock
2025-05-06,VND,14.95,15.10,14.65,14.65,,,18188400,HSX,stock
2025-05-07,VND,14.65,14.75,14.45,14.55,15.65,13.65,13674800,HSX,stock
2025-05-08,VND,14.65,14.90,14.50,14.85,15.55,13.55,16042400,HSX,stock
2025-05-09,VND,14.90,15.20,14.85,14.90,15.85,13.85,25624300,HSX,stock
2025-05-12,VND,14.90,15.05,14.80,15.05,15.90,13.90,56722100,HSX,stock
2025-05-13,VND,15.25,15.45,15.05,15.15,16.10,14.00,48446100,HSX,stock
2025-05-14,VND,15.25,15.50,15.00,15.30,16.20,14.10,40508600,HSX,stock
2025-05-15,VND,15.45,15.60,15.20,15.40,16.35,14.25,23959700,HSX,stock
2025-05-16,VND,15.40,15.70,15.20,15.20,16.45,14.35,51334200,HSX,stock
2025-05-19,VND,15.25,15.25,14.80,14.80,16.25,14.15,59923800,HSX,stock
2025-05-20,VND,14.95,15.20,14.60,15.15,15.80,13.80,21439700,HSX,stock
2025-05-21,VND,15.20,15.45,15.00,15.40,16.20,14.10,102224600,HSX,stock
2025-05-22,VND,15.40,16.15,15.30,15.65,16.45,14.35,93135700,HSX,stock
2025-05-23,VND,15.70,15.80,15.50,15.55,16.70,14.60,43424900,HSX,stock
2025-05-26,VND,15.55,15.75,15.05,15.75,16.60,14.50,28052400,HSX,stock
2025-05-27,VND,15.85,16.35,15.75,16.20,16.85,14.65,64172900,HSX,stock
2025-05-28,VND,16.35,16.50,16.00,16.15,17.30,15.10,67723100,HSX,stock
2025-05-29,VND,16.15,16.30,15.75,15.75,17.25,15.05,151233300,HSX,stock
2025-05-30,VND,15.70,16.15,15.55,15.70,16.85,14.65,80252700,HSX,stock
2025-06-02,VND,15.75,16.35,15.60,16.35,16.75,14.65,454622500,HSX,stock
2025-06-03,VND,16.65,17.45,16.55,17.45,17.45,15.25,432828700,HSX,stock
2025-06-04,VND,17.45,17.70,17.30,17.30,18.65,16.25,69535600,HSX,stock
2025-06-05,VND,17.30,17.40,16.95,17.10,18.50,16.10,66226400,HSX,stock
2025-06-06,VND,17.00,17.00,16.35,16.45,18.25,15.95,243864000,HSX,stock
2025-06-09,VND,16.40,16.60,16.15,16.20,17.60,15.30,112245200,HSX,stock
2025-06-10,VND,16.20,16.60,16.10,16.30,17.30,15.10,41173800,HSX,stock
2025-06-11,VND,16.35,16.35,15.95,16.10,17.40,15.20,51419000,HSX,stock
2025-06-12,VND,16.30,16.70,16.25,16.50,17.20,15.00,34588500,HSX,stock
2025-06-13,VND,16.15,16.40,15.90,16.15,17.65,15.35,68427200,HSX,stock
2025-06-16,VND,16.05,16.80,16.05,16.80,17.25,15.05,221867600,HSX,stock
2025-06-17,VND,16.90,16.95,16.50,16.75,17.95,15.65,48184600,HSX,stock
2025-06-18,VND,16.70,16.90,16.50,16.50,17.90,15.60,67099200,HSX,stock
2025-06-19,VND,16.45,16.65,16.30,16.60,17.65,15.35,62272800,HSX,stock
2025-06-20,VND,16.70,16.90,16.50,16.65,17.75,15.45,60076800,HSX,stock
2025-06-23,VND,16.35,16.50,16.25,16.35,17.80,15.50,96066700,HSX,stock
2025-06-24,VND,16.20,16.95,16.10,16.85,16.95,14.75,102590000,HSX,stock
2025-06-25,VND,16.85,17.30,16.65,16.95,18.00,15.70,65018700,HSX,stock
2025-06-26,VND,16.90,17.15,16.50,17.15,18.10,15.80,219260600,HSX,stock
2025-06-27,VND,17.20,17.25,16.90,17.20,18.35,15.95,279225200,HSX,stock
2025-06-30,VND,17.35,17.45,17.05,17.20,18.40,16.00,93504700,HSX,stock
2025-07-01,VND,17.20,17.25,16.75,16.80,18.40,16.00,47364900,HSX,stock
2025-07-02,VND,16.80,17.65,16.75,17.50,17.95,15.65,140238800,HSX,stock
2025-07-03,VND,17.55,17.80,17.00,17.35,18.70,16.30,244281000,HSX,stock
2025-07-04,VND,17.35,17.45,17.10,17.20,18.55,16.15,51645000,HSX,stock
2025-07-07,VND,17.35,17.60,17.30,17.45,18.40,16.00,71286600,HSX,stock
2025-07-08,VND,17.60,18.15,17.50,17.80,18.65,16.25,53969700,HSX,stock
2025-07-09,VND,17.90,18.40,17.80,18.05,19.00,16.60,69298100,HSX,stock
2025-07-10,VND,18.20,18.20,17.75,17.80,19.30,16.80,168476600,HSX,stock
2025-07-11,VND,17.80,18.20,17.60,17.90,19.00,16.60,94174200,HSX,stock
2025-07-14,VND,18.05,18.05,17.40,17.85,19.15,16.65,48976100,HSX,stock
2025-07-15,VND,17.80,19.00,17.80,18.10,19.05,16.65,260185200,HSX,stock
2025-07-16,VND,18.10,18.60,17.90,18.50,19.35,16.85,115010700,HSX,stock
2025-07-17,VND,18.70,18.80,18.20,18.50,19.75,17.25,22289700,HSX,stock
2025-07-18,VND,18.60,18.90,18.25,18.55,19.75,17.25,110214000,HSX,stock
2025-07-21,VND,18.65,18.75,18.05,18.15,19.80,17.30,249622200,HSX,stock
2025-07-22,VND,18.00,19.15,17.85,19.10,19.40,16.90,35544600,HSX,stock
2025-07-23,VND,19.45,20.15,19.30,19.55,20.40,17.80,174452700,HSX,stock
2025-07-24,VND,19.70,19.80,19.20,19.80,20.90,18.20,215277200,HSX,stock
2025-07-25,VND,20.00,21.15,20.00,21.15,21.15,18.45,422108200,HSX,stock
2025-07-28,VND,21.90,22.60,21.85,22.60,22.60,19.70,151009900,HSX,stock
2025-07-29,VND,24.00,24.00,21.05,21.05,24.15,21.05,3303408100,HSX,stock
2025-07-30,VND,21.65,22.40,21.00,22.30,22.50,19.60,351110700,HSX,stock
2025-07-31,VND,22.60,22.85,21.90,22.70,23.85,20.75,163471800,HSX,stock
2025-08-01,VND,22.30,22.95,21.50,22.20,24.25,21.15,242935000,HSX,stock
2025-08-04,VND,21.70,23.25,21.50,23.25,23.75,20.65,335869900,HSX,stock
2025-08-05,VND,23.50,24.15,21.80,23.70,24.85,21.65,312495600,HSX,stock
2025-08-06,VND,23.65,24.00,23.15,23.90,25.35,22.05,180298000,HSX,stock
2025-08-07,VND,24.10,24.15,23.35,23.55,25.55,22.25,143277200,HSX,stock
2025-08-08,VND,23.75,24.50,23.40,23.85,25.15,21.95,138985600,HSX,stock
2025-08-11,VND,24.00,24.80,23.60,24.65,25.50,22.20,123958100,HSX,stock
2025-08-12,VND,24.60,24.75,23.85,24.10,26.35,22.95,72371000,HSX,stock
2025-08-13,VND,24.30,24.35,23.20,23.85,25.75,22.45,80707000,HSX,stock
2025-08-14,VND,24.15,24.75,23.85,24.20,25.50,22.20,82742800,HSX,stock
2025-08-15,VND,24.40,25.50,24.00,24.70,25.85,22.55,197989400,HSX,stock
2025-08-18,VND,24.80,25.05,24.10,24.30,26.40,23.00,83713400,HSX,stock
2025-08-19,VND,24.30,25.10,24.10,24.75,26.00,22.60,147587400,HSX,stock
2025-08-20,VND,24.60,24.65,23.10,24.10,26.45,23.05,123555500,HSX,stock
2025-08-21,VND,24.15,24.90,24.05,24.10,25.75,22.45,128502500,HSX,stock
2025-08-22,VND,23.60,23.90,22.45,22.45,25.75,22.45,908597300,HSX,stock
2025-08-25,VND,22.80,23.20,21.20,21.50,24.00,20.90,286526600,HSX,stock
2025-08-26,VND,21.50,23.00,21.30,23.00,23.00,20.00,36096900,HSX,stock
2025-08-27,VND,23.50,24.45,23.25,23.80,24.60,21.40,240841400,HSX,stock
2025-08-28,VND,24.00,24.85,23.60,24.65,25.45,22.15,200560300,HSX,stock
2025-08-29,VND,25.05,26.35,25.05,26.35,26.35,22.95,129414800,HSX,stock
2025-09-03,VND,26.60,27.25,26.10,26.80,28.15,24.55,174471200,HSX,stock
2025-09-04,VND,26.90,27.05,26.30,26.80,28.65,24.95,104021800,HSX,stock
2025-09-05,VND,27.10,27.35,25.00,25.00,28.65,24.95,5841642200,HSX,stock
2025-09-08,VND,24.70,25.50,24.05,24.05,26.75,23.25,835430700,HSX,stock
2025-09-09,VND,24.50,24.50,23.65,24.50,25.70,22.40,248932400,HSX,stock
2025-09-10,VND,24.80,24.95,24.15,24.20,26.20,22.80,103720300,HSX,stock
2025-09-11,VND,24.10,24.40,22.80,23.95,25.85,22.55,100608300,HSX,stock
2025-09-12,VND,24.15,24.25,23.85,23.90,25.60,22.30,60609100,HSX,stock
2025-09-15,VND,24.15,24.65,24.10,24.60,25.55,22.25,122338700,HSX,stock
2025-09-16,VND,25.20,25.20,24.00,24.10,26.30,22.90,159265800,HSX,stock
2025-09-17,VND,24.10,24.20,23.40,23.40,25.75,22.45,235298700,HSX,stock
2025-09-18,VND,23.60,23.70,23.00,23.35,25.00,21.80,87492100,HSX,stock
2025-09-19,VND,23.50,23.60,22.70,22.70,24.95,21.75,351246500,HSX,stock
2025-09-22,VND,22.80,22.90,21.85,22.15,24.25,21.15,56836200,HSX,stock
2025-09-23,VND,22.30,22.85,22.25,22.25,23.70,20.60,90815300,HSX,stock
2025-09-24,VND,22.30,23.10,22.00,23.10,23.80,20.70,288203700,HSX,stock
2025-09-25,VND,23.20,23.35,22.75,22.85,24.70,21.50,61575000,HSX,stock
2025-09-26,VND,22.80,22.90,22.10,22.30,24.40,21.30,140571700,HSX,stock
2025-09-29,VND,22.30,22.45,21.80,22.15,23.85,20.75,36846600,HSX,stock
2025-09-30,VND,22.15,22.80,21.95,22.45,23.70,20.60,73064200,HSX,stock
2025-10-01,VND,22.75,23.10,22.55,22.60,24.00,20.90,85070200,HSX,stock
2025-10-02,VND,22.85,22.95,22.15,22.15,24.15,21.05,160749900,HSX,stock
2025-10-03,VND,22.00,22.50,21.85,22.00,23.70,20.60,135824800,HSX,stock
2025-10-06,VND,22.40,23.50,22.30,23.50,23.50,20.50,14224300,HSX,stock
2025-10-07,VND,24.00,24.25,23.70,23.70,25.10,21.90,445943200,HSX,stock
2025-10-08,VND,24.65,24.65,23.60,23.85,25.35,22.05,904751600,HSX,stock
2025-10-09,VND,24.00,24.00,23.35,23.50,25.50,22.20,90656000,HSX,stock
2025-10-10,VND,23.75,24.25,23.50,23.65,25.10,21.90,82866200,HSX,stock
2025-10-13,VND,23.45,23.90,23.10,23.70,25.30,22.00,186111900,HSX,stock
2025-10-14,VND,24.25,24.55,23.30,23.35,25.35,22.05,311931700,HSX,stock
2025-10-15,VND,23.50,23.80,23.30,23.50,24.95,21.75,55773100,HSX,stock
2025-10-16,VND,23.70,23.90,23.35,23.80,25.10,21.90,179897900,HSX,stock
2025-10-17,VND,24.05,24.50,23.50,23.55,25.45,22.15,276865900,HSX,stock
2025-10-20,VND,23.50,23.80,21.95,21.95,25.15,21.95,173456400,HSX,stock
2025-10-21,VND,21.80,22.40,20.45,21.05,23.45,20.45,228041100,HSX,stock
2025-10-22,VND,21.40,21.40,20.00,20.95,22.50,19.60,173031800,HSX,stock
2025-10-23,VND,21.10,21.30,20.50,20.50,22.40,19.50,220851500,HSX,stock
2025-10-24,VND,20.30,20.65,19.85,20.20,21.90,19.10,55946400,HSX,stock
2025-10-27,VND,20.60,21.00,19.95,20.10,21.60,18.80,101633000,HSX,stock
2025-10-28,VND,20.15,20.80,20.00,20.75,21.50,18.70,71769800,HSX,stock
2025-10-29,VND,20.85,20.90,20.50,20.50,22.20,19.30,82893800,HSX,stock
2025-10-30,VND,20.70,20.70,20.00,20.00,21.90,19.10,187712900,HSX,stock
2025-10-31,VND,20.00,20.35,19.90,20.05,21.40,18.60,295806700,HSX,stock
2025-11-03,VND,20.05,20.20,18.80,18.80,21.45,18.65,676024000,HSX,stock
2025-11-04,VND,18.80,20.10,18.80,20.10,20.10,17.50,19768100,HSX,stock
2025-11-05,VND,20.15,20.35,19.95,19.95,21.50,18.70,40640100,HSX,stock
2025-11-06,VND,20.05,20.05,19.50,19.60,21.30,18.60,28329400,HSX,stock
2025-11-07,VND,19.55,19.75,18.85,18.90,20.95,18.25,258226000,HSX,stock
2025-11-10,VND,18.90,19.70,18.75,19.05,20.20,17.60,46483600,HSX,stock
2025-11-11,VND,19.40,19.50,19.05,19.40,20.35,17.75,36685100,HSX,stock
2025-11-12,VND,19.60,20.10,19.40,19.90,20.75,18.05,46665000,HSX,stock
2025-11-13,VND,19.95,19.95,19.50,19.60,21.25,18.55,28363200,HSX,stock
2025-11-14,VND,19.55,19.95,19.40,19.65,20.95,18.25,30317400,HSX,stock
2025-11-17,VND,19.75,19.95,19.60,19.90,21.00,18.30,61274300,HSX,stock
2025-11-18,VND,20.05,20.50,20.00,20.15,21.25,18.55,50750400,HSX,stock
2025-11-19,VND,20.15,20.20,19.40,19.40,21.55,18.75,44645900,HSX,stock
2025-11-20,VND,19.55,19.60,19.30,19.35,20.75,18.05,30713700,HSX,stock
2025-11-21,VND,19.30,19.30,18.95,19.10,20.70,18.00,52899300,HSX,stock
2025-11-24,VND,19.25,19.45,18.80,18.80,20.40,17.80,140886900,HSX,stock
2025-11-25,VND,19.00,19.10,18.15,18.20,20.10,17.50,220504900,HSX,stock
2025-11-26,VND,18.40,19.20,18.30,18.80,19.45,16.95,35288800,HSX,stock
2025-11-27,VND,18.90,19.15,18.75,18.75,20.10,17.50,43084000,HSX,stock
2025-11-28,VND,18.80,18.85,18.40,18.40,20.05,17.45,95004100,HSX,stock
2025-12-01,VND,18.60,18.60,18.20,18.20,19.65,17.15,139901400,HSX,stock
2025-12-02,VND,18.25,18.90,18.20,18.70,19.45,16.95,17347100,HSX,stock
2025-12-03,VND,18.80,19.10,18.70,19.00,20.00,17.40,18142500,HSX,stock
2025-12-04,VND,19.20,19.70,19.15,19.30,20.30,17.70,41091600,HSX,stock
2025-12-05,VND,19.40,19.45,19.00,19.00,20.65,17.95,155453400,HSX,stock
2025-12-08,VND,19.00,19.15,18.70,18.70,20.30,17.70,31089300,HSX,stock
2025-12-09,VND,18.70,18.85,18.25,18.60,20.00,17.40,28652300,HSX,stock
2025-12-10,VND,18.70,19.00,18.55,18.60,19.90,17.30,45576500,HSX,stock
2025-12-11,VND,18.70,18.90,18.50,18.60,19.90,17.30,32164500,HSX,stock
2025-12-12,VND,18.65,18.80,17.50,17.50,19.90,17.30,783487600,HSX,stock
2025-12-15,VND,17.70,17.95,17.50,17.70,18.70,16.30,19179900,HSX,stock
2025-12-16,VND,17.70,18.90,17.45,18.90,18.90,16.50,14299700,HSX,stock
2025-12-17,VND,18.90,19.20,18.75,18.85,20.20,17.60,59581200,HSX,stock
2025-12-18,VND,18.90,19.50,18.80,19.35,20.15,17.55,122380900,HSX,stock
2025-12-19,VND,19.40,19.85,19.25,19.85,20.70,18.00,294545300,HSX,stock
2025-12-22,VND,20.00,20.00,19.60,20.00,21.20,18.50,91607200,HSX,stock
2025-12-23,VND,20.00,20.10,19.50,19.95,21.40,18.60,133039500,HSX,stock
2025-12-24,VND,19.85,20.40,19.65,20.40,21.30,18.60,134783000,HSX,stock
2025-12-25,VND,20.30,20.55,20.00,20.00,21.80,19.00,226230600,HSX,stock
2025-12-26,VND,19.75,20.15,19.25,20.00,21.40,18.60,77142800,HSX,stock
2025-12-29,VND,20.00,20.05,19.55,19.80,21.40,18.60,70105300,HSX,stock
2025-12-30,VND,19.75,20.00,19.50,19.70,21.15,18.45,52835800,HSX,stock
2025-12-31,VND,19.70,19.80,19.35,19.45,21.05,18.35,103270700,HSX,stock
2026-01-05,VND,19.45,19.55,18.30,18.70,20.80,18.10,64609800,HSX,stock
2026-01-06,VND,18.80,19.05,18.30,18.65,20.00,17.40,25504800,HSX,stock
2026-01-07,VND,18.80,19.30,18.70,19.30,19.95,17.35,67911500,HSX,stock
2026-01-08,VND,19.60,19.85,19.30,19.80,20.65,17.95,74467600,HSX,stock
2026-01-09,VND,19.95,20.00,19.30,19.30,21.15,18.45,144584200,HSX,stock
2026-01-12,VND,19.30,20.65,19.30,20.65,20.65,17.95,14023200,HSX,stock
2026-01-13,VND,21.15,21.45,20.65,20.80,22.05,19.25,119673300,HSX,stock
2026-01-14,VND,20.85,21.00,20.05,20.60,22.25,19.35,102233500,HSX,stock
2026-01-15,VND,20.50,20.95,20.20,20.80,22.00,19.20,120989300,HSX,stock
2026-01-16,VND,20.85,21.00,20.30,20.50,22.25,19.35,134111500,HSX,stock
2026-01-19,VND,20.50,20.80,20.20,20.55,21.90,19.10,4571300,HSX,stock
2026-01-20,VND,20.75,20.80,19.60,19.60,21.95,19.15,444215200,HSX,stock
2026-01-21,VND,19.40,19.60,18.75,19.00,20.95,18.25,102607900,HSX,stock
2026-01-22,VND,19.30,19.60,19.00,19.20,20.30,17.70,18485200,HSX,stock
2026-01-23,VND,19.30,19.70,19.10,19.40,20.50,17.90,83920100,HSX,stock
2026-01-26,VND,19.25,19.55,18.50,18.50,20.75,18.05,209625200,HSX,stock
2026-01-27,VND,18.50,18.85,18.45,18.65,19.75,17.25,42961400,HSX,stock
2026-01-28,VND,18.65,18.85,18.30,18.60,19.95,17.35,24419500,HSX,stock
2026-01-29,VND,18.65,18.90,18.40,18.45,19.90,17.30,26778300,HSX,stock
2026-01-30,VND,18.45,18.70,18.40,18.50,19.70,17.20,39147800,HSX,stock
2026-02-02,VND,18.50,18.50,18.00,18.10,19.75,17.25,69916900,HSX,stock
2026-02-03,VND,18.30,18.75,18.30,18.50,19.35,16.85,11899000,HSX,stock
2026-02-04,VND,18.80,19.15,18.50,18.55,19.75,17.25,16641400,HSX,stock
2026-02-05,VND,18.60,18.70,18.20,18.20,19.80,17.30,18327200,HSX,stock
2026-02-06,VND,18.10,18.15,17.65,17.65,19.45,16.95,124850000,HSX,stock
2026-02-09,VND,17.95,18.00,17.65,17.65,18.85,16.45,18045400,HSX,stock
2026-02-10,VND,17.75,17.95,17.55,17.75,18.85,16.45,23206000,HSX,stock
2026-02-11,VND,17.85,18.45,17.85,18.40,18.95,16.55,13611100,HSX,stock
2026-02-12,VND,18.45,18.50,18.30,18.30,19.65,17.15,14270300,HSX,stock
2026-02-13,VND,18.25,18.70,18.15,18.60,19.55,17.05,40272900,HSX,stock
2026-02-23,VND,18.75,18.85,18.60,18.85,19.90,17.30,33801800,HSX,stock
2026-02-24,VND,18.80,19.40,18.65,19.00,20.15,17.55,60566600,HSX,stock
2026-02-25,VND,19.10,19.20,18.85,18.90,20.30,17.70,58658400,HSX,stock
2026-02-26,VND,19.05,19.10,18.65,18.80,20.20,17.60,16861100,HSX,stock
2026-02-27,VND,18.90,19.20,18.70,18.70,20.10,17.50,46167400,HSX,stock
2026-03-02,VND,18.00,18.60,17.80,18.10,20.00,17.40,148947900,HSX,stock
2026-03-03,VND,18.10,18.90,18.10,18.35,19.35,16.85,31736100,HSX,stock
2026-03-04,VND,18.45,18.80,17.50,18.80,19.60,17.10,119353900,HSX,stock
2026-03-05,VND,19.05,19.90,18.90,18.90,20.10,17.50,124608000,HSX,stock
2026-03-06,VND,18.90,18.90,18.05,18.15,20.20,17.60,87740500,HSX,stock
2026-03-09,VND,16.90,17.10,16.90,16.90,19.40,16.90,683064000,HSX,stock
2026-03-10,VND,17.00,17.35,16.30,16.55,18.05,15.75,274419800,HSX,stock
2026-03-11,VND,16.60,17.30,16.55,16.90,17.70,15.40,38975000,HSX,stock
2026-03-12,VND,16.85,17.05,16.50,16.55,18.05,15.75,25737700,HSX,stock
2026-03-13,VND,16.35,16.70,16.20,16.25,17.70,15.40,50931300,HSX,stock
2026-03-16,VND,16.30,16.60,16.05,16.20,17.35,15.15,18050900,HSX,stock
2026-03-17,VND,16.40,16.90,16.35,16.45,17.30,15.10,14238200,HSX,stock
2026-03-18,VND,16.50,16.60,16.00,16.15,17.60,15.30,19695900,HSX,stock
2026-03-19,VND,15.80,15.95,15.50,15.60,17.25,15.05,33167400,HSX,stock
2026-03-20,VND,15.65,15.80,15.30,15.35,16.65,14.55,231086200,HSX,stock
2026-03-23,VND,15.05,15.10,14.30,14.30,16.40,14.30,447462500,HSX,stock
2026-03-24,VND,15.00,15.20,14.50,15.05,15.30,13.30,107202500,HSX,stock
2026-03-25,VND,15.20,15.80,15.10,15.50,16.10,14.00,27988900,HSX,stock
2026-03-26,VND,15.55,15.65,15.25,15.50,16.55,14.45,11393300,HSX,stock
2026-03-27,VND,15.50,15.95,15.45,15.85,16.55,14.45,45641900,HSX,stock
2026-03-30,VND,15.35,15.65,15.15,15.50,16.95,14.75,32888600,HSX,stock
2026-03-31,VND,15.55,16.10,15.45,15.80,16.55,14.45,22329000,HSX,stock
2026-04-01,VND,16.20,16.50,16.15,16.25,16.90,14.70,53021100,HSX,stock
2026-04-02,VND,16.05,16.20,15.85,15.90,17.35,15.15,22427200,HSX,stock
2026-04-03,VND,15.95,16.10,15.65,15.65,17.00,14.80,45590200,HSX,stock
2026-04-06,VND,15.65,15.95,15.60,15.65,16.70,14.60,32266500,HSX,stock
2026-04-07,VND,15.65,16.05,15.50,16.05,16.70,14.60,51134500,HSX,stock
2026-04-08,VND,17.00,17.15,16.60,17.15,17.15,14.95,274807300,HSX,stock
2026-04-09,VND,17.00,17.15,16.80,16.85,18.35,15.95,53483700,HSX,stock
2026-04-10,VND,17.10,17.15,16.70,16.75,18.00,15.70,20161200,HSX,stock
2026-04-13,VND,16.50,16.90,16.40,16.65,17.90,15.60,21216800,HSX,stock
2026-04-14,VND,17.00,17.15,16.75,16.85,17.80,15.50,35220000,HSX,stock
2026-04-15,VND,17.00,17.20,16.80,16.80,18.00,15.70,74764400,HSX,stock
2026-04-16,VND,16.85,16.95,16.50,16.55,17.95,15.65,33265200,HSX,stock
2026-04-17,VND,16.60,16.80,16.50,16.55,17.70,15.40,42045300,HSX,stock
2026-04-20,VND,16.55,16.80,16.55,16.70,17.70,15.40,14453800,HSX,stock
2026-04-21,VND,16.90,17.05,16.60,16.65,17.85,15.55,41352900,HSX,stock
2026-04-22,VND,16.65,16.75,16.50,16.55,17.80,15.50,25744300,HSX,stock
2026-04-23,VND,16.55,16.65,16.10,16.25,17.70,15.40,12939200,HSX,stock
2026-04-24,VND,16.25,16.40,16.15,16.20,17.35,15.15,9853700,HSX,stock
2026-04-28,VND,16.20,16.30,16.05,16.05,17.30,15.10,35771700,HSX,stock
2026-04-29,VND,16.10,16.35,15.90,16.10,17.15,14.95,24100700,HSX,stock
2026-05-04,VND,16.30,16.45,16.20,16.20,17.20,15.00,6761100,HSX,stock
2026-05-05,VND,16.05,16.20,15.95,16.00,17.30,15.10,13617500,HSX,stock
2026-05-06,VND,16.15,17.00,15.95,16.65,17.10,14.90,21434200,HSX,stock
2026-05-07,VND,16.85,16.95,16.60,16.65,17.80,15.50,16588200,HSX,stock
2026-05-08,VND,16.60,16.85,16.40,16.45,17.80,15.50,22740400,HSX,stock
2026-05-11,VND,16.45,16.80,16.35,16.45,17.60,15.30,22939400,HSX,stock
2026-05-12,VND,16.40,16.65,16.35,16.40,17.60,15.30,12797100,HSX,stock
2026-05-13,VND,16.40,16.65,16.15,16.30,17.50,15.30,13891400,HSX,stock
2026-05-14,VND,16.35,16.50,16.25,16.40,17.40,15.20,23826500,HSX,stock
2026-05-15,VND,16.45,16.60,16.30,16.45,17.50,15.30,67339900,HSX,stock
2026-05-18,VND,16.40,16.80,16.25,16.65,17.60,15.30,29579100,HSX,stock
2026-05-19,VND,16.90,17.45,16.85,16.95,17.80,15.50,65942800,HSX,stock
2026-05-20,VND,16.85,17.00,16.05,16.45,18.10,15.80,11180400,HSX,stock
2026-05-21,VND,16.55,16.75,16.25,16.35,17.60,15.30,17444800,HSX,stock
2026-05-22,VND,16.40,17.45,16.25,17.45,17.45,15.25,30435400,HSX,stock
2026-05-25,VND,17.80,18.00,17.50,17.60,18.65,16.25,67674800,HSX,stock
2026-05-26,VND,17.55,18.40,17.50,18.10,18.80,16.40,38424000,HSX,stock
2026-05-27,VND,18.10,18.15,17.70,17.75,19.35,16.85,46527800,HSX,stock
2026-05-28,VND,17.85,18.30,17.80,17.80,18.95,16.55,329415700,HSX,stock
2026-05-29,VND,17.45,17.50,16.85,16.85,18.50,16.10,116901500,HSX,stock
2026-06-01,VND,16.80,18.00,16.80,17.55,18.00,15.70,44329600,HSX,stock
2026-06-02,VND,17.60,17.80,16.95,17.15,18.75,16.35,144132100,HSX,stock
2026-06-03,VND,17.15,18.10,17.00,17.95,18.35,15.95,53495900,HSX,stock
2026-06-04,VND,17.95,18.25,17.65,17.80,19.20,16.70,48498700,HSX,stock
2026-06-05,VND,17.80,17.95,17.45,17.60,19.00,16.60,45952300,HSX,stock
2026-06-08,VND,17.35,17.40,16.70,16.85,18.80,16.40,94853900,HSX,stock
2026-06-09,VND,16.95,17.50,16.65,17.30,18.00,15.70,31657900,HSX,stock
2026-06-10,VND,17.25,17.70,17.15,17.35,18.50,16.10,72793800,HSX,stock
2026-06-11,VND,17.10,17.45,17.05,17.20,18.55,16.15,27615300,HSX,stock
2026-06-12,VND,17.60,17.60,17.05,17.10,18.40,16.00,49350100,HSX,stock
2026-06-15,VND,17.50,18.10,17.45,17.70,18.25,15.95,91068500,HSX,stock
2026-06-16,VND,17.80,18.35,17.70,18.25,18.90,16.50,122276500,HSX,stock
2026-06-17,VND,18.35,18.55,17.90,18.15,19.50,17.00,96250800,HSX,stock
2026-06-18,VND,18.05,18.35,17.85,17.85,19.40,16.90,146810000,HSX,stock
2026-06-19,VND,17.80,18.05,17.65,17.70,19.05,16.65,93701300,HSX,stock
2026-06-22,VND,17.70,18.15,17.50,18.05,18.90,16.50,80013500,HSX,stock
2026-06-23,VND,18.10,18.30,17.65,17.75,19.30,16.80,114473500,HSX,stock
2026-06-24,VND,17.75,17.85,17.35,17.60,18.95,16.55,44453100,HSX,stock
2026-06-25,VND,17.50,17.75,17.30,17.35,18.80,16.40,197736700,HSX,stock
2026-06-26,VND,17.30,17.60,17.10,17.60,18.55,16.15,91889800,HSX,stock
2026-06-29,VND,17.60,17.75,17.35,17.60,18.80,16.40,22638400,HSX,stock
2026-06-30,VND,17.60,18.00,17.60,17.70,18.80,16.40,56129200,HSX,stock
2026-07-01,VND,17.75,18.15,17.70,18.00,18.90,16.50,17641400,HSX,stock
2026-07-02,VND,18.10,18.25,17.90,18.00,19.25,16.75,36942000,HSX,stock
2026-07-03,VND,18.05,18.70,17.90,18.40,19.25,16.75,75449900,HSX,stock
2026-07-06,VND,18.40,18.65,17.65,18.20,19.65,17.15,125378400,HSX,stock
2026-07-07,VND,18.20,18.75,18.00,18.75,19.45,16.95,370766800,HSX,stock
2026-07-08,VND,18.75,19.10,18.65,18.70,20.05,17.45,82978700,HSX,stock
2026-07-09,VND,18.45,18.60,18.25,18.35,20.00,17.40,90086800,HSX,stock
2026-07-10,VND,18.30,18.45,17.85,18.00,19.60,17.10,237267600,HSX,stock
2026-07-13,VND,17.75,17.90,16.90,17.50,19.25,16.75,69593400,HSX,stock
2026-07-14,VND,17.10,17.80,17.10,17.70,18.70,16.30,41427400,HSX,stock
2026-07-15,VND,17.50,17.75,17.20,17.25,18.90,16.50,75619800,HSX,stock
2026-07-16,VND,17.15,17.70,16.50,17.65,18.45,16.05,65698800,HSX,stock
2022-01-04,VPB,36.15,36.35,36.00,36.05,38.30,33.30,6925100,HSX,stock
2022-01-05,VPB,36.05,36.15,35.50,35.50,38.55,33.55,6623600,HSX,stock
2022-01-06,VPB,35.30,35.50,34.90,35.15,37.95,33.05,7260600,HSX,stock
2022-01-07,VPB,35.10,35.15,34.60,34.60,37.60,32.70,6023900,HSX,stock
2022-01-10,VPB,34.50,35.10,34.15,34.40,37.00,32.20,4678500,HSX,stock
2022-01-11,VPB,34.40,34.80,34.00,34.30,36.80,32.00,5183000,HSX,stock
2022-01-12,VPB,34.20,35.45,33.85,35.40,36.70,31.90,5534200,HSX,stock
2022-01-13,VPB,35.70,36.25,34.95,35.25,37.85,32.95,6969900,HSX,stock
2022-01-14,VPB,35.25,35.40,34.70,34.85,37.70,32.80,4126200,HSX,stock
2022-01-17,VPB,34.85,35.10,33.05,33.05,37.25,32.45,6810700,HSX,stock
2022-01-18,VPB,33.05,33.90,33.00,33.25,35.35,30.75,3336000,HSX,stock
2022-01-19,VPB,33.30,33.95,33.30,33.50,35.55,30.95,3488500,HSX,stock
2022-01-20,VPB,33.60,33.95,33.20,33.95,35.80,31.20,4495900,HSX,stock
2022-01-21,VPB,34.00,34.75,33.55,34.30,36.30,31.60,4929400,HSX,stock
2022-01-24,VPB,34.05,34.35,33.00,33.45,36.70,31.90,5639300,HSX,stock
2022-01-25,VPB,33.40,34.90,33.10,34.90,35.75,31.15,7401200,HSX,stock
2022-01-26,VPB,34.90,36.35,34.80,35.90,37.30,32.50,7732200,HSX,stock
2022-01-27,VPB,35.90,36.65,35.40,35.45,38.40,33.40,8073800,HSX,stock
2022-01-28,VPB,35.65,36.70,35.50,36.65,37.90,33.00,12592100,HSX,stock
2022-02-07,VPB,37.00,37.20,36.30,36.30,39.20,34.10,5101000,HSX,stock
2022-02-08,VPB,36.15,37.90,36.10,37.30,38.80,33.80,8661000,HSX,stock
2022-02-09,VPB,37.50,38.00,37.10,37.10,39.90,34.70,9415000,HSX,stock
2022-02-10,VPB,37.05,37.25,36.15,36.70,39.65,34.55,6562400,HSX,stock
2022-02-11,VPB,36.80,37.20,36.50,36.60,39.25,34.15,5795900,HSX,stock
2022-02-14,VPB,36.20,36.45,35.00,35.00,39.15,34.05,9017000,HSX,stock
2022-02-15,VPB,35.20,36.20,35.20,35.95,37.45,32.55,6694500,HSX,stock
2022-02-16,VPB,36.10,36.40,35.65,35.65,38.45,33.45,3912300,HSX,stock
2022-02-17,VPB,35.65,36.30,35.55,36.30,38.10,33.20,6429600,HSX,stock
2022-02-18,VPB,35.90,36.00,35.70,35.90,38.80,33.80,5748100,HSX,stock
2022-02-21,VPB,35.80,36.15,35.40,35.90,38.40,33.40,5184900,HSX,stock
2022-02-22,VPB,35.50,35.90,35.20,35.55,38.40,33.40,5395700,HSX,stock
2022-02-23,VPB,35.70,36.15,35.50,35.90,38.00,33.10,6399700,HSX,stock
2022-02-24,VPB,35.85,37.20,35.60,36.90,38.40,33.40,15341800,HSX,stock
2022-02-25,VPB,37.30,38.80,37.00,38.20,39.45,34.35,18289200,HSX,stock
2022-02-28,VPB,38.20,38.70,37.50,38.00,40.85,35.55,9381600,HSX,stock
2022-03-01,VPB,37.90,38.20,37.45,37.75,40.65,35.35,7696700,HSX,stock
2022-03-02,VPB,37.40,37.40,36.50,36.50,40.35,35.15,11956300,HSX,stock
2022-03-03,VPB,36.80,37.45,36.50,37.45,39.05,33.95,9543400,HSX,stock
2022-03-04,VPB,37.50,38.95,37.45,38.10,40.05,34.85,25344900,HSX,stock
2022-03-07,VPB,38.00,38.30,37.35,37.70,40.75,35.45,10311200,HSX,stock
2022-03-08,VPB,37.50,37.70,36.75,37.00,40.30,35.10,7346500,HSX,stock
2022-03-09,VPB,37.15,37.25,36.50,36.85,39.55,34.45,7196000,HSX,stock
2022-03-10,VPB,37.50,37.55,36.75,36.75,39.40,34.30,6266900,HSX,stock
2022-03-11,VPB,36.65,37.05,36.20,36.40,39.30,34.20,5044200,HSX,stock
2022-03-14,VPB,36.10,36.30,35.60,36.00,38.90,33.90,6470900,HSX,stock
2022-03-15,VPB,36.00,36.95,36.00,36.90,38.50,33.50,5429800,HSX,stock
2022-03-16,VPB,37.00,37.25,36.80,36.80,39.45,34.35,4906500,HSX,stock
2022-03-17,VPB,36.95,37.10,36.45,36.45,39.35,34.25,4308600,HSX,stock
2022-03-18,VPB,36.55,36.70,36.20,36.25,39.00,33.90,4305500,HSX,stock
2022-03-21,VPB,36.50,36.90,36.10,36.80,38.75,33.75,3514300,HSX,stock
2022-03-22,VPB,36.80,37.60,36.80,36.85,39.35,34.25,3953700,HSX,stock
2022-03-23,VPB,37.05,37.05,36.65,36.65,39.40,34.30,4779000,HSX,stock
2022-03-24,VPB,36.65,36.70,36.35,36.35,39.20,34.10,6804500,HSX,stock
2022-03-25,VPB,36.35,36.90,36.30,36.75,38.85,33.85,4987600,HSX,stock
2022-03-28,VPB,36.65,36.65,36.00,36.25,39.30,34.20,6069400,HSX,stock
2022-03-29,VPB,36.25,36.50,36.25,36.40,38.75,33.75,3529900,HSX,stock
2022-03-30,VPB,36.30,37.45,36.20,36.80,38.90,33.90,7863100,HSX,stock
2022-03-31,VPB,36.90,37.50,36.80,37.20,39.35,34.25,4489600,HSX,stock
2022-04-01,VPB,37.10,38.60,37.00,38.60,39.80,34.60,14870500,HSX,stock
2022-04-04,VPB,39.60,39.90,38.90,39.00,,,10925100,HSX,stock
2022-04-05,VPB,38.70,39.20,38.15,38.30,41.70,36.30,6374800,HSX,stock
2022-04-06,VPB,38.10,40.20,37.85,39.95,40.95,35.65,16592900,HSX,stock
2022-04-07,VPB,40.10,41.05,39.80,39.80,42.70,37.20,13736400,HSX,stock
2022-04-08,VPB,39.80,40.05,38.80,38.80,42.55,37.05,11047600,HSX,stock
2022-04-12,VPB,39.10,40.20,39.00,39.00,41.50,36.10,12099900,HSX,stock
2022-04-13,VPB,39.40,39.45,38.00,39.00,41.70,36.30,11316400,HSX,stock
2022-04-14,VPB,39.00,40.60,38.90,39.50,41.70,36.30,9700000,HSX,stock
2022-04-15,VPB,39.30,39.70,37.70,38.50,42.25,36.75,12416800,HSX,stock
2022-04-18,VPB,38.50,38.60,36.65,36.65,41.15,35.85,13068300,HSX,stock
2022-04-19,VPB,36.85,37.45,35.70,35.80,39.20,34.10,11368400,HSX,stock
2022-04-20,VPB,35.50,36.25,35.20,35.20,38.30,33.30,11483500,HSX,stock
2022-04-21,VPB,35.10,36.50,34.50,35.50,37.65,32.75,10482900,HSX,stock
2022-04-22,VPB,36.20,37.20,35.40,36.80,37.95,33.05,10694800,HSX,stock
2022-04-25,VPB,36.65,36.95,34.25,34.25,39.35,34.25,12018800,HSX,stock
2022-04-26,VPB,33.60,36.60,33.10,36.40,36.60,31.90,10078700,HSX,stock
2022-04-27,VPB,36.00,36.45,35.40,35.95,38.90,33.90,6729900,HSX,stock
2022-04-28,VPB,36.10,36.70,35.85,36.50,38.45,33.45,5770500,HSX,stock
2022-04-29,VPB,36.50,36.90,36.30,36.70,39.05,33.95,7943700,HSX,stock
2022-05-04,VPB,36.75,36.75,35.80,35.80,39.25,34.15,5291300,HSX,stock
2022-05-05,VPB,36.35,36.35,34.75,35.55,38.30,33.30,4746900,HSX,stock
2022-05-06,VPB,35.00,35.15,34.15,34.15,38.00,33.10,6245500,HSX,stock
2022-05-09,VPB,33.70,33.95,31.80,31.80,36.50,31.80,10227500,HSX,stock
2022-05-10,VPB,31.15,33.30,31.15,33.30,34.00,29.60,7898200,HSX,stock
2022-05-11,VPB,33.30,33.90,32.55,33.40,35.60,31.00,3759500,HSX,stock
2022-05-12,VPB,32.95,33.00,31.10,31.10,35.70,31.10,7267600,HSX,stock
2022-05-13,VPB,31.20,31.60,29.00,29.00,33.25,28.95,11193200,HSX,stock
2022-05-16,VPB,30.00,30.55,29.00,29.00,31.00,27.00,6445000,HSX,stock
2022-05-17,VPB,29.00,31.00,28.95,31.00,31.00,27.00,4743300,HSX,stock
2022-05-18,VPB,31.50,32.15,30.70,30.95,33.15,28.85,5774900,HSX,stock
2022-05-19,VPB,30.10,30.90,29.95,30.45,33.10,28.80,5218800,HSX,stock
2022-05-20,VPB,30.60,30.95,30.30,30.60,32.55,28.35,3979000,HSX,stock
2022-05-23,VPB,30.80,30.80,29.20,29.30,32.70,28.50,5178900,HSX,stock
2022-05-24,VPB,29.60,30.20,29.20,30.00,31.35,27.25,5024900,HSX,stock
2022-05-25,VPB,30.35,31.50,30.20,31.50,32.10,27.90,6359200,HSX,stock
2022-05-26,VPB,31.70,31.75,31.05,31.05,33.70,29.30,3929100,HSX,stock
2022-05-27,VPB,31.10,31.30,30.75,31.10,33.20,28.90,5244900,HSX,stock
2022-05-30,VPB,31.45,31.60,31.05,31.60,33.25,28.95,5723900,HSX,stock
2022-05-31,VPB,31.50,31.60,30.80,31.00,33.80,29.40,4096600,HSX,stock
2022-06-01,VPB,30.90,31.20,30.40,30.85,33.15,28.85,4996400,HSX,stock
2022-06-02,VPB,30.90,30.95,30.10,30.25,,,2261300,HSX,stock
2022-06-03,VPB,30.20,30.75,30.15,30.75,32.35,28.15,4008900,HSX,stock
2022-06-06,VPB,30.70,31.20,30.35,30.60,32.90,28.60,4319400,HSX,stock
2022-06-07,VPB,30.55,30.70,29.80,30.45,32.70,28.50,4091700,HSX,stock
2022-06-08,VPB,30.60,31.95,30.25,31.80,32.55,28.35,8625300,HSX,stock
2022-06-09,VPB,31.90,31.95,31.50,31.50,34.00,29.60,4596400,HSX,stock
2022-06-10,VPB,31.30,31.75,30.90,30.90,33.70,29.30,5115500,HSX,stock
2022-06-13,VPB,30.00,30.45,28.75,28.75,33.05,28.75,10611700,HSX,stock
2022-06-14,VPB,28.20,29.20,28.20,28.85,30.75,26.75,6276700,HSX,stock
2022-06-15,VPB,28.85,29.40,27.60,28.85,30.85,26.85,6699700,HSX,stock
2022-06-16,VPB,29.20,29.40,28.95,29.00,30.85,26.85,3151700,HSX,stock
2022-06-17,VPB,28.30,28.50,27.30,27.90,31.00,27.00,6805700,HSX,stock
2022-06-20,VPB,27.90,28.00,26.50,27.10,29.85,25.95,5851600,HSX,stock
2022-06-21,VPB,27.35,27.95,26.80,27.20,28.95,25.25,3978200,HSX,stock
2022-06-22,VPB,27.85,28.95,27.50,28.40,29.10,25.30,3751400,HSX,stock
2022-06-23,VPB,28.00,28.55,27.95,28.45,30.35,26.45,2792800,HSX,stock
2022-06-24,VPB,28.30,28.75,28.15,28.15,30.40,26.50,2175500,HSX,stock
2022-06-27,VPB,28.30,29.10,28.25,28.90,30.10,26.20,3067100,HSX,stock
2022-06-28,VPB,28.50,30.35,28.50,30.00,30.90,26.90,5329400,HSX,stock
2022-06-29,VPB,29.60,30.25,29.50,30.00,32.10,27.90,4630100,HSX,stock
2022-06-30,VPB,29.90,30.20,29.00,29.00,32.10,27.90,3875300,HSX,stock
2022-07-01,VPB,29.10,29.35,28.10,29.10,31.00,27.00,3415300,HSX,stock
2022-07-04,VPB,29.20,29.50,28.85,29.20,31.10,27.10,5453000,HSX,stock
2022-07-05,VPB,29.25,29.85,29.20,29.50,31.20,27.20,6230100,HSX,stock
2022-07-06,VPB,29.30,29.55,28.80,28.80,31.55,27.45,3490300,HSX,stock
2022-07-07,VPB,28.85,29.05,28.45,28.90,30.80,26.80,4241600,HSX,stock
2022-07-08,VPB,29.00,29.15,28.55,28.60,30.90,26.90,4052000,HSX,stock
2022-07-11,VPB,28.40,28.50,27.50,27.50,30.60,26.60,4587600,HSX,stock
2022-07-12,VPB,27.65,28.20,27.45,27.75,29.40,25.60,4290700,HSX,stock
2022-07-13,VPB,27.80,28.20,27.55,27.75,29.65,25.85,5160100,HSX,stock
2022-07-14,VPB,27.65,28.10,27.50,28.05,29.65,25.85,4277400,HSX,stock
2022-07-15,VPB,28.10,28.35,28.05,28.25,30.00,26.10,5221800,HSX,stock
2022-07-18,VPB,28.50,28.65,28.15,28.15,30.20,26.30,4195100,HSX,stock
2022-07-19,VPB,28.15,28.15,27.75,28.00,30.10,26.20,3283400,HSX,stock
2022-07-20,VPB,28.30,28.45,28.10,28.15,29.95,26.05,4875900,HSX,stock
2022-07-21,VPB,28.20,28.35,28.00,28.20,30.10,26.20,5283400,HSX,stock
2022-07-22,VPB,28.30,28.50,28.10,28.15,30.15,26.25,3592500,HSX,stock
2022-07-25,VPB,28.15,28.15,27.65,27.65,30.10,26.20,4280900,HSX,stock
2022-07-26,VPB,27.60,28.05,27.55,27.70,29.55,25.75,3005100,HSX,stock
2022-07-27,VPB,27.60,27.75,27.45,27.70,29.60,25.80,2755700,HSX,stock
2022-07-28,VPB,28.00,28.80,27.80,28.40,29.60,25.80,8720900,HSX,stock
2022-07-29,VPB,28.50,28.70,28.30,28.70,30.35,26.45,7151400,HSX,stock
2022-08-01,VPB,28.70,29.10,28.55,29.10,30.70,26.70,5792600,HSX,stock
2022-08-02,VPB,29.30,29.30,28.75,29.05,31.10,27.10,6535100,HSX,stock
2022-08-03,VPB,28.85,29.15,28.65,29.00,31.05,27.05,6148400,HSX,stock
2022-08-04,VPB,29.25,29.95,29.05,29.40,31.00,27.00,8077600,HSX,stock
2022-08-05,VPB,29.40,29.50,28.95,29.35,31.45,27.35,5765300,HSX,stock
2022-08-08,VPB,29.40,30.00,29.20,30.00,31.40,27.30,9708600,HSX,stock
2022-08-09,VPB,30.20,30.80,30.00,30.25,32.10,27.90,8425300,HSX,stock
2022-08-10,VPB,30.30,30.35,29.95,30.10,32.35,28.15,4683700,HSX,stock
2022-08-11,VPB,30.40,30.50,29.60,29.60,32.20,28.00,6903000,HSX,stock
2022-08-12,VPB,29.65,29.90,29.40,29.90,31.65,27.55,4467100,HSX,stock
2022-08-15,VPB,30.20,30.45,30.00,30.35,31.95,27.85,4830300,HSX,stock
2022-08-16,VPB,30.35,30.35,29.95,30.15,32.45,28.25,4295000,HSX,stock
2022-08-17,VPB,30.20,30.50,30.05,30.15,32.25,28.05,4709000,HSX,stock
2022-08-18,VPB,30.30,30.35,29.95,30.05,32.25,28.05,6614800,HSX,stock
2022-08-19,VPB,30.20,31.80,30.05,31.25,32.15,27.95,11699200,HSX,stock
2022-08-22,VPB,31.25,31.60,30.95,31.25,33.40,29.10,6131100,HSX,stock
2022-08-23,VPB,30.80,31.20,30.50,31.20,33.40,29.10,4652500,HSX,stock
2022-08-24,VPB,31.20,31.60,31.05,31.40,33.35,29.05,6145200,HSX,stock
2022-08-25,VPB,31.55,32.35,31.55,31.95,33.55,29.25,6684700,HSX,stock
2022-08-26,VPB,32.20,32.60,31.30,31.60,34.15,29.75,6682500,HSX,stock
2022-08-29,VPB,31.00,31.50,30.60,31.20,33.80,29.40,6908000,HSX,stock
2022-08-30,VPB,31.40,32.00,31.20,31.35,33.35,29.05,4579800,HSX,stock
2022-08-31,VPB,31.45,31.80,31.15,31.80,33.50,29.20,4698800,HSX,stock
2022-09-05,VPB,31.70,31.80,31.25,31.30,34.00,29.60,5283700,HSX,stock
2022-09-06,VPB,31.30,31.80,31.15,31.40,33.45,29.15,5110900,HSX,stock
2022-09-07,VPB,31.40,31.40,30.30,30.30,33.55,29.25,8429000,HSX,stock
2022-09-08,VPB,30.35,30.50,29.90,29.90,32.40,28.20,5550000,HSX,stock
2022-09-09,VPB,30.25,30.80,29.90,30.50,31.95,27.85,8230200,HSX,stock
2022-09-12,VPB,30.70,31.15,30.40,30.45,32.60,28.40,3969500,HSX,stock
2022-09-13,VPB,30.45,30.70,30.35,30.50,32.55,28.35,4227800,HSX,stock
2022-09-14,VPB,29.80,30.30,29.80,30.30,32.60,28.40,7990900,HSX,stock
2022-09-15,VPB,30.45,30.75,30.30,30.30,32.40,28.20,4634700,HSX,stock
2022-09-16,VPB,30.40,31.20,30.40,30.55,32.40,28.20,7148300,HSX,stock
2022-09-19,VPB,30.70,31.00,29.80,29.90,32.65,28.45,7759900,HSX,stock
2022-09-20,VPB,30.20,30.30,29.50,30.00,31.95,27.85,5280500,HSX,stock
2022-09-21,VPB,29.80,30.00,29.10,29.50,32.10,27.90,5952000,HSX,stock
2022-09-22,VPB,29.20,29.65,28.90,29.30,31.55,27.45,4171800,HSX,stock
2022-09-23,VPB,29.35,29.60,28.70,28.75,31.35,27.25,4556500,HSX,stock
2022-09-26,VPB,28.30,28.45,27.05,27.60,30.75,26.75,6670400,HSX,stock
2022-09-27,VPB,27.80,28.00,27.15,27.40,29.50,25.70,6826400,HSX,stock
2022-09-28,VPB,18.60,18.75,18.30,18.50,19.50,17.00,5101900,HSX,stock
2022-09-29,VPB,18.75,18.80,18.00,18.00,19.75,17.25,3412800,HSX,stock
2022-09-30,VPB,18.20,18.25,17.10,18.00,19.25,16.75,8414400,HSX,stock
2022-10-03,VPB,17.85,17.85,16.75,17.00,19.25,16.75,12542700,HSX,stock
2022-10-04,VPB,17.20,17.55,16.00,16.80,18.15,15.85,8280300,HSX,stock
2022-10-05,VPB,17.40,17.45,16.80,17.00,17.95,15.65,7506400,HSX,stock
2022-10-06,VPB,17.10,17.10,15.85,16.50,18.15,15.85,6690900,HSX,stock
2022-10-07,VPB,16.00,16.40,15.35,15.35,17.65,15.35,9722000,HSX,stock
2022-10-10,VPB,14.80,15.90,14.30,15.35,16.40,14.30,7482300,HSX,stock
2022-10-11,VPB,15.00,15.35,14.30,15.35,16.40,14.30,11160400,HSX,stock
2022-10-12,VPB,15.30,16.20,15.00,16.00,16.40,14.30,4938200,HSX,stock
2022-10-13,VPB,16.10,16.20,15.40,16.00,17.10,14.90,5511200,HSX,stock
2022-10-14,VPB,16.50,16.50,16.00,16.15,17.10,14.90,4402000,HSX,stock
2022-10-17,VPB,15.80,16.15,15.30,15.95,17.25,15.05,3133600,HSX,stock
2022-10-18,VPB,16.20,16.35,15.95,15.95,17.05,14.85,3403100,HSX,stock
2022-10-19,VPB,16.10,16.10,15.70,15.95,17.05,14.85,4794400,HSX,stock
2022-10-20,VPB,15.85,16.15,15.70,15.95,17.05,14.85,3709900,HSX,stock
2022-10-21,VPB,16.00,16.00,15.10,15.55,17.05,14.85,6834800,HSX,stock
2022-10-24,VPB,15.60,15.65,14.80,15.40,16.60,14.50,5890300,HSX,stock
2022-10-25,VPB,15.25,16.05,14.90,15.45,16.45,14.35,9302300,HSX,stock
2022-10-26,VPB,15.50,15.75,15.20,15.55,16.50,14.40,4384300,HSX,stock
2022-10-27,VPB,15.50,16.55,15.05,16.55,16.60,14.50,10527400,HSX,stock
2022-10-28,VPB,16.60,16.90,16.35,16.35,17.70,15.40,4100000,HSX,stock
2022-10-31,VPB,16.50,16.60,15.65,16.35,17.45,15.25,4945000,HSX,stock
2022-11-01,VPB,16.50,17.45,16.50,17.20,17.45,15.25,9781200,HSX,stock
2022-11-02,VPB,17.20,17.80,16.90,17.50,18.40,16.00,9384900,HSX,stock
2022-11-03,VPB,17.15,17.65,17.15,17.50,18.70,16.30,6518700,HSX,stock
2022-11-04,VPB,17.15,17.40,16.55,16.95,18.70,16.30,20527600,HSX,stock
2022-11-07,VPB,17.10,17.35,16.85,17.10,18.10,15.80,12984400,HSX,stock
2022-11-08,VPB,16.80,17.25,16.65,17.20,18.25,15.95,13262300,HSX,stock
2022-11-09,VPB,17.35,17.65,17.05,17.50,18.40,16.00,8677300,HSX,stock
2022-11-10,VPB,17.40,17.40,16.30,16.30,18.70,16.30,10819600,HSX,stock
2022-11-11,VPB,16.65,17.00,16.25,16.30,17.40,15.20,9418600,HSX,stock
2022-11-14,VPB,16.00,16.15,15.20,15.70,17.40,15.20,7354700,HSX,stock
2022-11-15,VPB,15.15,15.70,14.65,14.65,16.75,14.65,7506600,HSX,stock
2022-11-16,VPB,13.65,15.65,13.65,15.50,15.65,13.65,12995200,HSX,stock
2022-11-17,VPB,15.75,15.85,15.35,15.50,16.55,14.45,6276300,HSX,stock
2022-11-18,VPB,15.00,15.75,14.70,15.50,16.55,14.45,7947700,HSX,stock
2022-11-21,VPB,15.70,15.70,15.10,15.50,16.55,14.45,5622600,HSX,stock
2022-11-22,VPB,15.25,16.45,15.10,15.50,16.55,14.45,7852700,HSX,stock
2022-11-23,VPB,15.25,15.60,15.05,15.05,16.55,14.45,3742100,HSX,stock
2022-11-24,VPB,14.85,15.25,14.55,15.10,16.10,14.00,5141500,HSX,stock
2022-11-25,VPB,15.30,15.50,15.15,15.50,16.15,14.05,5163500,HSX,stock
2022-11-28,VPB,15.60,16.20,15.60,16.10,16.55,14.45,8404600,HSX,stock
2022-11-29,VPB,16.20,16.35,15.55,16.15,17.20,15.00,7810100,HSX,stock
2022-11-30,VPB,16.25,17.00,15.90,16.80,17.25,15.05,9024200,HSX,stock
2022-12-01,VPB,17.05,17.40,16.60,16.80,17.95,15.65,12227500,HSX,stock
2022-12-02,VPB,16.80,17.40,16.55,17.30,17.95,15.65,14424600,HSX,stock
2022-12-05,VPB,17.70,18.40,17.45,18.15,18.50,16.10,17882700,HSX,stock
2022-12-06,VPB,18.15,18.60,16.90,16.90,19.40,16.90,15845200,HSX,stock
2022-12-07,VPB,16.80,17.00,15.85,16.20,18.05,15.75,11963000,HSX,stock
2022-12-08,VPB,16.45,17.30,16.40,17.00,17.30,15.10,11986700,HSX,stock
2022-12-09,VPB,17.15,17.20,16.65,16.90,18.15,15.85,6735000,HSX,stock
2022-12-12,VPB,16.95,17.45,16.65,16.65,18.05,15.75,12190600,HSX,stock
2022-12-13,VPB,16.70,17.10,16.40,17.10,17.80,15.50,10588900,HSX,stock
2022-12-14,VPB,17.25,17.35,17.00,17.05,18.25,15.95,10290400,HSX,stock
2022-12-15,VPB,17.05,18.20,17.05,18.20,18.20,15.90,30432400,HSX,stock
2022-12-16,VPB,18.45,18.85,18.30,18.50,19.45,16.95,12917400,HSX,stock
2022-12-19,VPB,18.35,18.75,17.95,17.95,19.75,17.25,14549100,HSX,stock
2022-12-20,VPB,17.90,17.90,16.90,17.30,19.20,16.70,11006600,HSX,stock
2022-12-21,VPB,17.50,17.90,17.00,17.65,18.50,16.10,8504600,HSX,stock
2022-12-22,VPB,18.00,18.85,17.95,18.45,18.85,16.45,20463200,HSX,stock
2022-12-23,VPB,18.45,18.65,18.10,18.35,19.70,17.20,8666800,HSX,stock
2022-12-26,VPB,18.35,18.50,17.20,17.20,19.60,17.10,13043500,HSX,stock
2022-12-27,VPB,17.30,17.90,17.15,17.90,18.40,16.00,7973100,HSX,stock
2022-12-28,VPB,17.90,18.50,17.50,18.15,19.15,16.65,7759300,HSX,stock
2022-12-29,VPB,18.10,18.50,17.80,17.80,19.40,16.90,9365100,HSX,stock
2022-12-30,VPB,17.90,18.10,17.60,17.90,19.00,16.60,5819500,HSX,stock
2023-01-03,VPB,18.00,18.50,17.80,18.50,19.15,16.65,9049300,HSX,stock
2023-01-04,VPB,18.50,19.30,18.50,18.90,19.75,17.25,18378900,HSX,stock
2023-01-05,VPB,19.00,19.05,18.55,18.95,20.20,17.60,6760600,HSX,stock
2023-01-06,VPB,18.85,19.65,18.80,18.95,20.25,17.65,12885400,HSX,stock
2023-01-09,VPB,19.20,19.30,18.80,18.85,20.25,17.65,9077400,HSX,stock
2023-01-10,VPB,18.85,19.00,18.55,18.70,20.15,17.55,6516200,HSX,stock
2023-01-11,VPB,19.00,19.00,18.45,18.45,20.00,17.40,9242700,HSX,stock
2023-01-12,VPB,18.60,18.75,18.40,18.70,19.70,17.20,7702500,HSX,stock
2023-01-13,VPB,18.85,19.50,18.55,19.40,20.00,17.40,12353000,HSX,stock
2023-01-16,VPB,19.60,19.60,19.20,19.40,20.75,18.05,8530100,HSX,stock
2023-01-17,VPB,19.50,19.60,19.35,19.60,20.75,18.05,14507100,HSX,stock
2023-01-18,VPB,19.60,19.80,19.40,19.65,20.95,18.25,10205800,HSX,stock
2023-01-19,VPB,19.55,19.70,19.40,19.50,21.00,18.30,9734700,HSX,stock
2023-01-27,VPB,19.65,20.25,19.40,19.70,20.85,18.15,10573100,HSX,stock
2023-01-30,VPB,19.70,19.75,19.25,19.25,21.05,18.35,10492500,HSX,stock
2023-01-31,VPB,19.15,19.50,19.05,19.45,20.55,17.95,11809100,HSX,stock
2023-02-01,VPB,19.55,19.60,18.10,18.30,20.80,18.10,16124200,HSX,stock
2023-02-02,VPB,18.60,18.70,18.15,18.40,19.55,17.05,12428500,HSX,stock
2023-02-03,VPB,18.50,18.55,18.05,18.25,19.65,17.15,11666700,HSX,stock
2023-02-06,VPB,18.15,18.55,17.95,18.50,19.50,17.00,7640900,HSX,stock
2023-02-07,VPB,18.55,18.65,17.95,17.95,19.75,17.25,7050400,HSX,stock
2023-02-08,VPB,18.10,18.25,17.85,17.95,19.20,16.70,5057500,HSX,stock
2023-02-09,VPB,17.95,18.55,17.90,18.00,19.20,16.70,7154800,HSX,stock
2023-02-10,VPB,18.00,18.30,17.50,17.50,19.25,16.75,6447400,HSX,stock
2023-02-13,VPB,17.60,17.65,16.60,17.00,18.70,16.30,11035100,HSX,stock
2023-02-14,VPB,17.00,17.20,16.70,16.70,18.15,15.85,8526200,HSX,stock
2023-02-15,VPB,16.70,17.20,16.70,17.20,17.85,15.55,7082400,HSX,stock
2023-02-16,VPB,17.40,17.60,17.10,17.50,18.40,16.00,7037900,HSX,stock
2023-02-17,VPB,17.30,17.50,17.20,17.30,18.70,16.30,5785900,HSX,stock
2023-02-20,VPB,17.10,18.30,17.10,18.30,18.50,16.10,9260600,HSX,stock
2023-02-21,VPB,18.40,18.40,17.80,17.80,19.55,17.05,8135200,HSX,stock
2023-02-22,VPB,17.60,18.00,17.45,17.45,19.00,16.60,8114400,HSX,stock
2023-02-23,VPB,17.45,17.55,17.10,17.55,18.65,16.25,5970400,HSX,stock
2023-02-24,VPB,17.55,17.65,17.15,17.15,18.75,16.35,6340100,HSX,stock
2023-02-27,VPB,17.00,17.15,16.55,17.00,18.35,15.95,4555200,HSX,stock
2023-02-28,VPB,17.15,17.25,16.90,17.05,18.15,15.85,4405500,HSX,stock
2023-03-01,VPB,16.85,17.50,16.70,17.45,18.20,15.90,4153900,HSX,stock
2023-03-02,VPB,17.45,17.55,17.25,17.30,18.65,16.25,2192100,HSX,stock
2023-03-03,VPB,17.45,17.50,16.90,17.00,18.50,16.10,3033700,HSX,stock
2023-03-06,VPB,17.30,17.50,17.05,17.10,18.15,15.85,5287300,HSX,stock
2023-03-07,VPB,17.40,17.70,17.30,17.40,18.25,15.95,6222000,HSX,stock
2023-03-08,VPB,17.20,18.15,17.20,18.15,18.60,16.20,10609700,HSX,stock
2023-03-09,VPB,18.15,18.30,18.00,18.20,19.40,16.90,6211600,HSX,stock
2023-03-10,VPB,17.90,18.30,17.90,18.30,19.45,16.95,7565800,HSX,stock
2023-03-13,VPB,18.80,19.40,18.60,19.40,19.55,17.05,16766800,HSX,stock
2023-03-14,VPB,19.60,19.60,19.10,19.40,20.75,18.05,13400600,HSX,stock
2023-03-15,VPB,19.80,19.85,19.55,19.80,20.75,18.05,11234000,HSX,stock
2023-03-16,VPB,19.50,19.65,19.15,19.45,21.15,18.45,9277100,HSX,stock
2023-03-17,VPB,19.60,19.75,19.35,19.70,20.80,18.10,9088200,HSX,stock
2023-03-20,VPB,19.55,19.70,19.30,19.70,21.05,18.35,11633300,HSX,stock
2023-03-21,VPB,19.70,20.35,19.50,20.35,21.05,18.35,19153800,HSX,stock
2023-03-22,VPB,20.50,21.20,20.45,21.00,21.75,18.95,21251500,HSX,stock
2023-03-23,VPB,21.00,21.15,20.80,21.05,22.45,19.55,12016500,HSX,stock
2023-03-24,VPB,21.05,21.20,20.85,21.15,22.50,19.60,10949300,HSX,stock
2023-03-27,VPB,21.15,21.55,21.00,21.25,22.60,19.70,14820000,HSX,stock
2023-03-28,VPB,21.40,21.60,20.55,21.00,22.70,19.80,21003600,HSX,stock
2023-03-29,VPB,20.90,20.90,20.60,20.90,22.45,19.55,9809600,HSX,stock
2023-03-30,VPB,21.00,21.05,20.70,20.90,22.35,19.45,8074000,HSX,stock
2023-03-31,VPB,20.80,21.30,20.80,21.05,22.35,19.45,10286900,HSX,stock
2023-04-03,VPB,21.15,21.25,20.90,21.20,22.50,19.60,6643100,HSX,stock
2023-04-04,VPB,21.20,21.45,21.00,21.40,22.65,19.75,8216000,HSX,stock
2023-04-05,VPB,21.30,21.45,21.15,21.20,22.85,19.95,6092900,HSX,stock
2023-04-06,VPB,21.20,21.50,20.90,20.90,22.65,19.75,6594900,HSX,stock
2023-04-07,VPB,20.90,21.05,20.65,20.90,22.35,19.45,4090200,HSX,stock
2023-04-10,VPB,20.90,21.35,20.70,20.90,22.35,19.45,7112400,HSX,stock
2023-04-11,VPB,20.90,21.10,20.70,21.00,22.35,19.45,5839500,HSX,stock
2023-04-12,VPB,21.00,21.05,20.65,20.65,22.45,19.55,4550400,HSX,stock
2023-04-13,VPB,20.65,20.65,20.20,20.60,22.05,19.25,8883200,HSX,stock
2023-04-14,VPB,20.60,20.70,20.35,20.50,22.00,19.20,6071700,HSX,stock
2023-04-17,VPB,20.45,20.60,20.30,20.45,21.90,19.10,2906100,HSX,stock
2023-04-18,VPB,20.45,20.55,20.10,20.25,21.85,19.05,4314000,HSX,stock
2023-04-19,VPB,20.45,20.55,19.70,19.70,21.65,18.85,6384900,HSX,stock
2023-04-20,VPB,19.65,19.80,19.25,19.35,21.05,18.35,5144100,HSX,stock
2023-04-21,VPB,19.35,19.60,19.35,19.45,20.70,18.00,3880900,HSX,stock
2023-04-24,VPB,19.45,20.05,19.35,19.50,20.80,18.10,3213800,HSX,stock
2023-04-25,VPB,19.70,19.75,19.25,19.30,20.85,18.15,3626400,HSX,stock
2023-04-26,VPB,19.30,19.40,19.10,19.35,20.65,17.95,4158600,HSX,stock
2023-04-27,VPB,19.35,19.70,19.35,19.40,20.70,18.00,2818000,HSX,stock
2023-04-28,VPB,19.55,19.90,19.50,19.90,20.75,18.05,5496800,HSX,stock
2023-05-04,VPB,19.55,19.80,19.50,19.55,21.25,18.55,3198400,HSX,stock
2023-05-05,VPB,19.60,19.90,19.45,19.45,20.90,18.20,2796700,HSX,stock
2023-05-08,VPB,19.45,19.65,19.40,19.45,20.80,18.10,2685800,HSX,stock
2023-05-09,VPB,19.55,19.60,19.40,19.45,20.80,18.10,2475500,HSX,stock
2023-05-10,VPB,19.50,19.60,19.45,19.55,20.80,18.10,3731300,HSX,stock
2023-05-11,VPB,19.60,19.85,19.60,19.80,20.90,18.20,3227900,HSX,stock
2023-05-12,VPB,19.80,19.85,19.55,19.75,21.15,18.45,3484900,HSX,stock
2023-05-15,VPB,19.80,20.20,19.75,19.80,21.10,18.40,6177200,HSX,stock
2023-05-16,VPB,19.90,19.90,19.60,19.60,21.15,18.45,3175600,HSX,stock
2023-05-17,VPB,19.60,19.65,19.20,19.20,20.95,18.25,4798700,HSX,stock
2023-05-18,VPB,19.30,19.50,19.20,19.25,20.50,17.90,3857800,HSX,stock
2023-05-19,VPB,19.30,19.40,19.20,19.30,20.55,17.95,3074300,HSX,stock
2023-05-22,VPB,19.30,19.70,19.30,19.70,20.65,17.95,5049300,HSX,stock
2023-05-23,VPB,19.75,19.80,19.50,19.55,21.05,18.35,3568100,HSX,stock
2023-05-24,VPB,19.65,19.70,19.40,19.40,20.90,18.20,4361700,HSX,stock
2023-05-25,VPB,19.35,19.45,19.20,19.20,20.75,18.05,3022400,HSX,stock
2023-05-26,VPB,19.30,19.30,19.10,19.15,20.50,17.90,2815900,HSX,stock
2023-05-29,VPB,19.20,19.45,19.20,19.35,20.45,17.85,3256300,HSX,stock
2023-05-30,VPB,19.50,19.50,19.35,19.45,20.70,18.00,4210100,HSX,stock
2023-05-31,VPB,19.55,19.55,19.25,19.30,20.80,18.10,3556900,HSX,stock
2023-06-01,VPB,19.30,19.40,19.20,19.40,20.65,17.95,4825300,HSX,stock
2023-06-02,VPB,19.60,20.20,19.55,19.85,20.75,18.05,10580000,HSX,stock
2023-06-05,VPB,20.10,20.15,19.75,19.75,21.20,18.50,6334200,HSX,stock
2023-06-06,VPB,19.75,20.00,19.70,19.85,21.10,18.40,6613700,HSX,stock
2023-06-07,VPB,20.00,20.10,19.75,19.90,21.20,18.50,7311900,HSX,stock
2023-06-08,VPB,19.90,20.05,19.50,19.50,21.25,18.55,8289600,HSX,stock
2023-06-09,VPB,19.60,19.60,19.30,19.50,20.85,18.15,4489100,HSX,stock
2023-06-12,VPB,19.70,19.70,19.35,19.60,20.85,18.15,3822000,HSX,stock
2023-06-13,VPB,19.70,19.75,19.40,19.50,20.95,18.25,4094300,HSX,stock
2023-06-14,VPB,19.60,20.10,19.55,19.75,20.85,18.15,8517800,HSX,stock
2023-06-15,VPB,19.75,19.85,19.55,19.70,21.10,18.40,4246900,HSX,stock
2023-06-16,VPB,19.85,20.10,19.50,19.55,21.05,18.35,12504800,HSX,stock
2023-06-19,VPB,19.55,19.65,19.25,19.45,20.90,18.20,5021500,HSX,stock
2023-06-20,VPB,19.45,19.55,19.25,19.50,20.80,18.10,5821900,HSX,stock
2023-06-21,VPB,19.50,19.65,19.40,19.65,20.85,18.15,3499200,HSX,stock
2023-06-22,VPB,19.75,19.85,19.60,19.60,21.00,18.30,5867100,HSX,stock
2023-06-23,VPB,19.70,20.40,19.65,20.20,20.95,18.25,15541700,HSX,stock
2023-06-26,VPB,20.50,20.50,19.95,20.25,21.60,18.80,7530800,HSX,stock
2023-06-27,VPB,20.45,20.45,20.10,20.10,21.65,18.85,6909200,HSX,stock
2023-06-28,VPB,20.20,20.35,20.05,20.25,21.50,18.70,7283400,HSX,stock
2023-06-29,VPB,20.30,20.45,19.90,19.90,21.65,18.85,7633000,HSX,stock
2023-06-30,VPB,19.90,20.00,19.75,19.85,21.25,18.55,6386100,HSX,stock
2023-07-03,VPB,19.85,20.00,19.75,19.85,21.20,18.50,4236300,HSX,stock
2023-07-04,VPB,19.85,19.95,19.75,19.85,21.20,18.50,3808600,HSX,stock
2023-07-05,VPB,19.90,20.30,19.90,19.95,21.20,18.50,9356200,HSX,stock
2023-07-06,VPB,19.95,20.10,19.55,19.55,21.30,18.60,6462900,HSX,stock
2023-07-07,VPB,19.60,19.85,19.50,19.85,20.90,18.20,4098200,HSX,stock
2023-07-10,VPB,19.95,20.15,19.80,20.05,21.20,18.50,6774300,HSX,stock
2023-07-11,VPB,20.30,20.30,19.80,19.90,21.45,18.65,8314100,HSX,stock
2023-07-12,VPB,20.00,20.00,19.65,19.65,21.25,18.55,4207700,HSX,stock
2023-07-13,VPB,19.90,19.95,19.65,19.95,21.00,18.30,5301900,HSX,stock
2023-07-14,VPB,20.05,20.10,19.60,19.90,21.30,18.60,4576600,HSX,stock
2023-07-17,VPB,20.10,20.50,20.05,20.45,21.25,18.55,15596700,HSX,stock
2023-07-18,VPB,20.45,21.10,20.30,20.95,21.85,19.05,11634400,HSX,stock
2023-07-19,VPB,21.00,21.00,20.65,20.65,22.40,19.50,4652100,HSX,stock
2023-07-20,VPB,20.60,21.00,20.50,21.00,22.05,19.25,8604700,HSX,stock
2023-07-21,VPB,20.95,21.45,20.80,21.40,22.45,19.55,11452700,HSX,stock
2023-07-24,VPB,21.50,21.90,21.30,21.85,22.85,19.95,10201700,HSX,stock
2023-07-25,VPB,21.90,22.35,21.80,21.85,23.35,20.35,12201100,HSX,stock
2023-07-26,VPB,21.80,21.90,21.55,21.85,23.35,20.35,8395100,HSX,stock
2023-07-27,VPB,21.80,21.85,21.50,21.75,23.35,20.35,7937200,HSX,stock
2023-07-28,VPB,21.75,22.10,21.60,22.10,23.25,20.25,6090600,HSX,stock
2023-07-31,VPB,22.15,22.25,21.90,22.15,23.60,20.60,8465300,HSX,stock
2023-08-01,VPB,22.15,22.20,21.65,21.95,23.70,20.60,9723800,HSX,stock
2023-08-02,VPB,21.95,22.25,21.70,22.00,23.45,20.45,6380500,HSX,stock
2023-08-03,VPB,21.95,22.00,21.60,21.70,23.50,20.50,7184000,HSX,stock
2023-08-04,VPB,21.80,22.20,21.60,22.20,23.20,20.20,9016100,HSX,stock
2023-08-07,VPB,22.45,23.00,22.30,22.65,23.75,20.65,8838100,HSX,stock
2023-08-08,VPB,22.65,22.65,22.20,22.20,24.20,21.10,4274700,HSX,stock
2023-08-09,VPB,22.10,22.20,21.70,22.05,23.75,20.65,9933000,HSX,stock
2023-08-10,VPB,22.05,22.05,21.55,21.95,23.55,20.55,6480800,HSX,stock
2023-08-11,VPB,21.95,22.00,21.55,22.00,23.45,20.45,5715900,HSX,stock
2023-08-14,VPB,21.90,22.00,21.80,21.95,23.50,20.50,6554500,HSX,stock
2023-08-15,VPB,21.95,22.00,21.65,22.00,23.45,20.45,10781400,HSX,stock
2023-08-16,VPB,21.90,22.60,21.65,22.40,23.50,20.50,14759600,HSX,stock
2023-08-17,VPB,22.50,22.65,22.15,22.15,23.95,20.85,9104800,HSX,stock
2023-08-18,VPB,22.00,22.05,20.60,20.60,23.70,20.60,9451900,HSX,stock
2023-08-21,VPB,20.60,21.00,20.40,20.80,22.00,19.20,6652700,HSX,stock
2023-08-22,VPB,20.75,20.85,20.05,20.60,22.25,19.35,4907600,HSX,stock
2023-08-23,VPB,20.75,20.85,20.25,20.25,22.00,19.20,5132600,HSX,stock
2023-08-24,VPB,20.25,20.50,20.15,20.50,21.65,18.85,3756500,HSX,stock
2023-08-25,VPB,20.45,20.55,20.00,20.20,21.90,19.10,4536800,HSX,stock
2023-08-28,VPB,20.20,20.40,20.10,20.30,21.60,18.80,5458500,HSX,stock
2023-08-29,VPB,20.35,20.90,20.25,20.85,21.70,18.90,7132100,HSX,stock
2023-08-30,VPB,20.90,20.90,20.60,20.80,22.30,19.40,4864700,HSX,stock
2023-08-31,VPB,20.80,21.05,20.70,20.95,22.25,19.35,8254800,HSX,stock
2023-09-05,VPB,21.20,21.30,20.95,21.00,22.40,19.50,4530800,HSX,stock
2023-09-06,VPB,21.25,21.80,20.90,21.80,22.45,19.55,6160300,HSX,stock
2023-09-07,VPB,21.90,22.10,21.70,21.75,23.30,20.30,6388400,HSX,stock
2023-09-08,VPB,21.75,21.90,21.70,21.80,23.25,20.25,7929800,HSX,stock
2023-09-11,VPB,22.10,22.30,21.50,21.90,23.30,20.30,16756700,HSX,stock
2023-09-12,VPB,21.90,22.30,21.70,22.30,23.40,20.40,10584500,HSX,stock
2023-09-13,VPB,22.30,22.55,22.05,22.45,23.85,20.75,6662300,HSX,stock
2023-09-14,VPB,22.40,22.60,22.00,22.40,24.00,20.90,7422500,HSX,stock
2023-09-15,VPB,22.45,22.65,22.20,22.55,23.95,20.85,11730700,HSX,stock
2023-09-18,VPB,22.50,22.50,21.90,22.15,24.10,21.00,10287300,HSX,stock
2023-09-19,VPB,22.05,22.15,21.60,21.90,23.70,20.60,7017500,HSX,stock
2023-09-20,VPB,21.80,22.05,21.55,21.90,23.40,20.40,6366200,HSX,stock
2023-09-21,VPB,21.70,21.90,21.65,21.65,23.40,20.40,5916800,HSX,stock
2023-09-22,VPB,21.20,21.35,20.85,21.25,23.15,20.15,6012800,HSX,stock
2023-09-25,VPB,21.20,21.30,20.40,20.40,22.70,19.80,4993500,HSX,stock
2023-09-26,VPB,20.60,20.70,20.25,20.45,21.80,19.00,7629100,HSX,stock
2023-09-27,VPB,20.50,21.00,20.30,21.00,21.85,19.05,4023100,HSX,stock
2023-09-28,VPB,20.75,21.40,20.55,21.20,22.45,19.55,6430000,HSX,stock
2023-09-29,VPB,21.30,21.70,21.10,21.70,22.65,19.75,4757100,HSX,stock
2023-10-02,VPB,21.60,21.80,21.40,21.80,23.20,20.20,4561900,HSX,stock
2023-10-03,VPB,21.50,21.60,20.70,21.00,23.30,20.30,4608400,HSX,stock
2023-10-04,VPB,20.50,21.25,20.50,21.00,22.45,19.55,2635300,HSX,stock
2023-10-05,VPB,20.90,21.10,20.80,20.80,22.45,19.55,2382700,HSX,stock
2023-10-06,VPB,20.95,21.05,20.70,20.95,22.25,19.35,2692800,HSX,stock
2023-10-09,VPB,21.00,21.40,20.75,21.40,22.40,19.50,3377000,HSX,stock
2023-10-10,VPB,21.35,21.60,21.30,21.60,22.85,19.95,7517600,HSX,stock
2023-10-11,VPB,21.60,21.80,21.40,21.80,23.10,20.10,5753100,HSX,stock
2023-10-12,VPB,21.90,21.90,21.60,21.85,23.30,20.30,7101700,HSX,stock
2023-10-13,VPB,21.65,22.00,21.40,21.95,23.35,20.35,8118500,HSX,stock
2023-10-16,VPB,21.70,22.50,21.70,22.50,23.45,20.45,13105700,HSX,stock
2023-10-17,VPB,22.45,22.70,22.20,22.70,24.05,20.95,13507700,HSX,stock
2023-10-18,VPB,22.50,23.15,21.75,22.50,24.25,21.15,13378300,HSX,stock
2023-10-19,VPB,22.20,22.40,21.45,21.45,24.05,20.95,6852400,HSX,stock
2023-10-20,VPB,21.60,22.10,21.45,21.60,22.95,19.95,5843400,HSX,stock
2023-10-23,VPB,21.60,21.70,20.70,21.05,23.10,20.10,6633600,HSX,stock
2023-10-24,VPB,20.85,21.40,20.85,21.05,22.50,19.60,3357000,HSX,stock
2023-10-25,VPB,21.05,21.25,20.90,21.00,22.50,19.60,2562900,HSX,stock
2023-10-26,VPB,20.70,20.85,19.55,20.20,22.45,19.55,8227700,HSX,stock
2023-10-27,VPB,20.20,20.50,19.90,20.20,,,2604800,HSX,stock
2023-10-30,VPB,20.00,20.15,19.80,19.90,21.60,18.80,2923800,HSX,stock
2023-10-31,VPB,19.80,20.05,19.55,20.00,21.25,18.55,3933800,HSX,stock
2023-11-01,VPB,20.00,20.10,19.80,19.80,21.40,18.60,3126700,HSX,stock
2023-11-02,VPB,19.95,20.40,19.85,20.30,21.15,18.45,3269300,HSX,stock
2023-11-03,VPB,20.45,20.50,19.80,19.80,21.70,18.90,10332300,HSX,stock
2023-11-06,VPB,20.20,20.85,20.20,20.80,21.15,18.45,5540900,HSX,stock
2023-11-07,VPB,20.90,21.10,20.70,20.70,22.25,19.35,3400500,HSX,stock
2023-11-08,VPB,20.80,21.35,20.60,21.35,22.10,19.30,7469500,HSX,stock
2023-11-09,VPB,20.50,20.55,20.00,20.00,21.75,18.95,6384600,HSX,stock
2023-11-10,VPB,19.90,19.90,19.55,19.55,21.40,18.60,6595400,HSX,stock
2023-11-13,VPB,19.55,19.70,19.05,19.20,20.90,18.20,4603800,HSX,stock
2023-11-14,VPB,19.40,20.00,19.30,19.60,20.50,17.90,5623700,HSX,stock
2023-11-15,VPB,19.90,20.15,19.80,19.95,20.95,18.25,8955600,HSX,stock
2023-11-16,VPB,19.75,20.00,19.75,19.90,21.30,18.60,5135300,HSX,stock
2023-11-17,VPB,20.00,20.00,19.00,19.30,21.25,18.55,7622000,HSX,stock
2023-11-20,VPB,18.90,19.90,18.85,19.50,20.65,17.95,6232100,HSX,stock
2023-11-21,VPB,19.60,19.90,19.50,19.65,20.85,18.15,4696700,HSX,stock
2023-11-22,VPB,19.65,19.75,19.40,19.65,21.00,18.30,3835500,HSX,stock
2023-11-23,VPB,19.70,19.75,19.15,19.15,21.00,18.30,5251300,HSX,stock
2023-11-24,VPB,19.15,19.40,19.00,19.20,20.45,17.85,6423100,HSX,stock
2023-11-27,VPB,19.25,19.45,19.15,19.20,20.50,17.90,4259200,HSX,stock
2023-11-28,VPB,19.20,19.45,19.05,19.35,20.50,17.90,2742100,HSX,stock
2023-11-29,VPB,19.40,19.40,19.25,19.25,20.70,18.00,2997600,HSX,stock
2023-11-30,VPB,19.20,19.45,19.10,19.10,20.55,17.95,3763000,HSX,stock
2023-12-01,VPB,19.20,19.35,19.05,19.30,20.40,17.80,2690400,HSX,stock
2023-12-04,VPB,19.30,19.60,19.25,19.50,20.65,17.95,5473100,HSX,stock
2023-12-05,VPB,19.50,19.55,19.15,19.15,20.85,18.15,6446700,HSX,stock
2023-12-06,VPB,19.25,19.45,19.15,19.40,20.45,17.85,5185500,HSX,stock
2023-12-07,VPB,19.40,19.65,19.15,19.65,20.75,18.05,8907800,HSX,stock
2023-12-08,VPB,19.65,19.70,19.30,19.60,21.00,18.30,4784800,HSX,stock
2023-12-11,VPB,19.50,19.60,19.20,19.40,20.95,18.25,4554100,HSX,stock
2023-12-12,VPB,19.40,19.45,19.20,19.45,20.75,18.05,4121900,HSX,stock
2023-12-13,VPB,19.35,19.40,19.10,19.20,20.80,18.10,5439300,HSX,stock
2023-12-14,VPB,19.20,19.30,18.95,19.00,20.50,17.90,5024100,HSX,stock
2023-12-15,VPB,19.00,19.10,18.65,18.70,20.30,17.70,6723000,HSX,stock
2023-12-18,VPB,18.65,18.70,18.05,18.40,20.00,17.40,10992000,HSX,stock
2023-12-19,VPB,18.10,18.30,18.00,18.30,19.65,17.15,7632300,HSX,stock
2023-12-20,VPB,18.30,18.35,18.05,18.25,19.55,17.05,5085200,HSX,stock
2023-12-21,VPB,18.20,18.25,18.00,18.20,19.50,17.00,5563500,HSX,stock
2023-12-22,VPB,18.20,18.35,18.05,18.15,19.45,16.95,5873900,HSX,stock
2023-12-25,VPB,18.25,18.50,18.25,18.50,19.40,16.90,4657800,HSX,stock
2023-12-26,VPB,18.50,18.55,18.25,18.50,19.75,17.25,4206000,HSX,stock
2023-12-27,VPB,18.50,18.60,18.35,18.50,19.75,17.25,4457300,HSX,stock
2023-12-28,VPB,18.50,18.80,18.45,18.80,19.75,17.25,6181300,HSX,stock
2023-12-29,VPB,18.80,19.20,18.70,19.20,20.10,17.50,23200000,HSX,stock
2024-01-02,VPB,19.20,19.20,18.85,18.85,20.50,17.90,4670700,HSX,stock
2024-01-03,VPB,18.85,19.10,18.65,19.10,20.15,17.55,4766000,HSX,stock
2024-01-04,VPB,19.15,19.65,18.95,19.35,20.40,17.80,11803900,HSX,stock
2024-01-05,VPB,19.35,19.45,19.10,19.20,20.70,18.00,4914500,HSX,stock
2024-01-08,VPB,19.30,19.40,19.15,19.25,20.50,17.90,3970700,HSX,stock
2024-01-09,VPB,19.25,19.35,19.10,19.15,20.55,17.95,3134100,HSX,stock
2024-01-10,VPB,19.10,19.75,19.10,19.60,20.45,17.85,13104900,HSX,stock
2024-01-11,VPB,19.80,19.85,19.55,19.65,20.95,18.25,8449700,HSX,stock
2024-01-12,VPB,19.45,19.75,19.30,19.65,21.00,18.30,11461400,HSX,stock
2024-01-15,VPB,19.80,19.80,19.35,19.35,21.00,18.30,5970300,HSX,stock
2024-01-16,VPB,19.30,19.45,19.20,19.45,20.70,18.00,4526900,HSX,stock
2024-01-17,VPB,19.45,19.55,19.25,19.30,20.80,18.10,6139700,HSX,stock
2024-01-18,VPB,19.40,19.55,19.30,19.50,20.65,17.95,4456100,HSX,stock
2024-01-19,VPB,19.55,19.75,19.55,19.70,20.85,18.15,7955300,HSX,stock
2024-01-22,VPB,19.85,19.95,19.70,19.80,21.05,18.35,7893200,HSX,stock
2024-01-23,VPB,19.85,19.90,19.65,19.70,21.15,18.45,5543900,HSX,stock
2024-01-24,VPB,19.70,19.80,19.55,19.65,21.05,18.35,3491900,HSX,stock
2024-01-25,VPB,19.65,19.70,19.55,19.65,21.00,18.30,2695600,HSX,stock
2024-01-26,VPB,19.70,19.75,19.65,19.75,21.00,18.30,3821600,HSX,stock
2024-01-29,VPB,19.75,19.75,19.55,19.75,21.10,18.40,2835200,HSX,stock
2024-01-30,VPB,19.65,19.85,19.65,19.70,21.10,18.40,3711900,HSX,stock
2024-01-31,VPB,19.65,19.70,19.15,19.40,21.05,18.35,9691300,HSX,stock
2024-02-01,VPB,19.35,19.35,19.10,19.15,20.75,18.05,3411800,HSX,stock
2024-02-02,VPB,19.15,19.20,18.80,18.80,20.45,17.85,8902600,HSX,stock
2024-02-05,VPB,18.85,19.45,18.85,19.20,20.10,17.50,5055600,HSX,stock
2024-02-06,VPB,19.30,19.40,19.20,19.30,20.50,17.90,3253200,HSX,stock
2024-02-07,VPB,19.35,19.60,19.30,19.60,20.65,17.95,5304700,HSX,stock
2024-02-15,VPB,19.60,20.15,19.60,19.80,20.95,18.25,7920600,HSX,stock
2024-02-16,VPB,19.95,19.95,19.70,19.85,21.15,18.45,3656400,HSX,stock
2024-02-19,VPB,19.85,19.95,19.65,19.80,21.20,18.50,5903200,HSX,stock
2024-02-20,VPB,19.70,19.75,19.50,19.60,21.15,18.45,8487300,HSX,stock
2024-02-21,VPB,19.60,20.00,19.60,19.75,20.95,18.25,7232600,HSX,stock
2024-02-22,VPB,19.80,19.90,19.60,19.70,21.10,18.40,4885700,HSX,stock
2024-02-23,VPB,19.70,20.25,19.50,19.50,21.05,18.35,15992100,HSX,stock
2024-02-26,VPB,19.55,19.55,19.20,19.25,20.85,18.15,6161400,HSX,stock
2024-02-27,VPB,19.35,19.50,19.20,19.35,20.55,17.95,8607800,HSX,stock
2024-02-28,VPB,19.40,19.90,19.40,19.90,20.70,18.00,10261900,HSX,stock
2024-02-29,VPB,20.10,20.20,19.65,19.90,21.25,18.55,8402300,HSX,stock
2024-03-01,VPB,19.90,19.90,19.65,19.65,21.25,18.55,5571500,HSX,stock
2024-03-04,VPB,19.80,19.80,19.60,19.60,21.00,18.30,5981800,HSX,stock
2024-03-05,VPB,19.60,19.75,19.55,19.75,20.95,18.25,3836900,HSX,stock
2024-03-06,VPB,19.80,19.85,19.30,19.40,21.10,18.40,4990100,HSX,stock
2024-03-07,VPB,19.40,19.60,19.40,19.45,20.75,18.05,4222500,HSX,stock
2024-03-08,VPB,19.45,19.50,18.95,19.00,20.80,18.10,10508800,HSX,stock
2024-03-11,VPB,18.95,19.10,18.55,18.55,20.30,17.70,7080100,HSX,stock
2024-03-12,VPB,18.55,18.75,18.50,18.55,19.80,17.30,5329300,HSX,stock
2024-03-13,VPB,18.65,19.10,18.60,19.05,19.80,17.30,5162300,HSX,stock
2024-03-14,VPB,19.10,19.10,18.65,18.80,20.35,17.75,4017700,HSX,stock
2024-03-15,VPB,18.75,18.80,18.55,18.65,20.10,17.50,7720900,HSX,stock
2024-03-18,VPB,18.65,18.70,17.95,18.20,19.95,17.35,9660200,HSX,stock
2024-03-19,VPB,18.20,18.50,18.10,18.15,19.45,16.95,6677200,HSX,stock
2024-03-20,VPB,18.20,18.65,18.20,18.65,19.40,16.90,5401200,HSX,stock
2024-03-21,VPB,18.75,18.95,18.55,18.75,19.95,17.35,7851000,HSX,stock
2024-03-22,VPB,18.90,19.00,18.65,18.80,20.05,17.45,7035700,HSX,stock
2024-03-25,VPB,18.80,19.15,18.65,18.90,20.10,17.50,8421800,HSX,stock
2024-03-26,VPB,18.90,19.60,18.90,19.60,20.20,17.60,17662700,HSX,stock
2024-03-27,VPB,19.65,19.75,19.35,19.60,20.95,18.25,8273200,HSX,stock
2024-03-28,VPB,19.65,19.80,19.50,19.65,20.95,18.25,8317000,HSX,stock
2024-03-29,VPB,19.70,19.80,19.45,19.75,21.00,18.30,8882100,HSX,stock
2024-04-01,VPB,19.60,19.75,19.45,19.65,21.10,18.40,6039600,HSX,stock
2024-04-02,VPB,19.55,19.60,18.90,19.55,21.00,18.30,13300000,HSX,stock
2024-04-03,VPB,19.35,19.50,19.25,19.35,20.90,18.20,9393400,HSX,stock
2024-04-04,VPB,19.40,19.60,19.20,19.30,20.70,18.00,5935400,HSX,stock
2024-04-05,VPB,19.10,19.45,19.00,19.45,20.65,17.95,5469500,HSX,stock
2024-04-08,VPB,19.45,19.45,19.10,19.40,20.80,18.10,4424000,HSX,stock
2024-04-09,VPB,19.35,19.40,19.15,19.35,20.75,18.05,5643500,HSX,stock
2024-04-10,VPB,19.40,19.95,19.30,19.35,20.70,18.00,11993700,HSX,stock
2024-04-11,VPB,19.35,19.60,19.30,19.35,20.70,18.00,5153000,HSX,stock
2024-04-12,VPB,19.40,19.70,19.40,19.70,20.70,18.00,8848000,HSX,stock
2024-04-15,VPB,19.60,19.80,18.40,18.60,21.05,18.35,13002500,HSX,stock
2024-04-16,VPB,18.70,19.00,18.50,18.75,19.90,17.30,11177600,HSX,stock
2024-04-17,VPB,18.95,19.05,18.15,18.15,20.05,17.45,7194500,HSX,stock
2024-04-19,VPB,18.15,18.50,17.95,18.10,19.40,16.90,7344700,HSX,stock
2024-04-22,VPB,18.40,18.60,18.25,18.30,19.35,16.85,4328300,HSX,stock
2024-04-23,VPB,18.35,18.60,18.00,18.40,19.55,17.05,8887300,HSX,stock
2024-04-24,VPB,18.50,18.75,18.40,18.60,19.65,17.15,7472900,HSX,stock
2024-04-25,VPB,18.75,18.75,18.35,18.60,19.90,17.30,6507900,HSX,stock
2024-04-26,VPB,18.40,18.60,18.30,18.55,19.90,17.30,4889000,HSX,stock
2024-05-02,VPB,18.55,18.60,18.30,18.30,19.80,17.30,3449200,HSX,stock
2024-05-03,VPB,18.40,18.50,18.35,18.40,19.55,17.05,6522000,HSX,stock
2024-05-06,VPB,18.50,18.75,18.40,18.75,19.65,17.15,4907200,HSX,stock
2024-05-07,VPB,18.75,18.85,18.55,18.80,20.05,17.45,4453500,HSX,stock
2024-05-08,VPB,18.65,18.80,18.50,18.55,20.10,17.50,5921500,HSX,stock
2024-05-09,VPB,18.65,18.85,18.50,18.75,19.80,17.30,3856600,HSX,stock
2024-05-10,VPB,18.70,18.75,18.40,18.50,20.05,17.45,5432900,HSX,stock
2024-05-13,VPB,18.55,18.90,18.45,18.80,19.75,17.25,8874800,HSX,stock
2024-05-14,VPB,19.00,19.30,18.90,19.10,20.10,17.50,11149600,HSX,stock
2024-05-15,VPB,19.25,19.25,19.05,19.05,20.40,17.80,5632800,HSX,stock
2024-05-16,VPB,19.20,19.45,19.10,19.40,20.35,17.75,9928100,HSX,stock
2024-05-17,VPB,19.40,19.45,19.25,19.40,20.75,18.05,6259200,HSX,stock
2024-05-20,VPB,19.55,19.85,19.50,19.80,20.75,18.05,11521500,HSX,stock
2024-05-21,VPB,19.80,19.85,19.60,19.80,21.15,18.45,9807300,HSX,stock
2024-05-22,VPB,18.80,18.80,18.25,18.30,20.10,17.50,9564900,HSX,stock
2024-05-23,VPB,18.30,18.50,18.15,18.50,19.55,17.05,5101700,HSX,stock
2024-05-24,VPB,18.40,18.50,18.00,18.00,19.75,17.25,9937600,HSX,stock
2024-05-27,VPB,18.15,18.15,17.95,18.00,19.25,16.75,3401500,HSX,stock
2024-05-28,VPB,18.10,18.20,18.00,18.05,19.25,16.75,4218600,HSX,stock
2024-05-29,VPB,18.10,18.10,17.95,18.05,19.30,16.80,4218300,HSX,stock
2024-05-30,VPB,18.00,18.00,17.70,17.95,19.30,16.80,4964700,HSX,stock
2024-05-31,VPB,17.95,18.05,17.90,18.00,19.20,16.70,2736800,HSX,stock
2024-06-03,VPB,18.10,18.45,18.05,18.30,19.25,16.75,6821800,HSX,stock
2024-06-04,VPB,18.40,18.40,18.15,18.20,19.55,17.05,4988100,HSX,stock
2024-06-05,VPB,18.20,18.30,18.10,18.10,19.45,16.95,6400900,HSX,stock
2024-06-06,VPB,18.15,18.25,17.95,18.10,19.35,16.85,8845700,HSX,stock
2024-06-07,VPB,18.25,18.25,17.95,18.00,19.35,16.85,6113400,HSX,stock
2024-06-10,VPB,18.05,18.20,18.00,18.05,19.25,16.75,6191400,HSX,stock
2024-06-11,VPB,18.20,18.35,18.05,18.30,19.30,16.80,15277500,HSX,stock
2024-06-12,VPB,18.30,19.40,18.15,19.40,19.55,17.05,33028300,HSX,stock
2024-06-13,VPB,19.50,19.80,19.25,19.45,20.75,18.05,23195300,HSX,stock
2024-06-14,VPB,19.45,19.50,18.70,18.70,20.80,18.10,18339500,HSX,stock
2024-06-17,VPB,18.70,19.05,18.45,18.75,20.00,17.40,12813800,HSX,stock
2024-06-18,VPB,18.80,19.10,18.60,18.60,20.05,17.45,16796700,HSX,stock
2024-06-19,VPB,18.65,19.20,18.40,19.00,19.90,17.30,22739700,HSX,stock
2024-06-20,VPB,19.15,19.80,19.00,19.70,20.30,17.70,27071100,HSX,stock
2024-06-21,VPB,19.70,19.85,19.35,19.60,21.05,18.35,24197500,HSX,stock
2024-06-24,VPB,19.45,19.60,18.85,18.85,20.95,18.25,21922700,HSX,stock
2024-06-25,VPB,18.85,19.20,18.85,19.00,20.15,17.55,9181300,HSX,stock
2024-06-26,VPB,19.00,19.10,18.55,19.00,20.30,17.70,13889600,HSX,stock
2024-06-27,VPB,19.00,19.05,18.70,19.00,20.30,17.70,14703500,HSX,stock
2024-06-28,VPB,18.95,19.30,18.60,18.65,20.30,17.70,21345200,HSX,stock
2024-07-01,VPB,18.65,19.05,18.50,19.00,19.95,17.35,7455800,HSX,stock
2024-07-02,VPB,19.00,19.20,18.80,18.95,20.30,17.70,8639800,HSX,stock
2024-07-03,VPB,19.00,19.20,18.75,19.00,20.25,17.65,9826500,HSX,stock
2024-07-04,VPB,19.15,19.45,19.05,19.05,20.30,17.70,12615700,HSX,stock
2024-07-05,VPB,19.05,19.30,19.00,19.15,20.35,17.75,10000400,HSX,stock
2024-07-08,VPB,19.20,19.30,19.00,19.05,20.45,17.85,7917700,HSX,stock
2024-07-09,VPB,19.20,19.45,19.00,19.40,20.35,17.75,16048000,HSX,stock
2024-07-10,VPB,19.50,19.55,19.20,19.20,20.75,18.05,7562600,HSX,stock
2024-07-11,VPB,19.20,19.55,19.05,19.05,20.50,17.90,11949600,HSX,stock
2024-07-12,VPB,19.10,19.20,18.95,19.00,20.35,17.75,8574500,HSX,stock
2024-07-15,VPB,19.05,19.10,18.70,18.80,20.30,17.70,8886000,HSX,stock
2024-07-16,VPB,18.90,19.10,18.80,19.00,20.10,17.50,9394100,HSX,stock
2024-07-17,VPB,19.00,19.40,18.80,19.00,20.30,17.70,14778800,HSX,stock
2024-07-18,VPB,19.00,19.10,18.65,19.05,20.30,17.70,8426300,HSX,stock
2024-07-19,VPB,19.00,19.20,18.80,18.80,20.35,17.75,9526500,HSX,stock
2024-07-22,VPB,18.80,19.05,18.65,18.80,20.10,17.50,8265400,HSX,stock
2024-07-23,VPB,18.85,18.90,18.20,18.40,20.10,17.50,8528400,HSX,stock
2024-07-24,VPB,18.35,18.60,18.20,18.50,19.65,17.15,6405300,HSX,stock
2024-07-25,VPB,18.40,18.50,18.30,18.35,19.75,17.25,6228500,HSX,stock
2024-07-26,VPB,18.40,18.50,18.30,18.40,19.60,17.10,3841300,HSX,stock
2024-07-29,VPB,18.50,18.60,18.40,18.40,19.65,17.15,3822500,HSX,stock
2024-07-30,VPB,18.40,18.70,18.30,18.55,19.65,17.15,6541900,HSX,stock
2024-07-31,VPB,18.60,19.15,18.60,19.00,19.80,17.30,15487200,HSX,stock
2024-08-01,VPB,19.15,19.15,18.45,18.55,20.30,17.70,8450800,HSX,stock
2024-08-02,VPB,18.50,18.75,18.35,18.75,19.80,17.30,7840800,HSX,stock
2024-08-05,VPB,18.40,18.60,17.95,18.15,20.05,17.45,13399300,HSX,stock
2024-08-06,VPB,18.35,18.50,18.10,18.35,19.40,16.90,5742300,HSX,stock
2024-08-07,VPB,18.40,18.40,18.00,18.00,19.60,17.10,6748700,HSX,stock
2024-08-08,VPB,17.90,18.00,17.50,17.85,19.25,16.75,8752900,HSX,stock
2024-08-09,VPB,17.85,18.10,17.80,18.00,19.05,16.65,4811200,HSX,stock
2024-08-12,VPB,18.00,18.15,17.80,18.15,19.25,16.75,6273300,HSX,stock
2024-08-13,VPB,18.10,18.20,17.95,18.15,19.40,16.90,5035900,HSX,stock
2024-08-14,VPB,18.15,18.20,18.00,18.00,19.40,16.90,4480700,HSX,stock
2024-08-15,VPB,18.00,18.10,17.95,18.00,19.25,16.75,4262600,HSX,stock
2024-08-16,VPB,18.05,18.45,18.00,18.40,19.25,16.75,12873800,HSX,stock
2024-08-19,VPB,18.40,18.60,18.40,18.45,19.65,17.15,6759600,HSX,stock
2024-08-20,VPB,18.45,18.65,18.40,18.60,19.70,17.20,10340300,HSX,stock
2024-08-21,VPB,18.50,18.85,18.45,18.75,19.90,17.30,16647200,HSX,stock
2024-08-22,VPB,18.75,18.85,18.60,18.75,20.05,17.45,7164100,HSX,stock
2024-08-23,VPB,18.80,19.00,18.70,18.75,20.05,17.45,11549900,HSX,stock
2024-08-26,VPB,18.80,19.30,18.80,19.00,20.05,17.45,18547000,HSX,stock
2024-08-27,VPB,19.10,19.15,18.95,19.00,20.30,17.70,7417200,HSX,stock
2024-08-28,VPB,19.00,19.10,18.90,18.95,20.30,17.70,5689200,HSX,stock
2024-08-29,VPB,18.95,19.35,18.90,18.95,20.25,17.65,10657800,HSX,stock
2024-08-30,VPB,19.10,19.10,18.95,18.95,20.25,17.65,6184000,HSX,stock
2024-09-04,VPB,18.80,18.80,18.50,18.50,20.25,17.65,11024600,HSX,stock
2024-09-05,VPB,18.55,18.55,18.30,18.30,19.75,17.25,8699800,HSX,stock
2024-09-06,VPB,18.30,18.45,18.20,18.45,19.55,17.05,7787200,HSX,stock
2024-09-09,VPB,18.40,18.45,18.25,18.35,19.70,17.20,7388900,HSX,stock
2024-09-10,VPB,18.40,18.45,18.10,18.15,19.60,17.10,10334100,HSX,stock
2024-09-11,VPB,18.10,18.30,18.05,18.25,19.40,16.90,5800100,HSX,stock
2024-09-12,VPB,18.25,18.60,18.25,18.50,19.50,17.00,13001600,HSX,stock
2024-09-13,VPB,18.50,18.55,18.30,18.45,19.75,17.25,4436400,HSX,stock
2024-09-16,VPB,18.40,18.55,18.25,18.35,19.70,17.20,4439700,HSX,stock
2024-09-17,VPB,18.35,18.65,18.30,18.65,19.60,17.10,5869900,HSX,stock
2024-09-18,VPB,18.65,18.80,18.50,18.65,19.95,17.35,13200300,HSX,stock
2024-09-19,VPB,18.65,18.80,18.65,18.75,19.95,17.35,8984500,HSX,stock
2024-09-20,VPB,18.80,19.10,18.80,18.95,20.05,17.45,27403100,HSX,stock
2024-09-23,VPB,19.00,19.20,18.90,19.00,20.25,17.65,12834000,HSX,stock
2024-09-24,VPB,19.00,19.20,18.95,19.20,20.30,17.70,15119400,HSX,stock
2024-09-25,VPB,19.30,19.55,19.20,19.45,20.50,17.90,21584500,HSX,stock
2024-09-26,VPB,19.50,19.85,19.35,19.60,20.80,18.10,24343900,HSX,stock
2024-09-27,VPB,19.70,20.15,19.60,19.75,20.95,18.25,25227200,HSX,stock
2024-09-30,VPB,19.70,20.15,19.65,20.10,21.10,18.40,10832000,HSX,stock
2024-10-01,VPB,20.10,20.30,19.85,19.90,21.50,18.70,14365100,HSX,stock
2024-10-02,VPB,19.80,19.90,19.60,19.70,21.25,18.55,15394700,HSX,stock
2024-10-03,VPB,19.80,20.45,19.80,20.00,21.05,18.35,22697700,HSX,stock
2024-10-04,VPB,20.00,20.45,19.95,20.00,21.40,18.60,14777900,HSX,stock
2024-10-07,VPB,20.10,20.15,19.70,20.00,21.40,18.60,12540900,HSX,stock
2024-10-08,VPB,20.00,20.15,19.85,20.10,21.40,18.60,13996300,HSX,stock
2024-10-09,VPB,20.00,20.30,20.00,20.25,21.50,18.70,25090000,HSX,stock
2024-10-10,VPB,20.35,20.70,20.30,20.55,21.65,18.85,18213500,HSX,stock
2024-10-11,VPB,20.50,20.70,20.35,20.70,21.95,19.15,11523100,HSX,stock
2024-10-14,VPB,20.80,20.80,20.40,20.65,22.10,19.30,10717300,HSX,stock
2024-10-15,VPB,20.50,21.05,20.50,20.85,22.05,19.25,20159600,HSX,stock
2024-10-16,VPB,20.80,20.90,20.65,20.85,22.30,19.40,8734600,HSX,stock
2024-10-17,VPB,20.85,20.95,20.70,20.90,22.30,19.40,13771200,HSX,stock
2024-10-18,VPB,20.85,20.95,20.55,20.55,22.35,19.45,11639000,HSX,stock
2024-10-21,VPB,20.55,20.75,20.40,20.65,21.95,19.15,9360500,HSX,stock
2024-10-22,VPB,20.60,20.65,20.30,20.60,22.05,19.25,9930100,HSX,stock
2024-10-23,VPB,20.50,20.55,20.30,20.45,22.00,19.20,9257100,HSX,stock
2024-10-24,VPB,20.40,20.45,20.00,20.00,21.85,19.05,13936600,HSX,stock
2024-10-25,VPB,20.10,20.20,20.00,20.10,21.40,18.60,7853000,HSX,stock
2024-10-28,VPB,20.00,20.10,19.90,20.10,21.50,18.70,5634500,HSX,stock
2024-10-29,VPB,20.20,20.30,20.15,20.25,21.50,18.70,6870700,HSX,stock
2024-10-30,VPB,20.25,20.35,20.15,20.25,21.65,18.85,4239600,HSX,stock
2024-10-31,VPB,20.25,20.45,20.15,20.45,21.65,18.85,7500300,HSX,stock
2024-11-01,VPB,20.40,20.40,20.05,20.15,21.85,19.05,9889400,HSX,stock
2024-11-04,VPB,20.15,20.20,19.60,19.70,21.55,18.75,14229600,HSX,stock
2024-11-05,VPB,19.55,19.80,19.55,19.70,21.05,18.35,5255200,HSX,stock
2024-11-06,VPB,19.75,19.95,19.70,19.85,21.05,18.35,8732300,HSX,stock
2024-11-07,VPB,19.90,19.95,19.60,19.70,21.20,18.50,6223800,HSX,stock
2024-11-08,VPB,19.80,19.80,19.30,19.50,21.05,18.35,10038100,HSX,stock
2024-11-11,VPB,19.45,19.45,18.95,19.20,20.85,18.15,12844700,HSX,stock
2024-11-12,VPB,19.25,19.25,18.90,19.10,20.50,17.90,7053900,HSX,stock
2024-11-13,VPB,18.95,19.35,18.75,19.35,20.40,17.80,10237000,HSX,stock
2024-11-14,VPB,19.10,19.20,18.80,19.00,20.70,18.00,6977400,HSX,stock
2024-11-15,VPB,18.85,18.95,18.70,18.70,20.30,17.70,9802300,HSX,stock
2024-11-18,VPB,18.60,18.90,18.45,18.70,20.00,17.40,10086200,HSX,stock
2024-11-19,VPB,18.75,18.80,18.50,18.50,20.00,17.40,6212800,HSX,stock
2024-11-20,VPB,18.40,18.90,18.40,18.70,19.75,17.25,8988000,HSX,stock
2024-11-21,VPB,18.70,19.20,18.60,19.20,20.00,17.40,14896400,HSX,stock
2024-11-22,VPB,19.20,19.30,19.05,19.05,20.50,17.90,9447900,HSX,stock
2024-11-25,VPB,19.05,19.20,19.05,19.05,20.35,17.75,4667100,HSX,stock
2024-11-26,VPB,19.05,19.40,19.05,19.05,20.35,17.75,10684200,HSX,stock
2024-11-27,VPB,19.05,19.20,19.00,19.05,20.35,17.75,3068300,HSX,stock
2024-11-28,VPB,19.20,19.35,19.05,19.05,20.35,17.75,6845500,HSX,stock
2024-11-29,VPB,19.15,19.20,19.00,19.15,20.35,17.75,3244300,HSX,stock
2024-12-02,VPB,19.30,19.30,19.10,19.20,20.45,17.85,4450000,HSX,stock
2024-12-03,VPB,19.15,19.20,19.00,19.20,20.50,17.90,6097900,HSX,stock
2024-12-04,VPB,19.05,19.15,18.95,19.00,20.50,17.90,5130600,HSX,stock
2024-12-05,VPB,19.00,19.50,18.80,19.50,20.30,17.70,19279600,HSX,stock
2024-12-06,VPB,19.50,19.50,19.30,19.35,20.85,18.15,6231100,HSX,stock
2024-12-09,VPB,19.25,19.55,19.20,19.40,20.70,18.00,12486800,HSX,stock
2024-12-10,VPB,19.40,19.45,19.20,19.25,20.75,18.05,3565600,HSX,stock
2024-12-11,VPB,19.25,19.30,19.05,19.25,20.55,17.95,7923900,HSX,stock
2024-12-12,VPB,19.25,19.55,19.15,19.30,20.55,17.95,12524900,HSX,stock
2024-12-13,VPB,19.20,19.30,19.10,19.15,20.65,17.95,4245000,HSX,stock
2024-12-16,VPB,19.15,19.20,19.00,19.10,20.45,17.85,3053100,HSX,stock
2024-12-17,VPB,19.10,19.15,18.95,18.95,20.40,17.80,5081700,HSX,stock
2024-12-18,VPB,19.00,19.10,18.95,19.00,20.25,17.65,2780700,HSX,stock
2024-12-19,VPB,18.95,18.95,18.60,18.80,20.30,17.70,10739100,HSX,stock
2024-12-20,VPB,18.80,18.90,18.65,18.90,20.10,17.50,4069800,HSX,stock
2024-12-23,VPB,18.95,19.15,18.90,18.95,20.20,17.60,4851600,HSX,stock
2024-12-24,VPB,18.95,19.00,18.75,18.95,20.25,17.65,3159000,HSX,stock
2024-12-25,VPB,18.95,19.30,18.80,19.20,20.25,17.65,7122000,HSX,stock
2024-12-26,VPB,19.25,19.30,19.05,19.25,20.50,17.90,4797100,HSX,stock
2024-12-27,VPB,19.20,19.35,19.10,19.25,20.55,17.95,8030200,HSX,stock
2024-12-30,VPB,19.20,19.25,19.10,19.25,20.55,17.95,3248800,HSX,stock
2024-12-31,VPB,19.25,19.25,19.05,19.20,20.55,17.95,5362400,HSX,stock
2025-01-02,VPB,19.10,19.20,18.95,19.15,20.50,17.90,5060600,HSX,stock
2025-01-03,VPB,19.10,19.10,18.75,18.75,20.45,17.85,5073300,HSX,stock
2025-01-06,VPB,18.75,18.90,18.70,18.80,20.05,17.45,3408000,HSX,stock
2025-01-07,VPB,18.85,18.90,18.70,18.70,20.10,17.50,3096700,HSX,stock
2025-01-08,VPB,18.70,18.90,18.65,18.85,20.00,17.40,1990500,HSX,stock
2025-01-09,VPB,18.90,18.90,18.65,18.70,20.15,17.55,2128600,HSX,stock
2025-01-10,VPB,18.70,18.75,18.45,18.50,20.00,17.40,3233700,HSX,stock
2025-01-13,VPB,18.45,18.50,18.25,18.30,19.75,17.25,5051700,HSX,stock
2025-01-14,VPB,18.25,18.35,18.05,18.15,19.55,17.05,6656700,HSX,stock
2025-01-15,VPB,18.30,18.50,18.20,18.40,19.40,16.90,3147600,HSX,stock
2025-01-16,VPB,18.50,18.50,18.20,18.40,19.65,17.15,5731800,HSX,stock
2025-01-17,VPB,18.40,18.45,18.30,18.45,19.65,17.15,2495600,HSX,stock
2025-01-20,VPB,18.40,18.55,18.35,18.40,19.70,17.20,3167700,HSX,stock
2025-01-21,VPB,18.50,18.50,18.25,18.40,19.65,17.15,6705600,HSX,stock
2025-01-22,VPB,18.40,18.50,18.25,18.35,19.65,17.15,5588300,HSX,stock
2025-01-23,VPB,18.50,18.90,18.40,18.90,19.60,17.10,12215900,HSX,stock
2025-01-24,VPB,18.90,19.00,18.80,18.90,20.20,17.60,6952900,HSX,stock
2025-02-03,VPB,18.80,18.80,18.50,18.50,20.20,17.60,5118400,HSX,stock
2025-02-04,VPB,18.75,18.80,18.55,18.75,19.75,17.25,6176000,HSX,stock
2025-02-05,VPB,18.75,19.10,18.75,19.05,20.05,17.45,6361300,HSX,stock
2025-02-06,VPB,19.10,19.20,18.95,19.05,20.35,17.75,5084100,HSX,stock
2025-02-07,VPB,18.95,19.20,18.90,18.95,20.35,17.75,4645600,HSX,stock
2025-02-10,VPB,18.90,19.10,18.75,18.85,20.25,17.65,5782900,HSX,stock
2025-02-11,VPB,18.85,19.15,18.80,18.90,20.15,17.55,11693500,HSX,stock
2025-02-12,VPB,19.00,19.10,18.80,18.90,20.20,17.60,3725700,HSX,stock
2025-02-13,VPB,18.90,19.00,18.80,18.90,20.20,17.60,4152700,HSX,stock
2025-02-14,VPB,19.10,19.15,19.00,19.00,20.20,17.60,5807900,HSX,stock
2025-02-17,VPB,19.00,19.10,18.85,18.85,20.30,17.70,6286300,HSX,stock
2025-02-18,VPB,18.85,19.20,18.75,18.95,20.15,17.55,9783400,HSX,stock
2025-02-19,VPB,19.00,19.10,18.95,19.05,20.25,17.65,4410500,HSX,stock
2025-02-20,VPB,19.10,19.30,19.00,19.20,20.35,17.75,9814100,HSX,stock
2025-02-21,VPB,19.15,19.60,19.05,19.45,20.50,17.90,19785100,HSX,stock
2025-02-24,VPB,19.40,19.55,19.20,19.55,20.80,18.10,13323400,HSX,stock
2025-02-25,VPB,19.55,19.60,19.25,19.35,20.90,18.20,5703300,HSX,stock
2025-02-26,VPB,19.35,19.40,19.25,19.25,20.70,18.00,5910300,HSX,stock
2025-02-27,VPB,19.25,19.35,19.05,19.30,20.55,17.95,4412500,HSX,stock
2025-02-28,VPB,19.10,19.40,19.10,19.30,20.65,17.95,4403600,HSX,stock
2025-03-03,VPB,19.35,19.35,19.10,19.20,20.65,17.95,5443700,HSX,stock
2025-03-04,VPB,19.10,19.20,18.95,19.10,20.50,17.90,8205700,HSX,stock
2025-03-05,VPB,19.10,19.35,19.00,19.00,20.40,17.80,9141100,HSX,stock
2025-03-06,VPB,19.05,19.35,19.05,19.15,20.30,17.70,11466000,HSX,stock
2025-03-07,VPB,19.20,19.45,19.15,19.25,20.45,17.85,9461300,HSX,stock
2025-03-10,VPB,19.40,19.65,19.30,19.40,20.55,17.95,16502000,HSX,stock
2025-03-11,VPB,19.25,19.75,19.20,19.70,20.75,18.05,17358200,HSX,stock
2025-03-12,VPB,19.80,19.80,19.50,19.60,21.05,18.35,14006200,HSX,stock
2025-03-13,VPB,19.65,19.65,19.20,19.25,20.95,18.25,8857800,HSX,stock
2025-03-14,VPB,19.30,19.60,19.20,19.60,20.55,17.95,7975600,HSX,stock
2025-03-17,VPB,19.75,20.40,19.60,20.20,20.95,18.25,34835700,HSX,stock
2025-03-18,VPB,20.25,20.30,19.80,19.80,21.60,18.80,12782400,HSX,stock
2025-03-19,VPB,19.75,19.75,19.40,19.45,21.15,18.45,13289900,HSX,stock
2025-03-20,VPB,19.60,19.70,19.40,19.60,20.80,18.10,9499900,HSX,stock
2025-03-21,VPB,19.60,19.65,19.40,19.50,20.95,18.25,5125700,HSX,stock
2025-03-24,VPB,19.50,19.65,19.25,19.60,20.85,18.15,7837900,HSX,stock
2025-03-25,VPB,19.65,19.70,19.45,19.50,20.95,18.25,5532900,HSX,stock
2025-03-26,VPB,19.50,19.65,19.30,19.35,20.85,18.15,3881500,HSX,stock
2025-03-27,VPB,19.25,19.45,19.25,19.25,20.70,18.00,2778600,HSX,stock
2025-03-28,VPB,19.25,19.40,19.20,19.25,20.55,17.95,5989400,HSX,stock
2025-03-31,VPB,19.15,19.25,19.00,19.00,20.55,17.95,7413200,HSX,stock
2025-04-01,VPB,19.15,19.20,19.00,19.15,20.30,17.70,4718900,HSX,stock
2025-04-02,VPB,19.15,19.35,19.10,19.15,20.45,17.85,6231200,HSX,stock
2025-04-03,VPB,18.20,18.55,17.85,17.85,20.45,17.85,16952500,HSX,stock
2025-04-04,VPB,16.80,17.45,16.65,17.45,19.05,16.65,20930300,HSX,stock
2025-04-08,VPB,17.00,17.20,16.25,16.25,18.65,16.25,10251300,HSX,stock
2025-04-09,VPB,15.20,16.50,15.15,15.95,17.35,15.15,28225900,HSX,stock
2025-04-10,VPB,17.05,17.05,17.05,17.05,17.05,14.85,1582500,HSX,stock
2025-04-11,VPB,17.00,17.65,16.80,17.45,18.20,15.90,27229700,HSX,stock
2025-04-14,VPB,17.50,17.70,17.25,17.30,18.65,16.25,11983900,HSX,stock
2025-04-15,VPB,17.20,17.25,16.85,16.90,18.50,16.10,9017200,HSX,stock
2025-04-16,VPB,16.85,17.00,16.70,16.80,18.05,15.75,7421500,HSX,stock
2025-04-17,VPB,16.80,16.80,16.35,16.55,17.95,15.65,10610100,HSX,stock
2025-04-18,VPB,16.65,17.25,16.65,16.95,17.70,15.40,7008600,HSX,stock
2025-04-21,VPB,16.90,17.05,16.70,16.70,18.10,15.80,5020800,HSX,stock
2025-04-22,VPB,16.60,16.80,15.55,16.60,17.85,15.55,13537700,HSX,stock
2025-04-23,VPB,17.00,17.00,16.70,16.70,17.75,15.45,6043500,HSX,stock
2025-04-24,VPB,16.80,16.95,16.65,16.65,17.85,15.55,6433900,HSX,stock
2025-04-25,VPB,16.70,16.75,16.45,16.50,17.80,15.50,16845100,HSX,stock
2025-04-28,VPB,16.70,16.70,16.50,16.55,17.65,15.35,4501200,HSX,stock
2025-04-29,VPB,16.60,16.70,16.50,16.55,17.70,15.40,7115600,HSX,stock
2025-05-05,VPB,16.70,16.75,16.50,16.60,17.70,15.40,36852000,HSX,stock
2025-05-06,VPB,16.70,17.20,16.65,16.90,,,58548500,HSX,stock
2025-05-07,VPB,16.95,17.00,16.80,17.00,18.05,15.75,78180100,HSX,stock
2025-05-08,VPB,17.05,17.20,16.95,17.00,18.15,15.85,43824400,HSX,stock
2025-05-09,VPB,17.10,17.25,16.90,17.00,18.15,15.85,19280000,HSX,stock
2025-05-12,VPB,17.10,17.45,16.95,17.35,18.15,15.85,84578100,HSX,stock
2025-05-13,VPB,17.65,17.70,17.45,17.70,18.55,16.15,92571400,HSX,stock
2025-05-14,VPB,17.80,18.90,17.75,18.90,18.90,16.50,277433500,HSX,stock
2025-05-15,VPB,18.65,18.80,18.25,18.55,19.65,17.15,245945900,HSX,stock
2025-05-16,VPB,18.35,18.70,18.05,18.05,19.80,17.30,182669800,HSX,stock
2025-05-19,VPB,18.00,18.85,17.80,18.20,19.30,16.80,168697100,HSX,stock
2025-05-20,VPB,18.20,18.55,18.15,18.20,19.45,16.95,106181800,HSX,stock
2025-05-21,VPB,18.30,18.80,18.25,18.45,19.45,16.95,81908100,HSX,stock
2025-05-22,VPB,18.50,18.70,18.20,18.30,19.70,17.20,252025700,HSX,stock
2025-05-23,VPB,18.25,18.35,18.10,18.10,19.55,17.05,76469000,HSX,stock
2025-05-26,VPB,18.10,18.20,17.30,18.15,19.35,16.85,38604300,HSX,stock
2025-05-27,VPB,18.15,18.30,18.05,18.10,19.40,16.90,46560700,HSX,stock
2025-05-28,VPB,18.20,18.30,18.00,18.00,19.35,16.85,24774200,HSX,stock
2025-05-29,VPB,18.10,18.55,18.00,18.15,19.25,16.75,38627200,HSX,stock
2025-05-30,VPB,18.25,18.30,17.90,17.95,19.40,16.90,41682100,HSX,stock
2025-06-02,VPB,17.95,18.15,17.80,18.00,19.20,16.70,31219400,HSX,stock
2025-06-03,VPB,18.10,18.40,18.00,18.30,19.25,16.75,25656400,HSX,stock
2025-06-04,VPB,18.30,18.55,18.20,18.25,19.55,17.05,35573200,HSX,stock
2025-06-05,VPB,18.20,18.40,18.05,18.10,19.50,17.00,22243300,HSX,stock
2025-06-06,VPB,18.10,18.10,17.80,17.80,19.35,16.85,89397000,HSX,stock
2025-06-09,VPB,17.75,17.90,17.65,17.85,19.00,16.60,29601700,HSX,stock
2025-06-10,VPB,17.90,18.20,17.85,17.95,19.05,16.65,23114500,HSX,stock
2025-06-11,VPB,18.05,18.05,17.90,18.00,19.20,16.70,21256300,HSX,stock
2025-06-12,VPB,18.05,18.30,18.05,18.20,19.25,16.75,36459400,HSX,stock
2025-06-13,VPB,18.05,18.40,17.90,18.15,19.45,16.95,66266800,HSX,stock
2025-06-16,VPB,18.15,18.80,18.15,18.80,19.40,16.90,182328100,HSX,stock
2025-06-17,VPB,18.90,19.00,18.60,18.80,20.10,17.50,128738400,HSX,stock
2025-06-18,VPB,18.80,18.95,18.50,18.50,20.10,17.50,115583500,HSX,stock
2025-06-19,VPB,18.50,18.75,18.50,18.50,19.75,17.25,82043700,HSX,stock
2025-06-20,VPB,18.60,18.85,18.45,18.45,19.75,17.25,162701800,HSX,stock
2025-06-23,VPB,18.35,18.50,18.25,18.40,19.70,17.20,47639400,HSX,stock
2025-06-24,VPB,18.55,18.75,18.45,18.55,19.65,17.15,61332200,HSX,stock
2025-06-25,VPB,18.60,18.70,18.40,18.40,19.80,17.30,62400600,HSX,stock
2025-06-26,VPB,18.50,18.55,18.35,18.35,19.65,17.15,52059100,HSX,stock
2025-06-27,VPB,18.50,18.75,18.45,18.50,19.60,17.10,65561500,HSX,stock
2025-06-30,VPB,18.55,18.65,18.50,18.50,19.75,17.25,70426100,HSX,stock
2025-07-01,VPB,18.50,18.60,18.40,18.45,19.75,17.25,45010700,HSX,stock
2025-07-02,VPB,18.45,18.60,18.35,18.60,19.70,17.20,95378000,HSX,stock
2025-07-03,VPB,18.55,18.85,18.50,18.65,19.90,17.30,153007200,HSX,stock
2025-07-04,VPB,18.70,18.85,18.60,18.75,19.95,17.35,104345800,HSX,stock
2025-07-07,VPB,18.90,19.35,18.90,19.30,20.05,17.45,234320600,HSX,stock
2025-07-08,VPB,19.35,19.60,19.05,19.60,20.65,17.95,606608100,HSX,stock
2025-07-09,VPB,19.80,20.15,19.70,20.05,20.95,18.25,213955400,HSX,stock
2025-07-10,VPB,20.15,20.25,19.90,20.15,21.45,18.65,218617600,HSX,stock
2025-07-11,VPB,20.20,20.35,19.90,20.15,21.55,18.75,133514000,HSX,stock
2025-07-14,VPB,20.25,21.20,20.20,21.00,21.55,18.75,99231400,HSX,stock
2025-07-15,VPB,21.15,21.20,20.75,20.75,22.45,19.55,268655000,HSX,stock
2025-07-16,VPB,20.75,21.00,20.50,20.85,22.20,19.30,37310700,HSX,stock
2025-07-17,VPB,21.00,21.30,20.75,20.90,22.30,19.40,26417500,HSX,stock
2025-07-18,VPB,20.90,21.65,20.80,21.35,22.35,19.45,106699700,HSX,stock
2025-07-21,VPB,21.60,22.50,21.35,22.30,22.80,19.90,638415400,HSX,stock
2025-07-22,VPB,22.15,22.60,21.80,22.50,23.85,20.75,25124400,HSX,stock
2025-07-23,VPB,22.80,23.60,22.50,23.35,24.05,20.95,112163500,HSX,stock
2025-07-24,VPB,23.90,23.90,23.15,23.50,24.95,21.75,439052200,HSX,stock
2025-07-25,VPB,23.50,24.15,23.40,24.05,25.10,21.90,112578800,HSX,stock
2025-07-28,VPB,24.35,25.15,24.00,25.10,25.70,22.40,76480400,HSX,stock
2025-07-29,VPB,25.10,25.80,23.55,23.60,26.85,23.35,2292128200,HSX,stock
2025-07-30,VPB,23.80,25.25,23.50,25.25,25.25,21.95,615543900,HSX,stock
2025-07-31,VPB,25.80,26.10,25.55,25.80,27.00,23.50,102266200,HSX,stock
2025-08-01,VPB,25.90,25.90,25.00,25.80,27.60,24.00,248295200,HSX,stock
2025-08-04,VPB,25.25,26.40,25.25,26.40,27.60,24.00,249267100,HSX,stock
2025-08-05,VPB,26.65,27.65,25.60,26.50,28.20,24.60,196989600,HSX,stock
2025-08-06,VPB,26.55,27.10,26.30,27.10,28.35,24.65,55856900,HSX,stock
2025-08-07,VPB,27.85,28.95,27.40,28.95,28.95,25.25,409571600,HSX,stock
2025-08-08,VPB,29.50,29.55,28.00,29.55,30.95,26.95,119332300,HSX,stock
2025-08-11,VPB,29.50,29.95,29.00,29.60,31.60,27.50,84976500,HSX,stock
2025-08-12,VPB,29.60,29.80,29.20,29.60,31.65,27.55,103333900,HSX,stock
2025-08-13,VPB,29.30,29.55,28.00,28.80,31.65,27.55,101617700,HSX,stock
2025-08-14,VPB,29.40,30.80,29.20,30.80,30.80,26.80,47696800,HSX,stock
2025-08-15,VPB,32.80,32.80,30.90,31.10,32.95,28.65,634501000,HSX,stock
2025-08-18,VPB,32.05,32.55,31.60,32.00,33.25,28.95,65857700,HSX,stock
2025-08-19,VPB,32.70,34.20,32.70,34.20,34.20,29.80,115822400,HSX,stock
2025-08-20,VPB,35.60,36.55,33.70,36.55,36.55,31.85,1224119400,HSX,stock
2025-08-21,VPB,37.00,38.90,36.70,38.65,39.10,34.00,579342400,HSX,stock
2025-08-22,VPB,38.00,38.25,35.95,35.95,41.35,35.95,270281400,HSX,stock
2025-08-25,VPB,35.95,36.00,33.45,33.50,38.45,33.45,1104135700,HSX,stock
2025-08-26,VPB,33.05,34.35,32.75,34.30,35.80,31.20,203760500,HSX,stock
2025-08-27,VPB,34.50,34.70,32.50,33.30,36.70,31.90,210672100,HSX,stock
2025-08-28,VPB,33.10,34.20,32.60,34.00,35.60,31.00,169071900,HSX,stock
2025-08-29,VPB,34.00,36.30,33.65,35.00,36.35,31.65,245440400,HSX,stock
2025-09-03,VPB,35.15,35.40,34.35,34.50,37.45,32.55,166976900,HSX,stock
2025-09-04,VPB,34.70,35.00,33.80,34.90,36.90,32.10,102168100,HSX,stock
2025-09-05,VPB,35.50,35.50,33.50,33.50,37.30,32.50,763876500,HSX,stock
2025-09-08,VPB,33.30,33.35,31.20,31.20,35.80,31.20,1424723600,HSX,stock
2025-09-09,VPB,31.50,32.55,31.35,32.40,33.35,29.05,164233400,HSX,stock
2025-09-10,VPB,32.85,32.95,31.80,32.45,34.65,30.15,111269900,HSX,stock
2025-09-11,VPB,32.05,32.35,30.45,32.25,34.70,30.20,158261700,HSX,stock
2025-09-12,VPB,32.10,32.30,31.55,31.60,34.50,30.00,211154300,HSX,stock
2025-09-15,VPB,31.50,32.20,30.95,31.55,33.80,29.40,399876600,HSX,stock
2025-09-16,VPB,31.55,32.85,31.50,31.70,33.75,29.35,207711200,HSX,stock
2025-09-17,VPB,31.70,31.95,31.00,31.00,33.90,29.50,281504900,HSX,stock
2025-09-18,VPB,31.10,31.25,30.30,30.80,33.15,28.85,139332600,HSX,stock
2025-09-19,VPB,30.90,30.95,30.00,30.40,32.95,28.65,290210800,HSX,stock
2025-09-22,VPB,30.35,30.40,29.30,29.50,32.50,28.30,255675200,HSX,stock
2025-09-23,VPB,29.60,30.65,29.60,29.90,31.55,27.45,83080200,HSX,stock
2025-09-24,VPB,30.10,31.60,29.55,31.60,31.95,27.85,362638000,HSX,stock
2025-09-25,VPB,31.70,31.85,30.90,30.95,33.80,29.40,304212400,HSX,stock
2025-09-26,VPB,30.95,31.10,30.40,30.40,33.10,28.80,331309500,HSX,stock
2025-09-29,VPB,30.50,31.20,30.05,31.10,32.50,28.30,93318700,HSX,stock
2025-09-30,VPB,31.25,31.25,30.30,31.10,33.25,28.95,105166300,HSX,stock
2025-10-01,VPB,31.10,31.55,30.85,30.90,33.25,28.95,83807900,HSX,stock
2025-10-02,VPB,31.10,31.50,30.15,30.15,33.05,28.75,311081500,HSX,stock
2025-10-03,VPB,30.15,30.20,29.50,29.50,32.25,28.05,199740700,HSX,stock
2025-10-06,VPB,30.25,31.55,30.00,31.55,31.55,27.45,115369600,HSX,stock
2025-10-07,VPB,31.90,31.90,30.90,31.05,33.75,29.35,277841800,HSX,stock
2025-10-08,VPB,31.40,31.65,30.70,31.10,33.20,28.90,261571500,HSX,stock
2025-10-09,VPB,31.30,32.10,31.10,32.10,33.25,28.95,805771700,HSX,stock
2025-10-10,VPB,32.30,32.35,31.70,32.10,34.30,29.90,346957900,HSX,stock
2025-10-13,VPB,31.60,31.85,31.25,31.70,34.30,29.90,283716400,HSX,stock
2025-10-14,VPB,31.90,32.85,31.90,32.50,33.90,29.50,270900100,HSX,stock
2025-10-15,VPB,32.75,34.65,32.75,33.70,34.75,30.25,188214000,HSX,stock
2025-10-16,VPB,33.80,33.90,33.20,33.20,36.05,31.35,212204300,HSX,stock
2025-10-17,VPB,33.20,33.35,31.90,31.95,35.50,30.90,624879200,HSX,stock
2025-10-20,VPB,31.55,31.80,29.75,29.75,34.15,29.75,591941000,HSX,stock
2025-10-21,VPB,29.50,30.65,28.35,30.35,31.80,27.70,168354800,HSX,stock
2025-10-22,VPB,30.45,30.45,29.40,30.45,32.45,28.25,48250800,HSX,stock
2025-10-23,VPB,30.50,30.80,30.00,30.00,32.55,28.35,84811500,HSX,stock
2025-10-24,VPB,29.90,29.90,29.00,29.20,32.10,27.90,107515100,HSX,stock
2025-10-27,VPB,29.50,29.80,28.30,28.30,31.20,27.20,395429700,HSX,stock
2025-10-28,VPB,28.20,29.45,28.05,29.45,30.25,26.35,169118400,HSX,stock
2025-10-29,VPB,29.70,30.30,29.45,29.85,31.50,27.40,48584300,HSX,stock
2025-10-30,VPB,30.25,30.25,28.95,29.20,31.90,27.80,90821200,HSX,stock
2025-10-31,VPB,29.20,29.35,28.65,28.70,31.20,27.20,259136700,HSX,stock
2025-11-03,VPB,29.05,29.05,27.60,27.60,30.70,26.70,420732600,HSX,stock
2025-11-04,VPB,27.55,29.50,27.25,29.50,29.50,25.70,195910500,HSX,stock
2025-11-05,VPB,29.00,29.45,28.80,29.25,31.55,27.45,73823600,HSX,stock
2025-11-06,VPB,29.20,29.20,28.40,28.50,31.25,27.25,69127400,HSX,stock
2025-11-07,VPB,28.45,28.50,27.30,27.50,30.45,26.55,444549300,HSX,stock
2025-11-10,VPB,27.40,28.20,27.40,27.50,29.40,25.60,45889800,HSX,stock
2025-11-11,VPB,27.75,27.80,27.40,27.50,29.40,25.60,63250700,HSX,stock
2025-11-12,VPB,27.65,28.30,27.50,28.00,29.40,25.60,54495300,HSX,stock
2025-11-13,VPB,28.30,28.35,27.75,27.75,29.95,26.05,56102900,HSX,stock
2025-11-14,VPB,27.60,28.20,27.60,27.80,29.65,25.85,31835900,HSX,stock
2025-11-17,VPB,27.95,28.40,27.85,28.10,29.70,25.90,49672000,HSX,stock
2025-11-18,VPB,28.30,28.80,28.15,28.80,30.05,26.15,176514500,HSX,stock
2025-11-19,VPB,28.70,28.75,28.10,28.10,30.80,26.80,88679200,HSX,stock
2025-11-20,VPB,28.25,28.75,28.00,28.55,30.05,26.15,100105900,HSX,stock
2025-11-21,VPB,28.35,28.70,28.00,28.55,30.50,26.60,110467200,HSX,stock
2025-11-24,VPB,28.55,29.20,28.40,29.00,30.50,26.60,79622700,HSX,stock
2025-11-25,VPB,28.95,29.00,28.10,28.20,31.00,27.00,198977400,HSX,stock
2025-11-26,VPB,28.20,29.10,28.20,29.00,30.15,26.25,82507700,HSX,stock
2025-11-27,VPB,29.05,29.50,28.80,29.10,31.00,27.00,35513100,HSX,stock
2025-11-28,VPB,29.10,29.25,28.70,29.25,31.10,27.10,155823800,HSX,stock
2025-12-01,VPB,29.05,29.55,28.85,29.30,31.25,27.25,47596500,HSX,stock
2025-12-02,VPB,29.25,29.25,28.70,28.90,31.35,27.25,37712200,HSX,stock
2025-12-03,VPB,29.15,30.30,29.00,30.25,30.90,26.90,215008900,HSX,stock
2025-12-04,VPB,30.35,30.45,29.90,30.25,32.35,28.15,58986800,HSX,stock
2025-12-05,VPB,30.25,30.30,29.80,29.85,32.35,28.15,148874300,HSX,stock
2025-12-08,VPB,29.80,30.25,29.55,29.70,31.90,27.80,128976800,HSX,stock
2025-12-09,VPB,29.65,29.70,28.40,28.75,31.75,27.65,88747000,HSX,stock
2025-12-10,VPB,28.75,29.10,28.50,29.00,30.75,26.75,47816400,HSX,stock
2025-12-11,VPB,28.95,29.00,28.15,28.15,31.00,27.00,139025800,HSX,stock
2025-12-12,VPB,28.10,28.20,26.55,26.55,30.10,26.20,707751900,HSX,stock
2025-12-15,VPB,26.60,27.50,26.60,27.50,28.40,24.70,72871600,HSX,stock
2025-12-16,VPB,27.45,28.30,26.80,28.25,29.40,25.60,20807400,HSX,stock
2025-12-17,VPB,28.20,28.30,27.80,28.00,30.20,26.30,39016500,HSX,stock
2025-12-18,VPB,28.00,28.30,27.70,28.30,29.95,26.05,43290900,HSX,stock
2025-12-19,VPB,28.25,28.45,28.00,28.45,30.25,26.35,46483500,HSX,stock
2025-12-22,VPB,28.45,29.00,28.10,29.00,30.40,26.50,92732600,HSX,stock
2025-12-23,VPB,29.10,29.40,28.55,28.70,31.00,27.00,40685900,HSX,stock
2025-12-24,VPB,28.60,29.30,28.40,29.30,30.70,26.70,145046200,HSX,stock
2025-12-25,VPB,29.30,29.70,28.75,28.75,31.35,27.25,184150000,HSX,stock
2025-12-26,VPB,28.20,28.85,27.35,28.15,30.75,26.75,112024800,HSX,stock
2025-12-29,VPB,28.15,28.30,27.80,28.00,30.10,26.20,61467600,HSX,stock
2025-12-30,VPB,27.90,29.10,27.90,28.70,29.95,26.05,42045200,HSX,stock
2025-12-31,VPB,28.70,29.00,28.55,28.65,30.70,26.70,156294000,HSX,stock
2026-01-05,VPB,28.65,28.80,27.55,27.90,30.65,26.65,38511800,HSX,stock
2026-01-06,VPB,27.85,28.90,27.65,28.85,29.85,25.95,80107900,HSX,stock
2026-01-07,VPB,29.15,29.75,29.10,29.25,30.85,26.85,98267300,HSX,stock
2026-01-08,VPB,29.30,29.75,29.00,29.25,31.25,27.25,83317300,HSX,stock
2026-01-09,VPB,29.25,29.65,28.20,28.25,31.25,27.25,155560500,HSX,stock
2026-01-12,VPB,28.50,30.20,28.15,30.20,30.20,26.30,24080100,HSX,stock
2026-01-13,VPB,31.30,31.45,30.30,30.50,32.30,28.10,302537900,HSX,stock
2026-01-14,VPB,30.55,30.80,29.20,29.50,32.60,28.40,109583800,HSX,stock
2026-01-15,VPB,29.35,29.40,28.75,29.00,31.55,27.45,87939100,HSX,stock
2026-01-16,VPB,29.30,29.45,28.85,28.90,31.00,27.00,132275000,HSX,stock
2026-01-19,VPB,28.95,29.80,28.90,29.65,30.90,26.90,12041600,HSX,stock
2026-01-20,VPB,30.15,30.95,29.70,29.75,31.70,27.60,299670000,HSX,stock
2026-01-21,VPB,29.65,29.65,29.00,29.05,31.80,27.70,90854100,HSX,stock
2026-01-22,VPB,29.10,29.40,29.05,29.20,31.05,27.05,38108800,HSX,stock
2026-01-23,VPB,29.20,29.30,28.50,28.50,31.20,27.20,235765400,HSX,stock
2026-01-26,VPB,28.60,28.65,27.60,27.75,30.45,26.55,201139300,HSX,stock
2026-01-27,VPB,27.80,28.10,27.70,27.80,29.65,25.85,21153400,HSX,stock
2026-01-28,VPB,27.95,28.30,27.65,27.75,29.70,25.90,34102600,HSX,stock
2026-01-29,VPB,28.00,28.15,27.65,27.65,29.65,25.85,35471300,HSX,stock
2026-01-30,VPB,27.75,28.00,27.55,28.00,29.55,25.75,80349400,HSX,stock
2026-02-02,VPB,27.85,28.00,27.25,27.60,29.95,26.05,35061600,HSX,stock
2026-02-03,VPB,27.85,28.00,27.50,27.50,29.50,25.70,76290500,HSX,stock
2026-02-04,VPB,27.50,27.80,27.25,27.75,29.40,25.60,37309100,HSX,stock
2026-02-05,VPB,28.00,28.05,27.40,27.40,29.65,25.85,61717800,HSX,stock
2026-02-06,VPB,27.20,27.25,26.80,26.80,29.30,25.50,141557300,HSX,stock
2026-02-09,VPB,27.00,27.15,26.65,26.75,28.65,24.95,19587000,HSX,stock
2026-02-10,VPB,26.70,27.30,26.35,26.60,28.60,24.90,51832100,HSX,stock
2026-02-11,VPB,26.80,28.30,26.80,28.30,28.45,24.75,85639300,HSX,stock
2026-02-12,VPB,28.35,28.50,28.15,28.25,30.25,26.35,32349700,HSX,stock
2026-02-13,VPB,28.10,28.30,27.90,28.30,30.20,26.30,111944100,HSX,stock
2026-02-23,VPB,28.45,29.15,28.30,28.80,30.25,26.35,49974700,HSX,stock
2026-02-24,VPB,28.70,29.15,28.55,29.00,30.80,26.80,69599100,HSX,stock
2026-02-25,VPB,29.00,29.50,28.80,28.85,31.00,27.00,160569700,HSX,stock
2026-02-26,VPB,29.00,29.20,28.85,28.90,30.85,26.85,22457300,HSX,stock
2026-02-27,VPB,29.05,29.45,28.75,28.95,30.90,26.90,30954200,HSX,stock
2026-03-02,VPB,28.25,28.70,27.95,28.05,30.95,26.95,305033600,HSX,stock
2026-03-03,VPB,28.05,28.45,27.30,27.45,30.00,26.10,59666800,HSX,stock
2026-03-04,VPB,27.35,27.65,26.50,27.15,29.35,25.55,43980900,HSX,stock
2026-03-05,VPB,27.45,28.10,26.95,27.00,29.05,25.25,49176700,HSX,stock
2026-03-06,VPB,27.00,27.00,26.65,26.65,28.85,25.15,105718700,HSX,stock
2026-03-09,VPB,24.80,25.20,24.80,24.80,28.50,24.80,1125410700,HSX,stock
2026-03-10,VPB,26.00,26.00,24.80,25.50,26.50,23.10,179141800,HSX,stock
2026-03-11,VPB,25.50,26.50,25.40,26.45,27.25,23.75,42992800,HSX,stock
2026-03-12,VPB,25.85,26.20,25.50,25.75,28.30,24.60,26401900,HSX,stock
2026-03-13,VPB,25.40,26.00,25.00,25.65,27.55,23.95,31323300,HSX,stock
2026-03-16,VPB,25.70,25.75,25.40,25.50,27.40,23.90,9147100,HSX,stock
2026-03-17,VPB,25.80,26.40,25.70,25.70,27.25,23.75,13898600,HSX,stock
2026-03-18,VPB,25.95,26.15,25.40,25.60,27.45,23.95,10917600,HSX,stock
2026-03-19,VPB,25.25,25.80,24.95,25.60,27.35,23.85,22388200,HSX,stock
2026-03-20,VPB,25.30,25.90,25.05,25.05,27.35,23.85,52139900,HSX,stock
2026-03-23,VPB,24.90,24.90,23.90,24.00,26.80,23.30,154743000,HSX,stock
2026-03-24,VPB,24.45,25.65,24.25,25.25,25.65,22.35,45223500,HSX,stock
2026-03-25,VPB,25.95,26.40,25.55,26.30,27.00,23.50,69472600,HSX,stock
2026-03-26,VPB,26.30,26.50,25.85,26.20,28.10,24.50,33797600,HSX,stock
2026-03-27,VPB,26.00,26.55,25.90,26.45,28.00,24.40,17786700,HSX,stock
2026-03-30,VPB,25.65,26.40,25.55,26.10,28.30,24.60,55966200,HSX,stock
2026-03-31,VPB,26.40,26.90,26.25,26.70,27.90,24.30,59019900,HSX,stock
2026-04-01,VPB,27.30,27.35,26.80,26.80,28.55,24.85,40483300,HSX,stock
2026-04-02,VPB,26.60,26.60,26.00,26.25,28.65,24.95,16263900,HSX,stock
2026-04-03,VPB,26.30,26.40,25.75,25.80,28.05,24.45,35060200,HSX,stock
2026-04-06,VPB,25.80,25.95,25.50,25.60,27.60,24.00,22766000,HSX,stock
2026-04-07,VPB,25.60,26.10,25.50,26.05,27.35,23.85,23456300,HSX,stock
2026-04-08,VPB,27.20,27.75,26.65,27.60,27.85,24.25,215553700,HSX,stock
2026-04-09,VPB,27.35,27.50,27.05,27.10,29.50,25.70,48804600,HSX,stock
2026-04-10,VPB,27.50,27.90,27.30,27.30,28.95,25.25,40287900,HSX,stock
2026-04-13,VPB,27.00,27.20,26.80,26.90,29.20,25.40,36684700,HSX,stock
2026-04-14,VPB,27.30,27.75,27.10,27.35,28.75,25.05,14362300,HSX,stock
2026-04-15,VPB,27.85,27.85,27.25,27.35,29.25,25.45,199408000,HSX,stock
2026-04-16,VPB,27.30,27.90,27.00,27.60,29.25,25.45,15447900,HSX,stock
2026-04-17,VPB,27.80,28.50,27.65,28.25,29.50,25.70,88489800,HSX,stock
2026-04-20,VPB,28.50,28.50,28.05,28.05,30.20,26.30,35078400,HSX,stock
2026-04-21,VPB,28.00,28.25,27.55,27.55,30.00,26.10,175829600,HSX,stock
2026-04-22,VPB,27.60,27.85,27.40,27.55,29.45,25.65,40835800,HSX,stock
2026-04-23,VPB,27.65,28.10,27.40,27.40,29.45,25.65,19495200,HSX,stock
2026-04-24,VPB,27.40,27.60,27.20,27.25,29.30,25.50,56856100,HSX,stock
2026-04-28,VPB,27.25,27.45,27.00,27.00,29.15,25.35,66043500,HSX,stock
2026-04-29,VPB,26.80,27.00,26.50,26.50,28.85,25.15,146215000,HSX,stock
2026-05-04,VPB,26.70,27.15,26.70,26.95,28.35,24.65,33600400,HSX,stock
2026-05-05,VPB,26.90,28.00,26.50,28.00,28.80,25.10,330070900,HSX,stock
2026-05-06,VPB,27.90,28.10,27.55,28.00,29.95,26.05,99844800,HSX,stock
2026-05-07,VPB,28.00,28.25,27.80,28.15,29.95,26.05,136713200,HSX,stock
2026-05-08,VPB,28.10,28.30,27.90,27.95,30.10,26.20,64479200,HSX,stock
2026-05-11,VPB,27.90,28.10,27.80,27.80,29.90,26.00,94055400,HSX,stock
2026-05-12,VPB,27.75,27.90,27.50,27.85,29.70,25.90,112242800,HSX,stock
2026-05-13,VPB,28.00,28.15,27.70,27.75,29.75,25.95,58147700,HSX,stock
2026-05-14,VPB,27.75,28.65,27.75,28.65,29.65,25.85,528232900,HSX,stock
2026-05-15,VPB,28.20,28.25,27.55,27.55,30.10,26.20,83992400,HSX,stock
2026-05-18,VPB,27.45,27.50,27.10,27.45,29.45,25.65,55680900,HSX,stock
2026-05-19,VPB,27.50,27.50,26.75,26.75,29.35,25.55,86792000,HSX,stock
2026-05-20,VPB,26.70,26.80,25.65,26.70,28.60,24.90,137470200,HSX,stock
2026-05-21,VPB,26.90,27.15,26.55,27.00,28.55,24.85,25116400,HSX,stock
2026-05-22,VPB,27.00,27.00,26.55,26.80,28.85,25.15,33031200,HSX,stock
2026-05-25,VPB,26.80,27.30,26.80,27.00,28.65,24.95,75811400,HSX,stock
2026-05-26,VPB,27.00,27.80,26.90,27.60,28.85,25.15,82980300,HSX,stock
2026-05-27,VPB,27.65,28.25,27.55,28.05,29.50,25.70,121029800,HSX,stock
2026-05-28,VPB,28.05,28.10,27.30,27.30,30.00,26.10,227607500,HSX,stock
2026-05-29,VPB,27.20,27.40,27.05,27.10,29.20,25.40,141768200,HSX,stock
2026-06-01,VPB,27.00,27.20,26.95,26.95,28.95,25.25,28806800,HSX,stock
2026-06-02,VPB,26.95,27.10,26.20,26.45,28.80,25.10,285979700,HSX,stock
2026-06-03,VPB,26.40,26.75,26.10,26.45,28.30,24.60,103076800,HSX,stock
2026-06-04,VPB,26.55,26.60,26.25,26.50,28.30,24.60,39425600,HSX,stock
2026-06-05,VPB,26.50,26.70,26.30,26.45,28.35,24.65,45517900,HSX,stock
2026-06-08,VPB,26.15,26.25,25.60,25.60,28.30,24.60,153966000,HSX,stock
2026-06-09,VPB,25.60,26.05,25.60,25.90,27.35,23.85,36410500,HSX,stock
2026-06-10,VPB,25.85,26.15,25.80,26.05,27.70,24.10,39182900,HSX,stock
2026-06-11,VPB,25.90,26.05,25.70,26.00,27.85,24.25,58813800,HSX,stock
2026-06-12,VPB,26.50,26.50,25.95,26.00,27.80,24.20,62406600,HSX,stock
2026-06-15,VPB,26.50,26.50,26.00,26.25,27.80,24.20,107826800,HSX,stock
2026-06-16,VPB,26.50,26.65,26.20,26.35,28.05,24.45,38366900,HSX,stock
2026-06-17,VPB,26.35,26.80,26.25,26.50,28.15,24.55,111634400,HSX,stock
2026-06-18,VPB,26.50,26.55,26.25,26.40,28.35,24.65,19528500,HSX,stock
2026-06-19,VPB,26.30,26.40,25.85,25.90,28.20,24.60,124251300,HSX,stock
2026-06-22,VPB,25.90,26.05,25.80,26.00,27.70,24.10,46061100,HSX,stock
2026-06-23,VPB,26.15,27.25,26.05,26.55,27.80,24.20,72863000,HSX,stock
2026-06-24,VPB,26.55,26.80,26.20,26.55,28.40,24.70,24915700,HSX,stock
2026-06-25,VPB,26.45,26.85,26.45,26.70,28.40,24.70,12319900,HSX,stock
2026-06-26,VPB,26.75,26.75,26.35,26.75,28.55,24.85,41044800,HSX,stock
2026-06-29,VPB,26.80,27.15,26.80,27.05,28.60,24.90,41252800,HSX,stock
2026-06-30,VPB,27.10,27.15,27.00,27.00,28.90,25.20,27182500,HSX,stock
2026-07-01,VPB,27.05,27.90,27.05,27.70,28.85,25.15,29058100,HSX,stock
2026-07-02,VPB,27.85,28.00,27.45,27.70,29.60,25.80,37360000,HSX,stock
2026-07-03,VPB,27.70,27.85,27.45,27.80,29.60,25.80,26611700,HSX,stock
2026-07-06,VPB,27.80,27.95,26.95,27.45,29.70,25.90,105710500,HSX,stock
2026-07-07,VPB,27.35,27.70,27.25,27.60,29.35,25.55,31711300,HSX,stock
2026-07-08,VPB,27.60,28.10,27.50,27.75,29.50,25.70,21649600,HSX,stock
2026-07-09,VPB,27.65,27.70,27.25,27.25,29.65,25.85,22768600,HSX,stock
2026-07-10,VPB,27.20,27.25,26.70,26.70,29.15,25.35,159673800,HSX,stock
2026-07-13,VPB,26.45,26.45,25.80,26.40,28.55,24.85,82168300,HSX,stock
2026-07-14,VPB,26.25,26.50,25.90,26.50,28.20,24.60,54139200,HSX,stock
2026-07-15,VPB,26.50,26.50,25.80,25.80,28.35,24.65,101532400,HSX,stock
2026-07-16,VPB,25.80,26.25,25.05,26.00,27.60,24.00,29862500,HSX,stock
