trading_date,ticker,median_spread_bps
2022-01-04,MBB,17.167381974248926
2022-01-04,SSI,19.10219675262655
2022-01-04,TCB,19.627085377821395
2022-01-04,VCB,12.66624445851805
2022-01-04,VND,12.113870381586917
2022-01-04,VPB,13.8217000691085
2022-01-05,MBB,17.37619461337967
2022-01-05,SSI,18.814675446848543
2022-01-05,TCB,19.66568338249754
2022-01-05,VCB,25.34854245880862
2022-01-05,VND,12.020266981180992
2022-01-05,VPB,13.937282229965156
2022-01-06,MBB,17.621145374449338
2022-01-06,SSI,19.065776930409914
2022-01-06,TCB,17.152875988711017
2022-01-06,VCB,12.828736369467608
2022-01-06,VND,12.262415695892091
2022-01-06,VPB,14.25204564385222
2022-01-07,MBB,17.559262510974538
2022-01-07,SSI,19.398642095053347
2022-01-07,TCB,10.085728693898135
2022-01-07,VCB,12.682308180088777
2022-01-07,VND,12.464945983290676
2022-01-07,VPB,14.398848092152628
2022-01-10,MBB,17.590149516270888
2022-01-10,SSI,19.627085377821395
2022-01-10,TCB,10.167768174885612
2022-01-10,VCB,17.758464594810107
2022-01-10,VND,12.779552715654953
2022-01-10,VPB,14.461315979754158
2022-01-11,MBB,17.6522506619594
2022-01-11,SSI,10.11103671485838
2022-01-11,TCB,10.240655401945725
2022-01-11,VCB,12.626267658540765
2022-01-11,VND,12.934358043275397
2022-01-11,VPB,14.545454545454545
2022-01-12,MBB,17.621145374449338
2022-01-12,SSI,10.267997258283454
2022-01-12,TCB,10.174806667734224
2022-01-12,VCB,12.682308180088777
2022-01-12,VND,13.577732518669382
2022-01-12,VPB,14.566642388929353
2022-01-13,MBB,16.570008285004143
2022-01-13,SSI,14.52097039280602
2022-01-13,TCB,19.66568338249754
2022-01-13,VCB,14.760338857729883
2022-01-13,VND,13.577732518669382
2022-01-13,VPB,14.116542660647436
2022-01-14,MBB,16.79574976357193
2022-01-14,SSI,10.230179028132993
2022-01-14,TCB,19.90049751243781
2022-01-14,VCB,12.084592145015106
2022-01-14,VND,13.689253935660506
2022-01-14,VPB,14.30999645416017
2022-01-17,MBB,16.488046166529266
2022-01-17,SSI,10.97619973141051
2022-01-17,TCB,10.18108089862561
2022-01-17,VCB,13.324571622419935
2022-01-17,VND,14.56076031114161
2022-01-17,VPB,14.378145219266715
2022-01-18,MBB,16.70843776106934
2022-01-18,SSI,11.435105774728417
2022-01-18,TCB,10.26167265264238
2022-01-18,VCB,18.435835801272262
2022-01-18,VND,15.739184093805182
2022-01-18,VPB,15.003750937734434
2022-01-19,MBB,16.570008285004143
2022-01-19,SSI,11.409013120365088
2022-01-19,TCB,10.188487009679063
2022-01-19,VCB,19.29709176059871
2022-01-19,VND,15.62094052384879
2022-01-19,VPB,14.936519790888722
2022-01-20,MBB,16.934801016088063
2022-01-20,SSI,11.174198454928543
2022-01-20,TCB,10.264747113717902
2022-01-20,VCB,16.36201253330467
2022-01-20,VND,15.177506028758359
2022-01-20,VPB,14.9812734082397
2022-01-21,MBB,15.92810483262993
2022-01-21,SSI,11.194728466528066
2022-01-21,TCB,11.503347529494071
2022-01-21,VCB,17.622322695189187
2022-01-21,VND,14.958863126402393
2022-01-21,VPB,14.781966001478196
2022-01-24,MBB,15.503885285671105
2022-01-24,SSI,11.916793560737576
2022-01-24,TCB,19.71253831552705
2022-01-24,VCB,32.8918974445106
2022-01-24,VND,16.142050040355127
2022-01-24,VPB,14.882386577005793
2022-01-25,MBB,15.515903801396432
2022-01-25,SSI,12.044049743294082
2022-01-25,TCB,19.388581950141656
2022-01-25,VCB,16.538045859876895
2022-01-25,VND,16.488046166529266
2022-01-25,VPB,14.958863126402393
2022-01-26,MBB,14.914243102162565
2022-01-26,SSI,11.716461628588167
2022-01-26,TCB,18.983064796650893
2022-01-26,VCB,15.863228071358563
2022-01-26,VND,15.96169193934557
2022-01-26,VPB,14.200068859348754
2022-01-27,MBB,15.230844523469603
2022-01-27,SSI,11.648223645894001
2022-01-27,TCB,19.175455417066154
2022-01-27,VCB,13.043485970332394
2022-01-27,VND,15.661707126076742
2022-01-27,VPB,13.941771128638182
2022-01-28,MBB,14.8313082988961
2022-01-28,SSI,11.435105774728417
2022-01-28,TCB,18.99335232668566
2022-01-28,VCB,11.10494169905608
2022-01-28,VND,15.11715797430083
2022-01-28,VPB,13.836047854647367
2022-02-07,MBB,14.695077149155033
2022-02-07,SSI,10.911074740861975
2022-02-07,TCB,18.779342723004696
2022-02-07,VCB,14.016386231774579
2022-02-07,VND,14.124300829653052
2022-02-07,VPB,13.577732518669382
2022-02-08,MBB,14.803849000740193
2022-02-08,SSI,11.008367560126203
2022-02-08,TCB,18.709073900841908
2022-02-08,VCB,11.019283746556473
2022-02-08,VND,14.375851505424604
2022-02-08,VPB,13.690697416857919
2022-02-09,MBB,14.803849000740193
2022-02-09,SSI,10.899182561307901
2022-02-09,TCB,18.419048184309187
2022-02-09,VCB,11.027242938189135
2022-02-09,VND,13.97624039133473
2022-02-09,VPB,13.375543357245892
2022-02-10,MBB,14.863867059162677
2022-02-10,SSI,11.015914553213797
2022-02-10,TCB,18.63932898415657
2022-02-10,VCB,10.946907498631637
2022-02-10,VND,13.956734124214934
2022-02-10,VPB,13.559322033898304
2022-02-11,MBB,14.738393515106853
2022-02-11,SSI,11.092623405435386
2022-02-11,TCB,18.67704778616571
2022-02-11,VCB,10.95890410958904
2022-02-11,VND,14.064704564550516
2022-02-11,VPB,13.632602263906897
2022-02-14,MBB,15.026296018031555
2022-02-14,SSI,11.305822498586773
2022-02-14,TCB,19.029495718363464
2022-02-14,VCB,11.432656794336912
2022-02-14,VND,14.250094484873543
2022-02-14,VPB,13.8217000691085
2022-02-15,MBB,15.446669739013126
2022-02-15,SSI,11.448196908986835
2022-02-15,TCB,19.38708582602658
2022-02-15,VCB,11.67997239568744
2022-02-15,VND,14.630577907827359
2022-02-15,VPB,14.094432699083862
2022-02-16,MBB,15.322911477336628
2022-02-16,SSI,11.142061281337048
2022-02-16,TCB,19.331569739134594
2022-02-16,VCB,11.54068090017311
2022-02-16,VND,13.937282229965156
2022-02-16,VPB,13.917884481558803
2022-02-17,MBB,15.232292460015232
2022-02-17,SSI,11.129660545353367
2022-02-17,TCB,19.286403085824492
2022-02-17,VCB,11.42204454597373
2022-02-17,VND,13.995801259622114
2022-02-17,VPB,13.97624039133473
2022-02-18,MBB,15.278838808250573
2022-02-18,SSI,11.166945840312675
2022-02-18,TCB,19.355012857751987
2022-02-18,VCB,11.500862564692351
2022-02-18,VND,14.140944302318118
2022-02-18,VPB,13.956734124214934
2022-02-21,MBB,15.471910213481793
2022-02-21,SSI,10.872100159697421
2022-02-21,TCB,19.51219512195122
2022-02-21,VCB,11.487650775416427
2022-02-21,VND,13.311152511765277
2022-02-21,VPB,14.01541695865452
2022-02-22,MBB,15.076464960584339
2022-02-22,SSI,11.122497134920735
2022-02-22,TCB,19.58863858961802
2022-02-22,VCB,11.634671320535196
2022-02-22,VND,13.596193065941536
2022-02-22,VPB,14.107713672180761
2022-02-23,MBB,14.445073827831449
2022-02-23,SSI,11.007154650522839
2022-02-23,TCB,19.33970552178389
2022-02-23,VCB,11.527377521613833
2022-02-23,VND,13.449899125756557
2022-02-23,VPB,13.934133244834255
2022-02-24,MBB,14.671559792616286
2022-02-24,SSI,11.204481792717086
2022-02-24,TCB,19.627085377821395
2022-02-24,VCB,11.695910432581114
2022-02-24,VND,13.379581727504984
2022-02-24,VPB,13.716002064656172
2022-02-25,MBB,14.540759813090968
2022-02-25,SSI,11.068068622025457
2022-02-25,TCB,19.631374045007632
2022-02-25,VCB,11.730205278592376
2022-02-25,VND,12.94778031559865
2022-02-25,VPB,13.002215652628282
2022-02-28,MBB,14.631552305290418
2022-02-28,SSI,10.894831590225543
2022-02-28,TCB,19.821605550049554
2022-02-28,VCB,11.799410029498524
2022-02-28,VND,12.682308180088777
2022-02-28,VPB,13.183915622940013
2022-03-01,MBB,14.461315979754158
2022-03-01,SSI,10.934937124111537
2022-03-01,TCB,19.860973187686195
2022-03-01,VCB,11.813349084465447
2022-03-01,VND,12.763241863433311
2022-03-01,VPB,13.250301850928402
2022-03-02,MBB,15.255530129672007
2022-03-02,SSI,11.092623405435386
2022-03-02,TCB,10.095911155981828
2022-03-02,VCB,11.799410029498524
2022-03-02,VND,13.090234571203037
2022-03-02,VPB,13.574050421715167
2022-03-03,MBB,15.372790161414297
2022-03-03,SSI,11.154489682097044
2022-03-03,TCB,10.13684744044602
2022-03-03,VCB,11.771630370806356
2022-03-03,VND,13.196825560988806
2022-03-03,VPB,13.619728337168812
2022-03-04,MBB,15.136775785016914
2022-03-04,SSI,10.655301012253597
2022-03-04,TCB,19.940179461615156
2022-03-04,VCB,11.771630370806356
2022-03-04,VND,12.828736369467608
2022-03-04,VPB,13.005114535779194
2022-03-07,MBB,15.491866769945778
2022-03-07,SSI,10.758472296933835
2022-03-07,TCB,10.126582278481013
2022-03-07,VCB,11.883541295306001
2022-03-07,VND,13.089669772967536
2022-03-07,VPB,13.183915622940013
2022-03-08,MBB,15.735641227380016
2022-03-08,SSI,10.498687664041995
2022-03-08,TCB,10.188487009679063
2022-03-08,VCB,12.084592145015106
2022-03-08,VND,13.131976362442547
2022-03-08,VPB,13.377926421404682
2022-03-09,MBB,16.299918500407497
2022-03-09,SSI,10.71649215292657
2022-03-09,TCB,10.209290454313425
2022-03-09,VCB,12.070006035003017
2022-03-09,VND,13.41381623071764
2022-03-09,VPB,13.596193065941536
2022-03-10,MBB,15.860428231562253
2022-03-10,SSI,10.63264221158958
2022-03-10,TCB,10.095911155981828
2022-03-10,VCB,12.040939193257074
2022-03-10,VND,0.0
2022-03-10,VPB,13.468013468013469
2022-03-11,MBB,15.959996142061177
2022-03-11,SSI,11.019283746556473
2022-03-11,TCB,10.219724067450178
2022-03-11,VCB,12.012012012012011
2022-03-11,VND,15.073485850241477
2022-03-11,VPB,13.6332651670075
2022-03-14,MBB,15.835312747426762
2022-03-14,SSI,11.514104778353483
2022-03-14,TCB,10.314595152140278
2022-03-14,VCB,11.968880909634949
2022-03-14,VND,15.710919088766692
2022-03-14,VPB,13.883590800342786
2022-03-15,MBB,15.810276679841897
2022-03-15,SSI,11.527377521613833
2022-03-15,TCB,10.26331968536141
2022-03-15,VCB,12.094339749084487
2022-03-15,VND,15.396458814472672
2022-03-15,VPB,13.8217000691085
2022-03-16,MBB,15.58846453624318
2022-03-16,SSI,11.461318051575931
2022-03-16,TCB,10.230179028132993
2022-03-16,VCB,18.31377821997428
2022-03-16,VND,15.30221882172915
2022-03-16,VPB,13.522650439486139
2022-03-17,MBB,15.420200462606013
2022-03-17,SSI,11.318619128466327
2022-03-17,TCB,10.167768174885612
2022-03-17,VCB,12.040939193257074
2022-03-17,VND,15.491866769945778
2022-03-17,VPB,13.577732518669382
2022-03-18,MBB,15.515903801396432
2022-03-18,SSI,11.370096645821489
2022-03-18,TCB,10.147133434804667
2022-03-18,VCB,12.040939193257074
2022-03-18,VND,15.635472712778057
2022-03-18,VPB,13.726835964310226
2022-03-21,MBB,15.63721657544957
2022-03-21,SSI,11.370096645821489
2022-03-21,TCB,10.161866546401313
2022-03-21,VCB,11.883541295306001
2022-03-21,VND,15.686274509803921
2022-03-21,VPB,13.764624913971094
2022-03-22,MBB,15.36807096259268
2022-03-22,SSI,11.217049915872126
2022-03-22,TCB,10.066439412858644
2022-03-22,VCB,11.771630370806356
2022-03-22,VND,15.515903801396432
2022-03-22,VPB,13.522650439486139
2022-03-23,MBB,15.420200462606013
2022-03-23,SSI,11.242270938729623
2022-03-23,TCB,10.035122930255895
2022-03-23,VCB,11.743981209630064
2022-03-23,VND,15.515903801396432
2022-03-23,VPB,13.559322033898304
2022-03-24,MBB,15.54001554001554
2022-03-24,SSI,11.357183418512209
2022-03-24,TCB,10.106114199090449
2022-03-24,VCB,11.841326228537596
2022-03-24,VND,15.760441292356186
2022-03-24,VPB,13.67053998632946
2022-03-25,MBB,15.58846453624318
2022-03-25,SSI,11.461318051575931
2022-03-25,TCB,10.13684744044602
2022-03-25,VCB,12.113870381586917
2022-03-25,VND,15.96169193934557
2022-03-25,VPB,13.745704467353951
2022-03-28,MBB,15.885623510722796
2022-03-28,SSI,11.730205278592376
2022-03-28,TCB,10.240655401945725
2022-03-28,VCB,12.143290831815422
2022-03-28,VND,16.488046166529266
2022-03-28,VPB,13.745704467353951
2022-03-29,MBB,15.806637113387053
2022-03-29,SSI,11.71097703566665
2022-03-29,TCB,10.209290454313425
2022-03-29,VCB,12.191821573071344
2022-03-29,VND,16.161624070315135
2022-03-29,VPB,13.764624913971094
2022-03-30,MBB,15.255530129672007
2022-03-30,SSI,11.730205278592376
2022-03-30,TCB,10.107818146856271
2022-03-30,VCB,12.19140845903051
2022-03-30,VND,16.190240853049858
2022-03-30,VPB,13.540961408259987
2022-03-31,MBB,15.209125475285171
2022-03-31,SSI,11.75976679774432
2022-03-31,TCB,10.12555783920145
2022-03-31,VCB,12.172854534388314
2022-03-31,VND,16.168148746968473
2022-03-31,VPB,13.50438892640108
2022-04-01,MBB,15.048908954100828
2022-04-01,SSI,11.880286273723174
2022-04-01,TCB,19.89555697184386
2022-04-01,VCB,12.202562538133009
2022-04-01,VND,16.3265306122449
2022-04-01,VPB,13.097576948264571
2022-04-04,MBB,15.003750937734434
2022-04-04,SSI,11.166945840312675
2022-04-04,TCB,10.035122930255895
2022-04-04,VCB,12.055455093429776
2022-04-04,VND,0.0
2022-04-04,VPB,12.786093753513253
2022-04-05,MBB,15.16300227445034
2022-04-05,SSI,11.154489682097044
2022-04-05,TCB,10.15744032503809
2022-04-05,VCB,12.055455093429776
2022-04-05,VND,14.246289724865122
2022-04-05,VPB,12.894906511927788
2022-04-06,MBB,15.071590052750565
2022-04-06,SSI,11.243536247782941
2022-04-06,TCB,10.167768174885612
2022-04-06,VCB,12.202562538133009
2022-04-06,VND,14.316392269148174
2022-04-06,VPB,12.586532410320956
2022-04-07,MBB,14.716703458425313
2022-04-07,SSI,11.229646266142616
2022-04-07,TCB,10.045203415369162
2022-04-07,VCB,11.841326228537596
2022-04-07,VND,14.039032930182096
2022-04-07,VPB,12.368583797155226
2022-04-08,MBB,15.003750937734434
2022-04-08,SSI,11.487650775416427
2022-04-08,TCB,10.209290454313425
2022-04-08,VCB,12.040939193257074
2022-04-08,VND,14.255167498218103
2022-04-08,VPB,12.703025690038677
2022-04-12,MBB,15.310036047180864
2022-04-12,SSI,11.855364552459989
2022-04-12,TCB,10.303967027305513
2022-04-12,VCB,18.054163940792197
2022-04-12,VND,14.476275445958517
2022-04-12,VPB,12.663573945244062
2022-04-13,MBB,15.396458814472672
2022-04-13,SSI,12.044057225074086
2022-04-13,TCB,10.407962893058652
2022-04-13,VCB,12.12856276531231
2022-04-13,VND,15.255530129672007
2022-04-13,VPB,12.894906511927788
2022-04-14,MBB,15.349194167306216
2022-04-14,SSI,11.761249744377075
2022-04-14,TCB,10.41124414367517
2022-04-14,VCB,12.143290831815422
2022-04-14,VND,14.398848092152628
2022-04-14,VPB,12.57071024512885
2022-04-15,MBB,15.64109424596554
2022-04-15,SSI,12.027819668204675
2022-04-15,TCB,10.81665765278529
2022-04-15,VCB,12.38390092879257
2022-04-15,VND,14.553559400185424
2022-04-15,VPB,12.828736369467608
2022-04-18,MBB,16.40444775652472
2022-04-18,SSI,13.331561480693992
2022-04-18,TCB,11.138961097341127
2022-04-18,VCB,20.1068670825855
2022-04-18,VND,15.710919088766692
2022-04-18,VPB,14.276278070904059
2022-04-19,MBB,16.30989804234652
2022-04-19,SSI,13.223144833897091
2022-04-19,TCB,11.097550722883664
2022-04-19,VCB,12.861736334405144
2022-04-19,VND,15.628338729121872
2022-04-19,VPB,13.614703880190605
2022-04-20,MBB,16.99235344095157
2022-04-20,SSI,14.177385201636776
2022-04-20,TCB,11.461318051575931
2022-04-20,VCB,19.27607801569494
2022-04-20,VND,16.4503033871146
2022-04-20,VPB,14.134275618374557
2022-04-21,MBB,16.877637130801688
2022-04-21,SSI,14.214641080312722
2022-04-21,TCB,11.56547070725932
2022-04-21,VCB,14.014469683915706
2022-04-21,VND,16.06895658403379
2022-04-21,VPB,14.462622491828746
2022-04-22,MBB,16.433853738701725
2022-04-22,SSI,13.858095518995173
2022-04-22,TCB,11.338456430279376
2022-04-22,VCB,12.445550715619166
2022-04-22,VND,15.685399513699824
2022-04-22,VPB,13.879250520471894
2022-04-25,MBB,17.075317086379982
2022-04-25,SSI,14.18973010664666
2022-04-25,TCB,18.873728281500917
2022-04-25,VCB,13.156065296915852
2022-04-25,VND,16.736401673640167
2022-04-25,VPB,17.645525381793128
2022-04-26,MBB,17.631042511384358
2022-04-26,SSI,16.370835046913403
2022-04-26,TCB,12.322858903265558
2022-04-26,VCB,12.539184952978056
2022-04-26,VND,17.56471315896801
2022-04-26,VPB,15.931099452741602
2022-04-27,MBB,17.196904557179707
2022-04-27,SSI,14.695077149155033
2022-04-27,TCB,12.172854534388314
2022-04-27,VCB,19.338199262830642
2022-04-27,VND,16.177421976681643
2022-04-27,VPB,15.808065385901706
2022-04-28,MBB,16.877637130801688
2022-04-28,SSI,14.695077149155033
2022-04-28,TCB,11.883541295306001
2022-04-28,VCB,25.031289111389235
2022-04-28,VND,16.246953696181965
2022-04-28,VPB,13.85361938995157
2022-04-29,MBB,16.92207645441541
2022-04-29,SSI,14.927951833686354
2022-04-29,TCB,11.702750146284377
2022-04-29,VCB,17.752578782618592
2022-04-29,VND,16.406890894175554
2022-04-29,VPB,13.6332651670075
2022-05-04,MBB,17.108639863130882
2022-05-04,SSI,15.16300227445034
2022-05-04,TCB,11.757789535567314
2022-05-04,VCB,12.618296529968454
2022-05-04,VND,16.35322976287817
2022-05-04,VPB,13.86001386001386
2022-05-05,MBB,17.28608470181504
2022-05-05,SSI,16.015378461550313
2022-05-05,TCB,11.948834988938435
2022-05-05,VCB,12.476606363069246
2022-05-05,VND,16.97925115593272
2022-05-05,VPB,13.97624039133473
2022-05-06,MBB,17.497812773403325
2022-05-06,SSI,16.597510373443985
2022-05-06,TCB,11.940298507462687
2022-05-06,VCB,12.507817385866167
2022-05-06,VND,17.779536734716313
2022-05-06,VPB,14.357501794687725
2022-05-09,MBB,18.50319252944995
2022-05-09,SSI,18.327013680328626
2022-05-09,TCB,14.813474477967716
2022-05-09,VCB,14.524289680669778
2022-05-09,VND,19.743336623889437
2022-05-09,VPB,18.58755900321953
2022-05-10,MBB,19.065776930409914
2022-05-10,SSI,18.448238556763716
2022-05-10,TCB,13.236267372600926
2022-05-10,VCB,25.673940949935815
2022-05-10,VND,19.98925075848153
2022-05-10,VPB,15.550899597592204
2022-05-11,MBB,18.535681186283597
2022-05-11,SSI,18.066857163867454
2022-05-11,TCB,12.911555842479018
2022-05-11,VCB,12.634258954421291
2022-05-11,VND,19.80760130704401
2022-05-11,VPB,15.186028853454822
2022-05-12,MBB,18.85014137606032
2022-05-12,SSI,18.720763419055494
2022-05-12,TCB,14.114400262812168
2022-05-12,VCB,15.584814396033739
2022-05-12,VND,20.682523267838675
2022-05-12,VPB,16.04063943558248
2022-05-13,MBB,21.234292200023027
2022-05-13,SSI,19.32367149758454
2022-05-13,TCB,16.791134124803673
2022-05-13,VCB,26.212319790301443
2022-05-13,VND,22.701475595913735
2022-05-13,VPB,18.581163663713063
2022-05-16,MBB,20.09474223100025
2022-05-16,SSI,18.13236627379873
2022-05-16,TCB,14.628807171166649
2022-05-16,VCB,26.455026455026456
2022-05-16,VND,21.76278563656148
2022-05-16,VPB,18.473474762631188
2022-05-17,MBB,19.627085377821395
2022-05-17,SSI,17.6522506619594
2022-05-17,TCB,14.936528121737162
2022-05-17,VCB,13.50438892640108
2022-05-17,VND,21.05518755620307
2022-05-17,VPB,16.849199663016005
2022-05-18,MBB,18.570102135561747
2022-05-18,SSI,17.167381974248926
2022-05-18,TCB,13.802622498274673
2022-05-18,VCB,20.888660880196614
2022-05-18,VND,19.851131278277037
2022-05-18,VPB,15.991476901211884
2022-05-19,MBB,18.779342723004696
2022-05-19,SSI,17.665628646545954
2022-05-19,TCB,13.905394948403687
2022-05-19,VCB,26.595744680851062
2022-05-19,VND,20.181634712411704
2022-05-19,VPB,16.433853738701725
2022-05-20,MBB,18.484304143678735
2022-05-20,SSI,17.507655479155765
2022-05-20,TCB,13.872036772800131
2022-05-20,VCB,19.780230290607342
2022-05-20,VND,19.940179461615156
2022-05-20,VPB,16.31987758428555
2022-05-23,MBB,18.83595500437561
2022-05-23,SSI,18.337926997053888
2022-05-23,TCB,14.074595355383533
2022-05-23,VCB,20.02670524454074
2022-05-23,VND,20.80589152078158
2022-05-23,VPB,16.685544036030343
2022-05-24,MBB,18.95734597156398
2022-05-24,SSI,19.286403085824492
2022-05-24,TCB,14.356566147780283
2022-05-24,VCB,13.431833445265278
2022-05-24,VND,22.299658078137554
2022-05-24,VPB,17.02127659574468
2022-05-25,MBB,18.253740310158186
2022-05-25,SSI,17.722188810056313
2022-05-25,TCB,13.783597518952446
2022-05-25,VCB,13.236267372600926
2022-05-25,VND,20.664945696919613
2022-05-25,VPB,16.246953696181965
2022-05-26,MBB,17.905102954341988
2022-05-26,SSI,16.817649838274416
2022-05-26,TCB,13.57251621465091
2022-05-26,VCB,13.114754098360656
2022-05-26,VND,20.304568527918782
2022-05-26,VPB,15.910898965791567
2022-05-27,MBB,18.001800180018
2022-05-27,SSI,16.934801016088063
2022-05-27,TCB,13.496583673192488
2022-05-27,VCB,13.04631441617743
2022-05-27,VND,20.661179074579813
2022-05-27,VPB,16.116035455278002
2022-05-30,MBB,17.84121320249777
2022-05-30,SSI,16.570008285004143
2022-05-30,TCB,13.294930994415745
2022-05-30,VCB,12.92824822236587
2022-05-30,VND,20.02002002002002
2022-05-30,VPB,16.01281024819856
2022-05-31,MBB,18.034265103697024
2022-05-31,SSI,16.877637130801688
2022-05-31,TCB,13.377926421404682
2022-05-31,VCB,12.779552715654953
2022-05-31,VND,19.782393669634025
2022-05-31,VPB,16.01121024717456
2022-06-01,MBB,18.066847335140018
2022-06-01,SSI,17.13796058269066
2022-06-01,TCB,13.50438892640108
2022-06-01,VCB,12.523481527864746
2022-06-01,VND,20.02002002002002
2022-06-01,VPB,16.260173349311486
2022-06-02,MBB,18.165304268846505
2022-06-02,SSI,16.94798615508843
2022-06-02,TCB,13.596193065941536
2022-06-02,VCB,12.57071024512885
2022-06-02,VND,19.8179294362606
2022-06-02,VPB,16.3265306122449
2022-06-03,MBB,18.535681186283597
2022-06-03,SSI,17.196904557179707
2022-06-03,TCB,13.783597518952446
2022-06-03,VCB,25.284450063211125
2022-06-03,VND,20.53121540030166
2022-06-03,VPB,16.488046166529266
2022-06-06,MBB,18.317829008810616
2022-06-06,SSI,17.079014842528224
2022-06-06,TCB,13.67053998632946
2022-06-06,VCB,25.188916876574307
2022-06-06,VND,20.543485291686732
2022-06-06,VPB,16.39076618568005
2022-06-07,MBB,18.709073900841908
2022-06-07,SSI,18.066847335140018
2022-06-07,TCB,14.15929736179638
2022-06-07,VCB,25.46960341985615
2022-06-07,VND,21.62162162162162
2022-06-07,VPB,16.597510373443985
2022-06-08,MBB,18.331805682859763
2022-06-08,SSI,17.436791630340018
2022-06-08,TCB,13.745704467353951
2022-06-08,VCB,12.530548069165736
2022-06-08,VND,20.753056240754816
2022-06-08,VPB,16.330980470683777
2022-06-09,MBB,18.02806725463103
2022-06-09,SSI,17.108639863130882
2022-06-09,TCB,13.41381623071764
2022-06-09,VCB,12.83972222805846
2022-06-09,VND,20.044116332982934
2022-06-09,VPB,15.760441292356186
2022-06-10,MBB,18.05707266570712
2022-06-10,SSI,17.445332391834988
2022-06-10,TCB,13.09072406300714
2022-06-10,VCB,12.823257515583574
2022-06-10,VND,20.345879959308242
2022-06-10,VPB,15.885623510722796
2022-06-13,MBB,19.352770282242624
2022-06-13,SSI,19.017904281418705
2022-06-13,TCB,13.745704467353951
2022-06-13,VCB,13.324450366422385
2022-06-13,VND,21.96999795113064
2022-06-13,VPB,16.650647016863033
2022-06-14,MBB,19.627085377821395
2022-06-14,SSI,19.90049751243781
2022-06-14,TCB,14.01541695865452
2022-06-14,VCB,26.109660574412533
2022-06-14,VND,23.155486031995586
2022-06-14,VPB,17.467248908296945
2022-06-15,MBB,20.387359836901123
2022-06-15,SSI,21.95389681668496
2022-06-15,TCB,16.453449148329174
2022-06-15,VCB,26.402651767322055
2022-06-15,VND,0.0
2022-06-15,VPB,17.262221254426855
2022-06-16,MBB,19.88355851611569
2022-06-16,SSI,21.715526601520086
2022-06-16,TCB,13.956734124214934
2022-06-16,VCB,13.04631441617743
2022-06-16,VND,26.350461133069828
2022-06-16,VPB,17.145315930580228
2022-06-17,MBB,21.418759455453234
2022-06-17,SSI,24.183796856106408
2022-06-17,TCB,14.524328249818446
2022-06-17,VCB,64.95259393042726
2022-06-17,VND,0.0
2022-06-17,VPB,18.13236627379873
2022-06-20,MBB,21.727341360280434
2022-06-20,SSI,24.539877300613497
2022-06-20,TCB,14.825796886582653
2022-06-20,VCB,25.70694087403599
2022-06-20,VND,29.603884882362596
2022-06-20,VPB,18.570102135561747
2022-06-21,MBB,22.148394241417495
2022-06-21,SSI,26.277534091138598
2022-06-21,TCB,15.018780991265848
2022-06-21,VCB,26.350461133069828
2022-06-21,VND,31.412157396409366
2022-06-21,VPB,18.220122018802016
2022-06-22,MBB,21.927255064474135
2022-06-22,SSI,0.0
2022-06-22,TCB,14.869888475836431
2022-06-22,VCB,26.00780234070221
2022-06-22,VND,29.542097488921712
2022-06-22,VPB,18.034265103697024
2022-06-23,MBB,21.299254526091588
2022-06-23,SSI,27.691292445754033
2022-06-23,TCB,14.378145219266715
2022-06-23,VCB,15.975153700490784
2022-06-23,VND,30.40180602697492
2022-06-23,VPB,17.77777777777778
2022-06-24,MBB,20.898641588296762
2022-06-24,SSI,26.77376171352075
2022-06-24,TCB,13.905633390284788
2022-06-24,VCB,26.63115845539281
2022-06-24,VND,29.16100576569466
2022-06-24,VPB,17.559262510974538
2022-06-27,MBB,20.898641588296762
2022-06-27,SSI,26.212319790301443
2022-06-27,TCB,13.97624039133473
2022-06-27,VCB,19.121017574739685
2022-06-27,VND,28.368794326241133
2022-06-27,VPB,17.316017316017316
2022-06-28,MBB,20.908020185868175
2022-06-28,SSI,25.412960609911053
2022-06-28,TCB,14.054813773717498
2022-06-28,VCB,13.360053440213761
2022-06-28,VND,27.1103356610744
2022-06-28,VPB,17.21665408868379
2022-06-29,MBB,20.312314421304308
2022-06-29,SSI,25.22979083050377
2022-06-29,TCB,13.614703880190605
2022-06-29,VCB,13.236267372600926
2022-06-29,VND,26.77376171352075
2022-06-29,VPB,16.736401673640167
2022-06-30,MBB,20.304568527918782
2022-06-30,SSI,25.460048898244416
2022-06-30,TCB,13.596193065941536
2022-06-30,VCB,13.29787821919837
2022-06-30,VND,27.06359945872801
2022-06-30,VPB,16.764459346186086
2022-07-01,MBB,21.119324181626187
2022-07-01,SSI,26.99055330634278
2022-07-01,TCB,14.20455261964536
2022-07-01,VCB,13.596193065941536
2022-07-01,VND,28.94356005788712
2022-07-01,VPB,17.621145374449338
2022-07-04,MBB,20.470829068577277
2022-07-04,SSI,24.479804161566708
2022-07-04,TCB,13.745704467353951
2022-07-04,VCB,13.431833445265278
2022-07-04,VND,25.873221216041397
2022-07-04,VPB,17.167381974248926
2022-07-05,MBB,19.968067824498533
2022-07-05,SSI,24.91548435830412
2022-07-05,TCB,13.360053440213761
2022-07-05,VCB,20.17486692451689
2022-07-05,VND,26.350461133069828
2022-07-05,VPB,16.963528413910094
2022-07-06,MBB,19.821605550049554
2022-07-06,SSI,25.873221216041397
2022-07-06,TCB,13.218770654329147
2022-07-06,VCB,13.67053998632946
2022-07-06,VND,27.525494474220935
2022-07-06,VPB,17.050298380221655
2022-07-07,MBB,20.08711578041949
2022-07-07,SSI,26.42007926023778
2022-07-07,TCB,13.313368820874796
2022-07-07,VCB,13.86001386001386
2022-07-07,VND,28.61230329041488
2022-07-07,VPB,17.346053772766695
2022-07-08,MBB,19.940179461615156
2022-07-08,SSI,25.094102885821833
2022-07-08,TCB,13.236267372600926
2022-07-08,VCB,13.431833445265278
2022-07-08,VND,27.359781121751027
2022-07-08,VPB,17.37619461337967
2022-07-11,MBB,20.329355386752457
2022-07-11,SSI,24.406027128675262
2022-07-11,TCB,13.745704467353951
2022-07-11,VCB,13.764624913971094
2022-07-11,VND,27.359781121751027
2022-07-11,VPB,17.71479185119575
2022-07-12,MBB,20.294282525625004
2022-07-12,SSI,24.183796856106408
2022-07-12,TCB,13.945062987665068
2022-07-12,VCB,13.89854065323141
2022-07-12,VND,27.972027972027973
2022-07-12,VPB,18.109119650370783
2022-07-13,MBB,19.704433497536947
2022-07-13,SSI,23.952095808383234
2022-07-13,TCB,13.802622498274673
2022-07-13,VCB,13.964536631062852
2022-07-13,VND,26.927587457445075
2022-07-13,VPB,17.937219730941703
2022-07-14,MBB,19.704433497536947
2022-07-14,SSI,24.257152325196067
2022-07-14,TCB,13.879250520471894
2022-07-14,VCB,13.89854065323141
2022-07-14,VND,27.210884353741495
2022-07-14,VPB,18.001800180018
2022-07-15,MBB,19.58863858961802
2022-07-15,SSI,23.28288707799767
2022-07-15,TCB,13.764624913971094
2022-07-15,VCB,13.726835964310226
2022-07-15,VND,25.940337224383917
2022-07-15,VPB,17.71479185119575
2022-07-18,MBB,19.58863858961802
2022-07-18,SSI,23.749868156416877
2022-07-18,TCB,13.689253935660506
2022-07-18,VCB,13.8217000691085
2022-07-18,VND,26.212319790301443
2022-07-18,VPB,17.590149516270888
2022-07-19,MBB,19.860973187686195
2022-07-19,SSI,24.379708861929075
2022-07-19,TCB,13.856177177976486
2022-07-19,VCB,13.937282229965156
2022-07-19,VND,26.845637583892618
2022-07-19,VPB,17.873100983020553
2022-07-20,MBB,19.627085377821395
2022-07-20,SSI,23.557126030624264
2022-07-20,TCB,13.726835964310226
2022-07-20,VCB,13.86001386001386
2022-07-20,VND,25.806451612903224
2022-07-20,VPB,17.71479185119575
2022-07-21,MBB,19.51219512195122
2022-07-21,SSI,23.501762632197416
2022-07-21,TCB,13.708019191226867
2022-07-21,VCB,13.797866253444116
2022-07-21,VND,25.99281009263148
2022-07-21,VPB,17.71479185119575
2022-07-22,MBB,19.42557343212825
2022-07-22,SSI,23.501762632197416
2022-07-22,TCB,13.377926421404682
2022-07-22,VCB,13.84083044982699
2022-07-22,VND,26.00780234070221
2022-07-22,VPB,17.6522506619594
2022-07-25,MBB,19.704433497536947
2022-07-25,SSI,24.30133657351154
2022-07-25,TCB,13.559322033898304
2022-07-25,VCB,13.764624913971094
2022-07-25,VND,26.77376171352075
2022-07-25,VPB,17.969451931716083
2022-07-26,MBB,19.79121634272752
2022-07-26,SSI,24.42002442002442
2022-07-26,TCB,13.596193065941536
2022-07-26,VCB,13.522650439486139
2022-07-26,VND,26.845637583892618
2022-07-26,VPB,18.034265103697024
2022-07-27,MBB,20.125242976660182
2022-07-27,SSI,24.828227719081816
2022-07-27,TCB,13.689253935660506
2022-07-27,VCB,13.461220589667127
2022-07-27,VND,27.662517289073307
2022-07-27,VPB,18.13236627379873
2022-07-28,MBB,19.704433497536947
2022-07-28,SSI,23.952095808383234
2022-07-28,TCB,13.45352199420794
2022-07-28,VCB,13.3422281521014
2022-07-28,VND,26.77376171352075
2022-07-28,VPB,17.90053124415321
2022-07-29,MBB,19.51219512195122
2022-07-29,SSI,23.355419535484636
2022-07-29,TCB,13.360053440213761
2022-07-29,VCB,13.3422281521014
2022-07-29,VND,26.143790849673202
2022-07-29,VPB,17.559262510974538
2022-08-01,MBB,19.029495718363464
2022-08-01,SSI,22.148394241417495
2022-08-01,TCB,13.029315960912053
2022-08-01,VCB,13.360053440213761
2022-08-01,VND,25.16461040835407
2022-08-01,VPB,17.331035544392005
2022-08-02,MBB,18.82112379761432
2022-08-02,SSI,21.57497303128371
2022-08-02,TCB,13.063357282821686
2022-08-02,VCB,12.967170042959346
2022-08-02,VND,23.958731350670163
2022-08-02,VPB,17.25625539257981
2022-08-03,MBB,18.79112029761931
2022-08-03,SSI,21.57497303128371
2022-08-03,TCB,13.131976362442547
2022-08-03,VCB,12.66624445851805
2022-08-03,VND,24.183796856106408
2022-08-03,VPB,17.318173042578273
2022-08-04,MBB,18.570102135561747
2022-08-04,SSI,21.301321010473664
2022-08-04,TCB,12.99545159194282
2022-08-04,VCB,12.445550715619166
2022-08-04,VND,23.612750885478157
2022-08-04,VPB,16.977940927430833
2022-08-05,MBB,18.744142455482663
2022-08-05,SSI,21.22822661880522
2022-08-05,TCB,12.978585334198572
2022-08-05,VCB,14.720919045859304
2022-08-05,VND,23.446658851113718
2022-08-05,VPB,17.108639863130882
2022-08-08,MBB,18.547154836042978
2022-08-08,SSI,20.152600566659423
2022-08-08,TCB,12.763241863433311
2022-08-08,VCB,12.187690432663011
2022-08-08,VND,22.65219908225707
2022-08-08,VPB,16.9061707523246
2022-08-09,MBB,18.298261665141812
2022-08-09,SSI,20.345879959308242
2022-08-09,TCB,12.763241863433311
2022-08-09,VCB,12.277470841006753
2022-08-09,VND,22.66785549963962
2022-08-09,VPB,16.406890894175554
2022-08-10,MBB,18.331805682859763
2022-08-10,SSI,20.304568527918782
2022-08-10,TCB,12.8783000643915
2022-08-10,VCB,12.38390092879257
2022-08-10,VND,22.33529656410395
2022-08-10,VPB,16.597510373443985
2022-08-11,MBB,18.331805682859763
2022-08-11,SSI,20.222446916076844
2022-08-11,TCB,12.812299807815503
2022-08-11,VCB,12.307692307692308
2022-08-11,VND,22.341623507521007
2022-08-11,VPB,16.570008285004143
2022-08-12,MBB,18.63932898415657
2022-08-12,SSI,20.554984583761563
2022-08-12,TCB,13.012361743656474
2022-08-12,VCB,12.302649204923329
2022-08-12,VND,22.753128555176335
2022-08-12,VPB,16.9061707523246
2022-08-15,MBB,18.231540565177756
2022-08-15,SSI,20.02002002002002
2022-08-15,TCB,12.779552715654953
2022-08-15,VCB,12.202562538133009
2022-08-15,VND,22.148394241417495
2022-08-15,VPB,16.5230825042764
2022-08-16,MBB,18.365472910927455
2022-08-16,SSI,20.304568527918782
2022-08-16,TCB,12.795905310300704
2022-08-16,VCB,12.277470841006753
2022-08-16,VND,22.296544035674472
2022-08-16,VPB,16.570008285004143
2022-08-17,MBB,18.066847335140018
2022-08-17,SSI,20.256594918299196
2022-08-17,TCB,12.746972594008923
2022-08-17,VCB,12.277470841006753
2022-08-17,VND,22.26554216688182
2022-08-17,VPB,16.5002998754887
2022-08-18,MBB,18.099547511312217
2022-08-18,SSI,20.153823057006885
2022-08-18,TCB,12.795905310300704
2022-08-18,VCB,12.282753096439269
2022-08-18,VND,22.36066810315936
2022-08-18,VPB,16.597510373443985
2022-08-19,MBB,18.099547511312217
2022-08-19,SSI,19.823245868284413
2022-08-19,TCB,12.78500358053687
2022-08-19,VCB,12.277470841006753
2022-08-19,VND,22.099447513812155
2022-08-19,VPB,16.488046166529266
2022-08-22,MBB,21.52852529601722
2022-08-22,SSI,20.034661876855125
2022-08-22,TCB,12.85760604014233
2022-08-22,VCB,12.492200177644671
2022-08-22,VND,22.175434456362623
2022-08-22,VPB,16.01281024819856
2022-08-23,MBB,21.810250817884405
2022-08-23,SSI,20.474428335226698
2022-08-23,TCB,12.991703534666321
2022-08-23,VCB,12.492192379762649
2022-08-23,VND,22.701475595913735
2022-08-23,VPB,16.220600162206
2022-08-24,MBB,21.482277121374867
2022-08-24,SSI,19.66568338249754
2022-08-24,TCB,12.854301804732078
2022-08-24,VCB,12.277470841006753
2022-08-24,VND,22.002200220022
2022-08-24,VPB,15.987210231814549
2022-08-25,MBB,21.390374331550802
2022-08-25,SSI,19.51219512195122
2022-08-25,TCB,12.66624445851805
2022-08-25,VCB,12.277470841006753
2022-08-25,VND,21.715526601520086
2022-08-25,VPB,15.6128024980484
2022-08-26,MBB,21.079451906432567
2022-08-26,SSI,19.835500010391897
2022-08-26,TCB,12.60239445494644
2022-08-26,VCB,12.070006035003017
2022-08-26,VND,22.05071664829107
2022-08-26,VPB,15.56420233463035
2022-08-29,MBB,21.62162162162162
2022-08-29,SSI,20.855057351407716
2022-08-29,TCB,12.936616020568048
2022-08-29,VCB,12.322858903265558
2022-08-29,VND,23.228803716608596
2022-08-29,VPB,16.19195168954774
2022-08-30,MBB,21.164021164021165
2022-08-30,SSI,20.387359836901123
2022-08-30,TCB,12.845215157353886
2022-08-30,VCB,12.099213551119178
2022-08-30,VND,22.544290998896518
2022-08-30,VPB,15.910898965791567
2022-08-31,MBB,21.164021164021165
2022-08-31,SSI,20.98635886673662
2022-08-31,TCB,12.896987678246692
2022-08-31,VCB,11.716461628588167
2022-08-31,VND,23.228803716608596
2022-08-31,VPB,15.96169193934557
2022-09-05,MBB,21.161668691263532
2022-09-05,SSI,20.898641588296762
2022-09-05,TCB,12.911555842479018
2022-09-05,VCB,12.070006035003017
2022-09-05,VND,23.220055905243708
2022-09-05,VPB,15.835312747426762
2022-09-06,MBB,21.07481559536354
2022-09-06,SSI,20.94240837696335
2022-09-06,TCB,12.911555842479018
2022-09-06,VCB,12.143290831815422
2022-09-06,VND,23.183943145506607
2022-09-06,VPB,15.936254980079681
2022-09-07,MBB,21.12549874820931
2022-09-07,SSI,21.208907741251327
2022-09-07,TCB,12.99545159194282
2022-09-07,VCB,12.19140845903051
2022-09-07,VND,23.521302655171596
2022-09-07,VPB,16.142050040355127
2022-09-08,MBB,21.851538763421775
2022-09-08,SSI,22.197558268590456
2022-09-08,TCB,13.30671989354624
2022-09-08,VCB,12.60080825048389
2022-09-08,VND,24.84472049689441
2022-09-08,VPB,16.515276630883566
2022-09-09,MBB,22.148394241417495
2022-09-09,SSI,23.06805074971165
2022-09-09,TCB,13.400339523185103
2022-09-09,VCB,12.753480301778678
2022-09-09,VND,25.031289111389235
2022-09-09,VPB,16.546513058793572
2022-09-12,MBB,22.002200220022
2022-09-12,SSI,22.62080715734477
2022-09-12,TCB,13.30671989354624
2022-09-12,VCB,12.657231476218346
2022-09-12,VND,24.360535931790498
2022-09-12,VPB,16.282234835096506
2022-09-13,MBB,22.148394241417495
2022-09-13,SSI,23.014959723820482
2022-09-13,TCB,13.360053440213761
2022-09-13,VCB,12.65022137887413
2022-09-13,VND,25.031289111389235
2022-09-13,VPB,16.433853738701725
2022-09-14,MBB,22.49718785151856
2022-09-14,SSI,23.28288707799767
2022-09-14,TCB,13.6332651670075
2022-09-14,VCB,12.911555842479018
2022-09-14,VND,25.673940949935815
2022-09-14,VPB,16.65278934221482
2022-09-15,MBB,22.296544035674472
2022-09-15,SSI,22.857142857142858
2022-09-15,TCB,13.559322033898304
2022-09-15,VCB,12.698412698412698
2022-09-15,VND,25.073164961010967
2022-09-15,VPB,16.406890894175554
2022-09-16,MBB,22.650056625141563
2022-09-16,SSI,23.337222870478413
2022-09-16,TCB,13.708019191226867
2022-09-16,VCB,12.671612579683893
2022-09-16,VND,25.802299995848383
2022-09-16,VPB,16.197834407592378
2022-09-19,MBB,23.446658851113718
2022-09-19,SSI,24.42002442002442
2022-09-19,TCB,14.214641080312722
2022-09-19,VCB,12.66624445851805
2022-09-19,VND,27.152587807957577
2022-09-19,VPB,16.433853738701725
2022-09-20,MBB,23.724792408066428
2022-09-20,SSI,24.84472049689441
2022-09-20,TCB,14.267747491597884
2022-09-20,VCB,12.682308180088777
2022-09-20,VND,27.662517289073307
2022-09-20,VPB,16.764459346186086
2022-09-21,MBB,23.724792408066428
2022-09-21,SSI,24.360535931790498
2022-09-21,TCB,14.336917562724015
2022-09-21,VCB,12.795905310300704
2022-09-21,VND,26.917900403768506
2022-09-21,VPB,17.00061719946389
2022-09-22,MBB,23.781212841854934
2022-09-22,SSI,24.242424242424242
2022-09-22,TCB,14.587892049598834
2022-09-22,VCB,12.845215157353886
2022-09-22,VND,26.93969627454079
2022-09-22,VPB,17.13796058269066
2022-09-23,MBB,23.612750885478157
2022-09-23,SSI,23.781212841854934
2022-09-23,TCB,14.5032632342277
2022-09-23,VCB,13.025501262029547
2022-09-23,VND,26.42007926023778
2022-09-23,VPB,17.108639863130882
2022-09-26,MBB,24.906600249066003
2022-09-26,SSI,25.34854245880862
2022-09-26,TCB,15.073485850241477
2022-09-26,VCB,18.796608287322012
2022-09-26,VND,28.368794326241133
2022-09-26,VPB,18.165304268846505
2022-09-27,MBB,24.7946924041962
2022-09-27,SSI,25.34854245880862
2022-09-27,TCB,15.003750937734434
2022-09-27,VCB,20.116238156261144
2022-09-27,VND,28.530670470756064
2022-09-27,VPB,18.13236627379873
2022-09-28,MBB,24.906600249066003
2022-09-28,SSI,25.34854245880862
2022-09-28,TCB,14.958863126402393
2022-09-28,VCB,13.522650439486139
2022-09-28,VND,28.160111150721868
2022-09-28,VPB,27.06359945872801
2022-09-29,MBB,24.968789013732835
2022-09-29,SSI,25.094102885821833
2022-09-29,TCB,15.003750937734434
2022-09-29,VCB,13.324450366422385
2022-09-29,VND,27.816411682892905
2022-09-29,VPB,26.77376171352075
2022-09-30,MBB,25.477707006369428
2022-09-30,SSI,26.143790849673202
2022-09-30,TCB,17.161806088484507
2022-09-30,VCB,19.980898562032692
2022-09-30,VND,29.456092821094252
2022-09-30,VPB,28.28854314002829
2022-10-03,MBB,25.940337224383917
2022-10-03,SSI,26.212319790301443
2022-10-03,TCB,16.105663107438723
2022-10-03,VCB,27.548209366391184
2022-10-03,VND,29.542097488921712
2022-10-03,VPB,28.694404591104735
2022-10-04,MBB,26.56042496679947
2022-10-04,SSI,27.06359945872801
2022-10-04,TCB,21.887006404468337
2022-10-04,VCB,20.0799123740763
2022-10-04,VND,30.627871362940276
2022-10-04,VPB,47.20790851041883
2022-10-05,MBB,26.00780234070221
2022-10-05,SSI,27.06359945872801
2022-10-05,TCB,16.246953696181965
2022-10-05,VCB,13.97624039133473
2022-10-05,VND,31.201248049921997
2022-10-05,VPB,29.175830597435162
2022-10-06,MBB,26.7022696929239
2022-10-06,SSI,27.48012672104577
2022-10-06,TCB,16.65278934221482
2022-10-06,VCB,14.214641080312722
2022-10-06,VND,31.104199066874028
2022-10-06,VPB,29.71768202080238
2022-10-07,MBB,29.542097488921712
2022-10-07,SSI,30.53435114503817
2022-10-07,TCB,18.231540565177756
2022-10-07,VCB,18.325241650890785
2022-10-07,VND,34.78260869565217
2022-10-07,VPB,32.2061191626409
2022-10-10,MBB,29.40317777503844
2022-10-10,SSI,29.294303970034907
2022-10-10,TCB,19.398642095053347
2022-10-10,VCB,22.8369168657518
2022-10-10,VND,35.39823008849557
2022-10-10,VPB,34.07155025553663
2022-10-11,MBB,30.165912518853695
2022-10-11,SSI,29.919813839513182
2022-10-11,TCB,20.512820512820515
2022-10-11,VCB,27.314564660914964
2022-10-11,VND,35.02626970227671
2022-10-11,VPB,34.36436262078453
2022-10-12,MBB,29.282576866764277
2022-10-12,SSI,29.137581147271007
2022-10-12,TCB,19.98001998001998
2022-10-12,VCB,15.860428231562253
2022-10-12,VND,36.03603603603604
2022-10-12,VPB,31.397303217198967
2022-10-13,MBB,29.083913075014664
2022-10-13,SSI,29.11208151382824
2022-10-13,TCB,20.181634712411704
2022-10-13,VCB,15.771103446799092
2022-10-13,VND,35.77817531305904
2022-10-13,VPB,31.595576619273302
2022-10-14,MBB,28.089943050796638
2022-10-14,SSI,27.787476441891286
2022-10-14,TCB,19.253918768788697
2022-10-14,VCB,14.716703458425313
2022-10-14,VND,34.32007864833507
2022-10-14,VPB,30.91190108191654
2022-10-17,MBB,28.770626584484535
2022-10-17,SSI,28.368794326241133
2022-10-17,TCB,20.26342451874367
2022-10-17,VCB,15.247009650797855
2022-10-17,VND,35.37552800089673
2022-10-17,VPB,31.695721077654518
2022-10-18,MBB,28.208744710860366
2022-10-18,SSI,27.38865078633027
2022-10-18,TCB,19.66568338249754
2022-10-18,VCB,14.825796886582653
2022-10-18,VND,33.50083752093802
2022-10-18,VPB,31.201248049921997
2022-10-19,MBB,28.61230329041488
2022-10-19,SSI,28.050490883590463
2022-10-19,TCB,19.860973187686195
2022-10-19,VCB,14.760147601476016
2022-10-19,VND,34.12979222178541
2022-10-19,VPB,31.496062992125985
2022-10-20,MBB,28.86002886002886
2022-10-20,SSI,28.530670470756064
2022-10-20,TCB,20.181634712411704
2022-10-20,VCB,14.825796886582653
2022-10-20,VND,34.904013961605585
2022-10-20,VPB,31.496062992125985
2022-10-21,MBB,30.165912518853695
2022-10-21,SSI,30.349013657056144
2022-10-21,TCB,20.855057351407716
2022-10-21,VCB,14.524328249818446
2022-10-21,VND,36.130412385322906
2022-10-21,VPB,32.102728731942214
2022-10-24,MBB,31.104199066874028
2022-10-24,SSI,32.2061191626409
2022-10-24,TCB,23.26466333666005
2022-10-24,VCB,15.128670948545924
2022-10-24,VND,0.0
2022-10-24,VPB,33.277870216306155
2022-10-25,MBB,31.39720683441358
2022-10-25,SSI,34.23382291085039
2022-10-25,TCB,24.30133657351154
2022-10-25,VCB,14.716703458425313
2022-10-25,VND,42.90448332722284
2022-10-25,VPB,33.231880898704844
2022-10-26,MBB,30.441400304414003
2022-10-26,SSI,33.3889816360601
2022-10-26,TCB,23.446658851113718
2022-10-26,VCB,31.570060138097173
2022-10-26,VND,45.731839750907426
2022-10-26,VPB,32.520325203252035
2022-10-27,MBB,29.806259314456035
2022-10-27,SSI,32.454430542642584
2022-10-27,TCB,22.52753314838705
2022-10-27,VCB,14.094432699083862
2022-10-27,VND,44.52263701887027
2022-10-27,VPB,32.31017770597738
2022-10-28,MBB,28.28854314002829
2022-10-28,SSI,31.104199066874028
2022-10-28,TCB,20.67896590229553
2022-10-28,VCB,13.574457447728388
2022-10-28,VND,42.46284501061571
2022-10-28,VPB,30.257186081694403
2022-10-31,MBB,28.538903425114256
2022-10-31,SSI,31.595576619273302
2022-10-31,TCB,20.768431983385256
2022-10-31,VCB,13.678337465217396
2022-10-31,VND,43.7636761487965
2022-10-31,VPB,30.83251766876318
2022-11-01,MBB,27.51031636863824
2022-11-01,SSI,30.349013657056144
2022-11-01,TCB,19.550342130987293
2022-11-01,VCB,13.577732518669382
2022-11-01,VND,43.20240064092053
2022-11-01,VPB,29.960657910548907
2022-11-02,MBB,27.816411682892905
2022-11-02,SSI,29.806259314456035
2022-11-02,TCB,19.764260041252612
2022-11-02,VCB,27.08653160685273
2022-11-02,VND,41.40786749482402
2022-11-02,VPB,28.57440233843043
2022-11-03,MBB,28.050490883590463
2022-11-03,SSI,30.097869107157035
2022-11-03,TCB,19.986269986269985
2022-11-03,VCB,27.434842249657063
2022-11-03,VND,42.15283867208765
2022-11-03,VPB,28.704726319374917
2022-11-04,MBB,29.806259314456035
2022-11-04,SSI,32.29630323353252
2022-11-04,TCB,20.65729831216911
2022-11-04,VCB,14.358976325014794
2022-11-04,VND,44.34589800443459
2022-11-04,VPB,29.530495290595187
2022-11-07,MBB,29.254078008499786
2022-11-07,SSI,34.18803418803419
2022-11-07,TCB,20.512820512820515
2022-11-07,VCB,13.995801259622114
2022-11-07,VND,47.50593824228029
2022-11-07,VPB,29.372507686690895
2022-11-08,MBB,29.455081001472752
2022-11-08,SSI,34.514906096670515
2022-11-08,TCB,20.94240837696335
2022-11-08,VCB,13.89854065323141
2022-11-08,VND,48.899755501222494
2022-11-08,VPB,29.282576866764277
2022-11-09,MBB,28.880911659493425
2022-11-09,SSI,32.813847927567664
2022-11-09,TCB,20.240886837276914
2022-11-09,VCB,13.614703880190605
2022-11-09,VND,46.403712296983755
2022-11-09,VPB,28.875216350548545
2022-11-10,MBB,30.349013657056144
2022-11-10,SSI,34.60217969785951
2022-11-10,TCB,21.715526601520086
2022-11-10,VCB,17.44145794425152
2022-11-10,VND,19.480565601460583
2022-11-10,VPB,29.806259314456035
2022-11-11,MBB,30.58779126955366
2022-11-11,SSI,35.02626970227671
2022-11-11,TCB,21.208907741251327
2022-11-11,VCB,13.689253935660506
2022-11-11,VND,11.062274011707665
2022-11-11,VPB,30.165912518853695
2022-11-14,MBB,32.485187088499735
2022-11-14,SSI,36.166365280289334
2022-11-14,TCB,23.856375119237935
2022-11-14,VCB,17.843220829706784
2022-11-14,VND,18.551195394847767
2022-11-14,VPB,32.31017770597738
2022-11-15,MBB,34.78260869565217
2022-11-15,SSI,37.23012821177227
2022-11-15,TCB,24.12351689676813
2022-11-15,VCB,19.32372668079826
2022-11-15,VND,12.606141832148495
2022-11-15,VPB,0.0
2022-11-16,MBB,35.77817531305904
2022-11-16,SSI,35.129106948919215
2022-11-16,TCB,22.962112514351322
2022-11-16,VCB,17.45772145591111
2022-11-16,VND,11.593606798476515
2022-11-16,VPB,35.288691991843706
2022-11-17,MBB,32.338476815504904
2022-11-17,SSI,32.31017770597738
2022-11-17,TCB,22.002200220022
2022-11-17,VCB,13.163671440878105
2022-11-17,VND,45.71753066462742
2022-11-17,VPB,32.22953233489161
2022-11-18,MBB,32.414910858995135
2022-11-18,SSI,31.79650238473768
2022-11-18,TCB,22.246941045606228
2022-11-18,VCB,21.867399924514025
2022-11-18,VND,46.18937644341801
2022-11-18,VPB,33.11384831059186
2022-11-21,MBB,31.695721077654518
2022-11-21,SSI,30.902639683715314
2022-11-21,TCB,22.197558268590456
2022-11-21,VCB,13.258843848998497
2022-11-21,VND,44.54342984409799
2022-11-21,VPB,32.36254428248626
2022-11-22,MBB,31.326981600048573
2022-11-22,SSI,30.509000915777033
2022-11-22,TCB,22.547914317925592
2022-11-22,VCB,20.821857803411973
2022-11-22,VND,43.87909683314497
2022-11-22,VPB,32.51505448603919
2022-11-23,MBB,31.39717425431711
2022-11-23,SSI,30.801988936801088
2022-11-23,TCB,22.615932246045304
2022-11-23,VCB,13.708019191226867
2022-11-23,VND,44.54342984409799
2022-11-23,VPB,32.520325203252035
2022-11-24,MBB,32.06145379500114
2022-11-24,SSI,32.19578011957103
2022-11-24,TCB,23.06805074971165
2022-11-24,VCB,13.708019191226867
2022-11-24,VND,47.961630695443645
2022-11-24,VPB,33.641787237660665
2022-11-25,MBB,31.578517140333762
2022-11-25,SSI,30.721966205837173
2022-11-25,TCB,22.321456375379135
2022-11-25,VCB,13.708019191226867
2022-11-25,VND,45.97701149425287
2022-11-25,VPB,32.84072249589491
2022-11-28,MBB,29.895366218236173
2022-11-28,SSI,27.841671458692737
2022-11-28,TCB,20.768431983385256
2022-11-28,VCB,13.522650439486139
2022-11-28,VND,41.75365344467641
2022-11-28,VPB,31.496062992125985
2022-11-29,MBB,29.197080291970803
2022-11-29,SSI,27.207527885953937
2022-11-29,TCB,20.145503331031087
2022-11-29,VCB,19.000737507760668
2022-11-29,VND,39.920159680638726
2022-11-29,VPB,31.39717425431711
2022-11-30,MBB,29.027576197387518
2022-11-30,SSI,26.7022696929239
2022-11-30,TCB,19.90049751243781
2022-11-30,VCB,25.094102885821833
2022-11-30,VND,38.53564547206166
2022-11-30,VPB,31.077883545677633
2022-12-01,MBB,28.129395218002813
2022-12-01,SSI,25.940337224383917
2022-12-01,TCB,18.467220683287167
2022-12-01,VCB,49.87531172069826
2022-12-01,VND,36.03603603603604
2022-12-01,VPB,29.489887596452338
2022-12-02,MBB,28.050490883590463
2022-12-02,SSI,27.210884353741495
2022-12-02,TCB,18.50975774893621
2022-12-02,VCB,25.094102885821833
2022-12-02,VND,37.99263722138179
2022-12-02,VPB,29.895366218236173
2022-12-05,MBB,26.281208935611037
2022-12-05,SSI,24.968789013732835
2022-12-05,TCB,17.191984126691246
2022-12-05,VCB,23.61277560013188
2022-12-05,VND,34.07155025553663
2022-12-05,VPB,27.662517289073307
2022-12-06,MBB,27.008814844439087
2022-12-06,SSI,24.505098114849567
2022-12-06,TCB,18.367725652161546
2022-12-06,VCB,18.890241903465025
2022-12-06,VND,33.52273349317393
2022-12-06,VPB,28.050490883590463
2022-12-07,MBB,28.61230329041488
2022-12-07,SSI,25.892397218424975
2022-12-07,TCB,18.93044339922969
2022-12-07,VCB,18.484302398021047
2022-12-07,VND,35.1493848857645
2022-12-07,VPB,30.199102905341224
2022-12-08,MBB,27.586206896551722
2022-12-08,SSI,24.360535931790498
2022-12-08,TCB,10.77636028383527
2022-12-08,VCB,12.66624445851805
2022-12-08,VND,0.0
2022-12-08,VPB,29.513091993105395
2022-12-09,MBB,27.84227538506203
2022-12-09,SSI,24.71433360863973
2022-12-09,TCB,18.001800180018
2022-12-09,VCB,15.042480725349128
2022-12-09,VND,32.40094643859277
2022-12-09,VPB,29.71768202080238
2022-12-12,MBB,27.359781121751027
2022-12-12,SSI,24.66091245376079
2022-12-12,TCB,17.809439002671414
2022-12-12,VCB,12.682308180088777
2022-12-12,VND,32.414910858995135
2022-12-12,VPB,29.282576866764277
2022-12-13,MBB,28.3086059365815
2022-12-13,SSI,26.143790849673202
2022-12-13,TCB,18.39926402943882
2022-12-13,VCB,23.56435834541556
2022-12-13,VND,34.78260869565217
2022-12-13,VPB,29.985007496251875
2022-12-14,MBB,27.434842249657063
2022-12-14,SSI,24.360535931790498
2022-12-14,TCB,17.108639863130882
2022-12-14,VCB,12.703025690038677
2022-12-14,VND,31.451141703205266
2022-12-14,VPB,29.11208151382824
2022-12-15,MBB,26.99055330634278
2022-12-15,SSI,24.84472049689441
2022-12-15,TCB,17.108639863130882
2022-12-15,VCB,15.699617274809814
2022-12-15,VND,32.12970014864622
2022-12-15,VPB,27.662517289073307
2022-12-16,MBB,26.42007926023778
2022-12-16,SSI,24.479804161566708
2022-12-16,TCB,17.196904557179707
2022-12-16,VCB,12.604382214324191
2022-12-16,VND,31.152723558398012
2022-12-16,VPB,27.06359945872801
2022-12-19,MBB,26.350461133069828
2022-12-19,SSI,23.55129830447407
2022-12-19,TCB,17.006815018348128
2022-12-19,VCB,23.928165406642762
2022-12-19,VND,30.816640986132512
2022-12-19,VPB,27.068607571498298
2022-12-20,MBB,28.368794326241133
2022-12-20,SSI,25.127779469071257
2022-12-20,TCB,18.13236627379873
2022-12-20,VCB,14.030350756969707
2022-12-20,VND,33.3889816360601
2022-12-20,VPB,28.725399564452857
2022-12-21,MBB,28.28854314002829
2022-12-21,SSI,25.32931474012937
2022-12-21,TCB,18.13236627379873
2022-12-21,VCB,29.567783079960623
2022-12-21,VND,33.50083752093802
2022-12-21,VPB,28.653353940759807
2022-12-22,MBB,27.972027972027973
2022-12-22,SSI,26.201499431254877
2022-12-22,TCB,18.13236627379873
2022-12-22,VCB,25.031289111389235
2022-12-22,VND,34.305317324185246
2022-12-22,VPB,27.137042062415198
2022-12-23,MBB,28.208744710860366
2022-12-23,SSI,26.917900403768506
2022-12-23,TCB,18.433179723502302
2022-12-23,VCB,43.692361692593806
2022-12-23,VND,35.39823008849557
2022-12-23,VPB,27.210884353741495
2022-12-26,MBB,28.61230329041488
2022-12-26,SSI,27.816411682892905
2022-12-26,TCB,18.85014137606032
2022-12-26,VCB,12.445555534908916
2022-12-26,VND,37.105751391465674
2022-12-26,VPB,27.505599236201917
2022-12-27,MBB,29.455081001472752
2022-12-27,SSI,28.44712837466938
2022-12-27,TCB,19.43634596695821
2022-12-27,VCB,12.674276319303413
2022-12-27,VND,37.243947858473
2022-12-27,VPB,28.57828961555704
2022-12-28,MBB,29.11208151382824
2022-12-28,SSI,27.662517289073307
2022-12-28,TCB,19.261653129987696
2022-12-28,VCB,12.492192379762649
2022-12-28,VND,35.90664272890485
2022-12-28,VPB,28.147028438637825
2022-12-29,MBB,28.694404591104735
2022-12-29,SSI,27.816411682892905
2022-12-29,TCB,19.175455417066154
2022-12-29,VCB,12.29258157434953
2022-12-29,VND,36.166365280289334
2022-12-29,VPB,27.434842249657063
2022-12-30,MBB,28.694404591104735
2022-12-30,SSI,28.129395218002813
2022-12-30,TCB,19.274801544025994
2022-12-30,VCB,12.124889669380963
2022-12-30,VND,36.83241252302026
2022-12-30,VPB,27.972027972027973
2023-01-03,MBB,28.28854314002829
2023-01-03,SSI,27.121455493513626
2023-01-03,TCB,18.876841293023578
2023-01-03,VCB,16.385050189598438
2023-01-03,VND,34.904013961605585
2023-01-03,VPB,27.662517289073307
2023-01-04,MBB,27.662517289073307
2023-01-04,SSI,26.143790849673202
2023-01-04,TCB,18.231540565177756
2023-01-04,VCB,12.113870381586917
2023-01-04,VND,34.07155025553663
2023-01-04,VPB,26.281208935611037
2023-01-05,MBB,27.816411682892905
2023-01-05,SSI,26.341276491497045
2023-01-05,TCB,18.298261665141812
2023-01-05,VCB,12.070006035003017
2023-01-05,VND,34.66204506065858
2023-01-05,VPB,26.549844704899634
2023-01-06,MBB,27.210884353741495
2023-01-06,SSI,25.806451612903224
2023-01-06,TCB,17.937219730941703
2023-01-06,VCB,11.872257220485533
2023-01-06,VND,33.95585738539898
2023-01-06,VPB,26.07561929595828
2023-01-09,MBB,27.210884353741495
2023-01-09,SSI,26.143790849673202
2023-01-09,TCB,18.001800180018
2023-01-09,VCB,11.713379761839857
2023-01-09,VND,34.43284493465974
2023-01-09,VPB,26.0847088364536
2023-01-10,MBB,27.434842249657063
2023-01-10,SSI,26.63115845539281
2023-01-10,TCB,18.13236627379873
2023-01-10,VCB,11.368482492407828
2023-01-10,VND,35.02626970227671
2023-01-10,VPB,26.7022696929239
2023-01-11,MBB,27.285129604365622
2023-01-11,SSI,25.833159454158494
2023-01-11,TCB,18.001800180018
2023-01-11,VCB,11.665211493654255
2023-01-11,VND,33.50083752093802
2023-01-11,VPB,26.56042496679947
2023-01-12,MBB,27.434842249657063
2023-01-12,SSI,25.873221216041397
2023-01-12,TCB,18.066847335140018
2023-01-12,VCB,11.876488748543208
2023-01-12,VND,33.840947546531304
2023-01-12,VPB,26.99055330634278
2023-01-13,MBB,27.137042062415198
2023-01-13,SSI,25.47446968654651
2023-01-13,TCB,17.873100983020553
2023-01-13,VCB,11.634671320535196
2023-01-13,VND,33.05785123966942
2023-01-13,VPB,26.490066225165563
2023-01-16,MBB,27.28518038771078
2023-01-16,SSI,25.940337224383917
2023-01-16,TCB,18.001800180018
2023-01-16,VCB,11.500862564692351
2023-01-16,VND,33.840947546531304
2023-01-16,VPB,25.936804802892205
2023-01-17,MBB,26.143790849673202
2023-01-17,SSI,25.064543462559435
2023-01-17,TCB,17.28608470181504
2023-01-17,VCB,11.370096645821489
2023-01-17,VND,32.26465209326767
2023-01-17,VPB,25.74002574002574
2023-01-18,MBB,25.74002574002574
2023-01-18,SSI,24.360535931790498
2023-01-18,TCB,17.22652885443583
2023-01-18,VCB,22.02240203673809
2023-01-18,VND,31.29890453834116
2023-01-18,VPB,25.521091777772355
2023-01-19,MBB,25.54278416347382
2023-01-19,SSI,23.82482009012092
2023-01-19,TCB,17.21806476950551
2023-01-19,VCB,22.182180890327405
2023-01-19,VND,30.165912518853695
2023-01-19,VPB,25.54278416347382
2023-01-27,MBB,25.220680958385877
2023-01-27,SSI,23.668639053254438
2023-01-27,TCB,16.963528413910094
2023-01-27,VCB,10.735373054213634
2023-01-27,VND,30.257186081694403
2023-01-27,VPB,25.535758788559143
2023-01-30,MBB,25.60819462227913
2023-01-30,SSI,23.622470566830554
2023-01-30,TCB,17.37619461337967
2023-01-30,VCB,10.882136068956555
2023-01-30,VND,30.257186081694403
2023-01-30,VPB,25.54278416347382
2023-01-31,MBB,26.212319790301443
2023-01-31,SSI,23.781212841854934
2023-01-31,TCB,17.71479185119575
2023-01-31,VCB,11.357183418512209
2023-01-31,VND,30.721966205837173
2023-01-31,VPB,26.07561929595828
2023-02-01,MBB,25.54278416347382
2023-02-01,SSI,23.228803716608596
2023-02-01,TCB,17.22652885443583
2023-02-01,VCB,14.57993577357721
2023-02-01,VND,30.52222712234806
2023-02-01,VPB,25.873221216041397
2023-02-02,MBB,26.58547641067628
2023-02-02,SSI,24.783147459727385
2023-02-02,TCB,17.809439002671414
2023-02-02,VCB,33.20420586607637
2023-02-02,VND,32.84072249589491
2023-02-02,VPB,27.137042062415198
2023-02-03,MBB,26.350461133069828
2023-02-03,SSI,24.84987714290871
2023-02-03,TCB,17.905102954341988
2023-02-03,VCB,16.357689734484673
2023-02-03,VND,32.948929159802304
2023-02-03,VPB,27.210884353741495
2023-02-06,MBB,26.7022696929239
2023-02-06,SSI,25.477707006369428
2023-02-06,TCB,18.165304268846505
2023-02-06,VCB,10.828370330265296
2023-02-06,VND,33.50083752093802
2023-02-06,VPB,27.586206896551722
2023-02-07,MBB,26.7022696929239
2023-02-07,SSI,24.906600249066003
2023-02-07,TCB,17.905102954341988
2023-02-07,VCB,10.554089709762533
2023-02-07,VND,32.948929159802304
2023-02-07,VPB,27.06359945872801
2023-02-08,MBB,27.115621303006435
2023-02-08,SSI,26.07561929595828
2023-02-08,TCB,18.13236627379873
2023-02-08,VCB,17.395570847722592
2023-02-08,VND,34.66204506065858
2023-02-08,VPB,27.739251040221912
2023-02-09,MBB,27.06359945872801
2023-02-09,SSI,25.60819462227913
2023-02-09,TCB,18.099547511312217
2023-02-09,VCB,21.299254526091588
2023-02-09,VND,34.18803418803419
2023-02-09,VPB,27.739251040221912
2023-02-10,MBB,27.06359945872801
2023-02-10,SSI,26.00780234070221
2023-02-10,TCB,18.365472910927455
2023-02-10,VCB,12.806832740646112
2023-02-10,VND,35.033964401244695
2023-02-10,VPB,27.662517289073307
2023-02-13,MBB,27.816411682892905
2023-02-13,SSI,26.917900403768506
2023-02-13,TCB,18.779342723004696
2023-02-13,VCB,10.735373054213634
2023-02-13,VND,37.105751391465674
2023-02-13,VPB,29.267032034983643
2023-02-14,MBB,27.739251040221912
2023-02-14,SSI,26.7022696929239
2023-02-14,TCB,18.66253387551562
2023-02-14,VCB,14.544142085995661
2023-02-14,VND,36.42987249544627
2023-02-14,VPB,29.532428990316273
2023-02-15,MBB,27.662517289073307
2023-02-15,SSI,26.143790849673202
2023-02-15,TCB,18.331805682859763
2023-02-15,VCB,21.565683484230412
2023-02-15,VND,35.650623885918
2023-02-15,VPB,29.455081001472752
2023-02-16,MBB,27.434842249657063
2023-02-16,SSI,25.819388223511247
2023-02-16,TCB,18.209421619997073
2023-02-16,VCB,16.031416804146858
2023-02-16,VND,35.02626970227671
2023-02-16,VPB,29.027576197387518
2023-02-17,MBB,27.359781121751027
2023-02-17,SSI,25.74002574002574
2023-02-17,TCB,18.066847335140018
2023-02-17,VCB,10.769093657126465
2023-02-17,VND,34.542314335060446
2023-02-17,VPB,28.86002886002886
2023-02-20,MBB,27.137042062415198
2023-02-20,SSI,25.031289111389235
2023-02-20,TCB,17.914470347516904
2023-02-20,VCB,10.700909577314071
2023-02-20,VND,33.61344537815126
2023-02-20,VPB,28.61230329041488
2023-02-21,MBB,26.56042496679947
2023-02-21,SSI,24.183796856106408
2023-02-21,TCB,17.5284837861525
2023-02-21,VCB,10.598834128245892
2023-02-21,VND,32.414910858995135
2023-02-21,VPB,27.64007305597872
2023-02-22,MBB,27.137042062415198
2023-02-22,SSI,24.84472049689441
2023-02-22,TCB,17.85442385442864
2023-02-22,VCB,23.932000576266304
2023-02-22,VND,33.840947546531304
2023-02-22,VPB,28.368794326241133
2023-02-23,MBB,27.816411682892905
2023-02-23,SSI,26.10970507281574
2023-02-23,TCB,18.433179723502302
2023-02-23,VCB,14.793404799075773
2023-02-23,VND,35.77817531305904
2023-02-23,VPB,28.94356005788712
2023-02-24,MBB,27.972027972027973
2023-02-24,SSI,25.764935442354798
2023-02-24,TCB,18.331805682859763
2023-02-24,VCB,24.261667786122814
2023-02-24,VND,34.904013961605585
2023-02-24,VPB,28.694404591104735
2023-02-27,MBB,28.776978417266186
2023-02-27,SSI,26.917900403768506
2023-02-27,TCB,18.709073900841908
2023-02-27,VCB,21.62162162162162
2023-02-27,VND,36.72110032111583
2023-02-27,VPB,29.542097488921712
2023-02-28,MBB,28.776978417266186
2023-02-28,SSI,26.981471693520994
2023-02-28,TCB,18.6046511627907
2023-02-28,VCB,21.447733505589515
2023-02-28,VND,36.83241252302026
2023-02-28,VPB,29.197080291970803
2023-03-01,MBB,28.94356005788712
2023-03-01,SSI,27.06359945872801
2023-03-01,TCB,19.023471819750498
2023-03-01,VCB,10.758472296933835
2023-03-01,VND,36.56307129798903
2023-03-01,VPB,29.282576866764277
2023-03-02,MBB,28.530670470756064
2023-03-02,SSI,26.490066225165563
2023-03-02,TCB,18.433179723502302
2023-03-02,VCB,10.86218741554211
2023-03-02,VND,35.54060086815285
2023-03-02,VPB,28.776978417266186
2023-03-03,MBB,28.86002886002886
2023-03-03,SSI,26.77376171352075
2023-03-03,TCB,18.674136321195146
2023-03-03,VCB,10.87547580206634
2023-03-03,VND,35.90664272890485
2023-03-03,VPB,28.94356005788712
2023-03-06,MBB,28.54551280160312
2023-03-06,SSI,26.315835034340434
2023-03-06,TCB,18.39926402943882
2023-03-06,VCB,10.895227133051213
2023-03-06,VND,35.52397868561279
2023-03-06,VPB,28.776978417266186
2023-03-07,MBB,28.61230329041488
2023-03-07,SSI,26.212319790301443
2023-03-07,TCB,18.365472910927455
2023-03-07,VCB,10.88172494137074
2023-03-07,VND,35.77817531305904
2023-03-07,VPB,28.72192919982522
2023-03-08,MBB,28.86002886002886
2023-03-08,SSI,25.816723859539866
2023-03-08,TCB,18.570102135561747
2023-03-08,VCB,10.995052226498077
2023-03-08,VND,35.27336860670194
2023-03-08,VPB,28.530670470756064
2023-03-09,MBB,28.129395218002813
2023-03-09,SSI,25.094102885821833
2023-03-09,TCB,18.264840182648403
2023-03-09,VCB,10.851871947911015
2023-03-09,VND,33.90989344985191
2023-03-09,VPB,27.586206896551722
2023-03-10,MBB,28.28854314002829
2023-03-10,SSI,25.477707006369428
2023-03-10,TCB,18.323419678430273
2023-03-10,VCB,10.863661053775122
2023-03-10,VND,34.542314335060446
2023-03-10,VPB,27.586206896551722
2023-03-13,MBB,28.56332359861959
2023-03-13,SSI,25.54278416347382
2023-03-13,TCB,18.63932898415657
2023-03-13,VCB,21.83406113537118
2023-03-13,VND,34.42340791738382
2023-03-13,VPB,26.284604741936633
2023-03-14,MBB,28.887176499332796
2023-03-14,SSI,25.873221216041397
2023-03-14,TCB,18.744142455482663
2023-03-14,VCB,11.007154650522839
2023-03-14,VND,35.02626970227671
2023-03-14,VPB,25.861081288198093
2023-03-15,MBB,28.368794326241133
2023-03-15,SSI,24.600246002460025
2023-03-15,TCB,18.433179723502302
2023-03-15,VCB,10.934937124111537
2023-03-15,VND,29.450374492416387
2023-03-15,VPB,25.412960609911053
2023-03-16,MBB,28.50361435840826
2023-03-16,SSI,24.573415468306013
2023-03-16,TCB,18.674136321195146
2023-03-16,VCB,10.946907498631637
2023-03-16,VND,33.53086628286155
2023-03-16,VPB,25.806451612903224
2023-03-17,MBB,28.44950213371266
2023-03-17,SSI,24.72443172099915
2023-03-17,TCB,18.63932898415657
2023-03-17,VCB,10.995052226498077
2023-03-17,VND,33.52116949515708
2023-03-17,VPB,25.74002574002574
2023-03-20,MBB,28.694404591104735
2023-03-20,SSI,25.157232704402517
2023-03-20,TCB,18.94479143780798
2023-03-20,VCB,11.409013120365088
2023-03-20,VND,33.840947546531304
2023-03-20,VPB,25.673940949935815
2023-03-21,MBB,28.94356005788712
2023-03-21,SSI,25.60819462227913
2023-03-21,TCB,19.01142402252456
2023-03-21,VCB,11.634671320535196
2023-03-21,VND,34.66204506065858
2023-03-21,VPB,25.37615023785252
2023-03-22,MBB,28.694404591104735
2023-03-22,SSI,24.84472049689441
2023-03-22,TCB,18.921475875118258
2023-03-22,VCB,11.435105774728417
2023-03-22,VND,33.50083752093802
2023-03-22,VPB,23.837902264600714
2023-03-23,MBB,28.776978417266186
2023-03-23,SSI,25.031289111389235
2023-03-23,TCB,19.19285229731432
2023-03-23,VCB,22.42152466367713
2023-03-23,VND,33.72681281618887
2023-03-23,VPB,23.837902264600714
2023-03-24,MBB,28.050490883590463
2023-03-24,SSI,24.408126722377634
2023-03-24,TCB,18.85014137606032
2023-03-24,VCB,11.220199003439749
2023-03-24,VND,32.62642740619902
2023-03-24,VPB,23.829128901556725
2023-03-27,MBB,28.129395218002813
2023-03-27,SSI,23.731844962289994
2023-03-27,TCB,18.85014137606032
2023-03-27,VCB,12.640479836396858
2023-03-27,VND,32.0
2023-03-27,VPB,23.501762632197416
2023-03-28,MBB,27.586206896551722
2023-03-28,SSI,23.781212841854934
2023-03-28,TCB,18.165304268846505
2023-03-28,VCB,11.0803324099723
2023-03-28,VND,32.414910858995135
2023-03-28,VPB,24.009603841536613
2023-03-29,MBB,27.434842249657063
2023-03-29,SSI,23.952095808383234
2023-03-29,TCB,17.84349090110654
2023-03-29,VCB,11.011291123481314
2023-03-29,VND,32.733224222585925
2023-03-29,VPB,24.125452352231605
2023-03-30,MBB,27.210884353741495
2023-03-30,SSI,23.391812865497077
2023-03-30,TCB,17.84121320249777
2023-03-30,VCB,10.770059235325794
2023-03-30,VND,32.2061191626409
2023-03-30,VPB,24.009603841536613
2023-03-31,MBB,27.359781121751027
2023-03-31,SSI,23.612750885478157
2023-03-31,TCB,17.68346595932803
2023-03-31,VCB,21.715526601520086
2023-03-31,VND,32.59850577384455
2023-03-31,VPB,23.770954581166116
2023-04-03,MBB,26.917900403768506
2023-04-03,SSI,22.70552680840492
2023-04-03,TCB,17.167381974248926
2023-04-03,VCB,10.946907498631637
2023-04-03,VND,31.595576619273302
2023-04-03,VPB,23.781212841854934
2023-04-04,MBB,26.77376171352075
2023-04-04,SSI,22.701475595913735
2023-04-04,TCB,17.02127659574468
2023-04-04,VCB,14.512472729879049
2023-04-04,VND,31.496062992125985
2023-04-04,VPB,23.68601985355339
2023-04-05,MBB,26.63115845539281
2023-04-05,SSI,22.3463687150838
2023-04-05,TCB,17.02127659574468
2023-04-05,VCB,19.169083096497218
2023-04-05,VND,30.994971823842103
2023-04-05,VPB,23.501762632197416
2023-04-06,MBB,26.7022696929239
2023-04-06,SSI,22.148394241417495
2023-04-06,TCB,16.963528413910094
2023-04-06,VCB,10.946907498631637
2023-04-06,VND,30.816640986132512
2023-04-06,VPB,23.612750885478157
2023-04-07,MBB,27.137042062415198
2023-04-07,SSI,22.650056625141563
2023-04-07,TCB,16.9061707523246
2023-04-07,VCB,11.129660545353367
2023-04-07,VND,31.89351688476739
2023-04-07,VPB,24.067388688327316
2023-04-10,MBB,26.63115845539281
2023-04-10,SSI,21.92298067346009
2023-04-10,TCB,16.493492259400128
2023-04-10,VCB,11.217049915872126
2023-04-10,VND,31.007751937984494
2023-04-10,VPB,23.837902264600714
2023-04-11,MBB,26.917900403768506
2023-04-11,SSI,22.526778290255994
2023-04-11,TCB,16.70843776106934
2023-04-11,VCB,11.305822498586773
2023-04-11,VND,31.79650238473768
2023-04-11,VPB,24.041122848877
2023-04-12,MBB,26.77376171352075
2023-04-12,SSI,22.341386247142864
2023-04-12,TCB,16.488046166529266
2023-04-12,VCB,11.344299489506524
2023-04-12,VND,31.62744076512187
2023-04-12,VPB,23.952095808383234
2023-04-13,MBB,26.917900403768506
2023-04-13,SSI,22.753128555176335
2023-04-13,TCB,16.38001638001638
2023-04-13,VCB,11.331444759206798
2023-04-13,VND,32.308176580143986
2023-04-13,VPB,24.479804161566708
2023-04-14,MBB,26.917900403768506
2023-04-14,SSI,23.048947800696197
2023-04-14,TCB,17.02127659574468
2023-04-14,VCB,11.305822498586773
2023-04-14,VND,32.948929159802304
2023-04-14,VPB,24.384331327084066
2023-04-17,MBB,27.434842249657063
2023-04-17,SSI,23.446658851113718
2023-04-17,TCB,17.28608470181504
2023-04-17,VCB,11.335622546554209
2023-04-17,VND,33.61344537815126
2023-04-17,VPB,24.42002442002442
2023-04-18,MBB,27.51031636863824
2023-04-18,SSI,23.446658851113718
2023-04-18,TCB,17.196904557179707
2023-04-18,VCB,11.383039271485487
2023-04-18,VND,33.38244567019222
2023-04-18,VPB,24.600246002460025
2023-04-19,MBB,27.478868819062747
2023-04-19,SSI,23.014959723820482
2023-04-19,TCB,17.13796058269066
2023-04-19,VCB,11.318619128466327
2023-04-19,VND,32.90255487527057
2023-04-19,VPB,24.84472049689441
2023-04-20,MBB,27.586206896551722
2023-04-20,SSI,23.501762632197416
2023-04-20,TCB,17.316017316017316
2023-04-20,VCB,11.344299489506524
2023-04-20,VND,33.59877796817811
2023-04-20,VPB,25.673940949935815
2023-04-21,MBB,27.51031636863824
2023-04-21,SSI,22.96504847043294
2023-04-21,TCB,17.346053772766695
2023-04-21,VCB,11.42204454597373
2023-04-21,VND,33.12050530503719
2023-04-21,VPB,25.62134388781047
2023-04-24,MBB,27.586206896551722
2023-04-24,SSI,23.121387283236995
2023-04-24,TCB,17.28608470181504
2023-04-24,VCB,11.448196908986835
2023-04-24,VND,33.3889816360601
2023-04-24,VPB,25.673940949935815
2023-04-25,MBB,27.359781121751027
2023-04-25,SSI,23.228803716608596
2023-04-25,TCB,16.934801016088063
2023-04-25,VCB,11.357183418512209
2023-04-25,VND,33.50083752093802
2023-04-25,VPB,25.54278416347382
2023-04-26,MBB,27.51031636863824
2023-04-26,SSI,23.894862604540023
2023-04-26,TCB,17.229831803118497
2023-04-26,VCB,11.370096645821489
2023-04-26,VND,34.42340791738382
2023-04-26,VPB,25.940337224383917
2023-04-27,MBB,27.285129604365622
2023-04-27,SSI,23.446658851113718
2023-04-27,TCB,16.680567139282736
2023-04-27,VCB,11.29305477131564
2023-04-27,VND,34.07155025553663
2023-04-27,VPB,25.60819462227913
2023-04-28,MBB,27.137042062415198
2023-04-28,SSI,23.391812865497077
2023-04-28,TCB,16.736401673640167
2023-04-28,VCB,11.217049915872126
2023-04-28,VND,33.95585738539898
2023-04-28,VPB,25.54278416347382
2023-05-04,MBB,27.359781121751027
2023-05-04,SSI,23.148179157261602
2023-05-04,TCB,17.079419299743808
2023-05-04,VCB,11.229646266142616
2023-05-04,VND,33.72681281618887
2023-05-04,VPB,25.46961370681213
2023-05-05,MBB,27.586206896551722
2023-05-05,SSI,23.174971031286212
2023-05-05,TCB,17.346053772766695
2023-05-05,VCB,11.305822498586773
2023-05-05,VND,33.61344537815126
2023-05-05,VPB,25.586391136010693
2023-05-08,MBB,27.48012672104577
2023-05-08,SSI,22.857142857142858
2023-05-08,TCB,17.346053772766695
2023-05-08,VCB,10.982976386600768
2023-05-08,VND,33.277870216306155
2023-05-08,VPB,25.66454861741343
2023-05-09,MBB,27.359781121751027
2023-05-09,SSI,22.49718785151856
2023-05-09,TCB,17.13796058269066
2023-05-09,VCB,10.746910263299302
2023-05-09,VND,33.16749585406302
2023-05-09,VPB,25.673940949935815
2023-05-10,MBB,27.285129604365622
2023-05-10,SSI,22.246941045606228
2023-05-10,TCB,17.108639863130882
2023-05-10,VCB,10.887316276537833
2023-05-10,VND,32.733224222585925
2023-05-10,VPB,25.610723327189
2023-05-11,MBB,26.99055330634278
2023-05-11,SSI,22.05071664829107
2023-05-11,TCB,17.079419299743808
2023-05-11,VCB,10.946907498631637
2023-05-11,VND,32.102728731942214
2023-05-11,VPB,25.28902809146809
2023-05-12,MBB,26.99055330634278
2023-05-12,SSI,22.197558268590456
2023-05-12,TCB,17.185095524007394
2023-05-12,VCB,10.995052226498077
2023-05-12,VND,32.2061191626409
2023-05-12,VPB,25.34854245880862
2023-05-15,MBB,26.42007926023778
2023-05-15,SSI,21.57497303128371
2023-05-15,TCB,16.674394295489865
2023-05-15,VCB,10.828370330265296
2023-05-15,VND,31.79650238473768
2023-05-15,VPB,25.031289111389235
2023-05-16,MBB,26.56042496679947
2023-05-16,SSI,21.76278563656148
2023-05-16,TCB,16.736401673640167
2023-05-16,VCB,10.883933283831693
2023-05-16,VND,32.102728731942214
2023-05-16,VPB,25.284450063211125
2023-05-17,MBB,26.7022696929239
2023-05-17,SSI,21.85792349726776
2023-05-17,TCB,16.849199663016005
2023-05-17,VCB,10.7860350302489
2023-05-17,VND,32.102728731942214
2023-05-17,VPB,25.673940949935815
2023-05-18,MBB,26.99055330634278
2023-05-18,SSI,22.08320389197179
2023-05-18,TCB,17.050298380221655
2023-05-18,VCB,10.793308148947652
2023-05-18,VND,32.520325203252035
2023-05-18,VPB,25.873221216041397
2023-05-19,MBB,26.869725190517915
2023-05-19,SSI,21.810250817884405
2023-05-19,TCB,16.963528413910094
2023-05-19,VCB,31.96590303676079
2023-05-19,VND,31.104199066874028
2023-05-19,VPB,25.873221216041397
2023-05-22,MBB,26.63115845539281
2023-05-22,SSI,21.715526601520086
2023-05-22,TCB,16.542597187758478
2023-05-22,VCB,10.81665765278529
2023-05-22,VND,30.721966205837173
2023-05-22,VPB,25.74002574002574
2023-05-23,MBB,26.56042496679947
2023-05-23,SSI,21.715526601520086
2023-05-23,TCB,16.406890894175554
2023-05-23,VCB,10.793308148947652
2023-05-23,VND,30.53435114503817
2023-05-23,VPB,25.412960609911053
2023-05-24,MBB,26.7022696929239
2023-05-24,SSI,21.715526601520086
2023-05-24,TCB,16.542597187758478
2023-05-24,VCB,19.90491749258524
2023-05-24,VND,30.53435114503817
2023-05-24,VPB,25.60819462227913
2023-05-25,MBB,26.99055330634278
2023-05-25,SSI,22.13297920058075
2023-05-25,TCB,16.813796210575674
2023-05-25,VCB,10.899182561307901
2023-05-25,VND,31.274490416236368
2023-05-25,VPB,25.873221216041397
2023-05-26,MBB,27.06359945872801
2023-05-26,SSI,22.148394241417495
2023-05-26,TCB,16.82085786375105
2023-05-26,VCB,10.828370330265296
2023-05-26,VND,31.225662172026787
2023-05-26,VPB,26.07561929595828
2023-05-29,MBB,26.845637583892618
2023-05-29,SSI,21.85792349726776
2023-05-29,TCB,16.680567139282736
2023-05-29,VCB,10.78167115902965
2023-05-29,VND,30.627871362940276
2023-05-29,VPB,25.873221216041397
2023-05-30,MBB,26.7022696929239
2023-05-30,SSI,21.436227224008576
2023-05-30,TCB,16.62510390689942
2023-05-30,VCB,10.804970286331713
2023-05-30,VND,29.027576197387518
2023-05-30,VPB,25.74002574002574
2023-05-31,MBB,26.7022696929239
2023-05-31,SSI,21.436227224008576
2023-05-31,TCB,16.666678240748777
2023-05-31,VCB,14.227923263615066
2023-05-31,VND,28.368794326241133
2023-05-31,VPB,25.74002574002574
2023-06-01,MBB,26.8161884425597
2023-06-01,SSI,21.52852529601722
2023-06-01,TCB,16.680567139282736
2023-06-01,VCB,10.689470871191876
2023-06-01,VND,28.530670470756064
2023-06-01,VPB,25.940337224383917
2023-06-02,MBB,25.477707006369428
2023-06-02,SSI,20.764266494770837
2023-06-02,TCB,15.686274509803921
2023-06-02,VCB,10.610079575596817
2023-06-02,VND,27.359781121751027
2023-06-02,VPB,25.157232704402517
2023-06-05,MBB,25.094102885821833
2023-06-05,SSI,20.682523267838675
2023-06-05,TCB,15.467904098994586
2023-06-05,VCB,10.206687371586675
2023-06-05,VND,27.285129604365622
2023-06-05,VPB,25.220680958385877
2023-06-06,MBB,25.094102885821833
2023-06-06,SSI,20.682523267838675
2023-06-06,TCB,15.515903801396432
2023-06-06,VCB,10.230179028132993
2023-06-06,VND,27.159778140040178
2023-06-06,VPB,25.284450063211125
2023-06-07,MBB,24.539877300613497
2023-06-07,SSI,19.940179461615156
2023-06-07,TCB,15.408329638539342
2023-06-07,VCB,10.253783104216463
2023-06-07,VND,26.00780234070221
2023-06-07,VPB,25.157232704402517
2023-06-08,MBB,24.721878862793574
2023-06-08,SSI,19.92214221198909
2023-06-08,TCB,15.440046280447206
2023-06-08,VCB,10.240655401945725
2023-06-08,VND,26.143790849673202
2023-06-08,VPB,25.220680958385877
2023-06-09,MBB,24.85653390412717
2023-06-09,SSI,20.345879959308242
2023-06-09,TCB,15.661707126076742
2023-06-09,VCB,10.004288215357768
2023-06-09,VND,27.210884353741495
2023-06-09,VPB,25.673940949935815
2023-06-12,MBB,24.783147459727385
2023-06-12,SSI,19.98668665335332
2023-06-12,TCB,15.58846453624318
2023-06-12,VCB,10.095911155981828
2023-06-12,VND,26.845637583892618
2023-06-12,VPB,25.74002574002574
2023-06-13,MBB,24.66091245376079
2023-06-13,SSI,19.734358979346556
2023-06-13,TCB,15.30221882172915
2023-06-13,VCB,9.760858955588091
2023-06-13,VND,26.63115845539281
2023-06-13,VPB,25.60819462227913
2023-06-14,MBB,25.117059183487534
2023-06-14,SSI,19.58863858961802
2023-06-14,TCB,15.16300227445034
2023-06-14,VCB,9.83445548128283
2023-06-14,VND,26.416764111325023
2023-06-14,VPB,25.157232704402517
2023-06-15,MBB,25.34854245880862
2023-06-15,SSI,19.51219512195122
2023-06-15,TCB,15.372790161414297
2023-06-15,VCB,9.828009828009828
2023-06-15,VND,26.42007926023778
2023-06-15,VPB,25.297268542330624
2023-06-16,MBB,25.031289111389235
2023-06-16,SSI,18.858180060737432
2023-06-16,TCB,15.16300227445034
2023-06-16,VCB,9.666505558240695
2023-06-16,VND,25.031289111389235
2023-06-16,VPB,25.094102885821833
2023-06-19,MBB,25.412960609911053
2023-06-19,SSI,18.99335232668566
2023-06-19,TCB,15.54001554001554
2023-06-19,VCB,9.767216785879958
2023-06-19,VND,25.63807931666853
2023-06-19,VPB,25.60819462227913
2023-06-20,MBB,25.60819462227913
2023-06-20,SSI,19.673433405505424
2023-06-20,TCB,15.56420233463035
2023-06-20,VCB,10.005002501250626
2023-06-20,VND,25.988215694029158
2023-06-20,VPB,25.74002574002574
2023-06-21,MBB,25.34854245880862
2023-06-21,SSI,19.32367149758454
2023-06-21,TCB,15.515903801396432
2023-06-21,VCB,10.005002501250626
2023-06-21,VND,25.412960609911053
2023-06-21,VPB,25.673940949935815
2023-06-22,MBB,24.84472049689441
2023-06-22,SSI,19.286403085824492
2023-06-22,TCB,15.209125475285171
2023-06-22,VCB,9.975062344139651
2023-06-22,VND,25.34854245880862
2023-06-22,VPB,25.34854245880862
2023-06-23,MBB,24.783147459727385
2023-06-23,SSI,19.175455417066154
2023-06-23,TCB,15.209125475285171
2023-06-23,VCB,10.035122930255895
2023-06-23,VND,25.412960609911053
2023-06-23,VPB,24.783147459727385
2023-06-26,MBB,24.803671805449728
2023-06-26,SSI,19.627085377821395
2023-06-26,TCB,15.30221882172915
2023-06-26,VCB,10.035122930255895
2023-06-26,VND,26.07561929595828
2023-06-26,VPB,24.783147459727385
2023-06-27,MBB,24.906600249066003
2023-06-27,SSI,19.029495718363464
2023-06-27,TCB,15.11715797430083
2023-06-27,VCB,9.995002498750624
2023-06-27,VND,25.644720359866177
2023-06-27,VPB,24.783147459727385
2023-06-28,MBB,24.66091245376079
2023-06-28,SSI,18.779342723004696
2023-06-28,TCB,15.186028853454822
2023-06-28,VCB,9.975062344139651
2023-06-28,VND,25.284450063211125
2023-06-28,VPB,24.84472049689441
2023-06-29,MBB,24.42002442002442
2023-06-29,SSI,19.1571056989637
2023-06-29,TCB,15.209125475285171
2023-06-29,VCB,11.699741503202063
2023-06-29,VND,25.940337224383917
2023-06-29,VPB,24.721878862793574
2023-06-30,MBB,24.66091245376079
2023-06-30,SSI,19.51219512195122
2023-06-30,TCB,15.344489433461831
2023-06-30,VCB,9.925558312655086
2023-06-30,VND,26.490066225165563
2023-06-30,VPB,25.157232704402517
2023-07-03,MBB,24.721878862793574
2023-07-03,SSI,19.388581950141656
2023-07-03,TCB,15.515903801396432
2023-07-03,VCB,10.005002501250626
2023-07-03,VND,26.42007926023778
2023-07-03,VPB,25.220680958385877
2023-07-04,MBB,24.721878862793574
2023-07-04,SSI,19.255465641028497
2023-07-04,TCB,15.661707126076742
2023-07-04,VCB,11.836283865966994
2023-07-04,VND,25.998806991859773
2023-07-04,VPB,25.220680958385877
2023-07-05,MBB,24.42002442002442
2023-07-05,SSI,18.885741265344667
2023-07-05,TCB,15.58846453624318
2023-07-05,VCB,9.905894006934126
2023-07-05,VND,25.477707006369428
2023-07-05,VPB,24.906600249066003
2023-07-06,MBB,24.479804161566708
2023-07-06,SSI,19.029495718363464
2023-07-06,TCB,15.706166205681015
2023-07-06,VCB,9.865177261560683
2023-07-06,VND,25.940337224383917
2023-07-06,VPB,25.094102885821833
2023-07-07,MBB,24.721878862793574
2023-07-07,SSI,19.10219675262655
2023-07-07,TCB,15.910898965791567
2023-07-07,VCB,9.857072449482503
2023-07-07,VND,28.776978417266186
2023-07-07,VPB,25.477707006369428
2023-07-10,MBB,24.183796856106408
2023-07-10,SSI,18.42187449214781
2023-07-10,TCB,15.710919088766692
2023-07-10,VCB,9.722897423432183
2023-07-10,VND,27.89400278940028
2023-07-10,VPB,25.094102885821833
2023-07-11,MBB,23.724792408066428
2023-07-11,SSI,17.87919659660559
2023-07-11,TCB,15.56420233463035
2023-07-11,VCB,11.224887708686232
2023-07-11,VND,27.89400278940028
2023-07-11,VPB,24.906600249066003
2023-07-12,MBB,23.781212841854934
2023-07-12,SSI,17.71479185119575
2023-07-12,TCB,15.710919088766692
2023-07-12,VCB,9.63855421686747
2023-07-12,VND,28.28854314002829
2023-07-12,VPB,25.220680958385877
2023-07-13,MBB,23.668639053254438
2023-07-13,SSI,17.74622892635315
2023-07-13,TCB,15.735641227380016
2023-07-13,VCB,9.629272989889264
2023-07-13,VND,27.972027972027973
2023-07-13,VPB,25.34854245880862
2023-07-14,MBB,26.845637583892618
2023-07-14,SSI,17.621145374449338
2023-07-14,TCB,15.686274509803921
2023-07-14,VCB,9.533864302229372
2023-07-14,VND,27.137042062415198
2023-07-14,VPB,25.157232704402517
2023-07-17,MBB,26.77376171352075
2023-07-17,SSI,17.22652885443583
2023-07-17,TCB,15.661707126076742
2023-07-17,VCB,9.537434430138292
2023-07-17,VND,26.99055330634278
2023-07-17,VPB,24.600246002460025
2023-07-18,MBB,26.917900403768506
2023-07-18,SSI,17.497812773403325
2023-07-18,TCB,15.63721657544957
2023-07-18,VCB,9.555661729574773
2023-07-18,VND,27.359781121751027
2023-07-18,VPB,24.009603841536613
2023-07-19,MBB,26.845637583892618
2023-07-19,SSI,17.497812773403325
2023-07-19,TCB,15.372790161414297
2023-07-19,VCB,9.528346831824678
2023-07-19,VND,27.210884353741495
2023-07-19,VPB,23.952095808383234
2023-07-20,MBB,27.210884353741495
2023-07-20,SSI,17.962477712835074
2023-07-20,TCB,15.617685313528634
2023-07-20,VCB,10.16762719915696
2023-07-20,VND,27.662517289073307
2023-07-20,VPB,24.242424242424242
2023-07-21,MBB,27.06359945872801
2023-07-21,SSI,17.77777777777778
2023-07-21,TCB,15.661707126076742
2023-07-21,VCB,12.805122786985015
2023-07-21,VND,27.06359945872801
2023-07-21,VPB,23.668639053254438
2023-07-24,MBB,26.845637583892618
2023-07-24,SSI,17.32869937553372
2023-07-24,TCB,15.491866769945778
2023-07-24,VCB,9.528346831824678
2023-07-24,VND,26.350461133069828
2023-07-24,VPB,23.391812865497077
2023-07-25,MBB,26.490066225165563
2023-07-25,SSI,17.40644038294169
2023-07-25,TCB,14.914243102162565
2023-07-25,VCB,10.887316276537833
2023-07-25,VND,26.281208935611037
2023-07-25,VPB,22.753128555176335
2023-07-26,MBB,26.69041782000205
2023-07-26,SSI,17.436791630340018
2023-07-26,TCB,14.9812734082397
2023-07-26,VCB,10.758472296933835
2023-07-26,VND,26.56042496679947
2023-07-26,VPB,22.90950744558992
2023-07-27,MBB,26.845637583892618
2023-07-27,SSI,17.108639863130882
2023-07-27,TCB,15.09433962264151
2023-07-27,VCB,10.746910263299302
2023-07-27,VND,25.806451612903224
2023-07-27,VPB,23.05145980412066
2023-07-28,MBB,26.845637583892618
2023-07-28,SSI,16.877637130801688
2023-07-28,TCB,15.071590052750565
2023-07-28,VCB,10.863661053775122
2023-07-28,VND,24.783147459727385
2023-07-28,VPB,22.962112514351322
2023-07-31,MBB,26.63115845539281
2023-07-31,SSI,16.90449230399972
2023-07-31,TCB,14.587892049598834
2023-07-31,VCB,10.887316276537833
2023-07-31,VND,24.242424242424242
2023-07-31,VPB,22.753128555176335
2023-08-01,MBB,26.212319790301443
2023-08-01,SSI,16.99235344095157
2023-08-01,TCB,14.545454545454545
2023-08-01,VCB,10.851871947911015
2023-08-01,VND,24.360535931790498
2023-08-01,VPB,22.753128555176335
2023-08-02,MBB,26.490066225165563
2023-08-02,SSI,17.34417649421986
2023-08-02,TCB,14.716703458425313
2023-08-02,VCB,10.95890410958904
2023-08-02,VND,24.721878862793574
2023-08-02,VPB,22.753128555176335
2023-08-03,MBB,26.29342991163318
2023-08-03,SSI,17.338008293280254
2023-08-03,TCB,14.738393515106853
2023-08-03,VCB,10.995052226498077
2023-08-03,VND,24.84472049689441
2023-08-03,VPB,22.80501710376283
2023-08-04,MBB,26.490066225165563
2023-08-04,SSI,17.40644038294169
2023-08-04,TCB,14.9250883322003
2023-08-04,VCB,11.055831951354339
2023-08-04,VND,25.094102885821833
2023-08-04,VPB,23.014959723820482
2023-08-07,MBB,25.93118504142812
2023-08-07,SSI,16.877637130801688
2023-08-07,TCB,14.60209988212827
2023-08-07,VCB,11.0803324099723
2023-08-07,VND,23.952095808383234
2023-08-07,VPB,22.148394241417495
2023-08-08,MBB,25.873221216041397
2023-08-08,SSI,16.963528413910094
2023-08-08,TCB,14.587892049598834
2023-08-08,VCB,11.007154650522839
2023-08-08,VND,24.600246002460025
2023-08-08,VPB,22.3463687150838
2023-08-09,MBB,26.143790849673202
2023-08-09,SSI,17.259984056234213
2023-08-09,TCB,14.716703458425313
2023-08-09,VCB,11.0803324099723
2023-08-09,VND,24.84472049689441
2023-08-09,VPB,22.80501710376283
2023-08-10,MBB,26.212319790301443
2023-08-10,SSI,17.559262510974538
2023-08-10,TCB,14.781966001478196
2023-08-10,VCB,11.142061281337048
2023-08-10,VND,24.93284096248006
2023-08-10,VPB,22.90950744558992
2023-08-11,MBB,26.63115845539281
2023-08-11,SSI,17.86490334645875
2023-08-11,TCB,14.9812734082397
2023-08-11,VCB,11.254924029262803
2023-08-11,VND,24.916450022351743
2023-08-11,VPB,23.014959723820482
2023-08-14,MBB,26.490066225165563
2023-08-14,SSI,17.50739746488744
2023-08-14,TCB,14.893420908702733
2023-08-14,VCB,11.204481792717086
2023-08-14,VND,24.067388688327316
2023-08-14,VPB,22.857142857142858
2023-08-15,MBB,26.490066225165563
2023-08-15,SSI,17.346053772766695
2023-08-15,TCB,14.695077149155033
2023-08-15,VCB,11.267605633802816
2023-08-15,VND,23.557126030624264
2023-08-15,VPB,22.962112514351322
2023-08-16,MBB,26.350461133069828
2023-08-16,SSI,17.405065575234325
2023-08-16,TCB,14.255167498218103
2023-08-16,VCB,11.217049915872126
2023-08-16,VND,23.718483042357217
2023-08-16,VPB,22.801243391138357
2023-08-17,MBB,26.42007926023778
2023-08-17,SSI,16.570008285004143
2023-08-17,TCB,14.255167498218103
2023-08-17,VCB,11.204481792717086
2023-08-17,VND,22.753128555176335
2023-08-17,VPB,22.396416573348265
2023-08-18,MBB,26.917900403768506
2023-08-18,SSI,16.751325967547572
2023-08-18,TCB,14.652014652014651
2023-08-18,VCB,11.178862394133834
2023-08-18,VND,23.724792408066428
2023-08-18,VPB,23.014959723820482
2023-08-21,MBB,27.586206896551722
2023-08-21,SSI,17.314935622818332
2023-08-21,TCB,15.372790161414297
2023-08-21,VCB,11.179429849077698
2023-08-21,VND,24.721878862793574
2023-08-21,VPB,24.183796856106408
2023-08-22,MBB,27.586206896551722
2023-08-22,SSI,17.346053772766695
2023-08-22,TCB,15.372790161414297
2023-08-22,VCB,11.325031943836564
2023-08-22,VND,24.600246002460025
2023-08-22,VPB,24.360535931790498
2023-08-23,MBB,27.586206896551722
2023-08-23,SSI,16.299918500407497
2023-08-23,TCB,14.847809948032666
2023-08-23,VCB,11.500862564692351
2023-08-23,VND,23.894862604540023
2023-08-23,VPB,24.42002442002442
2023-08-24,MBB,27.739251040221912
2023-08-24,SSI,16.331242227062535
2023-08-24,TCB,14.869888475836431
2023-08-24,VCB,11.607661056297156
2023-08-24,VND,24.183796856106408
2023-08-24,VPB,24.539877300613497
2023-08-25,MBB,27.586206896551722
2023-08-25,SSI,15.68520636268535
2023-08-25,TCB,14.892032762472077
2023-08-25,VCB,23.094688221709006
2023-08-25,VND,23.014959723820482
2023-08-25,VPB,24.539877300613497
2023-08-28,MBB,27.56913152777119
2023-08-28,SSI,15.467904098994586
2023-08-28,TCB,14.781966001478196
2023-08-28,VCB,11.56737998843262
2023-08-28,VND,22.58379565050308
2023-08-28,VPB,24.721878862793574
2023-08-29,MBB,27.359781121751027
2023-08-29,SSI,15.56420233463035
2023-08-29,TCB,14.716703458425313
2023-08-29,VCB,11.435105774728417
2023-08-29,VND,22.49718785151856
2023-08-29,VPB,24.183796856106408
2023-08-30,MBB,27.210884353741495
2023-08-30,SSI,15.444015444015443
2023-08-30,TCB,14.673514306676449
2023-08-30,VCB,11.210765854294607
2023-08-30,VND,22.296544035674472
2023-08-30,VPB,24.07029187152253
2023-08-31,MBB,27.06359945872801
2023-08-31,SSI,14.914243102162565
2023-08-31,TCB,14.555434326801375
2023-08-31,VCB,11.18631142313141
2023-08-31,VND,21.253985122210416
2023-08-31,VPB,23.952095808383234
2023-09-05,MBB,26.350461133069828
2023-09-05,SSI,15.026296018031555
2023-09-05,TCB,14.295925661186562
2023-09-05,VCB,11.154489682097044
2023-09-05,VND,21.299254526091588
2023-09-05,VPB,23.724792408066428
2023-09-06,MBB,26.275468173501906
2023-09-06,SSI,14.716703458425313
2023-09-06,TCB,14.255167498218103
2023-09-06,VCB,11.117287381878821
2023-09-06,VND,20.81165452653486
2023-09-06,VPB,23.672301228568266
2023-09-07,MBB,25.940337224383917
2023-09-07,SSI,14.760147601476016
2023-09-07,TCB,14.002884706494926
2023-09-07,VCB,11.10494169905608
2023-09-07,VND,20.855057351407716
2023-09-07,VPB,22.857142857142858
2023-09-08,MBB,26.00780234070221
2023-09-08,SSI,14.803849000740193
2023-09-08,TCB,14.01541695865452
2023-09-08,VCB,11.179429849077698
2023-09-08,VND,20.981963817759294
2023-09-08,VPB,22.962112514351322
2023-09-11,MBB,26.212319790301443
2023-09-11,SSI,14.781966001478196
2023-09-11,TCB,14.255167498218103
2023-09-11,VCB,11.129660545353367
2023-09-11,VND,20.98635886673662
2023-09-11,VPB,22.598870056497177
2023-09-12,MBB,26.490066225165563
2023-09-12,SSI,14.464370204104213
2023-09-12,TCB,14.461315979754158
2023-09-12,VCB,11.204481792717086
2023-09-12,VND,20.81454804819305
2023-09-12,VPB,22.80501710376283
2023-09-13,MBB,26.07561929595828
2023-09-13,SSI,13.917884481558803
2023-09-13,TCB,14.194464158977999
2023-09-13,VCB,11.188827809208755
2023-09-13,VND,20.060180541624874
2023-09-13,VPB,22.49718785151856
2023-09-14,MBB,26.143790849673202
2023-09-14,SSI,13.97624039133473
2023-09-14,TCB,14.114326040931546
2023-09-14,VCB,11.267605633802816
2023-09-14,VND,20.512820512820515
2023-09-14,VPB,22.3463687150838
2023-09-15,MBB,25.673940949935815
2023-09-15,SSI,14.074595355383533
2023-09-15,TCB,14.255167498218103
2023-09-15,VCB,11.254924029262803
2023-09-15,VND,20.682523267838675
2023-09-15,VPB,22.396416573348265
2023-09-18,MBB,26.00780234070221
2023-09-18,SSI,14.214641080312722
2023-09-18,TCB,14.440433212996389
2023-09-18,VCB,11.305822498586773
2023-09-18,VND,20.74741079665668
2023-09-18,VPB,22.547914317925592
2023-09-19,MBB,26.212319790301443
2023-09-19,SSI,13.983262241489175
2023-09-19,TCB,14.695077149155033
2023-09-19,VCB,11.441651341857625
2023-09-19,VND,20.359706585172535
2023-09-19,VPB,22.962112514351322
2023-09-20,MBB,26.212319790301443
2023-09-20,SSI,13.666651891907865
2023-09-20,TCB,14.652014652014651
2023-09-20,VCB,11.36686833899417
2023-09-20,VND,19.90049751243781
2023-09-20,VPB,22.962112514351322
2023-09-21,MBB,26.07561929595828
2023-09-21,SSI,13.89854065323141
2023-09-21,TCB,14.587892049598834
2023-09-21,VCB,11.461318051575931
2023-09-21,VND,19.860973187686195
2023-09-21,VPB,22.962112514351322
2023-09-22,MBB,26.845637583892618
2023-09-22,SSI,15.232292460015232
2023-09-22,TCB,14.869888475836431
2023-09-22,VCB,11.607661056297156
2023-09-22,VND,21.884195280161418
2023-09-22,VPB,23.805631995632588
2023-09-25,MBB,26.845637583892618
2023-09-25,SSI,15.32567049808429
2023-09-25,TCB,14.738393515106853
2023-09-25,VCB,11.204481792717086
2023-09-25,VND,22.296544035674472
2023-09-25,VPB,23.612750885478157
2023-09-26,MBB,27.359781121751027
2023-09-26,SSI,15.976508893760585
2023-09-26,TCB,15.286632146076766
2023-09-26,VCB,11.254924029262803
2023-09-26,VND,23.446658851113718
2023-09-26,VPB,24.479804161566708
2023-09-27,MBB,27.285129604365622
2023-09-27,SSI,15.910898965791567
2023-09-27,TCB,15.444015444015443
2023-09-27,VCB,12.767847679032808
2023-09-27,VND,23.965413458166122
2023-09-27,VPB,24.42002442002442
2023-09-28,MBB,27.210884353741495
2023-09-28,SSI,15.54001554001554
2023-09-28,TCB,15.6128024980484
2023-09-28,VCB,11.527377521613833
2023-09-28,VND,23.612750885478157
2023-09-28,VPB,24.038496264931965
2023-09-29,MBB,26.917900403768506
2023-09-29,SSI,15.420200462606013
2023-09-29,TCB,15.071590052750565
2023-09-29,VCB,22.779043280182233
2023-09-29,VND,23.501762632197416
2023-09-29,VPB,23.557126030624264
2023-10-02,MBB,27.054468689679858
2023-10-02,SSI,15.505220676307252
2023-10-02,TCB,15.003750937734434
2023-10-02,VCB,11.527377521613833
2023-10-02,VND,23.452169229222086
2023-10-02,VPB,23.174971031286212
2023-10-03,MBB,27.285129604365622
2023-10-03,SSI,16.142050040355127
2023-10-03,TCB,15.420200462606013
2023-10-03,VCB,11.607661056297156
2023-10-03,VND,24.749109350319713
2023-10-03,VPB,23.612750885478157
2023-10-04,MBB,27.64555942406851
2023-10-04,SSI,15.936254980079681
2023-10-04,TCB,15.491866769945778
2023-10-04,VCB,11.682246976485043
2023-10-04,VND,24.968789013732835
2023-10-04,VPB,23.894862604540023
2023-10-05,MBB,27.51031636863824
2023-10-05,SSI,15.63721657544957
2023-10-05,TCB,15.515903801396432
2023-10-05,VCB,11.716461628588167
2023-10-05,VND,24.66091245376079
2023-10-05,VPB,23.894862604540023
2023-10-06,MBB,27.662517289073307
2023-10-06,SSI,15.810276679841897
2023-10-06,TCB,15.760441292356186
2023-10-06,VCB,11.940298507462687
2023-10-06,VND,25.094102885821833
2023-10-06,VPB,23.952095808383234
2023-10-09,MBB,27.586206896551722
2023-10-09,SSI,15.163106545751493
2023-10-09,TCB,15.615522784874791
2023-10-09,VCB,11.883541295306001
2023-10-09,VND,23.391812865497077
2023-10-09,VPB,23.668639053254438
2023-10-10,MBB,27.06359945872801
2023-10-10,SSI,14.914243102162565
2023-10-10,TCB,15.349194167306216
2023-10-10,VCB,11.634671320535196
2023-10-10,VND,23.014959723820482
2023-10-10,VPB,23.337222870478413
2023-10-11,MBB,27.137042062415198
2023-10-11,SSI,15.186028853454822
2023-10-11,TCB,15.396458814472672
2023-10-11,VCB,11.634671320535196
2023-10-11,VND,23.194909062887096
2023-10-11,VPB,23.28288707799767
2023-10-12,MBB,27.008814844439087
2023-10-12,SSI,14.760147601476016
2023-10-12,TCB,15.32567049808429
2023-10-12,VCB,11.634671320535196
2023-10-12,VND,22.447376897121632
2023-10-12,VPB,23.014959723820482
2023-10-13,MBB,27.285129604365622
2023-10-13,SSI,15.026296018031555
2023-10-13,TCB,15.535996916912355
2023-10-13,VCB,11.621150493898895
2023-10-13,VND,22.993535179441093
2023-10-13,VPB,23.174971031286212
2023-10-16,MBB,27.260381187490914
2023-10-16,SSI,15.16300227445034
2023-10-16,TCB,15.661707126076742
2023-10-16,VCB,11.648223645894001
2023-10-16,VND,23.174971031286212
2023-10-16,VPB,22.857142857142858
2023-10-17,MBB,27.359781121751027
2023-10-17,SSI,15.4249634588879
2023-10-17,TCB,15.6128024980484
2023-10-17,VCB,11.621150493898895
2023-10-17,VND,23.501762632197416
2023-10-17,VPB,22.3463687150838
2023-10-18,MBB,27.739251040221912
2023-10-18,SSI,15.810276679841897
2023-10-18,TCB,15.810276679841897
2023-10-18,VCB,11.743981209630064
2023-10-18,VND,24.721878862793574
2023-10-18,VPB,22.246941045606228
2023-10-19,MBB,28.208744710860366
2023-10-19,SSI,16.299918500407497
2023-10-19,TCB,16.194331983805668
2023-10-19,VCB,11.827321111768185
2023-10-19,VND,25.587948527887008
2023-10-19,VPB,22.598870056497177
2023-10-20,MBB,28.28854314002829
2023-10-20,SSI,16.736401673640167
2023-10-20,TCB,16.299918500407497
2023-10-20,VCB,12.040939193257074
2023-10-20,VND,26.431867407524393
2023-10-20,VPB,23.174971031286212
2023-10-23,MBB,28.066929286593037
2023-10-23,SSI,16.220600162206
2023-10-23,TCB,16.299918500407497
2023-10-23,VCB,12.055455093429776
2023-10-23,VND,25.220680958385877
2023-10-23,VPB,23.543285181017552
2023-10-24,MBB,28.0243365797363
2023-10-24,SSI,16.246953696181965
2023-10-24,TCB,15.987210231814549
2023-10-24,VCB,11.841326228537596
2023-10-24,VND,25.591842007577803
2023-10-24,VPB,23.837902264600714
2023-10-25,MBB,27.89400278940028
2023-10-25,SSI,16.05324849737947
2023-10-25,TCB,15.928859475912315
2023-10-25,VCB,11.799410029498524
2023-10-25,VND,25.031289111389235
2023-10-25,VPB,23.724792408066428
2023-10-26,MBB,28.94356005788712
2023-10-26,SSI,17.344688479278087
2023-10-26,TCB,16.803203730812605
2023-10-26,VCB,13.5445698094358
2023-10-26,VND,27.13116665412022
2023-10-26,VPB,25.173094767898355
2023-10-27,MBB,28.94356005788712
2023-10-27,SSI,17.25625539257981
2023-10-27,TCB,17.03941521104279
2023-10-27,VCB,14.237696454616819
2023-10-27,VND,27.474937875365814
2023-10-27,VPB,25.031289111389235
2023-10-30,MBB,28.94356005788712
2023-10-30,SSI,17.352738233386507
2023-10-30,TCB,17.518260115236107
2023-10-30,VCB,11.813349084465447
2023-10-30,VND,27.51031636863824
2023-10-30,VPB,25.031289111389235
2023-10-31,MBB,29.225579150235294
2023-10-31,SSI,18.6046511627907
2023-10-31,TCB,17.937219730941703
2023-10-31,VCB,11.723333453590271
2023-10-31,VND,28.86002886002886
2023-10-31,VPB,25.27647892510797
2023-11-01,MBB,29.11208151382824
2023-11-01,SSI,19.059730061735507
2023-11-01,TCB,17.809439002671414
2023-11-01,VCB,11.514104778353483
2023-11-01,VND,29.895366218236173
2023-11-01,VPB,25.031289111389235
2023-11-02,MBB,28.530670470756064
2023-11-02,SSI,17.937219730941703
2023-11-02,TCB,17.196904557179707
2023-11-02,VCB,11.448196908986835
2023-11-02,VND,27.888830048966454
2023-11-02,VPB,25.031289111389235
2023-11-03,MBB,28.208744710860366
2023-11-03,SSI,17.478825136947947
2023-11-03,TCB,16.79261125104954
2023-11-03,VCB,11.251128102102848
2023-11-03,VND,27.06359945872801
2023-11-03,VPB,24.609634858018477
2023-11-06,MBB,27.972027972027973
2023-11-06,SSI,17.28608470181504
2023-11-06,TCB,16.35322976287817
2023-11-06,VCB,11.229646266142616
2023-11-06,VND,26.854083887514474
2023-11-06,VPB,24.125452352231605
2023-11-07,MBB,27.89400278940028
2023-11-07,SSI,17.32915826584517
2023-11-07,TCB,16.3265306122449
2023-11-07,VCB,11.29305477131564
2023-11-07,VND,26.917900403768506
2023-11-07,VPB,24.009603841536613
2023-11-08,MBB,28.129395218002813
2023-11-08,SSI,17.412510632421355
2023-11-08,TCB,16.513915107665852
2023-11-08,VCB,11.331444759206798
2023-11-08,VND,26.917900403768506
2023-11-08,VPB,24.183796856106408
2023-11-09,MBB,27.210884353741495
2023-11-09,SSI,16.06425702811245
2023-11-09,TCB,15.835312747426762
2023-11-09,VCB,11.280315848843768
2023-11-09,VND,24.84472049689441
2023-11-09,VPB,24.638090312557168
2023-11-10,MBB,27.490189936909925
2023-11-10,SSI,16.127958806771684
2023-11-10,TCB,16.168148746968473
2023-11-10,VCB,11.580775911986104
2023-11-10,VND,24.906600249066003
2023-11-10,VPB,25.332519359909245
2023-11-13,MBB,27.662517289073307
2023-11-13,SSI,16.01281024819856
2023-11-13,TCB,16.168148746968473
2023-11-13,VCB,11.670884682786467
2023-11-13,VND,24.721878862793574
2023-11-13,VPB,25.60819462227913
2023-11-14,MBB,27.210884353741495
2023-11-14,SSI,15.705990172974138
2023-11-14,TCB,15.953212952923607
2023-11-14,VCB,11.648223645894001
2023-11-14,VND,24.30133657351154
2023-11-14,VPB,25.54278416347382
2023-11-15,MBB,26.917900403768506
2023-11-15,SSI,15.32567049808429
2023-11-15,TCB,15.63721657544957
2023-11-15,VCB,11.487650775416427
2023-11-15,VND,23.781212841854934
2023-11-15,VPB,25.094102885821833
2023-11-16,MBB,27.06359945872801
2023-11-16,SSI,15.735641227380016
2023-11-16,TCB,15.810276679841897
2023-11-16,VCB,11.500862564692351
2023-11-16,VND,24.360535931790498
2023-11-16,VPB,25.157232704402517
2023-11-17,MBB,27.06359945872801
2023-11-17,SSI,15.54001554001554
2023-11-17,TCB,15.785319652722968
2023-11-17,VCB,11.507483671522918
2023-11-17,VND,23.837902264600714
2023-11-17,VPB,25.157232704402517
2023-11-20,MBB,27.816411682892905
2023-11-20,SSI,15.854632350607908
2023-11-20,TCB,16.32819930915948
2023-11-20,VCB,11.675423234092236
2023-11-20,VND,24.600246002460025
2023-11-20,VPB,25.911573220808553
2023-11-21,MBB,27.739251040221912
2023-11-21,SSI,15.372790161414297
2023-11-21,TCB,16.168148746968473
2023-11-21,VCB,11.582267799382173
2023-11-21,VND,23.174971031286212
2023-11-21,VPB,25.477707006369428
2023-11-22,MBB,27.662517289073307
2023-11-22,SSI,15.349194167306216
2023-11-22,TCB,16.246953696181965
2023-11-22,VCB,11.648223645894001
2023-11-22,VND,23.06805074971165
2023-11-22,VPB,25.477707006369428
2023-11-23,MBB,27.662517289073307
2023-11-23,SSI,15.255530129672007
2023-11-23,TCB,16.220600162206
2023-11-23,VCB,11.56737998843262
2023-11-23,VND,22.896939944362625
2023-11-23,VPB,25.477707006369428
2023-11-24,MBB,28.050490883590463
2023-11-24,SSI,16.116035455278002
2023-11-24,TCB,16.818503979359257
2023-11-24,VCB,11.702750146284377
2023-11-24,VND,24.067388688327316
2023-11-24,VPB,25.940337224383917
2023-11-27,MBB,28.208744710860366
2023-11-27,SSI,15.955332699529098
2023-11-27,TCB,16.934801016088063
2023-11-27,VCB,11.716461628588167
2023-11-27,VND,23.88536921455014
2023-11-27,VPB,25.940337224383917
2023-11-28,MBB,28.44950213371266
2023-11-28,SSI,16.37636365949753
2023-11-28,TCB,17.28608470181504
2023-11-28,VCB,11.771630370806356
2023-11-28,VND,24.66091245376079
2023-11-28,VPB,26.07561929595828
2023-11-29,MBB,28.103093773198697
2023-11-29,SSI,15.860428231562253
2023-11-29,TCB,16.79261125104954
2023-11-29,VCB,11.730205278592376
2023-11-29,VND,23.781212841854934
2023-11-29,VPB,25.873221216041397
2023-11-30,MBB,27.972027972027973
2023-11-30,SSI,15.686274509803921
2023-11-30,TCB,16.764459346186086
2023-11-30,VCB,11.757789535567314
2023-11-30,VND,23.51758074603366
2023-11-30,VPB,25.873221216041397
2023-12-01,MBB,28.129395218002813
2023-12-01,SSI,15.860428231562253
2023-12-01,TCB,16.934801016088063
2023-12-01,VCB,11.855364552459989
2023-12-01,VND,23.781212841854934
2023-12-01,VPB,26.143790849673202
2023-12-04,MBB,27.89400278940028
2023-12-04,SSI,15.071590052750565
2023-12-04,TCB,16.570008285004143
2023-12-04,VCB,11.757789535567314
2023-12-04,VND,22.148394241417495
2023-12-04,VPB,25.74002574002574
2023-12-05,MBB,27.739251040221912
2023-12-05,SSI,14.997457229475907
2023-12-05,TCB,16.597510373443985
2023-12-05,VCB,11.716461628588167
2023-12-05,VND,22.148394241417495
2023-12-05,VPB,25.806451612903224
2023-12-06,MBB,27.662517289073307
2023-12-06,SSI,14.869888475836431
2023-12-06,TCB,16.542597187758478
2023-12-06,VCB,11.71989754108922
2023-12-06,VND,22.05071664829107
2023-12-06,VPB,25.873221216041397
2023-12-07,MBB,27.586206896551722
2023-12-07,SSI,15.356209192581591
2023-12-07,TCB,16.361563377098946
2023-12-07,VCB,11.716461628588167
2023-12-07,VND,22.801964836198916
2023-12-07,VPB,25.940337224383917
2023-12-08,MBB,27.434842249657063
2023-12-08,SSI,15.255530129672007
2023-12-08,TCB,16.299918500407497
2023-12-08,VCB,11.743981209630064
2023-12-08,VND,22.701475595913735
2023-12-08,VPB,25.54278416347382
2023-12-11,MBB,27.51031636863824
2023-12-11,SSI,15.504809786880745
2023-12-11,TCB,16.246953696181965
2023-12-11,VCB,11.841326228537596
2023-12-11,VND,23.174971031286212
2023-12-11,VPB,25.873221216041397
2023-12-12,MBB,27.51031636863824
2023-12-12,SSI,15.30221882172915
2023-12-12,TCB,16.220600162206
2023-12-12,VCB,11.883541295306001
2023-12-12,VND,22.598870056497177
2023-12-12,VPB,25.940337224383917
2023-12-13,MBB,27.51031636863824
2023-12-13,SSI,15.295956318118817
2023-12-13,TCB,16.220600162206
2023-12-13,VCB,11.869436201780415
2023-12-13,VND,22.598870056497177
2023-12-13,VPB,25.940337224383917
2023-12-14,MBB,27.608464094370518
2023-12-14,SSI,15.491866769945778
2023-12-14,TCB,16.299918500407497
2023-12-14,VCB,11.869436201780415
2023-12-14,VND,22.977526283779827
2023-12-14,VPB,26.135269405458835
2023-12-15,MBB,27.662517289073307
2023-12-15,SSI,15.63252156056473
2023-12-15,TCB,16.35322976287817
2023-12-15,VCB,11.911852293031567
2023-12-15,VND,23.20824941857641
2023-12-15,VPB,26.53675884461352
2023-12-18,MBB,27.739251040221912
2023-12-18,SSI,15.71833573035069
2023-12-18,TCB,16.46090534979424
2023-12-18,VCB,12.187690432663011
2023-12-18,VND,22.993820840032818
2023-12-18,VPB,27.51031636863824
2023-12-19,MBB,27.739251040221912
2023-12-19,SSI,15.760441292356186
2023-12-19,TCB,16.720089391307184
2023-12-19,VCB,12.338062924120914
2023-12-19,VND,23.16236309056875
2023-12-19,VPB,27.51031636863824
2023-12-20,MBB,27.586206896551722
2023-12-20,SSI,15.578066449837682
2023-12-20,TCB,16.50749649821091
2023-12-20,VCB,12.38390092879257
2023-12-20,VND,22.90950744558992
2023-12-20,VPB,27.567234264573354
2023-12-21,MBB,27.662517289073307
2023-12-21,SSI,15.54001554001554
2023-12-21,TCB,16.515276630883566
2023-12-21,VCB,12.414649286157665
2023-12-21,VND,22.857142857142858
2023-12-21,VPB,27.586206896551722
2023-12-22,MBB,27.53199937661352
2023-12-22,SSI,15.349194167306216
2023-12-22,TCB,24.08915096836367
2023-12-22,VCB,12.414649286157665
2023-12-22,VND,22.89787087037946
2023-12-22,VPB,27.662517289073307
2023-12-25,MBB,27.06359945872801
2023-12-25,SSI,15.396458814472672
2023-12-25,TCB,16.194331983805668
2023-12-25,VCB,12.292562999385371
2023-12-25,VND,22.962112514351322
2023-12-25,VPB,27.137042062415198
2023-12-26,MBB,27.210884353741495
2023-12-26,SSI,15.30221882172915
2023-12-26,TCB,16.207466073005836
2023-12-26,VCB,12.12856276531231
2023-12-26,VND,22.90950744558992
2023-12-26,VPB,27.210884353741495
2023-12-27,MBB,27.137042062415198
2023-12-27,SSI,15.186028853454822
2023-12-27,TCB,16.150749609226242
2023-12-27,VCB,12.055455093429776
2023-12-27,VND,22.49718785151856
2023-12-27,VPB,26.99055330634278
2023-12-28,MBB,27.137042062415198
2023-12-28,SSI,15.255530129672007
2023-12-28,TCB,15.96169193934557
2023-12-28,VCB,12.113870381586917
2023-12-28,VND,22.701475595913735
2023-12-28,VPB,27.06359945872801
2023-12-29,MBB,26.7022696929239
2023-12-29,SSI,15.186028853454822
2023-12-29,TCB,15.735641227380016
2023-12-29,VCB,11.997600479904019
2023-12-29,VND,22.49718785151856
2023-12-29,VPB,26.42007926023778
2024-01-02,MBB,26.490066225165563
2024-01-02,SSI,15.232292460015232
2024-01-02,TCB,15.58846453624318
2024-01-02,VCB,12.066368299609707
2024-01-02,VND,22.396416573348265
2024-01-02,VPB,26.350461133069828
2024-01-03,MBB,26.56042496679947
2024-01-03,SSI,15.349194167306216
2024-01-03,TCB,15.56420233463035
2024-01-03,VCB,11.95457262402869
2024-01-03,VND,22.547914317925592
2024-01-03,VPB,26.63115845539281
2024-01-04,MBB,25.52883905838002
2024-01-04,SSI,14.738393515106853
2024-01-04,TCB,15.209125475285171
2024-01-04,VCB,11.827321111768185
2024-01-04,VND,22.002200220022
2024-01-04,VPB,26.143790849673202
2024-01-05,MBB,24.70155672644931
2024-01-05,SSI,14.803849000740193
2024-01-05,TCB,15.09433962264151
2024-01-05,VCB,11.648223645894001
2024-01-05,VND,22.547914317925592
2024-01-05,VPB,26.0102243748185
2024-01-08,MBB,24.24588967366467
2024-01-08,SSI,14.609203798392988
2024-01-08,TCB,14.869888475836431
2024-01-08,VCB,11.56737998843262
2024-01-08,VND,22.396416573348265
2024-01-08,VPB,26.00780234070221
2024-01-09,MBB,24.242424242424242
2024-01-09,SSI,14.652014652014651
2024-01-09,TCB,14.705906170488097
2024-01-09,VCB,11.448196908986835
2024-01-09,VND,22.450897341536013
2024-01-09,VPB,26.00780234070221
2024-01-10,MBB,23.894862604540023
2024-01-10,SSI,14.760147601476016
2024-01-10,TCB,14.5032632342277
2024-01-10,VCB,11.280315848843768
2024-01-10,VND,22.598870056497177
2024-01-10,VPB,25.54278416347382
2024-01-11,MBB,23.952095808383234
2024-01-11,SSI,14.778609324554784
2024-01-11,TCB,14.524328249818446
2024-01-11,VCB,11.204481792717086
2024-01-11,VND,22.857142857142858
2024-01-11,VPB,25.284450063211125
2024-01-12,MBB,23.612750885478157
2024-01-12,SSI,14.803849000740193
2024-01-12,TCB,14.545454545454545
2024-01-12,VCB,11.440924056621046
2024-01-12,VND,22.90950744558992
2024-01-12,VPB,25.54278416347382
2024-01-15,MBB,23.121387283236995
2024-01-15,SSI,14.781966001478196
2024-01-15,TCB,14.524328249818446
2024-01-15,VCB,11.19194180190263
2024-01-15,VND,22.962112514351322
2024-01-15,VPB,25.54278416347382
2024-01-16,MBB,23.49852123331014
2024-01-16,SSI,15.209125475285171
2024-01-16,TCB,14.718872464093467
2024-01-16,VCB,11.204481792717086
2024-01-16,VND,23.228803716608596
2024-01-16,VPB,25.873221216041397
2024-01-17,MBB,23.174971031286212
2024-01-17,SSI,14.716703458425313
2024-01-17,TCB,14.609203798392988
2024-01-17,VCB,11.144320990566138
2024-01-17,VND,22.650056625141563
2024-01-17,VPB,25.74002574002574
2024-01-18,MBB,23.305397620596835
2024-01-18,SSI,14.777117468144379
2024-01-18,TCB,14.594995965863552
2024-01-18,VCB,12.835628104097779
2024-01-18,VND,22.80501710376283
2024-01-18,VPB,25.806451612903224
2024-01-19,MBB,22.80501710376283
2024-01-19,SSI,14.803849000740193
2024-01-19,TCB,14.388496655709671
2024-01-19,VCB,14.859810411342174
2024-01-19,VND,22.80501710376283
2024-01-19,VPB,25.412960609911053
2024-01-22,MBB,22.44668911335578
2024-01-22,SSI,14.914243102162565
2024-01-22,TCB,14.336917562724015
2024-01-22,VCB,10.758472296933835
2024-01-22,VND,22.80501710376283
2024-01-22,VPB,25.284450063211125
2024-01-23,MBB,22.61763846500012
2024-01-23,SSI,14.772379128749964
2024-01-23,TCB,14.01541695865452
2024-01-23,VCB,11.007154650522839
2024-01-23,VND,22.701475595913735
2024-01-23,VPB,25.284450063211125
2024-01-24,MBB,22.753128555176335
2024-01-24,SSI,14.695077149155033
2024-01-24,TCB,14.114326040931546
2024-01-24,VCB,10.995052226498077
2024-01-24,VND,22.650056625141563
2024-01-24,VPB,25.412960609911053
2024-01-25,MBB,22.870234004254623
2024-01-25,SSI,14.695077149155033
2024-01-25,TCB,14.255167498218103
2024-01-25,VCB,10.982976386600768
2024-01-25,VND,22.701475595913735
2024-01-25,VPB,25.477707006369428
2024-01-26,MBB,22.701475595913735
2024-01-26,SSI,14.673514306676449
2024-01-26,TCB,14.154281670205236
2024-01-26,VCB,10.922992900054615
2024-01-26,VND,22.753128555176335
2024-01-26,VPB,25.412960609911053
2024-01-29,MBB,22.49718785151856
2024-01-29,SSI,14.652014652014651
2024-01-29,TCB,14.094432699083862
2024-01-29,VCB,10.970927043335163
2024-01-29,VND,22.80501710376283
2024-01-29,VPB,25.412960609911053
2024-01-30,MBB,22.547914317925592
2024-01-30,SSI,14.749270558291434
2024-01-30,TCB,14.255167498218103
2024-01-30,VCB,11.068068622025457
2024-01-30,VND,22.962112514351322
2024-01-30,VPB,25.29513212914404
2024-01-31,MBB,22.83107998045284
2024-01-31,SSI,14.38389601729058
2024-01-31,TCB,14.357501794687725
2024-01-31,VCB,11.142061281337048
2024-01-31,VND,22.701475595913735
2024-01-31,VPB,25.873221216041397
2024-02-01,MBB,22.90950744558992
2024-02-01,SSI,14.5032632342277
2024-02-01,TCB,14.545454545454545
2024-02-01,VCB,11.242270938729623
2024-02-01,VND,22.962112514351322
2024-02-01,VPB,26.07561929595828
2024-02-02,MBB,22.857142857142858
2024-02-02,SSI,14.314930368579487
2024-02-02,TCB,14.566642388929353
2024-02-02,VCB,14.839591050377614
2024-02-02,VND,22.80501710376283
2024-02-02,VPB,26.350461133069828
2024-02-05,MBB,22.396416573348265
2024-02-05,SSI,14.403000607824481
2024-02-05,TCB,14.255167498218103
2024-02-05,VCB,11.151382581907045
2024-02-05,VND,22.80501710376283
2024-02-05,VPB,26.350461133069828
2024-02-06,MBB,21.715526601520086
2024-02-06,SSI,14.214641080312722
2024-02-06,TCB,13.937282229965156
2024-02-06,VCB,11.179429849077698
2024-02-06,VND,22.396416573348265
2024-02-06,VPB,25.89559321882224
2024-02-07,MBB,21.34471718249733
2024-02-07,SSI,14.255167498218103
2024-02-07,TCB,13.86001386001386
2024-02-07,VCB,11.129660545353367
2024-02-07,VND,22.166678212726183
2024-02-07,VPB,25.74002574002574
2024-02-15,MBB,20.855057351407716
2024-02-15,SSI,14.189434228375951
2024-02-15,TCB,13.029315960912053
2024-02-15,VCB,11.154489682097044
2024-02-15,VND,21.62162162162162
2024-02-15,VPB,25.284450063211125
2024-02-16,MBB,20.94240837696335
2024-02-16,SSI,14.255167498218103
2024-02-16,TCB,13.063357282821686
2024-02-16,VCB,11.129660545353367
2024-02-16,VND,21.57497303128371
2024-02-16,VPB,25.284450063211125
2024-02-19,MBB,21.07481559536354
2024-02-19,SSI,14.435971239606856
2024-02-19,TCB,12.911555842479018
2024-02-19,VCB,11.179429849077698
2024-02-19,VND,21.85792349726776
2024-02-19,VPB,25.34854245880862
2024-02-20,MBB,20.98635886673662
2024-02-20,SSI,14.112336706746778
2024-02-20,TCB,12.914337905793493
2024-02-20,VCB,11.154489682097044
2024-02-20,VND,21.57497303128371
2024-02-20,VPB,25.412960609911053
2024-02-21,MBB,20.898641588296762
2024-02-21,SSI,14.295925661186562
2024-02-21,TCB,12.845215157353886
2024-02-21,VCB,10.987806722559691
2024-02-21,VND,21.95389681668496
2024-02-21,VPB,25.284450063211125
2024-02-22,MBB,20.87996262963003
2024-02-22,SSI,14.398848092152628
2024-02-22,TCB,12.812299807815503
2024-02-22,VCB,11.071134569012168
2024-02-22,VND,22.099447513812155
2024-02-22,VPB,25.34854245880862
2024-02-23,MBB,20.554984583761563
2024-02-23,SSI,14.419610670511895
2024-02-23,TCB,12.099213551119178
2024-02-23,VCB,11.129660545353367
2024-02-23,VND,22.148394241417495
2024-02-23,VPB,25.275340191093232
2024-02-26,MBB,20.98635886673662
2024-02-26,SSI,14.609203798392988
2024-02-26,TCB,12.307692307692308
2024-02-26,VCB,11.154489682097044
2024-02-26,VND,22.598870056497177
2024-02-26,VPB,25.940337224383917
2024-02-27,MBB,20.760605913867256
2024-02-27,SSI,13.923037425431382
2024-02-27,TCB,12.123840213400577
2024-02-27,VCB,11.179429849077698
2024-02-27,VND,21.92985092751006
2024-02-27,VPB,25.873221216041397
2024-02-28,MBB,20.597322348094746
2024-02-28,SSI,13.917884481558803
2024-02-28,TCB,11.992927957248575
2024-02-28,VCB,10.995052226498077
2024-02-28,VND,21.95389681668496
2024-02-28,VPB,25.48041855458211
2024-02-29,MBB,20.682523267838675
2024-02-29,SSI,13.476519032855524
2024-02-29,TCB,11.983223487118035
2024-02-29,VCB,10.198878123406425
2024-02-29,VND,21.95389681668496
2024-02-29,VPB,25.220680958385877
2024-03-01,MBB,20.855057351407716
2024-03-01,SSI,13.395847287340924
2024-03-01,TCB,12.012012012012011
2024-03-01,VCB,10.358861887453669
2024-03-01,VND,21.57497303128371
2024-03-01,VPB,25.321074289266836
2024-03-04,MBB,20.855057351407716
2024-03-04,SSI,13.411873642244482
2024-03-04,TCB,12.038284345970528
2024-03-04,VCB,10.422094841063053
2024-03-04,VND,21.34471718249733
2024-03-04,VPB,25.412960609911053
2024-03-05,MBB,20.63983488132095
2024-03-05,SSI,13.577732518669382
2024-03-05,TCB,12.040939193257074
2024-03-05,VCB,10.465724751439037
2024-03-05,VND,21.524414347160125
2024-03-05,VPB,25.508076346351476
2024-03-06,MBB,20.222446916076844
2024-03-06,SSI,13.522650439486139
2024-03-06,TCB,11.702750146284377
2024-03-06,VCB,10.422094841063053
2024-03-06,VND,21.715526601520086
2024-03-06,VPB,25.477707006369428
2024-03-07,MBB,20.387359836901123
2024-03-07,SSI,13.30671989354624
2024-03-07,TCB,11.722351764304255
2024-03-07,VCB,10.400416016640666
2024-03-07,VND,21.482277121374867
2024-03-07,VPB,25.64928607706456
2024-03-08,MBB,20.850567404007077
2024-03-08,SSI,13.412817956085599
2024-03-08,TCB,12.012012012012011
2024-03-08,VCB,10.443864229765014
2024-03-08,VND,20.898641588296762
2024-03-08,VPB,26.143790849673202
2024-03-11,MBB,21.390374331550802
2024-03-11,SSI,13.550753741933756
2024-03-11,TCB,12.368583797155226
2024-03-11,VCB,10.520778537611783
2024-03-11,VND,21.44997633745156
2024-03-11,VPB,26.350461133069828
2024-03-12,MBB,21.715526601520086
2024-03-12,SSI,13.783597518952446
2024-03-12,TCB,12.399256044637323
2024-03-12,VCB,10.610079575596817
2024-03-12,VND,21.997369879688296
2024-03-12,VPB,26.845637583892618
2024-03-13,MBB,21.453495935520934
2024-03-13,SSI,13.672545052329214
2024-03-13,TCB,12.12856276531231
2024-03-13,VCB,10.48767697954903
2024-03-13,VND,21.95389681668496
2024-03-13,VPB,26.77376171352075
2024-03-14,MBB,21.119324181626187
2024-03-14,SSI,13.110631582337595
2024-03-14,TCB,11.95457262402869
2024-03-14,VCB,10.454783063251437
2024-03-14,VND,21.205701557163458
2024-03-14,VPB,26.490066225165563
2024-03-15,MBB,21.390374331550802
2024-03-15,SSI,13.289036544850498
2024-03-15,TCB,12.202562538133009
2024-03-15,VCB,10.598834128245892
2024-03-15,VND,21.390374331550802
2024-03-15,VPB,26.79532447463231
2024-03-18,MBB,21.658061094680814
2024-03-18,SSI,13.779438324500836
2024-03-18,TCB,12.485265261232247
2024-03-18,VCB,10.793308148947652
2024-03-18,VND,21.88247813371258
2024-03-18,VPB,27.359781121751027
2024-03-19,MBB,21.655694895131514
2024-03-19,SSI,13.726835964310226
2024-03-19,TCB,12.542683365464065
2024-03-19,VCB,10.793308148947652
2024-03-19,VND,21.6998418585793
2024-03-19,VPB,27.488752334643618
2024-03-20,MBB,20.863359110815153
2024-03-20,SSI,13.689253935660506
2024-03-20,TCB,12.012012012012011
2024-03-20,VCB,10.78748965398865
2024-03-20,VND,21.668472372697725
2024-03-20,VPB,27.155431905082665
2024-03-21,MBB,20.63983488132095
2024-03-21,SSI,13.271400132714001
2024-03-21,TCB,11.634671320535196
2024-03-21,VCB,10.531858873091101
2024-03-21,VND,20.653909100964125
2024-03-21,VPB,26.7022696929239
2024-03-22,MBB,19.821605550049554
2024-03-22,SSI,13.199869756257101
2024-03-22,TCB,11.142061281337048
2024-03-22,VCB,10.400416016640666
2024-03-22,VND,20.512820512820515
2024-03-22,VPB,26.56042496679947
2024-03-25,MBB,19.940179461615156
2024-03-25,SSI,13.193408991525388
2024-03-25,TCB,10.982976386600768
2024-03-25,VCB,10.38961038961039
2024-03-25,VND,20.70521667953152
2024-03-25,VPB,26.56042496679947
2024-03-26,MBB,20.133789682439275
2024-03-26,SSI,13.284627441816374
2024-03-26,TCB,11.154489682097044
2024-03-26,VCB,10.422094841063053
2024-03-26,VND,21.62162162162162
2024-03-26,VPB,25.806451612903224
2024-03-27,MBB,19.90049751243781
2024-03-27,SSI,13.131976362442547
2024-03-27,TCB,10.95890410958904
2024-03-27,VCB,10.422094841063053
2024-03-27,VND,21.34471718249733
2024-03-27,VPB,25.60819462227913
2024-03-28,MBB,19.743336623889437
2024-03-28,SSI,12.845215157353886
2024-03-28,TCB,10.422094841063053
2024-03-28,VCB,10.432968179447053
2024-03-28,VND,21.436227224008576
2024-03-28,VPB,25.54278416347382
2024-03-29,MBB,19.816003852847334
2024-03-29,SSI,12.911555842479018
2024-03-29,TCB,10.48767697954903
2024-03-29,VCB,10.498687664041995
2024-03-29,VND,21.76278563656148
2024-03-29,VPB,25.477707006369428
2024-04-01,MBB,20.02002002002002
2024-04-01,SSI,13.114754098360656
2024-04-01,TCB,10.59247836674778
2024-04-01,VCB,10.531858873091101
2024-04-01,VND,21.76278563656148
2024-04-01,VPB,25.477707006369428
2024-04-02,MBB,20.422601599799826
2024-04-02,SSI,12.99545159194282
2024-04-02,TCB,10.531858873091101
2024-04-02,VCB,10.542962572482868
2024-04-02,VND,22.002200220022
2024-04-02,VPB,25.940337224383917
2024-04-03,MBB,20.387359836901123
2024-04-03,SSI,12.92824822236587
2024-04-03,TCB,10.531858873091101
2024-04-03,VCB,10.598834128245892
2024-04-03,VND,21.668472372697725
2024-04-03,VPB,25.873221216041397
2024-04-04,MBB,20.81165452653486
2024-04-04,SSI,13.166556945358789
2024-04-04,TCB,10.793308148947652
2024-04-04,VCB,10.509721492380452
2024-04-04,VND,22.099447513812155
2024-04-04,VPB,25.673940949935815
2024-04-05,MBB,21.253985122210416
2024-04-05,SSI,13.479190822414019
2024-04-05,TCB,10.980466106753767
2024-04-05,VCB,10.565240359218173
2024-04-05,VND,22.547914317925592
2024-04-05,VPB,26.143790849673202
2024-04-08,MBB,21.436227224008576
2024-04-08,SSI,13.577732518669382
2024-04-08,TCB,11.055831951354339
2024-04-08,VCB,10.576414595452142
2024-04-08,VND,22.88914343897162
2024-04-08,VPB,25.940337224383917
2024-04-09,MBB,21.253985122210416
2024-04-09,SSI,13.559322033898304
2024-04-09,TCB,10.995052226498077
2024-04-09,VCB,10.576414595452142
2024-04-09,VND,23.014959723820482
2024-04-09,VPB,25.940337224383917
2024-04-10,MBB,20.72538860103627
2024-04-10,SSI,13.401376192995299
2024-04-10,TCB,10.82517596367984
2024-04-10,VCB,10.598834128245892
2024-04-10,VND,22.598870056497177
2024-04-10,VPB,25.477707006369428
2024-04-11,MBB,21.07481559536354
2024-04-11,SSI,13.50438892640108
2024-04-11,TCB,11.026578330754617
2024-04-11,VCB,10.678056593699946
2024-04-11,VND,22.90950744558992
2024-04-11,VPB,25.673940949935815
2024-04-12,MBB,20.884113509333744
2024-04-12,SSI,13.431833445265278
2024-04-12,TCB,11.019283746556473
2024-04-12,VCB,10.6439595529537
2024-04-12,VND,22.857142857142858
2024-04-12,VPB,25.673940949935815
2024-04-15,MBB,20.224603632006676
2024-04-15,SSI,13.449899125756557
2024-04-15,TCB,10.666666666666666
2024-04-15,VCB,10.565240359218173
2024-04-15,VND,22.753128555176335
2024-04-15,VPB,25.673940949935815
2024-04-16,MBB,21.34471718249733
2024-04-16,SSI,14.334737368608419
2024-04-16,TCB,11.154489682097044
2024-04-16,VCB,13.613593586681551
2024-04-16,VND,25.040952768994252
2024-04-16,VPB,26.63115845539281
2024-04-17,MBB,21.119324181626187
2024-04-17,SSI,14.275517487508923
2024-04-17,TCB,11.011601985735172
2024-04-17,VCB,10.990523786536585
2024-04-17,VND,25.031289111389235
2024-04-17,VPB,26.63115845539281
2024-04-19,MBB,21.90580503833516
2024-04-19,SSI,14.776729585477673
2024-04-19,TCB,11.448196908986835
2024-04-19,VCB,11.117287381878821
2024-04-19,VND,26.42007926023778
2024-04-19,VPB,27.586206896551722
2024-04-22,MBB,21.85792349726776
2024-04-22,SSI,14.65373399389919
2024-04-22,TCB,11.043622308117062
2024-04-22,VCB,11.043622308117062
2024-04-22,VND,25.412960609911053
2024-04-22,VPB,27.26391667561587
2024-04-23,MBB,22.547914317925592
2024-04-23,SSI,14.322806423390624
2024-04-23,TCB,10.802054751985697
2024-04-23,VCB,11.094676454372168
2024-04-23,VND,24.84472049689441
2024-04-23,VPB,27.285129604365622
2024-04-24,MBB,22.44668911335578
2024-04-24,SSI,14.142611473304008
2024-04-24,TCB,10.671728856459236
2024-04-24,VCB,11.043622308117062
2024-04-24,VND,24.42002442002442
2024-04-24,VPB,26.845637583892618
2024-04-25,MBB,22.400605951682223
2024-04-25,SSI,14.17434443656981
2024-04-25,TCB,10.840108401084011
2024-04-25,VCB,10.905723260062642
2024-04-25,VND,24.067388688327316
2024-04-25,VPB,27.06359945872801
2024-04-26,MBB,22.598870056497177
2024-04-26,SSI,14.295925661186562
2024-04-26,TCB,10.828370330265296
2024-04-26,VCB,10.8108139695585
2024-04-26,VND,24.183796856106408
2024-04-26,VPB,27.173963208078348
2024-05-02,MBB,22.398350132579324
2024-05-02,SSI,14.496261900298554
2024-05-02,TCB,10.700909577314071
2024-05-02,VCB,10.934937124111537
2024-05-02,VND,24.6459958400481
2024-05-02,VPB,27.210884353741495
2024-05-03,MBB,22.148394241417495
2024-05-03,SSI,14.24502147152898
2024-05-03,TCB,10.400416016640666
2024-05-03,VCB,10.824856527021293
2024-05-03,VND,24.30133657351154
2024-05-03,VPB,27.137042062415198
2024-05-06,MBB,21.95389681668496
2024-05-06,SSI,14.054813773717498
2024-05-06,TCB,10.371525196057643
2024-05-06,VCB,10.758472296933835
2024-05-06,VND,23.837902264600714
2024-05-06,VPB,27.06359945872801
2024-05-07,MBB,21.96355749735237
2024-05-07,SSI,14.054813773717498
2024-05-07,TCB,10.422094841063053
2024-05-07,VCB,10.678056593699946
2024-05-07,VND,23.894862604540023
2024-05-07,VPB,26.845637583892618
2024-05-08,MBB,22.246941045606228
2024-05-08,SSI,14.065286375775987
2024-05-08,TCB,10.378827192527245
2024-05-08,VCB,10.851871947911015
2024-05-08,VND,24.067388688327316
2024-05-08,VPB,26.845637583892618
2024-05-09,MBB,22.197558268590456
2024-05-09,SSI,14.114326040931546
2024-05-09,TCB,10.378827192527245
2024-05-09,VCB,10.81665765278529
2024-05-09,VND,24.021642351284676
2024-05-09,VPB,26.845637583892618
2024-05-10,MBB,22.099447513812155
2024-05-10,SSI,14.194464158977999
2024-05-10,TCB,10.368066355624675
2024-05-10,VCB,10.847950765635346
2024-05-10,VND,24.183796856106408
2024-05-10,VPB,26.845637583892618
2024-05-13,MBB,22.002200220022
2024-05-13,SSI,14.035087719298245
2024-05-13,TCB,10.368066355624675
2024-05-13,VCB,10.982976386600768
2024-05-13,VND,24.009603841536613
2024-05-13,VPB,26.917900403768506
2024-05-14,MBB,21.874881543062465
2024-05-14,SSI,14.054813773717498
2024-05-14,TCB,10.400416016640666
2024-05-14,VCB,11.031439602868174
2024-05-14,VND,24.009603841536613
2024-05-14,VPB,26.212319790301443
2024-05-15,MBB,21.855937135626785
2024-05-15,SSI,13.940061072000839
2024-05-15,TCB,10.422094841063053
2024-05-15,VCB,10.995052226498077
2024-05-15,VND,23.894862604540023
2024-05-15,VPB,26.143790849673202
2024-05-16,MBB,21.390374331550802
2024-05-16,SSI,13.785635909594113
2024-05-16,TCB,10.15744032503809
2024-05-16,VCB,10.863661053775122
2024-05-16,VND,23.612750885478157
2024-05-16,VPB,25.888601967953225
2024-05-17,MBB,21.436227224008576
2024-05-17,SSI,13.783597518952446
2024-05-17,TCB,10.045203415369162
2024-05-17,VCB,10.863661053775122
2024-05-17,VND,23.612750885478157
2024-05-17,VPB,25.873221216041397
2024-05-20,MBB,21.299254526091588
2024-05-20,SSI,13.57247238016336
2024-05-20,TCB,10.517884743715001
2024-05-20,VCB,10.863661053775122
2024-05-20,VND,22.701475595913735
2024-05-20,VPB,25.412960609911053
2024-05-21,MBB,21.390374331550802
2024-05-21,SSI,13.67053998632946
2024-05-21,TCB,10.55090330226881
2024-05-21,VCB,10.946907498631637
2024-05-21,VND,23.174971031286212
2024-05-21,VPB,25.34854245880862
2024-05-22,MBB,21.253985122210416
2024-05-22,SSI,13.522650439486139
2024-05-22,TCB,10.723860589812332
2024-05-22,VCB,10.995052226498077
2024-05-22,VND,23.113181662694632
2024-05-22,VPB,26.99055330634278
2024-05-23,MBB,22.05071664829107
2024-05-23,SSI,13.783597518952446
2024-05-23,TCB,10.804970286331713
2024-05-23,VCB,11.031439602868174
2024-05-23,VND,24.15290858934916
2024-05-23,VPB,27.359781121751027
2024-05-24,MBB,22.002200220022
2024-05-24,SSI,13.8217000691085
2024-05-24,TCB,10.787183417411862
2024-05-24,VCB,11.043622308117062
2024-05-24,VND,24.676508511885455
2024-05-24,VPB,27.417820139725748
2024-05-27,MBB,22.28945789423615
2024-05-27,SSI,14.234875444839858
2024-05-27,TCB,10.840108401084011
2024-05-27,VCB,11.117287381878821
2024-05-27,VND,24.66091245376079
2024-05-27,VPB,27.739251040221912
2024-05-28,MBB,22.148394241417495
2024-05-28,SSI,14.114326040931546
2024-05-28,TCB,10.775865197177723
2024-05-28,VCB,11.117287381878821
2024-05-28,VND,24.600246002460025
2024-05-28,VPB,27.662517289073307
2024-05-29,MBB,22.246941045606228
2024-05-29,SSI,14.035087719298245
2024-05-29,TCB,10.723860589812332
2024-05-29,VCB,11.117287381878821
2024-05-29,VND,27.210884353741495
2024-05-29,VPB,27.739251040221912
2024-05-30,MBB,22.857142857142858
2024-05-30,SSI,14.398848092152628
2024-05-30,TCB,10.851871947911015
2024-05-30,VCB,11.229646266142616
2024-05-30,VND,27.816411682892905
2024-05-30,VPB,27.972027972027973
2024-05-31,MBB,22.90950744558992
2024-05-31,SSI,14.336917562724015
2024-05-31,TCB,10.689470871191876
2024-05-31,VCB,11.344299489506524
2024-05-31,VND,27.89400278940028
2024-05-31,VPB,27.816411682892905
2024-06-03,MBB,22.3463687150838
2024-06-03,SSI,14.114326040931546
2024-06-03,TCB,10.587612493382743
2024-06-03,VCB,11.29305477131564
2024-06-03,VND,27.359781121751027
2024-06-03,VPB,27.33791350554722
2024-06-04,MBB,22.099447513812155
2024-06-04,SSI,14.054813773717498
2024-06-04,TCB,10.57450137826741
2024-06-04,VCB,11.254924029262803
2024-06-04,VND,27.51031636863824
2024-06-04,VPB,27.434842249657063
2024-06-05,MBB,22.148394241417495
2024-06-05,SSI,14.054813773717498
2024-06-05,TCB,10.554089709762533
2024-06-05,VCB,11.217049915872126
2024-06-05,VND,27.586206896551722
2024-06-05,VPB,27.434842249657063
2024-06-06,MBB,22.3463687150838
2024-06-06,SSI,14.114326040931546
2024-06-06,TCB,10.565240359218173
2024-06-06,VCB,11.19194180190263
2024-06-06,VND,27.586206896551722
2024-06-06,VPB,27.586206896551722
2024-06-07,MBB,22.339250903739607
2024-06-07,SSI,14.094432699083862
2024-06-07,TCB,10.209290454313425
2024-06-07,VCB,11.254924029262803
2024-06-07,VND,27.816411682892905
2024-06-07,VPB,27.662517289073307
2024-06-10,MBB,22.05071664829107
2024-06-10,SSI,14.054813773717498
2024-06-10,TCB,10.209290454313425
2024-06-10,VCB,11.305822498586773
2024-06-10,VND,27.89400278940028
2024-06-10,VPB,27.662517289073307
2024-06-11,MBB,22.172976255003977
2024-06-11,SSI,14.114326040931546
2024-06-11,TCB,10.116337885685383
2024-06-11,VCB,11.383039271485487
2024-06-11,VND,28.129395218002813
2024-06-11,VPB,27.586206896551722
2024-06-12,MBB,22.099447513812155
2024-06-12,SSI,13.828395702359972
2024-06-12,TCB,10.178117048346056
2024-06-12,VCB,11.46789367868527
2024-06-12,VND,27.805388733939907
2024-06-12,VPB,27.279729949774776
2024-06-13,MBB,21.30141941449186
2024-06-13,SSI,13.689253935660506
2024-06-13,TCB,10.126582278481013
2024-06-13,VCB,11.267605633802816
2024-06-13,VND,27.662517289073307
2024-06-13,VPB,25.74002574002574
2024-06-14,MBB,21.119324181626187
2024-06-14,SSI,13.559322033898304
2024-06-14,TCB,10.116337885685383
2024-06-14,VCB,11.242270938729623
2024-06-14,VND,27.51031636863824
2024-06-14,VPB,26.068353193609415
2024-06-17,MBB,21.62162162162162
2024-06-17,SSI,13.904067461324951
2024-06-17,TCB,10.280429085709901
2024-06-17,VCB,11.42204454597373
2024-06-17,VND,28.208744710860366
2024-06-17,VPB,26.845637583892618
2024-06-18,MBB,21.34471718249733
2024-06-18,SSI,13.86682684392608
2024-06-18,TCB,10.303967027305513
2024-06-18,VCB,11.387981033209643
2024-06-18,VND,28.61230329041488
2024-06-18,VPB,26.42007926023778
2024-06-19,MBB,21.62162162162162
2024-06-19,SSI,13.879250520471894
2024-06-19,TCB,10.314595152140278
2024-06-19,VCB,11.527377521613833
2024-06-19,VND,29.274027209284927
2024-06-19,VPB,26.99055330634278
2024-06-20,MBB,21.436227224008576
2024-06-20,SSI,13.921764031240073
2024-06-20,TCB,20.222446916076844
2024-06-20,VCB,11.630164378323094
2024-06-20,VND,29.706675471905783
2024-06-20,VPB,25.806451612903224
2024-06-21,MBB,21.57497303128371
2024-06-21,SSI,14.01541695865452
2024-06-21,TCB,20.345879959308242
2024-06-21,VCB,11.56737998843262
2024-06-21,VND,30.165912518853695
2024-06-21,VPB,25.54278416347382
2024-06-24,MBB,22.002200220022
2024-06-24,SSI,14.461315979754158
2024-06-24,TCB,20.898641588296762
2024-06-24,VCB,11.554015020219527
2024-06-24,VND,30.627871362940276
2024-06-24,VPB,26.143790849673202
2024-06-25,MBB,22.099447513812155
2024-06-25,SSI,14.445073827831449
2024-06-25,TCB,21.208907741251327
2024-06-25,VCB,11.580775911986104
2024-06-25,VND,30.441400304414003
2024-06-25,VPB,26.281208935611037
2024-06-26,MBB,22.246941045606228
2024-06-26,SSI,14.604941448634158
2024-06-26,TCB,20.98635886673662
2024-06-26,VCB,11.634671320535196
2024-06-26,VND,29.985007496251875
2024-06-26,VPB,26.42007926023778
2024-06-27,MBB,22.246941045606228
2024-06-27,SSI,14.609203798392988
2024-06-27,TCB,21.299254526091588
2024-06-27,VCB,11.702750146284377
2024-06-27,VND,30.427102370894335
2024-06-27,VPB,26.56042496679947
2024-06-28,MBB,22.296544035674472
2024-06-28,SSI,14.652014652014651
2024-06-28,TCB,21.76278563656148
2024-06-28,VCB,11.72809087089942
2024-06-28,VND,30.627871362940276
2024-06-28,VPB,26.350461133069828
2024-07-01,MBB,22.44668911335578
2024-07-01,SSI,14.847809948032666
2024-07-01,TCB,21.88346031917037
2024-07-01,VCB,11.702750146284377
2024-07-01,VND,31.201248049921997
2024-07-01,VPB,26.63115845539281
2024-07-02,MBB,22.099447513812155
2024-07-02,SSI,14.630577907827359
2024-07-02,TCB,21.76278563656148
2024-07-02,VCB,11.370096645821489
2024-07-02,VND,30.816640986132512
2024-07-02,VPB,26.39210769128637
2024-07-03,MBB,22.002200220022
2024-07-03,SSI,14.524328249818446
2024-07-03,TCB,21.715526601520086
2024-07-03,VCB,11.357183418512209
2024-07-03,VND,30.721966205837173
2024-07-03,VPB,26.42007926023778
2024-07-04,MBB,21.85792349726776
2024-07-04,SSI,14.48225923244026
2024-07-04,TCB,21.34471718249733
2024-07-04,VCB,11.229646266142616
2024-07-04,VND,29.985007496251875
2024-07-04,VPB,26.03888511186124
2024-07-05,MBB,22.05071664829107
2024-07-05,SSI,14.545454545454545
2024-07-05,TCB,21.436227224008576
2024-07-05,VCB,11.254924029262803
2024-07-05,VND,30.075187969924812
2024-07-05,VPB,26.212319790301443
2024-07-08,MBB,22.05071664829107
2024-07-08,SSI,14.461315979754158
2024-07-08,TCB,21.51755617767256
2024-07-08,VCB,11.370096645821489
2024-07-08,VND,30.075187969924812
2024-07-08,VPB,26.126747961244472
2024-07-09,MBB,21.76278563656148
2024-07-09,SSI,14.487510232887121
2024-07-09,TCB,21.385301314989306
2024-07-09,VCB,11.448196908986835
2024-07-09,VND,30.441400304414003
2024-07-09,VPB,26.00780234070221
2024-07-10,MBB,21.390374331550802
2024-07-10,SSI,14.440433212996389
2024-07-10,TCB,21.57497303128371
2024-07-10,VCB,11.305822498586773
2024-07-10,VND,30.441400304414003
2024-07-10,VPB,25.773238676464484
2024-07-11,MBB,21.436227224008576
2024-07-11,SSI,14.48225923244026
2024-07-11,TCB,21.76278563656148
2024-07-11,VCB,11.280315848843768
2024-07-11,VND,30.349013657056144
2024-07-11,VPB,25.940337224383917
2024-07-12,MBB,21.668472372697725
2024-07-12,SSI,14.419610670511895
2024-07-12,TCB,21.900484867105448
2024-07-12,VCB,11.331444759206798
2024-07-12,VND,30.165912518853695
2024-07-12,VPB,26.212319790301443
2024-07-15,MBB,21.715526601520086
2024-07-15,SSI,14.48225923244026
2024-07-15,TCB,21.90580503833516
2024-07-15,VCB,11.370096645821489
2024-07-15,VND,30.627871362940276
2024-07-15,VPB,26.308909814594553
2024-07-16,MBB,21.208907741251327
2024-07-16,SSI,14.461315979754158
2024-07-16,TCB,22.05071664829107
2024-07-16,VCB,11.318619128466327
2024-07-16,VND,30.721966205837173
2024-07-16,VPB,26.350461133069828
2024-07-17,MBB,21.03049421661409
2024-07-17,SSI,14.461315979754158
2024-07-17,TCB,21.62162162162162
2024-07-17,VCB,11.305822498586773
2024-07-17,VND,31.39717425431711
2024-07-17,VPB,26.281208935611037
2024-07-18,MBB,20.273434510242446
2024-07-18,SSI,14.652014652014651
2024-07-18,TCB,21.208907741251327
2024-07-18,VCB,11.29305477131564
2024-07-18,VND,32.414910858995135
2024-07-18,VPB,26.350461133069828
2024-07-19,MBB,19.821605550049554
2024-07-19,SSI,14.378145219266715
2024-07-19,TCB,21.34471718249733
2024-07-19,VCB,11.357183418512209
2024-07-19,VND,31.496062992125985
2024-07-19,VPB,26.350461133069828
2024-07-22,MBB,19.90750020935146
2024-07-22,SSI,14.419610670511895
2024-07-22,TCB,21.34983341964721
2024-07-22,VCB,11.383039271485487
2024-07-22,VND,31.695721077654518
2024-07-22,VPB,26.63115845539281
2024-07-23,MBB,20.181634712411704
2024-07-23,SSI,14.48225923244026
2024-07-23,TCB,21.26907492350414
2024-07-23,VCB,11.369379244304307
2024-07-23,VND,31.496062992125985
2024-07-23,VPB,26.63115845539281
2024-07-24,MBB,20.935497831384417
2024-07-24,SSI,15.28469807860022
2024-07-24,TCB,21.753333829553203
2024-07-24,VCB,11.383039271485487
2024-07-24,VND,32.31017770597738
2024-07-24,VPB,27.137042062415198
2024-07-25,MBB,21.097069888494865
2024-07-25,SSI,15.6128024980484
2024-07-25,TCB,22.002200220022
2024-07-25,VCB,11.435105774728417
2024-07-25,VND,32.0
2024-07-25,VPB,27.137042062415198
2024-07-26,MBB,20.691096334478196
2024-07-26,SSI,15.63721657544957
2024-07-26,TCB,22.002200220022
2024-07-26,VCB,11.461318051575931
2024-07-26,VND,31.695721077654518
2024-07-26,VPB,27.137042062415198
2024-07-29,MBB,20.597322348094746
2024-07-29,SSI,15.444015444015443
2024-07-29,TCB,21.90580503833516
2024-07-29,VCB,11.435105774728417
2024-07-29,VND,31.496062992125985
2024-07-29,VPB,27.06359945872801
2024-07-30,MBB,20.855057351407716
2024-07-30,SSI,15.54001554001554
2024-07-30,TCB,22.05071664829107
2024-07-30,VCB,11.409013120365088
2024-07-30,VND,31.89792663476874
2024-07-30,VPB,26.981471693520994
2024-07-31,MBB,20.238837957143573
2024-07-31,SSI,15.56420233463035
2024-07-31,TCB,21.668472372697725
2024-07-31,VCB,11.318619128466327
2024-07-31,VND,32.0
2024-07-31,VPB,26.441950186777714
2024-08-01,MBB,20.644578035378476
2024-08-01,SSI,16.090104585679807
2024-08-01,TCB,21.715526601520086
2024-08-01,VCB,10.995052226498077
2024-08-01,VND,32.62642740619902
2024-08-01,VPB,26.607580625861697
2024-08-02,MBB,21.52852529601722
2024-08-02,SSI,16.659199603076647
2024-08-02,TCB,22.002200220022
2024-08-02,VCB,11.204481792717086
2024-08-02,VND,33.95585738539898
2024-08-02,VPB,27.06359945872801
2024-08-05,MBB,21.52265533538954
2024-08-05,SSI,16.406890894175554
2024-08-05,TCB,22.099447513812155
2024-08-05,VCB,11.435105774728417
2024-08-05,VND,33.840947546531304
2024-08-05,VPB,27.429068316741215
2024-08-06,MBB,21.52852529601722
2024-08-06,SSI,16.596596685329843
2024-08-06,TCB,22.44668911335578
2024-08-06,VCB,11.451477194634109
2024-08-06,VND,34.84650620404871
2024-08-06,VPB,27.370504140023318
2024-08-07,MBB,21.482277121374867
2024-08-07,SSI,16.406890894175554
2024-08-07,TCB,22.701475595913735
2024-08-07,VCB,11.448196908986835
2024-08-07,VND,34.305317324185246
2024-08-07,VPB,27.51031636863824
2024-08-08,MBB,21.482277121374867
2024-08-08,SSI,16.542597187758478
2024-08-08,TCB,23.612750885478157
2024-08-08,VCB,11.435105774728417
2024-08-08,VND,33.72681281618887
2024-08-08,VPB,27.972027972027973
2024-08-09,MBB,21.436227224008576
2024-08-09,SSI,16.35322976287817
2024-08-09,TCB,23.723037615728554
2024-08-09,VCB,11.396011396011396
2024-08-09,VND,33.3889816360601
2024-08-09,VPB,27.972027972027973
2024-08-12,MBB,21.34471718249733
2024-08-12,SSI,15.885623510722796
2024-08-12,TCB,23.699835361483323
2024-08-12,VCB,11.396011396011396
2024-08-12,VND,33.00339019973586
2024-08-12,VPB,27.89400278940028
2024-08-13,MBB,21.208907741251327
2024-08-13,SSI,15.860428231562253
2024-08-13,TCB,23.837902264600714
2024-08-13,VCB,11.370096645821489
2024-08-13,VND,33.72681281618887
2024-08-13,VPB,27.586206896551722
2024-08-14,MBB,21.253985122210416
2024-08-14,SSI,15.860428231562253
2024-08-14,TCB,23.781212841854934
2024-08-14,VCB,11.280315848843768
2024-08-14,VND,34.42340791738382
2024-08-14,VPB,27.586206896551722
2024-08-15,MBB,21.390374331550802
2024-08-15,SSI,16.113678103496348
2024-08-15,TCB,23.781212841854934
2024-08-15,VCB,11.305822498586773
2024-08-15,VND,34.78260869565217
2024-08-15,VPB,27.739251040221912
2024-08-16,MBB,20.879396600579522
2024-08-16,SSI,15.645380092325293
2024-08-16,TCB,23.501762632197416
2024-08-16,VCB,11.331444759206798
2024-08-16,VND,33.840947546531304
2024-08-16,VPB,27.434842249657063
2024-08-19,MBB,20.81165452653486
2024-08-19,SSI,15.349194167306216
2024-08-19,TCB,23.263494329842445
2024-08-19,VCB,11.267605633802816
2024-08-19,VND,33.16749585406302
2024-08-19,VPB,27.06359945872801
2024-08-20,MBB,20.682523267838675
2024-08-20,SSI,15.420200462606013
2024-08-20,TCB,22.857142857142858
2024-08-20,VCB,11.057361535188228
2024-08-20,VND,33.277870216306155
2024-08-20,VPB,26.99055330634278
2024-08-21,MBB,20.63983488132095
2024-08-21,SSI,15.32567049808429
2024-08-21,TCB,22.962112514351322
2024-08-21,VCB,10.970927043335163
2024-08-21,VND,32.2061191626409
2024-08-21,VPB,26.917900403768506
2024-08-22,MBB,20.304568527918782
2024-08-22,SSI,15.186028853454822
2024-08-22,TCB,22.396416573348265
2024-08-22,VCB,10.81665765278529
2024-08-22,VND,31.89792663476874
2024-08-22,VPB,26.63115845539281
2024-08-23,MBB,20.39825316764839
2024-08-23,SSI,15.14004542013626
2024-08-23,TCB,22.396416573348265
2024-08-23,VCB,10.81665765278529
2024-08-23,VND,32.102728731942214
2024-08-23,VPB,26.63115845539281
2024-08-26,MBB,20.345879959308242
2024-08-26,SSI,14.825796886582653
2024-08-26,TCB,22.197558268590456
2024-08-26,VCB,10.863661053775122
2024-08-26,VND,31.496062992125985
2024-08-26,VPB,26.143790849673202
2024-08-27,MBB,20.512820512820515
2024-08-27,SSI,14.892032762472077
2024-08-27,TCB,22.197558268590456
2024-08-27,VCB,10.946907498631637
2024-08-27,VND,32.2061191626409
2024-08-27,VPB,26.281208935611037
2024-08-28,MBB,20.42900919305414
2024-08-28,SSI,14.943595180468051
2024-08-28,TCB,21.810250817884405
2024-08-28,VCB,10.934937124111537
2024-08-28,VND,32.31017770597738
2024-08-28,VPB,26.281208935611037
2024-08-29,MBB,20.04813238514342
2024-08-29,SSI,14.738393515106853
2024-08-29,TCB,21.62162162162162
2024-08-29,VCB,10.863661053775122
2024-08-29,VND,31.89792663476874
2024-08-29,VPB,26.153308758093793
2024-08-30,MBB,20.14098690835851
2024-08-30,SSI,14.781966001478196
2024-08-30,TCB,21.66177940825828
2024-08-30,VCB,10.863661053775122
2024-08-30,VND,31.929520771626038
2024-08-30,VPB,26.350461133069828
2024-09-04,MBB,20.42900919305414
2024-09-04,SSI,15.048908954100828
2024-09-04,TCB,21.76278563656148
2024-09-04,VCB,11.043622308117062
2024-09-04,VND,32.78463644025544
2024-09-04,VPB,26.77376171352075
2024-09-05,MBB,20.470829068577277
2024-09-05,SSI,14.936519790888722
2024-09-05,TCB,21.76278563656148
2024-09-05,VCB,10.995052226498077
2024-09-05,VND,32.520325203252035
2024-09-05,VPB,27.06359945872801
2024-09-06,MBB,20.928380560083035
2024-09-06,SSI,15.11715797430083
2024-09-06,TCB,22.002200220022
2024-09-06,VCB,11.092623405435386
2024-09-06,VND,32.733224222585925
2024-09-06,VPB,27.210884353741495
2024-09-09,MBB,20.94240837696335
2024-09-09,SSI,15.09433962264151
2024-09-09,TCB,22.05071664829107
2024-09-09,VCB,11.19194180190263
2024-09-09,VND,32.84072249589491
2024-09-09,VPB,27.285129604365622
2024-09-10,MBB,20.84963199829861
2024-09-10,SSI,15.183726195554375
2024-09-10,TCB,22.05071664829107
2024-09-10,VCB,11.129660545353367
2024-09-10,VND,33.840947546531304
2024-09-10,VPB,27.210884353741495
2024-09-11,MBB,21.07481559536354
2024-09-11,SSI,15.56420233463035
2024-09-11,TCB,22.650056625141563
2024-09-11,VCB,11.305822498586773
2024-09-11,VND,34.904013961605585
2024-09-11,VPB,27.51031636863824
2024-09-12,MBB,20.81165452653486
2024-09-12,SSI,15.396458814472672
2024-09-12,TCB,22.44668911335578
2024-09-12,VCB,11.242270938729623
2024-09-12,VND,34.66204506065858
2024-09-12,VPB,27.210884353741495
2024-09-13,MBB,20.855057351407716
2024-09-13,SSI,15.400415755828229
2024-09-13,TCB,22.44668911335578
2024-09-13,VCB,11.166945840312675
2024-09-13,VND,34.85342843412499
2024-09-13,VPB,27.137042062415198
2024-09-16,MBB,20.81165452653486
2024-09-16,SSI,15.444015444015443
2024-09-16,TCB,22.246941045606228
2024-09-16,VCB,11.154489682097044
2024-09-16,VND,35.02626970227671
2024-09-16,VPB,27.210884353741495
2024-09-17,MBB,20.898641588296762
2024-09-17,SSI,15.54001554001554
2024-09-17,TCB,22.44668911335578
2024-09-17,VCB,11.248597483996212
2024-09-17,VND,35.215804736266705
2024-09-17,VPB,27.210884353741495
2024-09-18,MBB,20.512820512820515
2024-09-18,SSI,14.958863126402393
2024-09-18,TCB,21.85792349726776
2024-09-18,VCB,10.995052226498077
2024-09-18,VND,33.95585738539898
2024-09-18,VPB,26.83068861085309
2024-09-19,MBB,20.470829068577277
2024-09-19,SSI,14.825796886582653
2024-09-19,TCB,21.715526601520086
2024-09-19,VCB,10.942347355957313
2024-09-19,VND,33.95585738539898
2024-09-19,VPB,26.7022696929239
2024-09-20,MBB,20.12135811039696
2024-09-20,SSI,14.869888475836431
2024-09-20,TCB,21.253985122210416
2024-09-20,VCB,10.911074740861975
2024-09-20,VND,33.3889816360601
2024-09-20,VPB,26.350461133069828
2024-09-23,MBB,19.98001998001998
2024-09-23,SSI,18.814675446848543
2024-09-23,TCB,21.30531621361235
2024-09-23,VCB,10.946907498631637
2024-09-23,VND,33.590923806708616
2024-09-23,VPB,26.281208935611037
2024-09-24,MBB,20.100502512562816
2024-09-24,SSI,18.85014137606032
2024-09-24,TCB,21.34471718249733
2024-09-24,VCB,10.95890410958904
2024-09-24,VND,33.95585738539898
2024-09-24,VPB,26.212319790301443
2024-09-25,MBB,19.4908210036336
2024-09-25,SSI,18.328756226703586
2024-09-25,TCB,20.98635886673662
2024-09-25,VCB,10.922992900054615
2024-09-25,VND,33.277870216306155
2024-09-25,VPB,25.74002574002574
2024-09-26,MBB,19.474196689386563
2024-09-26,SSI,18.165304268846505
2024-09-26,TCB,20.81165452653486
2024-09-26,VCB,10.692807160477518
2024-09-26,VND,33.05785123966942
2024-09-26,VPB,25.74002574002574
2024-09-27,MBB,19.33970552178389
2024-09-27,SSI,18.099547511312217
2024-09-27,TCB,20.682523267838675
2024-09-27,VCB,10.770059235325794
2024-09-27,VND,32.666374091191926
2024-09-27,VPB,25.284450063211125
2024-09-30,MBB,19.51219512195122
2024-09-30,SSI,17.937219730941703
2024-09-30,TCB,20.682523267838675
2024-09-30,VCB,10.834984640012348
2024-09-30,VND,32.62642740619902
2024-09-30,VPB,25.220680958385877
2024-10-01,MBB,19.32367149758454
2024-10-01,SSI,17.74622892635315
2024-10-01,TCB,20.512820512820515
2024-10-01,VCB,10.78167115902965
2024-10-01,VND,32.102728731942214
2024-10-01,VPB,24.783147459727385
2024-10-02,MBB,19.51219512195122
2024-10-02,SSI,18.099547511312217
2024-10-02,TCB,20.108093336774505
2024-10-02,VCB,10.857766500843068
2024-10-02,VND,32.733224222585925
2024-10-02,VPB,25.284450063211125
2024-10-03,MBB,19.39551227219193
2024-10-03,SSI,18.066847335140018
2024-10-03,TCB,20.02002002002002
2024-10-03,VCB,10.746910263299302
2024-10-03,VND,32.948929159802304
2024-10-03,VPB,24.906600249066003
2024-10-04,MBB,19.743336623889437
2024-10-04,SSI,18.165304268846505
2024-10-04,TCB,20.63983488132095
2024-10-04,VCB,10.793308148947652
2024-10-04,VND,33.72681281618887
2024-10-04,VPB,24.721878862793574
2024-10-07,MBB,19.821605550049554
2024-10-07,SSI,18.264840182648403
2024-10-07,TCB,20.72538860103627
2024-10-07,VCB,10.840108401084011
2024-10-07,VND,33.68146584097383
2024-10-07,VPB,25.031289111389235
2024-10-08,MBB,19.782393669634025
2024-10-08,SSI,18.191750571694687
2024-10-08,TCB,20.470829068577277
2024-10-08,VCB,10.922992900054615
2024-10-08,VND,33.50083752093802
2024-10-08,VPB,25.031289111389235
2024-10-09,MBB,19.704433497536947
2024-10-09,SSI,18.331805682859763
2024-10-09,TCB,20.470829068577277
2024-10-09,VCB,10.970927043335163
2024-10-09,VND,33.3889816360601
2024-10-09,VPB,24.84472049689441
2024-10-10,MBB,19.431632982970104
2024-10-10,SSI,18.124161583177102
2024-10-10,TCB,20.14098690835851
2024-10-10,VCB,10.87547580206634
2024-10-10,VND,32.733224222585925
2024-10-10,VPB,24.479804161566708
2024-10-11,MBB,19.66568338249754
2024-10-11,SSI,18.198362147406733
2024-10-11,TCB,20.470829068577277
2024-10-11,VCB,10.934937124111537
2024-10-11,VND,32.948929159802304
2024-10-11,VPB,24.360535931790498
2024-10-14,MBB,19.51219512195122
2024-10-14,SSI,18.020351564977442
2024-10-14,TCB,20.436269588110235
2024-10-14,VCB,10.899182561307901
2024-10-14,VND,32.84072249589491
2024-10-14,VPB,24.360535931790498
2024-10-15,MBB,19.32367149758454
2024-10-15,SSI,18.066847335140018
2024-10-15,TCB,20.512820512820515
2024-10-15,VCB,10.911074740861975
2024-10-15,VND,33.05785123966942
2024-10-15,VPB,24.118194394243567
2024-10-16,MBB,19.550342130987293
2024-10-16,SSI,18.331805682859763
2024-10-16,TCB,20.682523267838675
2024-10-16,VCB,10.934937124111537
2024-10-16,VND,33.72681281618887
2024-10-16,VPB,24.009603841536613
2024-10-17,MBB,19.58863858961802
2024-10-17,SSI,18.433179723502302
2024-10-17,TCB,20.63983488132095
2024-10-17,VCB,10.887316276537833
2024-10-17,VND,33.95585738539898
2024-10-17,VPB,24.009603841536613
2024-10-18,MBB,19.286403085824492
2024-10-18,SSI,18.149384237906744
2024-10-18,TCB,20.387359836901123
2024-10-18,VCB,10.81665765278529
2024-10-18,VND,33.3889816360601
2024-10-18,VPB,24.125452352231605
2024-10-21,MBB,19.43634596695821
2024-10-21,SSI,18.365472910927455
2024-10-21,TCB,20.512820512820515
2024-10-21,VCB,10.78167115902965
2024-10-21,VND,33.61344537815126
2024-10-21,VPB,24.305283197396804
2024-10-22,MBB,19.58863858961802
2024-10-22,SSI,18.570102135561747
2024-10-22,TCB,20.597322348094746
2024-10-22,VCB,10.911074740861975
2024-10-22,VND,33.95585738539898
2024-10-22,VPB,24.30133657351154
2024-10-23,MBB,19.821605550049554
2024-10-23,SSI,18.63932898415657
2024-10-23,TCB,20.768431983385256
2024-10-23,VCB,10.922992900054615
2024-10-23,VND,34.07155025553663
2024-10-23,VPB,24.539877300613497
2024-10-24,MBB,19.821605550049554
2024-10-24,SSI,18.535681186283597
2024-10-24,TCB,20.768431983385256
2024-10-24,VCB,10.887316276537833
2024-10-24,VND,34.42340791738382
2024-10-24,VPB,24.600246002460025
2024-10-25,MBB,20.26342451874367
2024-10-25,SSI,18.674136321195146
2024-10-25,TCB,21.130498427224932
2024-10-25,VCB,10.87547580206634
2024-10-25,VND,34.66204506065858
2024-10-25,VPB,24.906600249066003
2024-10-28,MBB,20.222446916076844
2024-10-28,SSI,18.635010445944925
2024-10-28,TCB,21.253985122210416
2024-10-28,VCB,10.863661053775122
2024-10-28,VND,34.305317324185246
2024-10-28,VPB,25.031289111389235
2024-10-29,MBB,20.060180541624874
2024-10-29,SSI,18.6046511627907
2024-10-29,TCB,21.03049421661409
2024-10-29,VCB,10.81665765278529
2024-10-29,VND,33.95585738539898
2024-10-29,VPB,24.783147459727385
2024-10-30,MBB,20.02002002002002
2024-10-30,SSI,18.814675446848543
2024-10-30,TCB,20.98635886673662
2024-10-30,VCB,10.87547580206634
2024-10-30,VND,34.18803418803419
2024-10-30,VPB,24.721878862793574
2024-10-31,MBB,20.060180541624874
2024-10-31,SSI,18.95734597156398
2024-10-31,TCB,20.898641588296762
2024-10-31,VCB,10.840108401084011
2024-10-31,VND,34.42340791738382
2024-10-31,VPB,24.721878862793574
2024-11-01,MBB,20.060180541624874
2024-11-01,SSI,18.99335232668566
2024-11-01,TCB,20.898641588296762
2024-11-01,VCB,10.576414595452142
2024-11-01,VND,34.66204506065858
2024-11-01,VPB,24.66091245376079
2024-11-04,MBB,20.387359836901123
2024-11-04,SSI,19.18159549244786
2024-11-04,TCB,21.208907741251327
2024-11-04,VCB,10.655301012253597
2024-11-04,VND,34.904013961605585
2024-11-04,VPB,25.34854245880862
2024-11-05,MBB,20.387359836901123
2024-11-05,SSI,19.029495718363464
2024-11-05,TCB,21.208907741251327
2024-11-05,VCB,10.828370330265296
2024-11-05,VND,34.78260869565217
2024-11-05,VPB,25.412960609911053
2024-11-06,MBB,20.33481439732892
2024-11-06,SSI,18.99335232668566
2024-11-06,TCB,21.03049421661409
2024-11-06,VCB,10.746910263299302
2024-11-06,VND,34.542314335060446
2024-11-06,VPB,25.284450063211125
2024-11-07,MBB,20.100502512562816
2024-11-07,SSI,18.885741265344667
2024-11-07,TCB,20.855057351407716
2024-11-07,VCB,10.700909577314071
2024-11-07,VND,33.840947546531304
2024-11-07,VPB,25.291571440499734
2024-11-08,MBB,20.222446916076844
2024-11-08,SSI,18.99335232668566
2024-11-08,TCB,21.03049421661409
2024-11-08,VCB,10.723860589812332
2024-11-08,VND,33.840947546531304
2024-11-08,VPB,25.673940949935815
2024-11-11,MBB,20.597322348094746
2024-11-11,SSI,19.43634596695821
2024-11-11,TCB,21.57497303128371
2024-11-11,VCB,10.851871947911015
2024-11-11,VND,34.282139942517304
2024-11-11,VPB,26.143790849673202
2024-11-12,MBB,20.597322348094746
2024-11-12,SSI,19.286403085824492
2024-11-12,TCB,21.57497303128371
2024-11-12,VCB,10.828370330265296
2024-11-12,VND,34.305317324185246
2024-11-12,VPB,26.212319790301443
2024-11-13,MBB,20.855057351407716
2024-11-13,SSI,19.601454185685814
2024-11-13,TCB,21.85792349726776
2024-11-13,VCB,10.828370330265296
2024-11-13,VND,35.02626970227671
2024-11-13,VPB,26.350461133069828
2024-11-14,MBB,20.81165452653486
2024-11-14,SSI,19.782393669634025
2024-11-14,TCB,21.810250817884405
2024-11-14,VCB,10.851871947911015
2024-11-14,VND,35.02626970227671
2024-11-14,VPB,26.212319790301443
2024-11-15,MBB,21.119324181626187
2024-11-15,SSI,20.72538860103627
2024-11-15,TCB,22.099447513812155
2024-11-15,VCB,10.887316276537833
2024-11-15,VND,35.90664272890485
2024-11-15,VPB,26.56042496679947
2024-11-18,MBB,21.482277121374867
2024-11-18,SSI,20.855057351407716
2024-11-18,TCB,22.396416573348265
2024-11-18,VCB,10.954333972081459
2024-11-18,VND,36.42987249544627
2024-11-18,VPB,26.917900403768506
2024-11-19,MBB,21.390374331550802
2024-11-19,SSI,20.72538860103627
2024-11-19,TCB,22.396416573348265
2024-11-19,VCB,11.019283746556473
2024-11-19,VND,36.166365280289334
2024-11-19,VPB,26.845637583892618
2024-11-20,MBB,21.390374331550802
2024-11-20,SSI,20.597322348094746
2024-11-20,TCB,22.29286974011386
2024-11-20,VCB,11.0803324099723
2024-11-20,VND,36.03603603603604
2024-11-20,VPB,26.7022696929239
2024-11-21,MBB,21.208907741251327
2024-11-21,SSI,20.72538860103627
2024-11-21,TCB,21.90580503833516
2024-11-21,VCB,11.007154650522839
2024-11-21,VND,36.03603603603604
2024-11-21,VPB,26.63115845539281
2024-11-22,MBB,20.81165452653486
2024-11-22,SSI,20.512820512820515
2024-11-22,TCB,21.390374331550802
2024-11-22,VCB,10.98373112659435
2024-11-22,VND,36.03603603603604
2024-11-22,VPB,26.07561929595828
2024-11-25,MBB,20.855057351407716
2024-11-25,SSI,20.597322348094746
2024-11-25,TCB,21.299254526091588
2024-11-25,VCB,10.95890410958904
2024-11-25,VND,36.410982232290735
2024-11-25,VPB,26.143790849673202
2024-11-26,MBB,20.76228292876397
2024-11-26,SSI,20.222446916076844
2024-11-26,TCB,21.208907741251327
2024-11-26,VCB,10.78167115902965
2024-11-26,VND,35.650623885918
2024-11-26,VPB,25.940337224383917
2024-11-27,MBB,20.81165452653486
2024-11-27,SSI,20.42900919305414
2024-11-27,TCB,21.34471718249733
2024-11-27,VCB,10.770059235325794
2024-11-27,VND,35.90664272890485
2024-11-27,VPB,26.212319790301443
2024-11-28,MBB,20.72538860103627
2024-11-28,SSI,20.554984583761563
2024-11-28,TCB,21.299254526091588
2024-11-28,VCB,10.735373054213634
2024-11-28,VND,35.90664272890485
2024-11-28,VPB,26.07561929595828
2024-11-29,MBB,20.768431983385256
2024-11-29,SSI,20.545497667799825
2024-11-29,TCB,21.299254526091588
2024-11-29,VCB,10.758472296933835
2024-11-29,VND,36.0794791174538
2024-11-29,VPB,26.143790849673202
2024-12-02,MBB,20.72538860103627
2024-12-02,SSI,20.42900919305414
2024-12-02,TCB,21.253985122210416
2024-12-02,VCB,10.610079575596817
2024-12-02,VND,36.03603603603604
2024-12-02,VPB,26.128058952662066
2024-12-03,MBB,20.768431983385256
2024-12-03,SSI,20.512820512820515
2024-12-03,TCB,21.208907741251327
2024-12-03,VCB,10.758472296933835
2024-12-03,VND,36.29764065335753
2024-12-03,VPB,26.212319790301443
2024-12-04,MBB,20.94240837696335
2024-12-04,SSI,20.72538860103627
2024-12-04,TCB,21.299254526091588
2024-12-04,VCB,10.793308148947652
2024-12-04,VND,37.105751391465674
2024-12-04,VPB,26.281208935611037
2024-12-05,MBB,20.898641588296762
2024-12-05,SSI,20.768431983385256
2024-12-05,TCB,21.208907741251327
2024-12-05,VCB,10.689470871191876
2024-12-05,VND,38.83495145631068
2024-12-05,VPB,26.212319790301443
2024-12-06,MBB,20.42900919305414
2024-12-06,SSI,19.175455417066154
2024-12-06,TCB,20.72538860103627
2024-12-06,VCB,10.554089709762533
2024-12-06,VND,36.29764065335753
2024-12-06,VPB,25.806451612903224
2024-12-09,MBB,20.512820512820515
2024-12-09,SSI,19.136234654776093
2024-12-09,TCB,20.81165452653486
2024-12-09,VCB,10.621348911311737
2024-12-09,VND,36.96857670979667
2024-12-09,VPB,25.940337224383917
2024-12-10,MBB,20.512820512820515
2024-12-10,SSI,19.065776930409914
2024-12-10,TCB,20.768431983385256
2024-12-10,VCB,10.531858873091101
2024-12-10,VND,37.38317757009346
2024-12-10,VPB,25.873221216041397
2024-12-11,MBB,20.597322348094746
2024-12-11,SSI,19.10219675262655
2024-12-11,TCB,20.682523267838675
2024-12-11,VCB,10.63264221158958
2024-12-11,VND,37.38317757009346
2024-12-11,VPB,26.00780234070221
2024-12-12,MBB,20.482281280643615
2024-12-12,SSI,19.11514481262634
2024-12-12,TCB,20.512820512820515
2024-12-12,VCB,10.6439595529537
2024-12-12,VND,37.664783427495294
2024-12-12,VPB,25.806451612903224
2024-12-13,MBB,20.597322348094746
2024-12-13,SSI,19.3263438349511
2024-12-13,TCB,20.526875203134196
2024-12-13,VCB,10.723860589812332
2024-12-13,VND,37.80718336483932
2024-12-13,VPB,26.07561929595828
2024-12-16,MBB,20.682523267838675
2024-12-16,SSI,19.286403085824492
2024-12-16,TCB,20.597322348094746
2024-12-16,VCB,10.746910263299302
2024-12-16,VND,38.00849372006867
2024-12-16,VPB,26.20470546356497
2024-12-17,MBB,20.72538860103627
2024-12-17,SSI,19.249278152069298
2024-12-17,TCB,20.63983488132095
2024-12-17,VCB,10.758472296933835
2024-12-17,VND,38.095238095238095
2024-12-17,VPB,26.281208935611037
2024-12-18,MBB,20.72538860103627
2024-12-18,SSI,19.286403085824492
2024-12-18,TCB,20.682523267838675
2024-12-18,VCB,10.735373054213634
2024-12-18,VND,38.095238095238095
2024-12-18,VPB,26.281208935611037
2024-12-19,MBB,20.865953410629977
2024-12-19,SSI,19.36108422071636
2024-12-19,TCB,20.855057351407716
2024-12-19,VCB,10.804970286331713
2024-12-19,VND,38.53564547206166
2024-12-19,VPB,26.56042496679947
2024-12-20,MBB,20.884113509333744
2024-12-20,SSI,19.249278152069298
2024-12-20,TCB,20.94240837696335
2024-12-20,VCB,10.804970286331713
2024-12-20,VND,38.684719535783366
2024-12-20,VPB,26.63115845539281
2024-12-23,MBB,20.81165452653486
2024-12-23,SSI,19.10219675262655
2024-12-23,TCB,20.898641588296762
2024-12-23,VCB,10.793308148947652
2024-12-23,VND,38.98635477582846
2024-12-23,VPB,26.350461133069828
2024-12-24,MBB,20.855057351407716
2024-12-24,SSI,19.398642095053347
2024-12-24,TCB,20.94240837696335
2024-12-24,VCB,10.840108401084011
2024-12-24,VND,39.29273084479372
2024-12-24,VPB,26.56042496679947
2024-12-25,MBB,20.512820512820515
2024-12-25,SSI,18.95734597156398
2024-12-25,TCB,20.486461277223285
2024-12-25,VCB,10.81665765278529
2024-12-25,VND,38.38771593090211
2024-12-25,VPB,26.07561929595828
2024-12-26,MBB,20.387359836901123
2024-12-26,SSI,18.921475875118258
2024-12-26,TCB,20.470829068577277
2024-12-26,VCB,10.840108401084011
2024-12-26,VND,38.38771593090211
2024-12-26,VPB,26.07561929595828
2024-12-27,MBB,19.940179461615156
2024-12-27,SSI,18.95734597156398
2024-12-27,TCB,20.304568527918782
2024-12-27,VCB,10.804970286331713
2024-12-27,VND,38.684719535783366
2024-12-27,VPB,25.940337224383917
2024-12-30,MBB,20.02002002002002
2024-12-30,SSI,18.779342723004696
2024-12-30,TCB,20.42900919305414
2024-12-30,VCB,10.840108401084011
2024-12-30,VND,38.98635477582846
2024-12-30,VPB,26.115386035625317
2024-12-31,MBB,20.02002002002002
2024-12-31,SSI,18.99335232668566
2024-12-31,TCB,20.470829068577277
2024-12-31,VCB,10.851871947911015
2024-12-31,VND,39.447731755424066
2024-12-31,VPB,26.143790849673202
2025-01-02,MBB,19.821605550049554
2025-01-02,SSI,19.23210780652402
2025-01-02,TCB,20.512820512820515
2025-01-02,VCB,10.911074740861975
2025-01-02,VND,39.603960396039604
2025-01-02,VPB,26.281208935611037
2025-01-03,MBB,19.98001998001998
2025-01-03,SSI,19.43634596695821
2025-01-03,TCB,20.88254513717297
2025-01-03,VCB,10.840108401084011
2025-01-03,VND,39.920159680638726
2025-01-03,VPB,26.47006994947191
2025-01-06,MBB,20.222446916076844
2025-01-06,SSI,19.782393669634025
2025-01-06,TCB,21.119324181626187
2025-01-06,VCB,10.770059235325794
2025-01-06,VND,40.59549235805004
2025-01-06,VPB,26.56042496679947
2025-01-07,MBB,23.174971031286212
2025-01-07,SSI,20.100502512562816
2025-01-07,TCB,21.07481559536354
2025-01-07,VCB,10.793308148947652
2025-01-07,VND,41.75365344467641
2025-01-07,VPB,26.56042496679947
2025-01-08,MBB,23.174971031286212
2025-01-08,SSI,20.345879959308242
2025-01-08,TCB,20.898641588296762
2025-01-08,VCB,10.87547580206634
2025-01-08,VND,42.28329809725159
2025-01-08,VPB,26.7022696929239
2025-01-09,MBB,23.174971031286212
2025-01-09,SSI,20.345879959308242
2025-01-09,TCB,20.94240837696335
2025-01-09,VCB,10.887316276537833
2025-01-09,VND,42.10526315789474
2025-01-09,VPB,26.7022696929239
2025-01-10,MBB,23.427234231207823
2025-01-10,SSI,20.554984583761563
2025-01-10,TCB,20.95339599940667
2025-01-10,VCB,10.87547580206634
2025-01-10,VND,42.643923240938165
2025-01-10,VPB,26.79772033697804
2025-01-13,MBB,23.612750885478157
2025-01-13,SSI,21.03049421661409
2025-01-13,TCB,21.436227224008576
2025-01-13,VCB,10.946907498631637
2025-01-13,VND,43.956043956043956
2025-01-13,VPB,27.210884353741495
2025-01-14,MBB,23.391812865497077
2025-01-14,SSI,20.768431983385256
2025-01-14,TCB,21.164021164021165
2025-01-14,VCB,10.946907498631637
2025-01-14,VND,43.956043956043956
2025-01-14,VPB,27.434842249657063
2025-01-15,MBB,23.391812865497077
2025-01-15,SSI,20.72538860103627
2025-01-15,TCB,21.03049421661409
2025-01-15,VCB,10.922992900054615
2025-01-15,VND,43.7636761487965
2025-01-15,VPB,27.210884353741495
2025-01-16,MBB,23.337222870478413
2025-01-16,SSI,20.387359836901123
2025-01-16,TCB,21.03049421661409
2025-01-16,VCB,10.793308148947652
2025-01-16,VND,0.0
2025-01-16,VPB,27.210884353741495
2025-01-17,MBB,23.337222870478413
2025-01-17,SSI,20.502322651759705
2025-01-17,TCB,20.94240837696335
2025-01-17,VCB,10.808866075149572
2025-01-17,VND,41.06776180698152
2025-01-17,VPB,27.235014060194338
2025-01-20,MBB,23.014959723820482
2025-01-20,SSI,20.36317736485195
2025-01-20,TCB,20.512820512820515
2025-01-20,VCB,10.87547580206634
2025-01-20,VND,40.899795501022496
2025-01-20,VPB,27.06359945872801
2025-01-21,MBB,22.857142857142858
2025-01-21,SSI,20.387359836901123
2025-01-21,TCB,20.554984583761563
2025-01-21,VCB,10.922992900054615
2025-01-21,VND,41.58004158004158
2025-01-21,VPB,27.210884353741495
2025-01-22,MBB,22.90950744558992
2025-01-22,SSI,20.387359836901123
2025-01-22,TCB,20.597322348094746
2025-01-22,VCB,10.946907498631637
2025-01-22,VND,41.928721174004195
2025-01-22,VPB,27.210884353741495
2025-01-23,MBB,22.80501710376283
2025-01-23,SSI,20.304568527918782
2025-01-23,TCB,20.470829068577277
2025-01-23,VCB,10.849519238545614
2025-01-23,VND,42.10526315789474
2025-01-23,VPB,26.56042496679947
2025-01-24,MBB,22.547914317925592
2025-01-24,SSI,19.940179461615156
2025-01-24,TCB,20.181634712411704
2025-01-24,VCB,10.840108401084011
2025-01-24,VND,41.58004158004158
2025-01-24,VPB,26.490066225165563
2025-02-03,MBB,22.650056625141563
2025-02-03,SSI,20.09602229356971
2025-02-03,TCB,20.470829068577277
2025-02-03,VCB,10.899182561307901
2025-02-03,VND,42.28329809725159
2025-02-03,VPB,26.845637583892618
2025-02-04,MBB,22.3463687150838
2025-02-04,SSI,20.100502512562816
2025-02-04,TCB,20.387359836901123
2025-02-04,VCB,10.887316276537833
2025-02-04,VND,42.10526315789474
2025-02-04,VPB,26.77376171352075
2025-02-05,MBB,22.296544035674472
2025-02-05,SSI,19.867053853032598
2025-02-05,TCB,20.26342451874367
2025-02-05,VCB,10.804970286331713
2025-02-05,VND,39.920159680638726
2025-02-05,VPB,26.490066225165563
2025-02-06,MBB,22.070208994499502
2025-02-06,SSI,19.892592647487486
2025-02-06,TCB,19.77197845743547
2025-02-06,VCB,10.748194933703138
2025-02-06,VND,38.83495145631068
2025-02-06,VPB,26.212319790301443
2025-02-07,MBB,22.099447513812155
2025-02-07,SSI,19.98001998001998
2025-02-07,TCB,19.704433497536947
2025-02-07,VCB,10.758472296933835
2025-02-07,VND,38.98635477582846
2025-02-07,VPB,26.350461133069828
2025-02-10,MBB,21.76278563656148
2025-02-10,SSI,20.100502512562816
2025-02-10,TCB,19.32367149758454
2025-02-10,VCB,10.828370330265296
2025-02-10,VND,39.603960396039604
2025-02-10,VPB,26.490066225165563
2025-02-11,MBB,21.810250817884405
2025-02-11,SSI,20.149116469169147
2025-02-11,TCB,19.32367149758454
2025-02-11,VCB,10.863661053775122
2025-02-11,VND,39.603960396039604
2025-02-11,VPB,26.350461133069828
2025-02-12,MBB,21.810250817884405
2025-02-12,SSI,20.100502512562816
2025-02-12,TCB,19.36108422071636
2025-02-12,VCB,10.887316276537833
2025-02-12,VND,39.13894324853229
2025-02-12,VPB,26.281208935611037
2025-02-13,MBB,21.95389681668496
2025-02-13,SSI,20.14098690835851
2025-02-13,TCB,19.398642095053347
2025-02-13,VCB,10.922992900054615
2025-02-13,VND,39.603960396039604
2025-02-13,VPB,26.490066225165563
2025-02-14,MBB,21.810250817884405
2025-02-14,SSI,19.98001998001998
2025-02-14,TCB,19.21229586935639
2025-02-14,VCB,10.887316276537833
2025-02-14,VND,39.13894324853229
2025-02-14,VPB,26.246764362956238
2025-02-17,MBB,21.95389681668496
2025-02-17,SSI,20.060180541624874
2025-02-17,TCB,19.286403085824492
2025-02-17,VCB,10.922992900054615
2025-02-17,VND,38.83495145631068
2025-02-17,VPB,26.350461133069828
2025-02-18,MBB,21.95389681668496
2025-02-18,SSI,19.868878052636518
2025-02-18,TCB,19.348613313005757
2025-02-18,VCB,10.922992900054615
2025-02-18,VND,37.95066413662239
2025-02-18,VPB,26.350461133069828
2025-02-19,MBB,21.90580503833516
2025-02-19,SSI,19.821605550049554
2025-02-19,TCB,19.25096564905817
2025-02-19,VCB,10.922992900054615
2025-02-19,VND,37.76904052447931
2025-02-19,VPB,26.281208935611037
2025-02-20,MBB,21.85792349726776
2025-02-20,SSI,19.704433497536947
2025-02-20,TCB,18.985045747649426
2025-02-20,VCB,10.87547580206634
2025-02-20,VND,37.38317757009346
2025-02-20,VPB,26.212319790301443
2025-02-21,MBB,21.76278563656148
2025-02-21,SSI,19.782393669634025
2025-02-21,TCB,18.862008005821767
2025-02-21,VCB,10.770059235325794
2025-02-21,VND,37.5234521575985
2025-02-21,VPB,26.07561929595828
2025-02-24,MBB,21.810250817884405
2025-02-24,SSI,19.550342130987293
2025-02-24,TCB,18.85014137606032
2025-02-24,VCB,10.758472296933835
2025-02-24,VND,37.38317757009346
2025-02-24,VPB,25.74002574002574
2025-02-25,MBB,21.401837554665246
2025-02-25,SSI,19.249278152069298
2025-02-25,TCB,18.885741265344667
2025-02-25,VCB,10.770059235325794
2025-02-25,VND,36.42987249544627
2025-02-25,VPB,25.773238676464484
2025-02-26,MBB,21.482277121374867
2025-02-26,SSI,19.36108422071636
2025-02-26,TCB,18.921475875118258
2025-02-26,VCB,10.81665765278529
2025-02-26,VND,36.29764065335753
2025-02-26,VPB,25.873221216041397
2025-02-27,MBB,21.668472372697725
2025-02-27,SSI,19.36108422071636
2025-02-27,TCB,19.029495718363464
2025-02-27,VCB,10.598834128245892
2025-02-27,VND,36.56307129798903
2025-02-27,VPB,26.00780234070221
2025-02-28,MBB,21.715526601520086
2025-02-28,SSI,18.921475875118258
2025-02-28,TCB,19.10219675262655
2025-02-28,VCB,10.678056593699946
2025-02-28,VND,36.69724770642202
2025-02-28,VPB,25.997963677905794
2025-03-03,MBB,21.715526601520086
2025-03-03,SSI,18.979349855249453
2025-03-03,TCB,19.10219675262655
2025-03-03,VCB,10.723860589812332
2025-03-03,VND,36.69724770642202
2025-03-03,VPB,26.00780234070221
2025-03-04,MBB,21.715526601520086
2025-03-04,SSI,18.95734597156398
2025-03-04,TCB,19.065776930409914
2025-03-04,VCB,10.746910263299302
2025-03-04,VND,36.83241252302026
2025-03-04,VPB,26.212319790301443
2025-03-05,MBB,21.119324181626187
2025-03-05,SSI,18.95734597156398
2025-03-05,TCB,18.264840182648403
2025-03-05,VCB,10.729041198792919
2025-03-05,VND,36.69724770642202
2025-03-05,VPB,26.053013644206256
2025-03-06,MBB,21.164021164021165
2025-03-06,SSI,18.95734597156398
2025-03-06,TCB,18.231540565177756
2025-03-06,VCB,10.700909577314071
2025-03-06,VND,36.96857670979667
2025-03-06,VPB,26.07561929595828
2025-03-07,MBB,20.304568527918782
2025-03-07,SSI,18.570102135561747
2025-03-07,TCB,18.066847335140018
2025-03-07,VCB,10.6439595529537
2025-03-07,VND,36.42987249544627
2025-03-07,VPB,25.940337224383917
2025-03-10,MBB,20.304568527918782
2025-03-10,SSI,18.562726217859286
2025-03-10,TCB,17.873100983020553
2025-03-10,VCB,10.346611484738748
2025-03-10,VND,35.27336860670194
2025-03-10,VPB,25.61696079930002
2025-03-11,MBB,20.42900919305414
2025-03-11,SSI,18.85014137606032
2025-03-11,TCB,18.066847335140018
2025-03-11,VCB,10.368066355624675
2025-03-11,VND,35.39823008849557
2025-03-11,VPB,25.873221216041397
2025-03-12,MBB,20.181634712411704
2025-03-12,SSI,18.709073900841908
2025-03-12,TCB,17.905102954341988
2025-03-12,VCB,14.869888475836431
2025-03-12,VND,33.840947546531304
2025-03-12,VPB,25.477707006369428
2025-03-13,MBB,20.387359836901123
2025-03-13,SSI,18.709073900841908
2025-03-13,TCB,18.099547511312217
2025-03-13,VCB,15.191803008912409
2025-03-13,VND,33.05785123966942
2025-03-13,VPB,25.673940949935815
2025-03-14,MBB,20.597322348094746
2025-03-14,SSI,18.501387604070306
2025-03-14,TCB,18.298261665141812
2025-03-14,VCB,15.048908954100828
2025-03-14,VND,33.31490735622414
2025-03-14,VPB,25.74002574002574
2025-03-17,MBB,20.63983488132095
2025-03-17,SSI,18.535681186283597
2025-03-17,TCB,18.298261665141812
2025-03-17,VCB,14.936519790888722
2025-03-17,VND,33.61344537815126
2025-03-17,VPB,24.906600249066003
2025-03-18,MBB,20.682523267838675
2025-03-18,SSI,18.467220683287167
2025-03-18,TCB,18.231540565177756
2025-03-18,VCB,14.847809948032666
2025-03-18,VND,33.60540195977889
2025-03-18,VPB,25.054130483910182
2025-03-19,MBB,20.98635886673662
2025-03-19,SSI,18.744142455482663
2025-03-19,TCB,18.331805682859763
2025-03-19,VCB,14.936519790888722
2025-03-19,VND,33.16749585406302
2025-03-19,VPB,25.430618718036065
2025-03-20,MBB,20.768431983385256
2025-03-20,SSI,18.814675446848543
2025-03-20,TCB,18.365472910927455
2025-03-20,VCB,15.048908954100828
2025-03-20,VND,33.05785123966942
2025-03-20,VPB,25.60819462227913
2025-03-21,MBB,20.55921836019488
2025-03-21,SSI,18.771690490934688
2025-03-21,TCB,18.231540565177756
2025-03-21,VCB,15.048908954100828
2025-03-21,VND,32.414910858995135
2025-03-21,VPB,25.673940949935815
2025-03-24,MBB,20.682523267838675
2025-03-24,SSI,18.779342723004696
2025-03-24,TCB,17.982853348869735
2025-03-24,VCB,15.209125475285171
2025-03-24,VND,32.31017770597738
2025-03-24,VPB,25.74002574002574
2025-03-25,MBB,20.49812350733538
2025-03-25,SSI,18.365472910927455
2025-03-25,TCB,17.873100983020553
2025-03-25,VCB,15.048908954100828
2025-03-25,VND,32.0
2025-03-25,VPB,25.60819462227913
2025-03-26,MBB,20.63983488132095
2025-03-26,SSI,18.6046511627907
2025-03-26,TCB,17.68346595932803
2025-03-26,VCB,15.071590052750565
2025-03-26,VND,32.520325203252035
2025-03-26,VPB,25.60819462227913
2025-03-27,MBB,20.855057351407716
2025-03-27,SSI,18.901127000108296
2025-03-27,TCB,17.84121320249777
2025-03-27,VCB,15.186028853454822
2025-03-27,VND,32.31017770597738
2025-03-27,VPB,25.806451612903224
2025-03-28,MBB,20.898641588296762
2025-03-28,SSI,19.029495718363464
2025-03-28,TCB,18.13236627379873
2025-03-28,VCB,15.349194167306216
2025-03-28,VND,31.79650238473768
2025-03-28,VPB,25.940337224383917
2025-03-31,MBB,20.898641588296762
2025-03-31,SSI,19.119257725802743
2025-03-31,TCB,18.298261665141812
2025-03-31,VCB,15.491866769945778
2025-03-31,VND,32.568553477318844
2025-03-31,VPB,26.212319790301443
2025-04-01,MBB,20.72538860103627
2025-04-01,SSI,19.161474679464284
2025-04-01,TCB,18.198362147406733
2025-04-01,VCB,15.420200462606013
2025-04-01,VND,32.520325203252035
2025-04-01,VPB,26.212319790301443
2025-04-02,MBB,20.387359836901123
2025-04-02,SSI,19.065776930409914
2025-04-02,TCB,17.873100983020553
2025-04-02,VCB,15.278838808250573
2025-04-02,VND,32.12340681808195
2025-04-02,VPB,26.07561929595828
2025-04-03,MBB,21.482277121374867
2025-04-03,SSI,19.803960203862566
2025-04-03,TCB,18.71470991855203
2025-04-03,VCB,16.298712795954476
2025-04-03,VND,33.053579785556984
2025-04-03,VPB,27.210884353741495
2025-04-04,MBB,22.962112514351322
2025-04-04,SSI,21.64904645151983
2025-04-04,TCB,19.90049751243781
2025-04-04,VCB,17.346053772766695
2025-04-04,VND,35.650623885918
2025-04-04,VPB,29.455081001472752
2025-04-08,MBB,0.0
2025-04-08,SSI,0.0
2025-04-08,TCB,0.0
2025-04-08,VCB,17.905102954341988
2025-04-08,VND,0.0
2025-04-08,VPB,0.0
2025-04-09,MBB,24.575265849971807
2025-04-09,SSI,24.164284768292333
2025-04-09,TCB,21.19524660905084
2025-04-09,VCB,19.378294824274185
2025-04-09,VND,38.53564547206166
2025-04-09,VPB,32.06163723916533
2025-04-11,MBB,21.820923805806054
2025-04-11,SSI,21.944466022259252
2025-04-11,TCB,19.215817991519522
2025-04-11,VCB,16.99235344095157
2025-04-11,VND,34.78260869565217
2025-04-11,VPB,29.259259619093328
2025-04-14,MBB,21.451028976733454
2025-04-14,SSI,21.156744911073144
2025-04-14,TCB,18.99335232668566
2025-04-14,VCB,16.850293411776995
2025-04-14,VND,33.840947546531304
2025-04-14,VPB,28.776978417266186
2025-04-15,MBB,21.668472372697725
2025-04-15,SSI,21.230544884111687
2025-04-15,TCB,19.175455417066154
2025-04-15,VCB,16.63894662455712
2025-04-15,VND,32.82728521173129
2025-04-15,VPB,29.282576866764277
2025-04-16,MBB,21.668472372697725
2025-04-16,SSI,21.34471718249733
2025-04-16,TCB,19.10219675262655
2025-04-16,VCB,16.736401673640167
2025-04-16,VND,32.84072249589491
2025-04-16,VPB,29.62962962962963
2025-04-17,MBB,21.978048518353482
2025-04-17,SSI,21.75419308473577
2025-04-17,TCB,19.43634596695821
2025-04-17,VCB,17.050298380221655
2025-04-17,VND,32.948929159802304
2025-04-17,VPB,30.257186081694403
2025-04-18,MBB,21.57497303128371
2025-04-18,SSI,21.340928627796853
2025-04-18,TCB,19.065776930409914
2025-04-18,VCB,16.877637130801688
2025-04-18,VND,32.102728731942214
2025-04-18,VPB,29.542097488921712
2025-04-21,MBB,21.76278563656148
2025-04-21,SSI,21.715526601520086
2025-04-21,TCB,19.398642095053347
2025-04-21,VCB,17.150569750501347
2025-04-21,VND,32.84072249589491
2025-04-21,VPB,29.71768202080238
2025-04-22,MBB,21.830670074480768
2025-04-22,SSI,22.05071664829107
2025-04-22,TCB,19.70125889310204
2025-04-22,VCB,17.338202690902087
2025-04-22,VND,33.277870216306155
2025-04-22,VPB,30.005818374791783
2025-04-23,MBB,21.390374331550802
2025-04-23,SSI,21.95389681668496
2025-04-23,TCB,19.704433497536947
2025-04-23,VCB,17.050298380221655
2025-04-23,VND,33.05785123966942
2025-04-23,VPB,29.71768202080238
2025-04-24,MBB,21.52852529601722
2025-04-24,SSI,21.90580503833516
2025-04-24,TCB,19.36108422071636
2025-04-24,VCB,17.143844861002314
2025-04-24,VND,33.51408550413958
2025-04-24,VPB,29.71768202080238
2025-04-25,MBB,21.299254526091588
2025-04-25,SSI,21.76278563656148
2025-04-25,TCB,19.474196689386563
2025-04-25,VCB,17.196904557179707
2025-04-25,VND,33.71421643418469
2025-04-25,VPB,30.13869515417503
2025-04-28,MBB,21.143391787531176
2025-04-28,SSI,21.85792349726776
2025-04-28,TCB,19.32367149758454
2025-04-28,VCB,17.28608470181504
2025-04-28,VND,33.840947546531304
2025-04-28,VPB,30.1378311108519
2025-04-29,MBB,21.164021164021165
2025-04-29,SSI,21.71450368350221
2025-04-29,TCB,18.95734597156398
2025-04-29,VCB,17.346053772766695
2025-04-29,VND,33.840947546531304
2025-04-29,VPB,30.165912518853695
2025-05-05,MBB,21.22325054428376
2025-05-05,SSI,21.661074885685707
2025-05-05,TCB,19.029495718363464
2025-05-05,VCB,17.467248908296945
2025-05-05,VND,34.18803418803419
2025-05-05,VPB,30.165912518853695
2025-05-06,MBB,21.208907741251327
2025-05-06,SSI,21.390374331550802
2025-05-06,TCB,18.535686723982067
2025-05-06,VCB,17.40644038294169
2025-05-06,VND,33.50083752093802
2025-05-06,VPB,29.455081001472752
2025-05-07,MBB,21.34471718249733
2025-05-07,SSI,21.810250817884405
2025-05-07,TCB,18.63932898415657
2025-05-07,VCB,17.497812773403325
2025-05-07,VND,34.305317324185246
2025-05-07,VPB,29.62962962962963
2025-05-08,MBB,21.482277121374867
2025-05-08,SSI,21.810250817884405
2025-05-08,TCB,18.525066506074722
2025-05-08,VCB,17.5284837861525
2025-05-08,VND,34.18803418803419
2025-05-08,VPB,29.368575624082233
2025-05-09,MBB,21.299254526091588
2025-05-09,SSI,21.715526601520086
2025-05-09,TCB,18.264840182648403
2025-05-09,VCB,17.559262510974538
2025-05-09,VND,33.277870216306155
2025-05-09,VPB,29.455081001472752
2025-05-12,MBB,21.253985122210416
2025-05-12,SSI,21.76278563656148
2025-05-12,TCB,17.725794827500838
2025-05-12,VCB,17.6522506619594
2025-05-12,VND,33.61344537815126
2025-05-12,VPB,29.18008053634229
2025-05-13,MBB,20.63983488132095
2025-05-13,SSI,21.253985122210416
2025-05-13,TCB,17.050298380221655
2025-05-13,VCB,17.559262510974538
2025-05-13,VND,32.821752212369795
2025-05-13,VPB,28.430877255065386
2025-05-14,MBB,20.42900919305414
2025-05-14,SSI,21.299254526091588
2025-05-14,TCB,16.750430509913127
2025-05-14,VCB,17.081042664376422
2025-05-14,VND,33.05785123966942
2025-05-14,VPB,27.59173261469757
2025-05-15,MBB,19.98001998001998
2025-05-15,SSI,20.855057351407716
2025-05-15,TCB,16.786779785042107
2025-05-15,VCB,16.934801016088063
2025-05-15,VND,32.520325203252035
2025-05-15,VPB,27.210884353741495
2025-05-16,MBB,20.14098690835851
2025-05-16,SSI,20.855057351407716
2025-05-16,TCB,16.94655313337889
2025-05-16,VCB,17.25625539257981
2025-05-16,VND,32.45324334781583
2025-05-16,VPB,27.51031636863824
2025-05-19,MBB,20.304568527918782
2025-05-19,SSI,21.253985122210416
2025-05-19,TCB,16.934801016088063
2025-05-19,VCB,17.436791630340018
2025-05-19,VND,33.26683278008184
2025-05-19,VPB,27.285129604365622
2025-05-20,MBB,20.14098690835851
2025-05-20,SSI,21.327668686345177
2025-05-20,TCB,16.52477943327484
2025-05-20,VCB,17.5284837861525
2025-05-20,VND,33.61344537815126
2025-05-20,VPB,27.23357040254331
2025-05-21,MBB,20.02002002002002
2025-05-21,SSI,21.414392513314397
2025-05-21,TCB,16.194331983805668
2025-05-21,VCB,17.5284837861525
2025-05-21,VND,33.16749585406302
2025-05-21,VPB,27.06359945872801
2025-05-22,MBB,19.98001998001998
2025-05-22,SSI,21.244969646018596
2025-05-22,TCB,16.18803793648903
2025-05-22,VCB,17.497812773403325
2025-05-22,VND,31.51449144159771
2025-05-22,VPB,26.99055330634278
2025-05-23,MBB,20.276515794390296
2025-05-23,SSI,21.390374331550802
2025-05-23,TCB,16.54179364196804
2025-05-23,VCB,17.590149516270888
2025-05-23,VND,31.915242652084757
2025-05-23,VPB,27.434842249657063
2025-05-26,MBB,20.42900919305414
2025-05-26,SSI,21.52852529601722
2025-05-26,TCB,16.65531459649372
2025-05-26,VCB,17.739024596629577
2025-05-26,VND,32.45632363709606
2025-05-26,VPB,27.800979554358708
2025-05-27,MBB,20.181634712411704
2025-05-27,SSI,21.07481559536354
2025-05-27,TCB,16.299918500407497
2025-05-27,VCB,17.590149516270888
2025-05-27,VND,30.941647899316937
2025-05-27,VPB,27.56249110657876
2025-05-28,MBB,20.26342451874367
2025-05-28,SSI,20.898641588296762
2025-05-28,TCB,16.35322976287817
2025-05-28,VCB,17.5284837861525
2025-05-28,VND,30.721966205837173
2025-05-28,VPB,27.662517289073307
2025-05-29,MBB,20.326813144820797
2025-05-29,SSI,21.07481559536354
2025-05-29,TCB,16.38001638001638
2025-05-29,VCB,17.559262510974538
2025-05-29,VND,31.104199066874028
2025-05-29,VPB,27.359781121751027
2025-05-30,MBB,20.42900919305414
2025-05-30,SSI,21.208907741251327
2025-05-30,TCB,16.35322976287817
2025-05-30,VCB,17.68346595932803
2025-05-30,VND,31.555149208244703
2025-05-30,VPB,27.586206896551722
2025-06-02,MBB,20.597322348094746
2025-06-02,SSI,21.253985122210416
2025-06-02,TCB,16.38769481263329
2025-06-02,VCB,17.809439002671414
2025-06-02,VND,31.201248049921997
2025-06-02,VPB,27.89400278940028
2025-06-03,MBB,20.222446916076844
2025-06-03,SSI,20.585109531460176
2025-06-03,TCB,15.860428231562253
2025-06-03,VCB,17.6522506619594
2025-06-03,VND,29.715493583525188
2025-06-03,VPB,27.410432126760792
2025-06-04,MBB,20.304568527918782
2025-06-04,SSI,20.468505742159323
2025-06-04,TCB,15.936254980079681
2025-06-04,VCB,17.621145374449338
2025-06-04,VND,28.694404591104735
2025-06-04,VPB,27.285129604365622
2025-06-05,MBB,20.42900919305414
2025-06-05,SSI,20.72538860103627
2025-06-05,TCB,16.06425702811245
2025-06-05,VCB,17.71479185119575
2025-06-05,VND,29.197080291970803
2025-06-05,VPB,27.434842249657063
2025-06-06,MBB,20.597322348094746
2025-06-06,SSI,21.03049421661409
2025-06-06,TCB,16.318342270141084
2025-06-06,VCB,17.77777777777778
2025-06-06,VND,30.075187969924812
2025-06-06,VPB,27.816411682892905
2025-06-09,MBB,20.63983488132095
2025-06-09,SSI,21.253985122210416
2025-06-09,TCB,16.597510373443985
2025-06-09,VCB,17.84121320249777
2025-06-09,VND,30.40560047856283
2025-06-09,VPB,28.129395218002813
2025-06-10,MBB,20.554984583761563
2025-06-10,SSI,21.33402008687245
2025-06-10,TCB,16.570008285004143
2025-06-10,VCB,17.84121320249777
2025-06-10,VND,30.53435114503817
2025-06-10,VPB,27.77783136155741
2025-06-11,MBB,20.63983488132095
2025-06-11,SSI,21.299254526091588
2025-06-11,TCB,16.597510373443985
2025-06-11,VCB,17.905102954341988
2025-06-11,VND,30.816640986132512
2025-06-11,VPB,27.816411682892905
2025-06-12,MBB,20.345879959308242
2025-06-12,SSI,21.119324181626187
2025-06-12,TCB,16.299918500407497
2025-06-12,VCB,17.905102954341988
2025-06-12,VND,30.165912518853695
2025-06-12,VPB,27.586206896551722
2025-06-13,MBB,20.181634712411704
2025-06-13,SSI,21.436227224008576
2025-06-13,TCB,16.142050040355127
2025-06-13,VCB,17.77777777777778
2025-06-13,VND,30.91190108191654
2025-06-13,VPB,27.586206896551722
2025-06-16,MBB,19.98001998001998
2025-06-16,SSI,21.34471718249733
2025-06-16,TCB,15.661707126076742
2025-06-16,VCB,17.68346595932803
2025-06-16,VND,30.721966205837173
2025-06-16,VPB,26.917900403768506
2025-06-17,MBB,19.90049751243781
2025-06-17,SSI,20.98635886673662
2025-06-17,TCB,15.491866769945778
2025-06-17,VCB,17.5284837861525
2025-06-17,VND,29.985007496251875
2025-06-17,VPB,26.64063995373029
2025-06-18,MBB,19.940179461615156
2025-06-18,SSI,21.03049421661409
2025-06-18,TCB,15.30221882172915
2025-06-18,VCB,17.559262510974538
2025-06-18,VND,30.075187969924812
2025-06-18,VPB,26.7022696929239
2025-06-19,MBB,19.940179461615156
2025-06-19,SSI,21.119324181626187
2025-06-19,TCB,15.026296018031555
2025-06-19,VCB,17.68346595932803
2025-06-19,VND,30.52444359419645
2025-06-19,VPB,26.917900403768506
2025-06-20,MBB,19.398642095053347
2025-06-20,SSI,20.81165452653486
2025-06-20,TCB,14.673514306676449
2025-06-20,VCB,17.590149516270888
2025-06-20,VND,29.985007496251875
2025-06-20,VPB,26.917900403768506
2025-06-23,MBB,19.32367149758454
2025-06-23,SSI,21.07481559536354
2025-06-23,TCB,14.869888475836431
2025-06-23,VCB,17.621145374449338
2025-06-23,VND,30.53435114503817
2025-06-23,VPB,27.210884353741495
2025-06-24,MBB,19.175455417066154
2025-06-24,SSI,20.63983488132095
2025-06-24,TCB,14.650585535735498
2025-06-24,VCB,17.621145374449338
2025-06-24,VND,30.349013657056144
2025-06-24,VPB,26.845637583892618
2025-06-25,MBB,19.359525357252537
2025-06-25,SSI,20.512820512820515
2025-06-25,TCB,14.678306049449468
2025-06-25,VCB,17.621145374449338
2025-06-25,VND,29.71768202080238
2025-06-25,VPB,26.99055330634278
2025-06-26,MBB,19.550342130987293
2025-06-26,SSI,20.554984583761563
2025-06-26,TCB,14.711296881107742
2025-06-26,VCB,17.68346595932803
2025-06-26,VND,29.985007496251875
2025-06-26,VPB,27.068845358991382
2025-06-27,MBB,19.36108422071636
2025-06-27,SSI,20.387359836901123
2025-06-27,TCB,14.716703458425313
2025-06-27,VCB,17.6522506619594
2025-06-27,VND,29.282576866764277
2025-06-27,VPB,26.917900403768506
2025-06-30,MBB,19.398642095053347
2025-06-30,SSI,20.14098690835851
2025-06-30,TCB,14.587892049598834
2025-06-30,VCB,17.5284837861525
2025-06-30,VND,29.027576197387518
2025-06-30,VPB,26.99055330634278
