datetime,tickersymbol,open,high,low,close,ceiling,floor,matched_quantity,exchangeid,instrumenttype,primary_split,validation_fold
2022-01-04,FPT,93.4,94.2,93.3,93.5,99.5,86.5,1036600,HSX,stock,development,
2022-01-04,HPG,46.8,47.2,46.6,46.75,49.6,43.2,8424600,HSX,stock,development,
2022-01-04,MBB,29.2,29.4,29.05,29.1,30.9,26.9,3803700,HSX,stock,development,
2022-01-04,MWG,135.9,139.2,134.9,137.8,145.4,126.4,626100,HSX,stock,development,
2022-01-04,PNJ,96.2,96.5,95.4,96.5,102.9,89.5,185700,HSX,stock,development,
2022-01-04,SSI,52.5,53.4,51.9,53.0,55.4,48.2,5980900,HSX,stock,development,
2022-01-04,TCB,50.5,51.2,50.3,50.9,53.5,46.5,5871400,HSX,stock,development,
2022-01-04,VCB,79.0,79.4,78.0,79.0,84.3,73.3,540300,HSX,stock,development,
2022-01-04,VND,82.1,84.4,82.0,83.0,87.7,76.3,2327800,HSX,stock,development,
2022-01-04,VPB,36.15,36.35,36.0,36.05,38.3,33.3,6925100,HSX,stock,development,
2022-01-05,FPT,93.7,94.2,93.5,93.6,100.0,87.0,741000,HSX,stock,development,
2022-01-05,HPG,46.9,47.35,46.8,46.8,50.0,43.5,8681400,HSX,stock,development,
2022-01-05,MBB,29.1,29.15,28.65,28.7,31.1,27.1,3873900,HSX,stock,development,
2022-01-05,MWG,137.8,139.3,137.1,137.1,147.4,128.2,666300,HSX,stock,development,
2022-01-05,PNJ,96.0,96.6,95.1,95.1,103.2,89.8,326100,HSX,stock,development,
2022-01-05,SSI,53.0,53.9,52.5,52.8,56.7,49.3,6794500,HSX,stock,development,
2022-01-05,TCB,50.9,51.2,50.3,50.5,54.4,47.35,4791800,HSX,stock,development,
2022-01-05,VCB,79.0,80.4,78.0,78.0,84.5,73.5,911300,HSX,stock,development,
2022-01-05,VND,83.0,84.8,82.1,82.1,88.8,77.2,2932600,HSX,stock,development,
2022-01-05,VPB,36.05,36.15,35.5,35.5,38.55,33.55,6623600,HSX,stock,development,
2022-01-06,FPT,93.6,94.0,93.5,93.5,100.1,87.1,685000,HSX,stock,development,
2022-01-06,HPG,46.5,46.7,46.1,46.1,50.0,43.55,8014800,HSX,stock,development,
2022-01-06,MBB,28.5,28.6,28.15,28.35,30.7,26.7,4791500,HSX,stock,development,
2022-01-06,MWG,137.1,138.8,136.5,137.5,146.6,127.6,476200,HSX,stock,development,
2022-01-06,PNJ,95.2,95.9,94.5,94.6,101.7,88.5,161800,HSX,stock,development,
2022-01-06,SSI,52.4,53.0,51.9,51.9,56.4,49.15,6092800,HSX,stock,development,
2022-01-06,TCB,50.2,50.4,49.6,49.9,54.0,47.0,4776500,HSX,stock,development,
2022-01-06,VCB,78.6,79.9,77.9,79.1,83.4,72.6,692400,HSX,stock,development,
2022-01-06,VND,81.8,83.1,81.0,81.2,87.8,76.4,2666300,HSX,stock,development,
2022-01-06,VPB,35.3,35.5,34.9,35.15,37.95,33.05,7260600,HSX,stock,development,
2022-01-07,FPT,93.1,93.7,93.1,93.4,100.0,87.0,476800,HSX,stock,development,
2022-01-07,HPG,46.1,46.2,45.65,45.8,49.3,42.9,7534300,HSX,stock,development,
2022-01-07,MBB,28.35,28.85,28.3,28.6,30.3,26.4,4276500,HSX,stock,development,
2022-01-07,MWG,137.5,137.5,135.5,135.5,147.1,127.9,533700,HSX,stock,development,
2022-01-07,PNJ,94.6,94.6,93.6,93.9,101.2,88.0,152800,HSX,stock,development,
2022-01-07,SSI,51.7,52.5,51.2,51.6,55.5,48.3,5827700,HSX,stock,development,
2022-01-07,TCB,49.9,50.1,49.4,49.45,53.3,46.45,3300700,HSX,stock,development,
2022-01-07,VCB,79.6,79.9,78.2,79.8,84.6,73.6,490000,HSX,stock,development,
2022-01-07,VND,80.5,81.7,79.7,80.0,86.8,75.6,2938700,HSX,stock,development,
2022-01-07,VPB,35.1,35.15,34.6,34.6,37.6,32.7,6023900,HSX,stock,development,
2022-01-10,FPT,93.2,93.5,91.9,92.0,99.9,86.9,640700,HSX,stock,development,
2022-01-10,HPG,45.85,46.65,45.5,45.65,49.0,42.6,6408900,HSX,stock,development,
2022-01-10,MBB,28.55,28.75,28.1,28.1,30.6,26.6,3566800,HSX,stock,development,
2022-01-10,MWG,135.5,135.5,133.0,133.0,144.9,126.1,403100,HSX,stock,development,
2022-01-10,PNJ,93.8,93.8,93.0,93.2,100.4,87.4,209000,HSX,stock,development,
2022-01-10,SSI,51.6,52.0,49.55,49.55,55.2,48.0,5941500,HSX,stock,development,
2022-01-10,TCB,49.5,49.6,48.65,48.65,52.9,46.0,3095700,HSX,stock,development,
2022-01-10,VCB,79.7,79.9,78.5,79.5,85.3,74.3,458900,HSX,stock,development,
2022-01-10,VND,79.5,80.6,77.2,77.2,85.6,74.4,3962200,HSX,stock,development,
2022-01-10,VPB,34.5,35.1,34.15,34.4,37.0,32.2,4678500,HSX,stock,development,
2022-01-11,FPT,92.0,92.2,89.1,89.5,98.4,85.6,1118500,HSX,stock,development,
2022-01-11,HPG,46.05,46.05,45.1,45.1,48.8,42.5,6027100,HSX,stock,development,
2022-01-11,MBB,28.25,28.5,27.9,27.9,30.05,26.15,3607000,HSX,stock,development,
2022-01-11,MWG,133.0,134.5,131.7,131.8,142.3,123.7,463100,HSX,stock,development,
2022-01-11,PNJ,93.2,94.5,92.4,94.1,99.7,86.7,212500,HSX,stock,development,
2022-01-11,SSI,49.7,50.6,48.0,48.1,53.0,46.1,6908100,HSX,stock,development,
2022-01-11,TCB,48.9,49.1,48.4,48.45,52.0,45.25,3884400,HSX,stock,development,
2022-01-11,VCB,80.0,80.0,78.5,79.4,85.0,74.0,579000,HSX,stock,development,
2022-01-11,VND,79.0,79.0,73.0,73.0,82.6,71.8,4602500,HSX,stock,development,
2022-01-11,VPB,34.4,34.8,34.0,34.3,36.8,32.0,5183000,HSX,stock,development,
2022-01-12,FPT,89.1,90.6,88.5,89.6,95.7,83.3,845400,HSX,stock,development,
2022-01-12,HPG,45.2,46.25,45.15,46.2,48.25,41.95,6388900,HSX,stock,development,
2022-01-12,MBB,28.2,29.2,28.05,29.2,29.85,25.95,7274900,HSX,stock,development,
2022-01-12,MWG,131.8,136.0,130.0,136.0,141.0,122.6,611100,HSX,stock,development,
2022-01-12,PNJ,94.1,94.1,92.6,92.7,100.6,87.6,257400,HSX,stock,development,
2022-01-12,SSI,48.5,50.5,48.1,50.5,51.4,44.75,6738600,HSX,stock,development,
2022-01-12,TCB,48.45,50.4,48.4,50.4,51.8,45.1,5215300,HSX,stock,development,
2022-01-12,VCB,79.4,80.0,78.0,80.0,84.9,73.9,868500,HSX,stock,development,
2022-01-12,VND,72.5,76.7,72.0,76.4,78.1,67.9,3260600,HSX,stock,development,
2022-01-12,VPB,34.2,35.45,33.85,35.4,36.7,31.9,5534200,HSX,stock,development,
2022-01-13,FPT,90.9,92.7,89.8,92.1,95.8,83.4,930800,HSX,stock,development,
2022-01-13,HPG,46.3,47.3,46.2,46.7,49.4,43.0,10042500,HSX,stock,development,
2022-01-13,MBB,29.7,30.85,29.55,29.7,31.2,27.2,13167100,HSX,stock,development,
2022-01-13,MWG,136.5,136.5,132.0,135.5,145.5,126.5,596700,HSX,stock,development,
2022-01-13,PNJ,96.0,96.0,93.1,94.1,99.1,86.3,202000,HSX,stock,development,
2022-01-13,SSI,51.0,51.1,48.85,48.85,54.0,47.0,5000300,HSX,stock,development,
2022-01-13,TCB,50.9,51.8,50.2,50.5,53.9,46.9,5899900,HSX,stock,development,
2022-01-13,VCB,80.5,84.4,80.2,81.9,85.6,74.4,1182300,HSX,stock,development,
2022-01-13,VND,76.9,77.4,72.2,72.9,81.7,71.1,2348600,HSX,stock,development,
2022-01-13,VPB,35.7,36.25,34.95,35.25,37.85,32.95,6969900,HSX,stock,development,
2022-01-14,FPT,91.7,92.1,90.9,91.3,98.5,85.7,421200,HSX,stock,development,
2022-01-14,HPG,46.5,46.85,46.2,46.25,49.95,43.45,3672000,HSX,stock,development,
2022-01-14,MBB,29.5,30.15,29.25,29.65,31.75,27.65,3985100,HSX,stock,development,
2022-01-14,MWG,135.0,135.0,133.2,134.0,144.9,126.1,317000,HSX,stock,development,
2022-01-14,PNJ,91.7,94.3,91.7,93.9,100.6,87.6,160700,HSX,stock,development,
2022-01-14,SSI,48.45,49.45,48.3,48.7,52.2,45.45,3153000,HSX,stock,development,
2022-01-14,TCB,50.0,50.4,49.5,49.75,54.0,47.0,2674600,HSX,stock,development,
2022-01-14,VCB,81.9,83.4,81.0,83.4,87.6,76.2,716700,HSX,stock,development,
2022-01-14,VND,72.0,73.8,72.0,72.0,78.0,67.8,2048100,HSX,stock,development,
2022-01-14,VPB,35.25,35.4,34.7,34.85,37.7,32.8,4126200,HSX,stock,development,
2022-01-17,FPT,90.5,91.3,89.0,89.0,97.6,85.0,805000,HSX,stock,development,
2022-01-17,HPG,46.25,46.5,44.7,44.7,49.45,43.05,9087600,HSX,stock,development,
2022-01-17,MBB,29.7,30.75,29.5,29.5,31.7,27.6,11288200,HSX,stock,development,
2022-01-17,MWG,133.0,133.9,130.0,130.0,143.3,124.7,515100,HSX,stock,development,
2022-01-17,PNJ,93.1,94.0,92.6,93.5,100.4,87.4,302500,HSX,stock,development,
2022-01-17,SSI,48.5,48.9,45.3,45.3,52.1,45.3,12549200,HSX,stock,development,
2022-01-17,TCB,49.7,50.5,48.6,48.6,53.2,46.3,5438200,HSX,stock,development,
2022-01-17,VCB,83.0,88.0,82.3,86.2,89.2,77.6,1357200,HSX,stock,development,
2022-01-17,VND,72.0,72.4,67.0,67.0,77.0,67.0,5700000,HSX,stock,development,
2022-01-17,VPB,34.85,35.1,33.05,33.05,37.25,32.45,6810700,HSX,stock,development,
2022-01-18,FPT,88.3,89.6,88.0,88.1,95.2,82.8,569300,HSX,stock,development,
2022-01-18,HPG,44.5,45.25,43.0,44.0,47.8,41.6,8872800,HSX,stock,development,
2022-01-18,MBB,29.7,30.35,29.5,29.9,31.55,27.45,6171600,HSX,stock,development,
2022-01-18,MWG,129.0,132.0,128.6,130.1,139.1,120.9,481700,HSX,stock,development,
2022-01-18,PNJ,92.2,93.5,92.1,93.3,100.0,87.0,209000,HSX,stock,development,
2022-01-18,SSI,44.3,45.1,42.15,42.3,48.45,42.15,7861700,HSX,stock,development,
2022-01-18,TCB,48.6,49.45,48.5,48.75,52.0,45.2,3865400,HSX,stock,development,
2022-01-18,VCB,85.5,87.6,84.0,87.6,92.2,80.2,954600,HSX,stock,development,
2022-01-18,VND,65.1,66.0,62.4,62.4,71.6,62.4,5484100,HSX,stock,development,
2022-01-18,VPB,33.05,33.9,33.0,33.25,35.35,30.75,3336000,HSX,stock,development,
2022-01-19,FPT,88.1,89.2,88.0,88.3,94.2,82.0,401600,HSX,stock,development,
2022-01-19,HPG,44.4,44.55,43.45,43.5,47.05,40.95,8992400,HSX,stock,development,
2022-01-19,MBB,30.2,30.8,29.6,29.6,31.95,27.85,5149100,HSX,stock,development,
2022-01-19,MWG,130.2,134.0,130.0,133.5,139.2,121.0,518400,HSX,stock,development,
2022-01-19,PNJ,93.2,93.6,92.0,93.6,99.8,86.8,179300,HSX,stock,development,
2022-01-19,SSI,43.9,45.2,43.35,45.2,45.25,39.35,5347500,HSX,stock,development,
2022-01-19,TCB,49.0,49.4,48.8,48.85,52.1,45.35,2326900,HSX,stock,development,
2022-01-19,VCB,87.5,87.5,85.0,86.8,93.7,81.5,565400,HSX,stock,development,
2022-01-19,VND,64.5,66.7,63.7,66.7,66.7,58.1,2663200,HSX,stock,development,
2022-01-19,VPB,33.3,33.95,33.3,33.5,35.55,30.95,3488500,HSX,stock,development,
2022-01-20,FPT,88.4,91.0,88.3,88.8,94.4,82.2,787800,HSX,stock,development,
2022-01-20,HPG,43.8,44.2,43.3,44.0,46.5,40.5,6903900,HSX,stock,development,
2022-01-20,MBB,29.7,30.5,29.25,30.2,31.65,27.55,6911400,HSX,stock,development,
2022-01-20,MWG,133.0,134.0,132.1,134.0,142.8,124.2,655500,HSX,stock,development,
2022-01-20,PNJ,93.0,94.5,93.0,94.4,100.1,87.1,224400,HSX,stock,development,
2022-01-20,SSI,45.4,46.2,44.45,45.7,48.35,42.05,4165700,HSX,stock,development,
2022-01-20,TCB,48.65,49.4,48.6,48.85,52.2,45.45,3418600,HSX,stock,development,
2022-01-20,VCB,85.2,87.5,83.1,87.1,92.8,80.8,1490600,HSX,stock,development,
2022-01-20,VND,67.0,69.5,64.8,67.8,71.3,62.1,2497600,HSX,stock,development,
2022-01-20,VPB,33.6,33.95,33.2,33.95,35.8,31.2,4495900,HSX,stock,development,
2022-01-21,FPT,89.0,89.8,88.2,88.2,95.0,82.6,437900,HSX,stock,development,
2022-01-21,HPG,44.0,44.45,43.1,43.3,47.05,40.95,6710200,HSX,stock,development,
2022-01-21,MBB,30.2,32.3,30.1,31.8,32.3,28.1,17702000,HSX,stock,development,
2022-01-21,MWG,134.0,134.0,131.3,133.2,143.3,124.7,354100,HSX,stock,development,
2022-01-21,PNJ,94.5,95.5,94.4,95.5,101.0,87.8,413500,HSX,stock,development,
2022-01-21,SSI,45.2,45.6,44.2,44.55,48.85,42.55,3991800,HSX,stock,development,
2022-01-21,TCB,49.0,50.8,48.9,49.8,52.2,45.45,4696700,HSX,stock,development,
2022-01-21,VCB,86.9,90.0,86.1,89.2,93.1,81.1,1377900,HSX,stock,development,
2022-01-21,VND,67.7,67.7,65.7,65.8,72.5,63.1,1586700,HSX,stock,development,
2022-01-21,VPB,34.0,34.75,33.55,34.3,36.3,31.6,4929400,HSX,stock,development,
2022-01-24,FPT,88.2,88.5,85.0,85.3,94.3,82.1,977300,HSX,stock,development,
2022-01-24,HPG,43.1,43.2,40.7,40.7,46.3,40.3,12293400,HSX,stock,development,
2022-01-24,MBB,31.85,33.0,31.65,32.1,34.0,29.6,13841500,HSX,stock,development,
2022-01-24,MWG,132.2,133.2,129.9,129.9,142.5,123.9,510900,HSX,stock,development,
2022-01-24,PNJ,95.5,98.3,94.1,96.9,102.1,88.9,457300,HSX,stock,development,
2022-01-24,SSI,43.8,44.3,41.45,41.45,47.65,41.45,7863400,HSX,stock,development,
2022-01-24,TCB,49.95,51.4,49.8,50.3,53.2,46.35,7120900,HSX,stock,development,
2022-01-24,VCB,89.4,93.5,88.2,93.0,95.4,83.0,1448000,HSX,stock,development,
2022-01-24,VND,63.9,64.8,61.2,61.2,70.4,61.2,4516600,HSX,stock,development,
2022-01-24,VPB,34.05,34.35,33.0,33.45,36.7,31.9,5639300,HSX,stock,development,
2022-01-25,FPT,85.2,87.5,84.0,86.5,91.2,79.4,591600,HSX,stock,development,
2022-01-25,HPG,40.5,43.3,40.2,43.25,43.5,37.9,8196900,HSX,stock,development,
2022-01-25,MBB,32.0,32.7,31.9,32.6,34.3,29.9,8323600,HSX,stock,development,
2022-01-25,MWG,129.8,131.0,127.6,131.0,138.9,120.9,460000,HSX,stock,development,
2022-01-25,PNJ,96.8,97.5,95.6,97.0,103.6,90.2,369400,HSX,stock,development,
2022-01-25,SSI,41.0,42.9,40.9,42.8,44.35,38.55,4920600,HSX,stock,development,
2022-01-25,TCB,51.2,52.1,51.0,51.9,53.8,46.8,6022400,HSX,stock,development,
2022-01-25,VCB,92.5,96.0,89.0,95.8,99.5,86.5,1225500,HSX,stock,development,
2022-01-25,VND,60.6,63.0,59.1,62.7,65.4,57.0,2097700,HSX,stock,development,
2022-01-25,VPB,33.4,34.9,33.1,34.9,35.75,31.15,7401200,HSX,stock,development,
2022-01-26,FPT,87.0,87.0,85.5,86.0,92.5,80.5,536900,HSX,stock,development,
2022-01-26,HPG,43.5,44.45,43.45,43.45,46.25,40.25,7301100,HSX,stock,development,
2022-01-26,MBB,32.95,33.9,32.8,33.3,34.85,30.35,11656800,HSX,stock,development,
2022-01-26,MWG,131.0,131.9,129.0,131.9,140.1,121.9,503300,HSX,stock,development,
2022-01-26,PNJ,97.6,101.0,96.8,101.0,103.7,90.3,1067000,HSX,stock,development,
2022-01-26,SSI,43.0,43.4,42.4,42.45,45.75,39.85,4256500,HSX,stock,development,
2022-01-26,TCB,52.4,53.3,52.0,52.4,55.5,48.3,5911000,HSX,stock,development,
2022-01-26,VCB,95.8,95.8,92.6,94.5,102.5,89.1,1425100,HSX,stock,development,
2022-01-26,VND,63.0,64.4,61.5,62.9,67.0,58.4,2147500,HSX,stock,development,
2022-01-26,VPB,34.9,36.35,34.8,35.9,37.3,32.5,7732200,HSX,stock,development,
2022-01-27,FPT,86.0,86.7,85.4,85.9,92.0,80.0,367500,HSX,stock,development,
2022-01-27,HPG,43.2,43.5,42.0,42.15,46.45,40.45,6537600,HSX,stock,development,
2022-01-27,MBB,33.0,33.35,32.55,33.0,35.6,31.0,7095900,HSX,stock,development,
2022-01-27,MWG,130.9,132.3,129.2,131.5,141.1,122.7,310300,HSX,stock,development,
2022-01-27,PNJ,100.0,101.5,99.9,101.0,108.0,94.0,558900,HSX,stock,development,
2022-01-27,SSI,42.5,44.5,42.1,43.4,45.4,39.5,3467800,HSX,stock,development,
2022-01-27,TCB,52.0,52.7,51.5,51.9,56.0,48.75,3321600,HSX,stock,development,
2022-01-27,VCB,93.0,94.5,90.4,91.0,101.1,87.9,883600,HSX,stock,development,
2022-01-27,VND,62.4,66.8,62.1,65.0,67.3,58.5,1976600,HSX,stock,development,
2022-01-27,VPB,35.9,36.65,35.4,35.45,38.4,33.4,8073800,HSX,stock,development,
2022-01-28,FPT,86.0,89.5,85.9,89.5,91.9,79.9,1098600,HSX,stock,development,
2022-01-28,HPG,42.25,42.8,41.7,42.2,45.1,39.2,6834900,HSX,stock,development,
2022-01-28,MBB,33.3,34.2,33.2,33.7,35.3,30.7,10762500,HSX,stock,development,
2022-01-28,MWG,131.3,132.5,129.7,132.5,140.7,122.3,470600,HSX,stock,development,
2022-01-28,PNJ,100.0,104.0,100.0,104.0,108.0,94.0,682800,HSX,stock,development,
2022-01-28,SSI,43.3,45.05,43.2,45.05,46.4,40.4,4390300,HSX,stock,development,
2022-01-28,TCB,51.9,53.0,51.6,52.8,55.5,48.3,4899300,HSX,stock,development,
2022-01-28,VCB,91.0,92.0,89.0,89.0,97.3,84.7,1174800,HSX,stock,development,
2022-01-28,VND,65.0,69.0,64.8,69.0,69.5,60.5,2560000,HSX,stock,development,
2022-01-28,VPB,35.65,36.7,35.5,36.65,37.9,33.0,12592100,HSX,stock,development,
2022-02-07,FPT,90.0,90.1,89.0,89.5,95.7,83.3,232900,HSX,stock,development,
2022-02-07,HPG,42.8,43.7,41.8,43.05,45.15,39.25,6067600,HSX,stock,development,
2022-02-07,MBB,34.3,34.5,33.55,33.8,36.05,31.35,7102000,HSX,stock,development,
2022-02-07,MWG,133.0,135.7,133.0,133.9,141.7,123.3,404000,HSX,stock,development,
2022-02-07,PNJ,103.6,108.0,103.6,107.3,111.2,96.8,639800,HSX,stock,development,
2022-02-07,SSI,46.0,46.9,45.3,45.85,48.2,41.9,4863400,HSX,stock,development,
2022-02-07,TCB,53.7,53.8,52.8,52.8,56.4,49.15,4450500,HSX,stock,development,
2022-02-07,VCB,90.6,92.9,89.5,92.4,95.2,82.8,728800,HSX,stock,development,
2022-02-07,VND,69.8,71.8,69.2,70.4,73.8,64.2,1911200,HSX,stock,development,
2022-02-07,VPB,37.0,37.2,36.3,36.3,39.2,34.1,5101000,HSX,stock,development,
2022-02-08,FPT,89.5,91.8,89.5,90.6,95.7,83.3,459900,HSX,stock,development,
2022-02-08,HPG,43.0,45.55,43.0,45.55,46.05,40.05,9646100,HSX,stock,development,
2022-02-08,MBB,33.6,34.15,33.3,33.8,36.15,31.45,7568700,HSX,stock,development,
2022-02-08,MWG,133.9,136.8,133.9,136.3,143.2,124.6,693100,HSX,stock,development,
2022-02-08,PNJ,106.1,107.1,104.0,105.0,114.8,99.8,444300,HSX,stock,development,
2022-02-08,SSI,45.5,46.1,45.0,45.65,49.05,42.65,3185300,HSX,stock,development,
2022-02-08,TCB,52.8,54.3,52.8,53.8,56.4,49.15,6473400,HSX,stock,development,
2022-02-08,VCB,92.4,92.4,90.1,92.0,98.8,86.0,617300,HSX,stock,development,
2022-02-08,VND,70.5,70.5,68.2,70.0,75.3,65.5,1437700,HSX,stock,development,
2022-02-08,VPB,36.15,37.9,36.1,37.3,38.8,33.8,8661000,HSX,stock,development,
2022-02-09,FPT,91.7,91.7,90.6,90.7,96.9,84.3,645100,HSX,stock,development,
2022-02-09,HPG,45.8,48.3,45.7,47.3,48.7,42.4,14779800,HSX,stock,development,
2022-02-09,MBB,33.8,34.15,33.3,33.3,36.15,31.45,8651600,HSX,stock,development,
2022-02-09,MWG,136.3,137.5,136.0,137.0,145.8,126.8,753000,HSX,stock,development,
2022-02-09,PNJ,104.9,104.9,103.0,103.3,112.3,97.7,694100,HSX,stock,development,
2022-02-09,SSI,45.3,46.3,45.3,45.7,48.8,42.5,4057100,HSX,stock,development,
2022-02-09,TCB,54.0,54.9,53.6,53.6,57.5,50.1,7819800,HSX,stock,development,
2022-02-09,VCB,91.2,91.9,90.3,90.8,98.4,85.6,901100,HSX,stock,development,
2022-02-09,VND,70.0,72.9,69.5,72.0,74.9,65.1,2330800,HSX,stock,development,
2022-02-09,VPB,37.5,38.0,37.1,37.1,39.9,34.7,9415000,HSX,stock,development,
2022-02-10,FPT,91.4,92.0,90.2,92.0,97.0,84.4,487600,HSX,stock,development,
2022-02-10,HPG,47.4,47.9,46.7,47.0,50.6,44.0,9224000,HSX,stock,development,
2022-02-10,MBB,33.2,34.2,33.05,33.75,35.6,31.0,9598800,HSX,stock,development,
2022-02-10,MWG,137.0,137.2,134.5,136.3,146.5,127.5,517500,HSX,stock,development,
2022-02-10,PNJ,103.5,103.7,101.6,103.3,110.5,96.1,435400,HSX,stock,development,
2022-02-10,SSI,45.8,45.9,44.6,45.1,48.85,42.55,3171000,HSX,stock,development,
2022-02-10,TCB,53.6,54.2,53.1,53.6,57.3,49.85,5193800,HSX,stock,development,
2022-02-10,VCB,91.1,93.4,91.0,91.3,97.1,84.5,877400,HSX,stock,development,
2022-02-10,VND,71.9,72.7,70.1,71.0,77.0,67.0,1266600,HSX,stock,development,
2022-02-10,VPB,37.05,37.25,36.15,36.7,39.65,34.55,6562400,HSX,stock,development,
2022-02-11,FPT,91.8,92.4,91.4,91.6,98.4,85.6,332800,HSX,stock,development,
2022-02-11,HPG,46.6,47.5,46.3,47.15,50.2,43.75,6980200,HSX,stock,development,
2022-02-11,MBB,33.75,34.15,33.7,33.95,36.1,31.4,6141400,HSX,stock,development,
2022-02-11,MWG,135.0,136.0,135.0,135.3,145.8,126.8,380800,HSX,stock,development,
2022-02-11,PNJ,103.0,106.5,102.0,104.8,110.5,96.1,329500,HSX,stock,development,
2022-02-11,SSI,45.0,45.65,44.8,45.1,48.25,41.95,2394400,HSX,stock,development,
2022-02-11,TCB,53.5,53.8,53.0,53.7,57.3,49.85,3380600,HSX,stock,development,
2022-02-11,VCB,91.3,91.6,90.0,90.0,97.6,85.0,628700,HSX,stock,development,
2022-02-11,VND,70.6,72.2,70.2,71.5,75.9,66.1,1461900,HSX,stock,development,
2022-02-11,VPB,36.8,37.2,36.5,36.6,39.25,34.15,5795900,HSX,stock,development,
2022-02-14,FPT,91.0,91.6,90.4,91.0,98.0,85.2,431900,HSX,stock,development,
2022-02-14,HPG,46.5,47.5,46.15,46.2,50.4,43.85,8908700,HSX,stock,development,
2022-02-14,MBB,33.5,33.8,32.0,32.0,36.3,31.6,12252400,HSX,stock,development,
2022-02-14,MWG,133.9,135.0,132.0,132.0,144.7,125.9,468500,HSX,stock,development,
2022-02-14,PNJ,105.0,105.1,104.1,104.6,112.1,97.5,323800,HSX,stock,development,
2022-02-14,SSI,44.5,44.7,43.6,43.6,48.25,41.95,4668400,HSX,stock,development,
2022-02-14,TCB,53.2,53.2,51.5,51.5,57.4,49.95,7861300,HSX,stock,development,
2022-02-14,VCB,88.1,88.8,86.0,86.0,96.3,83.7,1790900,HSX,stock,development,
2022-02-14,VND,69.7,71.0,68.0,68.0,76.5,66.5,2062500,HSX,stock,development,
2022-02-14,VPB,36.2,36.45,35.0,35.0,39.15,34.05,9017000,HSX,stock,development,
2022-02-15,FPT,91.0,91.7,90.5,91.1,97.3,84.7,343500,HSX,stock,development,
2022-02-15,HPG,46.2,46.55,45.4,46.0,49.4,43.0,6288500,HSX,stock,development,
2022-02-15,MBB,32.15,32.9,31.95,32.7,34.2,29.8,8813900,HSX,stock,development,
2022-02-15,MWG,132.7,133.9,131.5,133.3,141.2,122.8,372500,HSX,stock,development,
2022-02-15,PNJ,103.9,105.9,103.7,105.5,111.9,97.3,351400,HSX,stock,development,
2022-02-15,SSI,44.2,44.7,43.35,44.2,46.65,40.55,3050900,HSX,stock,development,
2022-02-15,TCB,51.6,52.1,51.3,51.8,55.1,47.9,4107800,HSX,stock,development,
2022-02-15,VCB,86.0,88.3,83.8,87.0,92.0,80.0,1123500,HSX,stock,development,
2022-02-15,VND,69.0,70.6,67.5,70.3,72.7,63.3,2194000,HSX,stock,development,
2022-02-15,VPB,35.2,36.2,35.2,35.95,37.45,32.55,6694500,HSX,stock,development,
2022-02-16,FPT,91.7,92.5,91.3,91.3,97.4,84.8,311800,HSX,stock,development,
2022-02-16,HPG,46.1,46.5,45.6,46.0,49.2,42.8,4683100,HSX,stock,development,
2022-02-16,MBB,32.95,33.05,32.25,32.65,34.95,30.45,3814200,HSX,stock,development,
2022-02-16,MWG,134.2,134.2,131.6,132.9,142.6,124.0,288100,HSX,stock,development,
2022-02-16,PNJ,105.0,106.6,104.5,106.3,112.8,98.2,350200,HSX,stock,development,
2022-02-16,SSI,44.7,45.1,44.3,44.9,47.25,41.15,2522600,HSX,stock,development,
2022-02-16,TCB,52.2,52.2,51.5,51.6,55.4,48.2,2950500,HSX,stock,development,
2022-02-16,VCB,87.5,87.9,86.4,87.0,93.0,81.0,692500,HSX,stock,development,
2022-02-16,VND,71.0,73.0,70.5,71.5,75.2,65.4,1255900,HSX,stock,development,
2022-02-16,VPB,36.1,36.4,35.65,35.65,38.45,33.45,3912300,HSX,stock,development,
2022-02-17,FPT,91.9,92.8,91.0,92.8,97.6,85.0,541800,HSX,stock,development,
2022-02-17,HPG,46.0,46.75,46.0,46.5,49.2,42.8,5941900,HSX,stock,development,
2022-02-17,MBB,32.65,33.2,32.6,33.2,34.9,30.4,4307300,HSX,stock,development,
2022-02-17,MWG,132.0,134.5,131.9,134.5,142.2,123.6,700100,HSX,stock,development,
2022-02-17,PNJ,106.5,107.9,106.3,107.9,113.7,98.9,569500,HSX,stock,development,
2022-02-17,SSI,44.8,45.15,44.8,45.0,48.0,41.8,3131800,HSX,stock,development,
2022-02-17,TCB,51.6,52.5,51.6,52.2,55.2,48.0,3950600,HSX,stock,development,
2022-02-17,VCB,87.0,87.7,86.8,87.5,93.0,81.0,733400,HSX,stock,development,
2022-02-17,VND,71.5,71.9,70.7,71.1,76.5,66.5,1355000,HSX,stock,development,
2022-02-17,VPB,35.65,36.3,35.55,36.3,38.1,33.2,6429600,HSX,stock,development,
2022-02-18,FPT,92.3,92.5,91.7,92.2,99.2,86.4,363200,HSX,stock,development,
2022-02-18,HPG,46.2,47.65,46.05,47.05,49.75,43.25,8437200,HSX,stock,development,
2022-02-18,MBB,32.9,33.05,32.55,32.65,35.5,30.9,4980000,HSX,stock,development,
2022-02-18,MWG,132.1,134.0,132.1,134.0,143.9,125.1,289400,HSX,stock,development,
2022-02-18,PNJ,107.0,108.9,107.0,107.0,115.4,100.4,319700,HSX,stock,development,
2022-02-18,SSI,44.5,45.8,44.4,45.2,48.15,41.85,4402000,HSX,stock,development,
2022-02-18,TCB,51.7,52.0,51.5,51.6,55.8,48.55,3157600,HSX,stock,development,
2022-02-18,VCB,86.4,87.5,86.4,87.2,93.6,81.4,528000,HSX,stock,development,
2022-02-18,VND,70.1,72.9,69.8,72.1,76.0,66.2,2401200,HSX,stock,development,
2022-02-18,VPB,35.9,36.0,35.7,35.9,38.8,33.8,5748100,HSX,stock,development,
2022-02-21,FPT,92.2,94.0,92.0,93.5,98.6,85.8,755000,HSX,stock,development,
2022-02-21,HPG,47.1,47.5,46.55,46.65,50.3,43.8,5301800,HSX,stock,development,
2022-02-21,MBB,32.6,32.9,31.85,32.65,34.9,30.4,7767800,HSX,stock,development,
2022-02-21,MWG,132.5,134.9,132.5,133.9,143.3,124.7,334000,HSX,stock,development,
2022-02-21,PNJ,107.0,107.0,104.9,106.5,114.4,99.6,360400,HSX,stock,development,
2022-02-21,SSI,45.3,46.4,45.3,46.0,48.35,42.05,4562300,HSX,stock,development,
2022-02-21,TCB,51.6,51.7,50.8,51.5,55.2,48.0,3646200,HSX,stock,development,
2022-02-21,VCB,86.6,87.6,86.6,87.4,93.3,81.1,508300,HSX,stock,development,
2022-02-21,VND,72.6,76.0,72.5,75.1,77.1,67.1,2254700,HSX,stock,development,
2022-02-21,VPB,35.8,36.15,35.4,35.9,38.4,33.4,5184900,HSX,stock,development,
2022-02-22,FPT,93.0,93.3,92.0,92.9,100.0,87.0,617900,HSX,stock,development,
2022-02-22,HPG,46.3,46.6,45.7,46.4,49.9,43.4,7588300,HSX,stock,development,
2022-02-22,MBB,32.5,34.4,32.1,34.4,34.9,30.4,16766600,HSX,stock,development,
2022-02-22,MWG,133.0,139.2,132.4,137.7,143.2,124.6,1549900,HSX,stock,development,
2022-02-22,PNJ,106.4,113.0,105.1,110.0,113.9,99.1,1404100,HSX,stock,development,
2022-02-22,SSI,45.3,45.7,44.5,45.0,49.2,42.8,3273900,HSX,stock,development,
2022-02-22,TCB,51.0,51.7,50.6,51.4,55.1,47.9,4902900,HSX,stock,development,
2022-02-22,VCB,87.0,87.0,85.0,86.8,93.5,81.3,736700,HSX,stock,development,
2022-02-22,VND,73.7,74.8,72.5,73.5,80.3,69.9,2200900,HSX,stock,development,
2022-02-22,VPB,35.5,35.9,35.2,35.55,38.4,33.4,5395700,HSX,stock,development,
2022-02-23,FPT,92.6,93.9,92.6,93.0,99.4,86.4,523700,HSX,stock,development,
2022-02-23,HPG,46.65,47.2,46.25,46.7,49.6,43.2,5246000,HSX,stock,development,
2022-02-23,MBB,34.6,34.9,34.15,34.35,36.8,32.0,7114300,HSX,stock,development,
2022-02-23,MWG,137.7,140.6,136.9,137.8,147.3,128.1,784600,HSX,stock,development,
2022-02-23,PNJ,110.0,113.5,109.0,109.6,117.7,102.3,511900,HSX,stock,development,
2022-02-23,SSI,45.2,45.6,45.2,45.3,48.15,41.85,2622700,HSX,stock,development,
2022-02-23,TCB,51.7,52.2,51.4,51.7,54.9,47.85,2590900,HSX,stock,development,
2022-02-23,VCB,87.0,87.0,85.8,86.9,92.8,80.8,508900,HSX,stock,development,
2022-02-23,VND,74.1,74.9,73.8,74.4,78.6,68.4,1132800,HSX,stock,development,
2022-02-23,VPB,35.7,36.15,35.5,35.9,38.0,33.1,6399700,HSX,stock,development,
2022-02-24,FPT,93.0,93.5,90.0,92.0,99.5,86.5,706600,HSX,stock,development,
2022-02-24,HPG,46.75,46.85,45.1,46.0,49.95,43.45,9172500,HSX,stock,development,
2022-02-24,MBB,34.0,34.8,33.2,34.0,36.75,31.95,12648200,HSX,stock,development,
2022-02-24,MWG,137.0,137.7,135.5,136.8,147.4,128.2,652300,HSX,stock,development,
2022-02-24,PNJ,109.9,112.8,109.0,109.0,117.2,102.0,953600,HSX,stock,development,
2022-02-24,SSI,45.1,46.0,43.45,44.6,48.45,42.15,5547900,HSX,stock,development,
2022-02-24,TCB,51.5,51.9,49.8,50.5,55.3,48.1,6597400,HSX,stock,development,
2022-02-24,VCB,86.7,86.8,85.0,85.3,92.9,80.9,1061800,HSX,stock,development,
2022-02-24,VND,74.1,77.4,72.0,76.0,79.6,69.2,4232400,HSX,stock,development,
2022-02-24,VPB,35.85,37.2,35.6,36.9,38.4,33.4,15341800,HSX,stock,development,
2022-02-25,FPT,92.4,93.4,92.1,92.3,98.4,85.6,691800,HSX,stock,development,
2022-02-25,HPG,46.1,46.35,45.9,45.9,49.2,42.8,5461400,HSX,stock,development,
2022-02-25,MBB,34.45,34.9,34.1,34.1,36.35,31.65,7473000,HSX,stock,development,
2022-02-25,MWG,136.9,139.8,136.0,137.6,146.3,127.3,1320100,HSX,stock,development,
2022-02-25,PNJ,109.0,110.0,106.4,107.8,116.6,101.4,781200,HSX,stock,development,
2022-02-25,SSI,45.0,46.55,44.8,45.7,47.7,41.5,6550600,HSX,stock,development,
2022-02-25,TCB,51.0,51.3,50.5,50.7,54.0,47.0,3257900,HSX,stock,development,
2022-02-25,VCB,85.3,85.9,85.0,85.1,91.2,79.4,803600,HSX,stock,development,
2022-02-25,VND,77.0,81.0,76.6,78.1,81.3,70.7,4395200,HSX,stock,development,
2022-02-25,VPB,37.3,38.8,37.0,38.2,39.45,34.35,18289200,HSX,stock,development,
2022-02-28,FPT,92.3,93.5,92.3,93.3,98.7,85.9,816100,HSX,stock,development,
2022-02-28,HPG,46.05,47.8,46.05,47.2,49.1,42.7,12684400,HSX,stock,development,
2022-02-28,MBB,34.05,34.8,34.0,34.4,36.45,31.75,5665700,HSX,stock,development,
2022-02-28,MWG,136.5,138.0,135.5,136.0,147.2,128.0,963200,HSX,stock,development,
2022-02-28,PNJ,107.0,108.7,103.0,103.0,115.3,100.3,1420800,HSX,stock,development,
2022-02-28,SSI,45.8,46.6,45.65,45.7,48.85,42.55,3098300,HSX,stock,development,
2022-02-28,TCB,50.5,50.9,50.2,50.4,54.2,47.2,3219200,HSX,stock,development,
2022-02-28,VCB,85.1,85.1,84.4,84.5,91.0,79.2,655100,HSX,stock,development,
2022-02-28,VND,79.5,80.3,77.9,78.8,83.5,72.7,2598600,HSX,stock,development,
2022-02-28,VPB,38.2,38.7,37.5,38.0,40.85,35.55,9381600,HSX,stock,development,
2022-03-01,FPT,94.0,94.0,92.5,93.4,99.8,86.8,722600,HSX,stock,development,
2022-03-01,HPG,47.7,48.1,46.85,46.9,50.5,43.9,10229300,HSX,stock,development,
2022-03-01,MBB,34.6,34.9,33.85,34.0,36.8,32.0,7871400,HSX,stock,development,
2022-03-01,MWG,136.9,137.0,135.1,136.0,145.5,126.5,679900,HSX,stock,development,
2022-03-01,PNJ,102.1,106.0,102.1,105.0,110.2,95.8,613900,HSX,stock,development,
2022-03-01,SSI,46.0,46.3,45.4,46.0,48.85,42.55,3972000,HSX,stock,development,
2022-03-01,TCB,50.7,50.7,50.1,50.3,53.9,46.9,3471700,HSX,stock,development,
2022-03-01,VCB,84.5,85.4,84.1,85.0,90.4,78.6,745200,HSX,stock,development,
2022-03-01,VND,79.2,79.7,77.8,78.5,84.3,73.3,2743600,HSX,stock,development,
2022-03-01,VPB,37.9,38.2,37.45,37.75,40.65,35.35,7696700,HSX,stock,development,
2022-03-02,FPT,93.0,93.4,92.7,93.1,99.9,86.9,663100,HSX,stock,development,
2022-03-02,HPG,47.0,47.35,46.6,46.9,50.1,43.65,9140300,HSX,stock,development,
2022-03-02,MBB,33.8,33.8,32.4,32.5,36.35,31.65,18745100,HSX,stock,development,
2022-03-02,MWG,135.8,135.8,134.0,134.5,145.5,126.5,956400,HSX,stock,development,
2022-03-02,PNJ,105.0,105.0,100.8,103.4,112.3,97.7,592500,HSX,stock,development,
2022-03-02,SSI,45.6,45.85,44.55,44.8,49.2,42.8,5231700,HSX,stock,development,
2022-03-02,TCB,50.1,50.1,49.2,49.2,53.8,46.8,7345400,HSX,stock,development,
2022-03-02,VCB,85.6,85.6,84.2,85.0,90.9,79.1,845800,HSX,stock,development,
2022-03-02,VND,77.6,78.3,75.5,75.9,83.9,73.1,3991300,HSX,stock,development,
2022-03-02,VPB,37.4,37.4,36.5,36.5,40.35,35.15,11956300,HSX,stock,development,
2022-03-03,FPT,93.2,94.0,93.2,93.4,99.6,86.6,526300,HSX,stock,development,
2022-03-03,HPG,47.6,50.1,47.3,50.1,50.1,43.65,26698400,HSX,stock,development,
2022-03-03,MBB,32.9,33.3,31.6,33.1,34.75,30.25,12324900,HSX,stock,development,
2022-03-03,MWG,135.0,136.5,133.6,136.5,143.9,125.1,687500,HSX,stock,development,
2022-03-03,PNJ,104.0,105.0,102.0,104.0,110.6,96.2,470000,HSX,stock,development,
2022-03-03,SSI,45.0,45.5,44.5,45.5,47.9,41.7,3660400,HSX,stock,development,
2022-03-03,TCB,49.5,49.9,49.15,49.65,52.6,45.8,3432700,HSX,stock,development,
2022-03-03,VCB,85.0,85.5,84.7,85.5,90.9,79.1,564700,HSX,stock,development,
2022-03-03,VND,76.3,76.9,75.1,76.8,81.2,70.6,1906200,HSX,stock,development,
2022-03-03,VPB,36.8,37.45,36.5,37.45,39.05,33.95,9543400,HSX,stock,development,
2022-03-04,FPT,93.3,93.8,93.0,93.5,99.9,86.9,881300,HSX,stock,development,
2022-03-04,HPG,51.0,51.3,49.8,49.8,53.6,46.6,14104300,HSX,stock,development,
2022-03-04,MBB,33.0,33.3,32.6,32.9,35.4,30.8,5612000,HSX,stock,development,
2022-03-04,MWG,136.5,136.6,134.6,135.8,146.0,127.0,556800,HSX,stock,development,
2022-03-04,PNJ,102.7,106.9,102.7,106.2,111.2,96.8,952600,HSX,stock,development,
2022-03-04,SSI,46.0,47.4,45.95,46.6,48.65,42.35,8399000,HSX,stock,development,
2022-03-04,TCB,49.75,50.4,49.5,49.95,53.1,46.2,3101300,HSX,stock,development,
2022-03-04,VCB,85.2,85.5,84.8,84.9,91.4,79.6,597200,HSX,stock,development,
2022-03-04,VND,77.5,78.9,77.0,77.0,82.1,71.5,2102700,HSX,stock,development,
2022-03-04,VPB,37.5,38.95,37.45,38.1,40.05,34.85,25344900,HSX,stock,development,
2022-03-07,FPT,93.1,93.9,92.2,93.8,100.0,87.0,805200,HSX,stock,development,
2022-03-07,HPG,50.2,52.5,50.0,51.1,53.2,46.35,15204500,HSX,stock,development,
2022-03-07,MBB,32.2,32.65,32.0,32.2,35.2,30.6,8433800,HSX,stock,development,
2022-03-07,MWG,134.5,135.0,134.0,134.2,145.3,126.3,680400,HSX,stock,development,
2022-03-07,PNJ,107.2,112.0,107.2,108.0,112.9,98.3,1411500,HSX,stock,development,
2022-03-07,SSI,46.1,46.85,45.75,46.8,49.85,43.35,5357800,HSX,stock,development,
2022-03-07,TCB,49.5,49.6,49.1,49.25,53.4,46.5,3386800,HSX,stock,development,
2022-03-07,VCB,84.3,84.9,83.9,84.9,90.8,79.0,559300,HSX,stock,development,
2022-03-07,VND,76.3,77.5,76.0,76.1,82.3,71.7,2790500,HSX,stock,development,
2022-03-07,VPB,38.0,38.3,37.35,37.7,40.75,35.45,10311200,HSX,stock,development,
2022-03-08,FPT,93.8,95.4,92.6,94.8,100.3,87.3,1109000,HSX,stock,development,
2022-03-08,HPG,50.6,51.2,49.45,49.45,54.6,47.55,16496500,HSX,stock,development,
2022-03-08,MBB,31.8,32.0,31.0,31.0,34.45,29.95,11107500,HSX,stock,development,
2022-03-08,MWG,134.0,134.5,132.4,134.2,143.5,124.9,1164100,HSX,stock,development,
2022-03-08,PNJ,109.0,110.0,105.5,106.0,115.5,100.5,700100,HSX,stock,development,
2022-03-08,SSI,46.5,48.2,46.1,47.0,50.0,43.55,9807200,HSX,stock,development,
2022-03-08,TCB,49.0,49.5,48.8,49.0,52.6,45.85,4266300,HSX,stock,development,
2022-03-08,VCB,83.8,84.5,81.5,81.5,90.8,79.0,1361200,HSX,stock,development,
2022-03-08,VND,75.2,77.0,75.0,75.0,81.4,70.8,2989800,HSX,stock,development,
2022-03-08,VPB,37.5,37.7,36.75,37.0,40.3,35.1,7346500,HSX,stock,development,
2022-03-09,FPT,94.6,96.5,94.6,95.5,101.4,88.2,1151900,HSX,stock,development,
2022-03-09,HPG,50.0,50.3,48.85,49.85,52.9,46.0,15540100,HSX,stock,development,
2022-03-09,MBB,31.0,31.3,30.25,30.75,33.15,28.85,11371000,HSX,stock,development,
2022-03-09,MWG,134.1,134.1,132.5,133.8,143.5,124.9,705600,HSX,stock,development,
2022-03-09,PNJ,107.0,112.0,106.6,110.5,113.4,98.6,1121400,HSX,stock,development,
2022-03-09,SSI,47.3,47.5,45.9,46.6,50.2,43.75,5324000,HSX,stock,development,
2022-03-09,TCB,49.0,49.35,48.9,49.1,52.4,45.6,3790200,HSX,stock,development,
2022-03-09,VCB,81.8,83.1,81.7,83.0,87.2,75.8,676600,HSX,stock,development,
2022-03-09,VND,75.4,75.7,73.5,73.5,80.2,69.8,5386900,HSX,stock,development,
2022-03-09,VPB,37.15,37.25,36.5,36.85,39.55,34.45,7196000,HSX,stock,development,
2022-03-10,FPT,96.3,96.3,94.6,94.6,102.1,88.9,440800,HSX,stock,development,
2022-03-10,HPG,50.0,50.1,49.1,49.15,53.3,46.4,11255600,HSX,stock,development,
2022-03-10,MBB,31.3,31.75,31.0,31.05,32.9,28.6,5281000,HSX,stock,development,
2022-03-10,MWG,134.0,134.0,132.6,133.5,143.1,124.5,643600,HSX,stock,development,
2022-03-10,PNJ,109.5,109.5,107.2,108.3,118.2,102.8,545000,HSX,stock,development,
2022-03-10,SSI,47.8,47.8,46.6,46.6,49.85,43.35,3607900,HSX,stock,development,
2022-03-10,TCB,49.8,49.8,49.25,49.25,52.5,45.7,2409200,HSX,stock,development,
2022-03-10,VCB,83.0,83.7,82.9,83.5,88.8,77.2,762900,HSX,stock,development,
2022-03-10,VND,31.85,31.85,31.85,31.85,31.85,27.75,1757900,HSX,stock,development,
2022-03-10,VPB,37.5,37.55,36.75,36.75,39.4,34.3,6266900,HSX,stock,development,
2022-03-11,FPT,94.5,94.6,92.7,93.2,101.2,88.0,598300,HSX,stock,development,
2022-03-11,HPG,49.2,49.3,46.85,47.6,52.5,45.75,14414700,HSX,stock,development,
2022-03-11,MBB,31.05,31.7,31.05,31.45,33.2,28.9,4961300,HSX,stock,development,
2022-03-11,MWG,133.4,133.4,132.0,133.0,142.8,124.2,317300,HSX,stock,development,
2022-03-11,PNJ,107.0,108.0,103.6,104.5,115.8,100.8,614500,HSX,stock,development,
2022-03-11,SSI,46.2,46.5,44.7,45.0,49.85,43.35,6181900,HSX,stock,development,
2022-03-11,TCB,49.2,49.2,48.7,48.9,52.6,45.85,2677600,HSX,stock,development,
2022-03-11,VCB,83.7,83.9,83.0,83.8,89.3,77.7,484600,HSX,stock,development,
2022-03-11,VND,34.05,34.05,32.5,32.5,34.05,29.65,14303100,HSX,stock,development,
2022-03-11,VPB,36.65,37.05,36.2,36.4,39.3,34.2,5044200,HSX,stock,development,
2022-03-14,FPT,93.0,93.0,90.5,91.8,99.7,86.7,1037700,HSX,stock,development,
2022-03-14,HPG,47.3,48.2,45.8,45.8,50.9,44.3,16957400,HSX,stock,development,
2022-03-14,MBB,31.5,32.0,31.2,31.65,33.65,29.25,6525400,HSX,stock,development,
2022-03-14,MWG,132.1,132.8,129.5,131.7,142.3,123.7,734100,HSX,stock,development,
2022-03-14,PNJ,103.8,103.8,98.5,98.5,111.8,97.2,892100,HSX,stock,development,
2022-03-14,SSI,44.6,44.8,42.9,43.2,48.15,41.85,7435100,HSX,stock,development,
2022-03-14,TCB,48.8,48.9,48.3,48.5,52.3,45.5,2374700,HSX,stock,development,
2022-03-14,VCB,83.3,84.2,83.2,84.2,89.6,78.0,841500,HSX,stock,development,
2022-03-14,VND,32.1,32.35,31.35,31.75,34.75,30.25,3480400,HSX,stock,development,
2022-03-14,VPB,36.1,36.3,35.6,36.0,38.9,33.9,6470900,HSX,stock,development,
2022-03-15,FPT,91.8,91.8,89.8,91.0,98.2,85.4,834500,HSX,stock,development,
2022-03-15,HPG,45.95,46.7,45.45,46.15,49.0,42.6,8817000,HSX,stock,development,
2022-03-15,MBB,31.9,31.9,31.35,31.6,33.85,29.45,3490600,HSX,stock,development,
2022-03-15,MWG,130.7,131.4,129.0,131.4,140.9,122.5,640200,HSX,stock,development,
2022-03-15,PNJ,99.5,103.0,98.6,102.9,105.3,91.7,523400,HSX,stock,development,
2022-03-15,SSI,43.05,44.1,43.0,43.3,46.2,40.2,3618200,HSX,stock,development,
2022-03-15,TCB,48.6,49.0,48.5,48.6,51.8,45.15,2134100,HSX,stock,development,
2022-03-15,VCB,84.0,84.1,81.0,81.1,90.0,78.4,1230500,HSX,stock,development,
2022-03-15,VND,31.9,33.55,31.75,32.6,33.95,29.55,4144000,HSX,stock,development,
2022-03-15,VPB,36.0,36.95,36.0,36.9,38.5,33.5,5429800,HSX,stock,development,
2022-03-16,FPT,91.1,92.3,90.5,91.6,97.3,84.7,603100,HSX,stock,development,
2022-03-16,HPG,46.9,47.15,46.2,46.2,49.35,42.95,5651000,HSX,stock,development,
2022-03-16,MBB,32.15,32.4,31.9,32.1,33.8,29.4,5333900,HSX,stock,development,
2022-03-16,MWG,131.2,132.0,130.0,131.4,140.5,122.3,713100,HSX,stock,development,
2022-03-16,PNJ,102.4,103.6,100.5,102.8,110.1,95.7,318400,HSX,stock,development,
2022-03-16,SSI,43.5,44.45,43.4,43.8,46.3,40.3,3396200,HSX,stock,development,
2022-03-16,TCB,48.8,49.45,48.8,49.05,52.0,45.2,2311600,HSX,stock,development,
2022-03-16,VCB,81.3,83.2,81.3,82.5,86.7,75.5,595900,HSX,stock,development,
2022-03-16,VND,33.2,33.2,32.45,32.55,34.85,30.35,2182500,HSX,stock,development,
2022-03-16,VPB,37.0,37.25,36.8,36.8,39.45,34.35,4906500,HSX,stock,development,
2022-03-17,FPT,91.8,92.7,91.5,92.0,98.0,85.2,724200,HSX,stock,development,
2022-03-17,HPG,46.6,46.7,45.9,45.95,49.4,43.0,6070700,HSX,stock,development,
2022-03-17,MBB,32.45,32.75,32.2,32.25,34.3,29.9,5109100,HSX,stock,development,
2022-03-17,MWG,131.8,132.0,130.8,130.8,140.5,122.3,426200,HSX,stock,development,
2022-03-17,PNJ,102.8,103.3,102.0,103.0,109.9,95.7,462500,HSX,stock,development,
2022-03-17,SSI,44.45,44.45,43.8,43.8,46.85,40.75,2428900,HSX,stock,development,
2022-03-17,TCB,49.45,49.5,49.0,49.0,52.4,45.65,1917900,HSX,stock,development,
2022-03-17,VCB,83.0,83.5,82.7,83.0,88.2,76.8,772600,HSX,stock,development,
2022-03-17,VND,33.0,33.0,32.0,32.1,34.8,30.3,2750900,HSX,stock,development,
2022-03-17,VPB,36.95,37.1,36.45,36.45,39.35,34.25,4308600,HSX,stock,development,
2022-03-18,FPT,93.0,96.6,93.0,95.1,98.4,85.6,1280600,HSX,stock,development,
2022-03-18,HPG,46.2,46.85,46.05,46.5,49.15,42.75,9437300,HSX,stock,development,
2022-03-18,MBB,32.5,32.55,32.0,32.1,34.5,30.0,4022500,HSX,stock,development,
2022-03-18,MWG,130.8,131.8,130.8,131.6,139.9,121.7,470300,HSX,stock,development,
2022-03-18,PNJ,102.4,105.5,102.4,103.5,110.2,95.8,298500,HSX,stock,development,
2022-03-18,SSI,43.95,44.5,43.7,43.8,46.85,40.75,4643400,HSX,stock,development,
2022-03-18,TCB,49.15,49.4,49.1,49.2,52.4,45.6,1408400,HSX,stock,development,
2022-03-18,VCB,83.1,85.2,82.9,84.2,88.8,77.2,847800,HSX,stock,development,
2022-03-18,VND,32.0,32.4,31.7,31.95,34.3,29.9,9167200,HSX,stock,development,
2022-03-18,VPB,36.55,36.7,36.2,36.25,39.0,33.9,4305500,HSX,stock,development,
2022-03-21,FPT,95.2,96.0,95.0,95.3,101.7,88.5,723900,HSX,stock,development,
2022-03-21,HPG,46.7,47.2,46.4,46.85,49.75,43.25,8124600,HSX,stock,development,
2022-03-21,MBB,32.3,32.3,31.8,32.2,34.3,29.9,4712800,HSX,stock,development,
2022-03-21,MWG,132.0,134.9,131.5,134.9,140.8,122.4,483900,HSX,stock,development,
2022-03-21,PNJ,103.6,105.9,103.5,105.6,110.7,96.3,338400,HSX,stock,development,
2022-03-21,SSI,44.3,44.45,43.8,44.3,46.85,40.75,2927700,HSX,stock,development,
2022-03-21,TCB,49.25,49.55,49.1,49.45,52.6,45.8,1665500,HSX,stock,development,
2022-03-21,VCB,84.2,85.5,84.0,84.9,90.0,78.4,401700,HSX,stock,development,
2022-03-21,VND,32.05,32.3,31.7,32.0,34.15,29.75,2789100,HSX,stock,development,
2022-03-21,VPB,36.5,36.9,36.1,36.8,38.75,33.75,3514300,HSX,stock,development,
2022-03-22,FPT,96.0,97.0,95.4,96.4,101.9,88.7,845300,HSX,stock,development,
2022-03-22,HPG,46.9,46.95,46.3,46.9,50.1,43.6,9736000,HSX,stock,development,
2022-03-22,MBB,32.2,32.7,32.2,32.45,34.45,29.95,4659400,HSX,stock,development,
2022-03-22,MWG,135.0,136.0,133.6,135.2,144.3,125.5,570200,HSX,stock,development,
2022-03-22,PNJ,106.6,109.7,106.4,107.0,112.9,98.3,410300,HSX,stock,development,
2022-03-22,SSI,44.3,44.8,44.2,44.35,47.4,41.2,2934900,HSX,stock,development,
2022-03-22,TCB,49.55,50.3,49.5,49.9,52.9,46.0,2667400,HSX,stock,development,
2022-03-22,VCB,84.9,85.5,84.9,84.9,90.8,79.0,389200,HSX,stock,development,
2022-03-22,VND,32.0,32.9,31.95,32.15,34.2,29.8,3674400,HSX,stock,development,
2022-03-22,VPB,36.8,37.6,36.8,36.85,39.35,34.25,3953700,HSX,stock,development,
2022-03-23,FPT,96.5,97.5,96.0,96.5,103.1,89.7,853900,HSX,stock,development,
2022-03-23,HPG,47.2,47.45,46.8,46.8,50.1,43.65,8192900,HSX,stock,development,
2022-03-23,MBB,32.5,32.7,32.15,32.15,34.7,30.2,3829800,HSX,stock,development,
2022-03-23,MWG,134.7,136.4,134.6,135.0,144.6,125.8,459600,HSX,stock,development,
2022-03-23,PNJ,108.0,109.4,104.1,105.1,114.4,99.6,290000,HSX,stock,development,
2022-03-23,SSI,44.5,44.7,44.2,44.2,47.45,41.25,2926700,HSX,stock,development,
2022-03-23,TCB,49.9,50.2,49.6,49.6,53.3,46.45,1801800,HSX,stock,development,
2022-03-23,VCB,84.9,85.6,84.9,84.9,90.8,79.0,480200,HSX,stock,development,
2022-03-23,VND,32.2,32.5,31.85,31.95,34.4,29.9,2885900,HSX,stock,development,
2022-03-23,VPB,37.05,37.05,36.65,36.65,39.4,34.3,4779000,HSX,stock,development,
2022-03-24,FPT,96.0,97.2,95.3,96.0,103.2,89.8,828000,HSX,stock,development,
2022-03-24,HPG,47.0,47.0,46.35,46.4,50.0,43.55,6669300,HSX,stock,development,
2022-03-24,MBB,32.05,32.35,32.0,32.05,34.4,29.9,3680300,HSX,stock,development,
2022-03-24,MWG,135.0,135.0,133.0,134.0,144.4,125.6,486600,HSX,stock,development,
2022-03-24,PNJ,107.0,108.9,105.3,107.0,112.4,97.8,350200,HSX,stock,development,
2022-03-24,SSI,44.45,44.45,43.75,43.8,47.25,41.15,3276000,HSX,stock,development,
2022-03-24,TCB,49.6,49.8,49.3,49.3,53.0,46.15,1505500,HSX,stock,development,
2022-03-24,VCB,84.9,84.9,83.5,83.5,90.8,79.0,342300,HSX,stock,development,
2022-03-24,VND,31.95,32.0,31.5,31.5,34.15,29.75,4085900,HSX,stock,development,
2022-03-24,VPB,36.65,36.7,36.35,36.35,39.2,34.1,6804500,HSX,stock,development,
2022-03-25,FPT,96.1,96.5,95.6,95.7,102.7,89.3,601600,HSX,stock,development,
2022-03-25,HPG,46.55,46.95,46.2,46.4,49.6,43.2,5582100,HSX,stock,development,
2022-03-25,MBB,32.05,32.2,31.8,31.8,34.25,29.85,3456700,HSX,stock,development,
2022-03-25,MWG,134.7,140.4,133.7,138.9,143.3,124.7,1570000,HSX,stock,development,
2022-03-25,PNJ,107.0,109.5,106.6,108.2,114.4,99.6,280500,HSX,stock,development,
2022-03-25,SSI,43.75,43.95,43.3,43.45,46.85,40.75,3249100,HSX,stock,development,
2022-03-25,TCB,49.4,49.45,49.15,49.25,52.7,45.85,1628500,HSX,stock,development,
2022-03-25,VCB,84.0,84.0,82.0,82.5,89.3,77.7,569500,HSX,stock,development,
2022-03-25,VND,31.3,31.8,31.0,31.1,33.7,29.3,3477000,HSX,stock,development,
2022-03-25,VPB,36.35,36.9,36.3,36.75,38.85,33.85,4987600,HSX,stock,development,
2022-03-28,FPT,95.5,98.7,95.2,98.1,102.3,89.1,1647600,HSX,stock,development,
2022-03-28,HPG,46.1,46.85,45.8,45.9,49.6,43.2,8215200,HSX,stock,development,
2022-03-28,MBB,31.8,31.95,31.1,31.5,34.0,29.6,4848300,HSX,stock,development,
2022-03-28,MWG,139.2,144.1,138.9,144.0,148.6,129.2,1848300,HSX,stock,development,
2022-03-28,PNJ,110.0,110.7,108.2,108.2,115.7,100.7,492000,HSX,stock,development,
2022-03-28,SSI,42.9,43.25,41.8,42.25,46.45,40.45,4070300,HSX,stock,development,
2022-03-28,TCB,49.15,49.15,48.35,48.8,52.6,45.85,2537100,HSX,stock,development,
2022-03-28,VCB,83.0,83.0,82.0,82.4,88.2,76.8,376100,HSX,stock,development,
2022-03-28,VND,30.6,31.0,29.8,30.2,33.25,28.95,4084700,HSX,stock,development,
2022-03-28,VPB,36.65,36.65,36.0,36.25,39.3,34.2,6069400,HSX,stock,development,
2022-03-29,FPT,98.6,104.9,98.6,104.9,104.9,91.3,3141600,HSX,stock,development,
2022-03-29,HPG,46.2,46.25,45.8,45.85,49.1,42.7,5051400,HSX,stock,development,
2022-03-29,MBB,31.65,32.0,31.5,32.0,33.7,29.3,2869300,HSX,stock,development,
2022-03-29,MWG,145.5,149.3,144.0,146.5,154.0,134.0,941700,HSX,stock,development,
2022-03-29,PNJ,110.0,111.9,109.0,110.5,115.7,100.7,598900,HSX,stock,development,
2022-03-29,SSI,42.9,42.9,42.6,42.65,45.2,39.3,1732600,HSX,stock,development,
2022-03-29,TCB,48.9,49.15,48.65,48.9,52.2,45.4,1636700,HSX,stock,development,
2022-03-29,VCB,82.4,83.0,81.6,81.9,88.1,76.7,521200,HSX,stock,development,
2022-03-29,VND,30.9,31.25,30.5,30.9,32.3,28.1,2358000,HSX,stock,development,
2022-03-29,VPB,36.25,36.5,36.25,36.4,38.75,33.75,3529900,HSX,stock,development,
2022-03-30,FPT,105.8,107.3,104.5,106.0,112.2,97.6,1486500,HSX,stock,development,
2022-03-30,HPG,45.8,46.4,45.4,45.5,49.05,42.65,6472800,HSX,stock,development,
2022-03-30,MBB,31.9,33.4,31.8,32.65,34.2,29.8,11032800,HSX,stock,development,
2022-03-30,MWG,145.5,146.9,140.1,144.4,156.7,136.3,901600,HSX,stock,development,
2022-03-30,PNJ,111.9,112.9,108.0,108.3,118.2,102.8,521400,HSX,stock,development,
2022-03-30,SSI,42.1,43.2,42.05,42.3,45.6,39.7,3359300,HSX,stock,development,
2022-03-30,TCB,48.9,49.9,48.9,49.15,52.3,45.5,2535700,HSX,stock,development,
2022-03-30,VCB,81.8,83.5,81.5,82.0,87.6,76.2,518400,HSX,stock,development,
2022-03-30,VND,30.6,31.45,30.3,30.95,33.05,28.75,2620000,HSX,stock,development,
2022-03-30,VPB,36.3,37.45,36.2,36.8,38.9,33.9,7863100,HSX,stock,development,
2022-03-31,FPT,105.5,110.6,104.6,107.0,113.4,98.6,1506000,HSX,stock,development,
2022-03-31,HPG,45.65,45.95,44.8,45.1,48.65,42.35,7750300,HSX,stock,development,
2022-03-31,MBB,32.65,33.1,32.65,32.95,34.9,30.4,5809700,HSX,stock,development,
2022-03-31,MWG,144.0,148.5,142.5,145.8,154.5,134.3,905900,HSX,stock,development,
2022-03-31,PNJ,108.5,111.0,107.8,110.5,115.8,100.8,324400,HSX,stock,development,
2022-03-31,SSI,42.8,42.8,42.0,42.0,45.25,39.35,2053600,HSX,stock,development,
2022-03-31,TCB,49.5,49.7,49.3,49.55,52.5,45.75,2551300,HSX,stock,development,
2022-03-31,VCB,82.0,82.6,82.0,82.1,87.7,76.3,287500,HSX,stock,development,
2022-03-31,VND,31.1,31.25,30.3,30.5,33.1,28.8,2024100,HSX,stock,development,
2022-03-31,VPB,36.9,37.5,36.8,37.2,39.35,34.25,4489600,HSX,stock,development,
2022-04-01,FPT,106.9,111.0,106.1,111.0,114.4,99.6,1904900,HSX,stock,development,
2022-04-01,HPG,45.0,46.0,44.5,45.7,48.25,41.95,8961400,HSX,stock,development,
2022-04-01,MBB,33.0,33.5,32.8,33.3,35.25,30.65,7136500,HSX,stock,development,
2022-04-01,MWG,147.5,156.0,147.1,156.0,156.0,135.6,1881000,HSX,stock,development,
2022-04-01,PNJ,110.0,118.2,109.9,117.2,118.2,102.8,1699300,HSX,stock,development,
2022-04-01,SSI,42.0,42.9,41.4,42.9,44.9,39.1,3852600,HSX,stock,development,
2022-04-01,TCB,49.55,50.4,49.4,50.3,53.0,46.1,4236800,HSX,stock,development,
2022-04-01,VCB,82.1,83.6,81.1,82.8,87.8,76.4,472900,HSX,stock,development,
2022-04-01,VND,30.5,31.8,30.1,31.7,32.6,28.4,3751500,HSX,stock,development,
2022-04-01,VPB,37.1,38.6,37.0,38.6,39.8,34.6,14870500,HSX,stock,development,
2022-04-04,FPT,113.5,113.5,109.3,109.3,,,1364000,HSX,stock,development,
2022-04-04,HPG,46.0,46.3,45.75,45.85,,,5619600,HSX,stock,development,
2022-04-04,MBB,33.75,33.75,33.0,33.0,,,5603000,HSX,stock,development,
2022-04-04,MWG,158.5,158.7,155.0,155.0,,,723300,HSX,stock,development,
2022-04-04,PNJ,117.3,120.0,116.5,116.6,,,619100,HSX,stock,development,
2022-04-04,SSI,43.5,45.05,43.1,45.0,,,6329000,HSX,stock,development,
2022-04-04,TCB,50.4,50.6,49.65,49.65,,,3905700,HSX,stock,development,
2022-04-04,VCB,83.2,84.1,82.6,82.6,,,443700,HSX,stock,development,
2022-04-04,VND,32.4,33.9,32.35,33.9,,,10056700,HSX,stock,development,
2022-04-04,VPB,39.6,39.9,38.9,39.0,,,10925100,HSX,stock,development,
2022-04-05,FPT,109.1,111.6,109.0,109.0,116.9,101.7,1028900,HSX,stock,development,
2022-04-05,HPG,46.0,46.4,45.95,46.1,49.05,42.65,5259100,HSX,stock,development,
2022-04-05,MBB,32.95,33.2,32.65,32.65,35.3,30.7,4835100,HSX,stock,development,
2022-04-05,MWG,153.5,156.6,153.0,155.2,165.8,144.2,692900,HSX,stock,development,
2022-04-05,PNJ,116.5,119.8,116.5,117.8,124.7,108.5,336300,HSX,stock,development,
2022-04-05,SSI,44.8,45.4,44.25,44.3,48.15,41.85,3494800,HSX,stock,development,
2022-04-05,TCB,49.4,49.5,49.05,49.05,53.1,46.2,2567800,HSX,stock,development,
2022-04-05,VCB,82.8,83.2,82.6,83.0,88.3,76.9,271400,HSX,stock,development,
2022-04-05,VND,34.1,36.1,34.1,34.6,36.25,31.55,6296400,HSX,stock,development,
2022-04-05,VPB,38.7,39.2,38.15,38.3,41.7,36.3,6374800,HSX,stock,development,
2022-04-06,FPT,108.4,114.0,108.4,113.0,116.6,101.4,1902200,HSX,stock,development,
2022-04-06,HPG,46.0,47.95,46.0,47.25,49.3,42.9,11369600,HSX,stock,development,
2022-04-06,MBB,32.65,33.5,32.5,33.35,34.9,30.4,7644500,HSX,stock,development,
2022-04-06,MWG,154.0,162.0,153.4,158.8,166.0,144.4,1615100,HSX,stock,development,
2022-04-06,PNJ,116.5,120.6,115.5,118.1,126.0,109.6,942900,HSX,stock,development,
2022-04-06,SSI,43.7,44.9,43.7,44.6,47.4,41.2,3740900,HSX,stock,development,
2022-04-06,TCB,48.9,49.9,48.7,49.9,52.4,45.65,4295200,HSX,stock,development,
2022-04-06,VCB,82.9,85.0,81.7,84.6,88.8,77.2,953700,HSX,stock,development,
2022-04-06,VND,34.0,36.0,34.0,35.5,37.0,32.2,7710300,HSX,stock,development,
2022-04-06,VPB,38.1,40.2,37.85,39.95,40.95,35.65,16592900,HSX,stock,development,
2022-04-07,FPT,113.7,116.9,112.1,113.3,120.9,105.1,1993300,HSX,stock,development,
2022-04-07,HPG,47.5,47.6,46.55,46.55,50.5,43.95,6448700,HSX,stock,development,
2022-04-07,MBB,33.55,34.4,33.5,33.7,35.65,31.05,9813800,HSX,stock,development,
2022-04-07,MWG,159.8,160.1,153.6,155.0,169.9,147.7,1446300,HSX,stock,development,
2022-04-07,PNJ,118.1,120.4,114.8,115.1,126.3,109.9,719300,HSX,stock,development,
2022-04-07,SSI,44.6,45.35,44.05,44.05,47.7,41.5,4383100,HSX,stock,development,
2022-04-07,TCB,49.9,50.3,49.3,49.3,53.3,46.45,2416000,HSX,stock,development,
2022-04-07,VCB,84.9,85.2,83.0,83.0,90.5,78.7,505200,HSX,stock,development,
2022-04-07,VND,35.5,37.0,35.0,35.0,37.95,33.05,9745000,HSX,stock,development,
2022-04-07,VPB,40.1,41.05,39.8,39.8,42.7,37.2,13736400,HSX,stock,development,
2022-04-08,FPT,113.3,113.9,108.5,108.5,121.2,105.4,1962200,HSX,stock,development,
2022-04-08,HPG,46.75,47.05,46.35,46.4,49.8,43.3,6307000,HSX,stock,development,
2022-04-08,MBB,33.75,34.0,33.1,33.2,36.05,31.35,4893000,HSX,stock,development,
2022-04-08,MWG,155.0,155.0,150.0,150.0,165.8,144.2,1195000,HSX,stock,development,
2022-04-08,PNJ,115.1,117.0,113.9,114.5,123.1,107.1,442200,HSX,stock,development,
2022-04-08,SSI,44.0,44.25,43.0,43.0,47.1,41.0,3719500,HSX,stock,development,
2022-04-08,TCB,49.4,49.4,48.8,48.85,52.7,45.85,3462000,HSX,stock,development,
2022-04-08,VCB,83.9,83.9,82.9,83.0,88.8,77.2,417300,HSX,stock,development,
2022-04-08,VND,35.0,36.0,34.55,35.1,37.45,32.55,7264400,HSX,stock,development,
2022-04-08,VPB,39.8,40.05,38.8,38.8,42.55,37.05,11047600,HSX,stock,development,
2022-04-12,FPT,109.0,111.5,106.6,109.8,116.0,101.0,1619000,HSX,stock,development,
2022-04-12,HPG,46.5,46.5,45.05,45.1,49.6,43.2,7530800,HSX,stock,development,
2022-04-12,MBB,33.2,33.25,32.2,32.25,35.5,30.9,6636200,HSX,stock,development,
2022-04-12,MWG,150.0,152.7,146.0,152.7,160.5,139.5,1577800,HSX,stock,development,
2022-04-12,PNJ,115.0,116.0,112.0,112.4,122.5,106.5,731000,HSX,stock,development,
2022-04-12,SSI,43.1,43.4,41.6,41.8,46.0,40.0,3554000,HSX,stock,development,
2022-04-12,TCB,48.7,48.9,47.9,48.0,52.2,45.45,3882300,HSX,stock,development,
2022-04-12,VCB,83.0,83.2,81.6,82.4,88.8,77.2,501800,HSX,stock,development,
2022-04-12,VND,35.8,35.8,33.0,33.0,37.55,32.65,6895400,HSX,stock,development,
2022-04-12,VPB,39.1,40.2,39.0,39.0,41.5,36.1,12099900,HSX,stock,development,
2022-04-13,FPT,110.0,115.1,109.8,115.1,117.4,102.2,1739200,HSX,stock,development,
2022-04-13,HPG,45.3,45.45,44.7,45.2,48.25,41.95,5383800,HSX,stock,development,
2022-04-13,MBB,32.25,32.8,32.2,32.6,34.5,30.0,6457100,HSX,stock,development,
2022-04-13,MWG,151.0,157.0,150.5,156.2,163.3,142.1,2017400,HSX,stock,development,
2022-04-13,PNJ,112.4,116.5,112.1,116.0,120.2,104.6,560200,HSX,stock,development,
2022-04-13,SSI,42.0,42.75,40.9,42.55,44.7,38.9,3763500,HSX,stock,development,
2022-04-13,TCB,48.4,48.45,47.9,48.0,51.3,44.65,3481200,HSX,stock,development,
2022-04-13,VCB,83.0,83.1,82.0,82.4,88.1,76.7,571500,HSX,stock,development,
2022-04-13,VND,33.1,35.3,31.8,35.3,35.3,30.7,7122400,HSX,stock,development,
2022-04-13,VPB,39.4,39.45,38.0,39.0,41.7,36.3,11316400,HSX,stock,development,
2022-04-14,FPT,115.2,118.9,115.2,116.6,123.1,107.1,1552400,HSX,stock,development,
2022-04-14,HPG,45.3,45.55,44.9,44.9,48.35,42.05,6547800,HSX,stock,development,
2022-04-14,MBB,32.7,32.9,32.3,32.3,34.85,30.35,3496600,HSX,stock,development,
2022-04-14,MWG,156.2,162.8,155.0,159.5,167.1,145.3,1409200,HSX,stock,development,
2022-04-14,PNJ,117.4,121.5,116.5,117.0,124.1,107.9,715900,HSX,stock,development,
2022-04-14,SSI,42.95,42.95,41.9,42.0,45.5,39.6,2021300,HSX,stock,development,
2022-04-14,TCB,48.05,48.35,47.15,47.3,51.3,44.65,3204900,HSX,stock,development,
2022-04-14,VCB,82.4,82.9,81.0,81.0,88.1,76.7,628300,HSX,stock,development,
2022-04-14,VND,35.5,35.95,34.35,34.55,37.75,32.85,5025500,HSX,stock,development,
2022-04-14,VPB,39.0,40.6,38.9,39.5,41.7,36.3,9700000,HSX,stock,development,
2022-04-15,FPT,115.1,117.9,114.0,115.0,124.7,108.5,1508800,HSX,stock,development,
2022-04-15,HPG,44.9,45.0,44.15,44.2,48.0,41.8,8641200,HSX,stock,development,
2022-04-15,MBB,32.3,32.35,31.3,31.4,34.55,30.05,5962000,HSX,stock,development,
2022-04-15,MWG,157.5,161.9,157.2,160.2,170.6,148.4,1238200,HSX,stock,development,
2022-04-15,PNJ,116.9,120.4,115.2,117.1,125.1,108.9,399700,HSX,stock,development,
2022-04-15,SSI,41.8,42.1,39.85,40.0,44.9,39.1,4626800,HSX,stock,development,
2022-04-15,TCB,47.3,47.3,45.6,45.6,50.6,44.0,7259400,HSX,stock,development,
2022-04-15,VCB,81.2,81.5,80.2,80.2,86.6,75.4,408300,HSX,stock,development,
2022-04-15,VND,34.2,35.25,33.5,33.7,36.95,32.15,5321700,HSX,stock,development,
2022-04-15,VPB,39.3,39.7,37.7,38.5,42.25,36.75,12416800,HSX,stock,development,
2022-04-18,FPT,115.0,118.6,114.0,115.5,123.0,107.0,1912700,HSX,stock,development,
2022-04-18,HPG,44.05,44.55,42.65,42.65,47.25,41.15,10317000,HSX,stock,development,
2022-04-18,MBB,31.3,31.3,30.15,30.3,33.55,29.25,8175300,HSX,stock,development,
2022-04-18,MWG,161.0,162.0,159.1,160.2,171.4,149.0,1387600,HSX,stock,development,
2022-04-18,PNJ,120.1,124.0,118.2,123.5,125.2,109.0,1366100,HSX,stock,development,
2022-04-18,SSI,39.3,40.0,37.2,37.5,42.8,37.2,7275500,HSX,stock,development,
2022-04-18,TCB,46.0,46.25,44.8,44.85,48.75,42.45,5864500,HSX,stock,development,
2022-04-18,VCB,80.0,80.2,77.6,77.7,85.8,74.6,782800,HSX,stock,development,
2022-04-18,VND,32.8,33.5,31.5,32.2,36.05,31.35,7416100,HSX,stock,development,
2022-04-18,VPB,38.5,38.6,36.65,36.65,41.15,35.85,13068300,HSX,stock,development,
2022-04-19,FPT,116.5,117.0,112.0,112.0,123.5,107.5,2174100,HSX,stock,development,
2022-04-19,HPG,43.0,43.9,42.9,43.3,45.6,39.7,9003200,HSX,stock,development,
2022-04-19,MBB,30.5,30.85,29.3,29.3,32.4,28.2,6653200,HSX,stock,development,
2022-04-19,MWG,159.7,161.1,155.0,156.0,171.4,149.0,1580200,HSX,stock,development,
2022-04-19,PNJ,123.6,123.8,118.9,118.9,132.1,114.9,564100,HSX,stock,development,
2022-04-19,SSI,37.6,38.4,35.0,35.0,40.1,34.9,5670400,HSX,stock,development,
2022-04-19,TCB,45.0,45.45,43.5,43.7,47.95,41.75,3740100,HSX,stock,development,
2022-04-19,VCB,77.8,78.5,77.6,77.7,83.1,72.3,503000,HSX,stock,development,
2022-04-19,VND,32.3,33.05,30.0,30.0,34.45,29.95,6952900,HSX,stock,development,
2022-04-19,VPB,36.85,37.45,35.7,35.8,39.2,34.1,11368400,HSX,stock,development,
2022-04-20,FPT,112.0,113.0,109.6,112.0,119.8,104.2,1719700,HSX,stock,development,
2022-04-20,HPG,43.5,44.0,43.1,43.2,46.3,40.3,6914300,HSX,stock,development,
2022-04-20,MBB,29.4,30.05,29.15,29.5,31.35,27.25,6177400,HSX,stock,development,
2022-04-20,MWG,155.1,159.4,153.8,156.0,166.9,145.1,1064000,HSX,stock,development,
2022-04-20,PNJ,118.8,121.1,117.5,118.9,127.2,110.6,595800,HSX,stock,development,
2022-04-20,SSI,34.95,36.0,34.7,35.2,37.45,32.55,4762300,HSX,stock,development,
2022-04-20,TCB,43.7,44.2,43.05,43.05,46.75,40.65,4372900,HSX,stock,development,
2022-04-20,VCB,78.0,78.9,77.7,78.4,83.1,72.3,466400,HSX,stock,development,
2022-04-20,VND,30.0,31.4,29.6,30.3,32.1,27.9,6269000,HSX,stock,development,
2022-04-20,VPB,35.5,36.25,35.2,35.2,38.3,33.3,11483500,HSX,stock,development,
2022-04-21,FPT,111.2,115.9,111.2,112.0,119.8,104.2,2315600,HSX,stock,development,
2022-04-21,HPG,43.0,44.1,42.1,43.35,46.2,40.2,9548700,HSX,stock,development,
2022-04-21,MBB,29.5,30.55,29.1,30.0,31.55,27.45,6496100,HSX,stock,development,
2022-04-21,MWG,154.2,157.5,153.7,155.5,166.9,145.1,1403700,HSX,stock,development,
2022-04-21,PNJ,120.9,121.8,119.0,119.0,127.2,110.6,944000,HSX,stock,development,
2022-04-21,SSI,34.6,36.8,34.5,36.05,37.65,32.75,6314100,HSX,stock,development,
2022-04-21,TCB,43.0,44.0,42.9,43.6,46.05,40.05,5867800,HSX,stock,development,
2022-04-21,VCB,78.4,79.2,78.2,78.4,83.8,73.0,1449700,HSX,stock,development,
2022-04-21,VND,30.3,32.4,30.1,32.35,32.4,28.2,6961600,HSX,stock,development,
2022-04-21,VPB,35.1,36.5,34.5,35.5,37.65,32.75,10482900,HSX,stock,development,
2022-04-22,FPT,112.5,113.9,106.0,111.1,119.8,104.2,2721300,HSX,stock,development,
2022-04-22,HPG,44.0,44.05,42.35,43.8,46.35,40.35,5997500,HSX,stock,development,
2022-04-22,MBB,30.3,30.8,29.8,30.0,32.1,27.9,5028800,HSX,stock,development,
2022-04-22,MWG,156.6,157.0,145.1,155.8,166.3,144.7,2153900,HSX,stock,development,
2022-04-22,PNJ,120.9,120.9,111.8,115.0,127.3,110.7,1399300,HSX,stock,development,
2022-04-22,SSI,36.5,36.65,35.0,36.05,38.55,33.55,3535700,HSX,stock,development,
2022-04-22,TCB,44.0,44.75,43.55,44.1,46.65,40.55,3178500,HSX,stock,development,
2022-04-22,VCB,79.1,82.6,79.1,82.2,83.8,73.0,1509000,HSX,stock,development,
2022-04-22,VND,33.0,33.35,30.55,31.65,34.6,30.1,5811600,HSX,stock,development,
2022-04-22,VPB,36.2,37.2,35.4,36.8,37.95,33.05,10694800,HSX,stock,development,
2022-04-25,FPT,110.1,110.9,103.4,103.4,118.8,103.4,2075900,HSX,stock,development,
2022-04-25,HPG,43.8,43.8,40.75,40.75,46.85,40.75,13282600,HSX,stock,development,
2022-04-25,MBB,30.2,30.5,27.9,28.1,32.1,27.9,7353800,HSX,stock,development,
2022-04-25,MWG,154.0,155.3,144.9,144.9,166.7,144.9,1727100,HSX,stock,development,
2022-04-25,PNJ,115.0,115.0,107.0,107.0,123.0,107.0,801600,HSX,stock,development,
2022-04-25,SSI,36.0,36.25,33.55,33.55,38.55,33.55,4918600,HSX,stock,development,
2022-04-25,TCB,44.2,44.3,41.05,41.05,47.15,41.05,4422100,HSX,stock,development,
2022-04-25,VCB,82.2,83.0,77.0,81.8,87.9,76.5,1421900,HSX,stock,development,
2022-04-25,VND,31.65,32.15,29.45,29.45,33.85,29.45,7040100,HSX,stock,development,
2022-04-25,VPB,36.65,36.95,34.25,34.25,39.35,34.25,12018800,HSX,stock,development,
2022-04-26,FPT,100.2,105.0,97.0,104.3,110.6,96.2,3025200,HSX,stock,development,
2022-04-26,HPG,40.15,41.4,39.6,41.2,43.6,37.9,11005700,HSX,stock,development,
2022-04-26,MBB,28.0,29.45,27.0,29.35,30.05,26.15,7277300,HSX,stock,development,
2022-04-26,MWG,141.0,150.9,139.0,148.8,155.0,134.8,1724200,HSX,stock,development,
2022-04-26,PNJ,103.5,108.2,101.0,107.4,114.4,99.6,657500,HSX,stock,development,
2022-04-26,SSI,32.5,34.5,31.35,34.5,35.85,31.25,6401400,HSX,stock,development,
2022-04-26,TCB,40.6,42.0,38.85,41.5,43.9,38.2,5642500,HSX,stock,development,
2022-04-26,VCB,79.0,80.5,79.0,80.5,87.5,76.1,1068600,HSX,stock,development,
2022-04-26,VND,29.0,31.5,27.45,31.5,31.5,27.4,7116200,HSX,stock,development,
2022-04-26,VPB,33.6,36.6,33.1,36.4,36.6,31.9,10078700,HSX,stock,development,
2022-04-27,FPT,102.5,104.0,100.5,103.0,111.6,97.0,1344700,HSX,stock,development,
2022-04-27,HPG,41.2,42.9,41.1,42.5,44.05,38.35,9086000,HSX,stock,development,
2022-04-27,MBB,29.25,29.75,28.85,29.7,31.4,27.3,3609600,HSX,stock,development,
2022-04-27,MWG,146.0,147.5,143.0,147.2,159.2,138.4,1048600,HSX,stock,development,
2022-04-27,PNJ,107.0,111.0,102.8,107.0,114.9,99.9,386000,HSX,stock,development,
2022-04-27,SSI,34.25,34.6,33.7,34.4,36.9,32.1,2924700,HSX,stock,development,
2022-04-27,TCB,41.5,42.2,40.9,41.6,44.4,38.6,3154400,HSX,stock,development,
2022-04-27,VCB,79.9,82.0,78.2,81.5,86.1,74.9,703700,HSX,stock,development,
2022-04-27,VND,31.0,31.75,30.55,31.2,33.7,29.3,3695800,HSX,stock,development,
2022-04-27,VPB,36.0,36.45,35.4,35.95,38.9,33.9,6729900,HSX,stock,development,
2022-04-28,FPT,102.9,106.8,102.5,105.5,110.2,95.8,1179300,HSX,stock,development,
2022-04-28,HPG,42.5,43.45,42.5,43.1,45.45,39.55,6140700,HSX,stock,development,
2022-04-28,MBB,29.8,29.9,29.4,29.45,31.75,27.65,2910300,HSX,stock,development,
2022-04-28,MWG,147.5,149.0,144.8,145.0,157.5,136.9,851300,HSX,stock,development,
2022-04-28,PNJ,107.0,109.5,106.2,106.2,114.4,99.6,289800,HSX,stock,development,
2022-04-28,SSI,34.3,34.65,33.3,33.5,36.8,32.0,2991500,HSX,stock,development,
2022-04-28,TCB,41.65,42.8,41.65,42.3,44.5,38.7,2574500,HSX,stock,development,
2022-04-28,VCB,81.5,81.6,79.5,81.5,87.2,75.8,351400,HSX,stock,development,
2022-04-28,VND,30.95,31.55,30.3,30.4,33.35,29.05,4052300,HSX,stock,development,
2022-04-28,VPB,36.1,36.7,35.85,36.5,38.45,33.45,5770500,HSX,stock,development,
2022-04-29,FPT,105.0,107.1,104.2,105.0,112.8,98.2,2815100,HSX,stock,development,
2022-04-29,HPG,42.9,43.4,42.85,43.3,46.1,40.1,5867600,HSX,stock,development,
2022-04-29,MBB,29.35,29.9,29.3,29.8,31.5,27.4,4771200,HSX,stock,development,
2022-04-29,MWG,145.2,150.0,145.2,149.2,155.1,134.9,1126600,HSX,stock,development,
2022-04-29,PNJ,106.5,109.5,106.5,108.0,113.6,98.8,267300,HSX,stock,development,
2022-04-29,SSI,33.5,34.2,33.15,33.55,35.8,31.2,4630400,HSX,stock,development,
2022-04-29,TCB,42.3,44.0,42.2,44.0,45.25,39.35,6043100,HSX,stock,development,
2022-04-29,VCB,81.4,82.3,80.0,80.9,87.2,75.8,741900,HSX,stock,development,
2022-04-29,VND,30.15,31.4,30.05,31.0,32.5,28.3,4654500,HSX,stock,development,
2022-04-29,VPB,36.5,36.9,36.3,36.7,39.05,33.95,7943700,HSX,stock,development,
2022-05-04,FPT,104.9,105.9,104.1,104.5,112.3,97.7,956600,HSX,stock,development,
2022-05-04,HPG,43.3,43.3,42.0,42.0,46.3,40.3,6556300,HSX,stock,development,
2022-05-04,MBB,29.8,29.85,28.9,28.9,31.85,27.75,3659500,HSX,stock,development,
2022-05-04,MWG,150.0,151.5,148.5,149.5,159.6,138.8,600000,HSX,stock,development,
2022-05-04,PNJ,108.0,110.0,106.5,108.3,115.5,100.5,247900,HSX,stock,development,
2022-05-04,SSI,33.55,33.8,32.0,32.0,35.85,31.25,3297600,HSX,stock,development,
2022-05-04,TCB,43.5,43.65,42.0,42.0,47.05,40.95,3043000,HSX,stock,development,
2022-05-04,VCB,80.9,81.0,79.0,79.9,86.5,75.3,514600,HSX,stock,development,
2022-05-04,VND,30.7,31.3,30.0,30.0,33.15,28.85,3595900,HSX,stock,development,
2022-05-04,VPB,36.75,36.75,35.8,35.8,39.25,34.15,5291300,HSX,stock,development,
2022-05-05,FPT,104.6,105.5,101.9,104.7,111.8,97.2,1148500,HSX,stock,development,
2022-05-05,HPG,42.6,42.6,41.5,42.05,44.9,39.1,6511700,HSX,stock,development,
2022-05-05,MBB,29.3,29.3,28.25,29.0,30.9,26.9,3454500,HSX,stock,development,
2022-05-05,MWG,150.5,150.5,145.1,149.4,159.9,139.1,673600,HSX,stock,development,
2022-05-05,PNJ,110.5,111.0,106.5,110.0,115.8,100.8,280500,HSX,stock,development,
2022-05-05,SSI,32.5,32.75,30.3,31.0,34.2,29.8,4529100,HSX,stock,development,
2022-05-05,TCB,42.85,42.85,41.4,42.6,44.9,39.1,2602800,HSX,stock,development,
2022-05-05,VCB,80.5,81.5,79.6,81.0,85.4,74.4,652800,HSX,stock,development,
2022-05-05,VND,30.45,30.6,28.65,29.0,32.1,27.9,4412300,HSX,stock,development,
2022-05-05,VPB,36.35,36.35,34.75,35.55,38.3,33.3,4746900,HSX,stock,development,
2022-05-06,FPT,102.3,104.0,100.2,100.2,112.0,97.4,1272100,HSX,stock,development,
2022-05-06,HPG,41.4,43.0,41.4,41.8,44.95,39.15,7462500,HSX,stock,development,
2022-05-06,MBB,28.5,28.8,28.0,28.0,31.0,27.0,4164300,HSX,stock,development,
2022-05-06,MWG,146.5,148.9,146.1,146.6,159.8,139.0,659600,HSX,stock,development,
2022-05-06,PNJ,108.0,109.8,106.0,106.5,117.7,102.3,306400,HSX,stock,development,
2022-05-06,SSI,30.0,30.7,28.85,28.85,33.15,28.85,6962200,HSX,stock,development,
2022-05-06,TCB,41.7,42.3,41.5,41.5,45.55,39.65,2719800,HSX,stock,development,
2022-05-06,VCB,79.7,81.2,79.4,79.4,86.6,75.4,469900,HSX,stock,development,
2022-05-06,VND,27.9,28.65,27.0,27.0,31.0,27.0,7214800,HSX,stock,development,
2022-05-06,VPB,35.0,35.15,34.15,34.15,38.0,33.1,6245500,HSX,stock,development,
2022-05-09,FPT,98.3,99.0,94.0,94.0,107.2,93.2,2195300,HSX,stock,development,
2022-05-09,HPG,41.5,41.9,39.95,39.95,44.7,38.9,13107500,HSX,stock,development,
2022-05-09,MBB,27.6,27.8,26.15,26.2,29.95,26.05,7515600,HSX,stock,development,
2022-05-09,MWG,144.2,144.3,136.4,136.4,156.8,136.4,1370200,HSX,stock,development,
2022-05-09,PNJ,105.5,106.5,99.1,99.1,113.9,99.1,565400,HSX,stock,development,
2022-05-09,SSI,28.45,28.5,26.85,26.85,30.85,26.85,7628100,HSX,stock,development,
2022-05-09,TCB,41.2,41.4,38.6,38.6,44.4,38.6,6040500,HSX,stock,development,
2022-05-09,VCB,78.8,80.4,77.8,77.9,84.9,73.9,884100,HSX,stock,development,
2022-05-09,VND,25.8,26.4,25.15,25.15,28.85,25.15,6379900,HSX,stock,development,
2022-05-09,VPB,33.7,33.95,31.8,31.8,36.5,31.8,10227500,HSX,stock,development,
2022-05-10,FPT,94.0,98.8,92.0,98.4,100.5,87.5,1555100,HSX,stock,development,
2022-05-10,HPG,39.5,41.1,38.7,41.1,42.7,37.2,10165800,HSX,stock,development,
2022-05-10,MBB,25.8,27.05,25.1,27.05,28.0,24.4,5232800,HSX,stock,development,
2022-05-10,MWG,135.0,140.1,133.0,140.1,145.9,126.9,1100100,HSX,stock,development,
2022-05-10,PNJ,95.2,103.4,93.5,103.0,106.0,92.2,390500,HSX,stock,development,
2022-05-10,SSI,26.0,28.05,25.95,27.9,28.7,25.0,7017300,HSX,stock,development,
2022-05-10,TCB,37.45,38.85,37.45,38.7,41.3,35.9,5477900,HSX,stock,development,
2022-05-10,VCB,77.1,80.0,77.1,80.0,83.3,72.5,500400,HSX,stock,development,
2022-05-10,VND,23.7,25.85,23.6,25.55,26.9,23.4,5746200,HSX,stock,development,
2022-05-10,VPB,31.15,33.3,31.15,33.3,34.0,29.6,7898200,HSX,stock,development,
2022-05-11,FPT,98.0,101.9,96.8,101.9,105.2,91.6,998600,HSX,stock,development,
2022-05-11,HPG,41.0,41.3,40.55,40.65,43.95,38.25,4389100,HSX,stock,development,
2022-05-11,MBB,27.05,27.5,26.7,27.5,28.9,25.2,2937500,HSX,stock,development,
2022-05-11,MWG,140.2,141.0,137.2,141.0,149.9,130.3,738200,HSX,stock,development,
2022-05-11,PNJ,103.0,107.0,101.0,107.0,110.2,95.8,544900,HSX,stock,development,
2022-05-11,SSI,28.05,28.1,27.35,27.7,29.85,25.95,2840400,HSX,stock,development,
2022-05-11,TCB,39.0,39.45,38.45,39.0,41.4,36.0,2128200,HSX,stock,development,
2022-05-11,VCB,80.0,80.3,79.0,80.0,85.6,74.4,557100,HSX,stock,development,
2022-05-11,VND,25.6,25.9,24.85,25.3,27.3,23.8,2358600,HSX,stock,development,
2022-05-11,VPB,33.3,33.9,32.55,33.4,35.6,31.0,3759500,HSX,stock,development,
2022-05-12,FPT,99.3,101.9,95.0,95.6,109.0,94.8,1420700,HSX,stock,development,
2022-05-12,HPG,40.6,40.65,38.25,38.25,43.45,37.85,12265500,HSX,stock,development,
2022-05-12,MBB,27.0,27.3,25.65,25.65,29.4,25.6,5102500,HSX,stock,development,
2022-05-12,MWG,139.9,139.9,134.4,134.4,150.8,131.2,1058200,HSX,stock,development,
2022-05-12,PNJ,104.9,107.2,101.1,101.1,114.4,99.6,455600,HSX,stock,development,
2022-05-12,SSI,27.25,27.55,25.8,25.8,29.6,25.8,6320500,HSX,stock,development,
2022-05-12,TCB,39.0,39.0,36.3,36.3,41.7,36.3,3269700,HSX,stock,development,
2022-05-12,VCB,79.0,79.9,77.0,77.0,85.6,74.4,549500,HSX,stock,development,
2022-05-12,VND,24.5,25.0,23.55,23.55,27.05,23.55,3283100,HSX,stock,development,
2022-05-12,VPB,32.95,33.0,31.1,31.1,35.7,31.1,7267600,HSX,stock,development,
2022-05-13,FPT,96.1,99.0,93.1,93.6,102.2,89.0,2094700,HSX,stock,development,
2022-05-13,HPG,38.15,38.55,35.75,35.9,40.9,35.6,20629100,HSX,stock,development,
2022-05-13,MBB,26.0,26.2,24.1,24.1,27.4,23.9,8174500,HSX,stock,development,
2022-05-13,MWG,134.4,135.1,125.1,125.1,143.8,125.0,1606800,HSX,stock,development,
2022-05-13,PNJ,103.7,105.0,96.7,97.5,108.1,94.1,470000,HSX,stock,development,
2022-05-13,SSI,26.0,26.6,25.05,25.8,27.6,24.0,11023900,HSX,stock,development,
2022-05-13,TCB,36.3,36.8,33.8,33.8,38.8,33.8,7131500,HSX,stock,development,
2022-05-13,VCB,77.0,78.0,73.0,73.0,82.3,71.7,1110900,HSX,stock,development,
2022-05-13,VND,23.5,23.7,21.95,21.95,25.15,21.95,8041300,HSX,stock,development,
2022-05-13,VPB,31.2,31.6,29.0,29.0,33.25,28.95,11193200,HSX,stock,development,
2022-05-16,FPT,97.5,97.5,93.2,93.2,100.1,87.1,989400,HSX,stock,development,
2022-05-16,HPG,37.05,37.5,36.3,36.3,38.4,33.4,15632100,HSX,stock,development,
2022-05-16,MBB,25.2,25.35,24.5,24.6,25.75,22.45,3834700,HSX,stock,development,
2022-05-16,MWG,132.5,132.5,121.2,123.0,133.8,116.4,778900,HSX,stock,development,
2022-05-16,PNJ,101.0,101.5,97.4,98.0,104.3,90.7,161900,HSX,stock,development,
2022-05-16,SSI,27.4,27.6,27.2,27.3,27.6,24.0,8522600,HSX,stock,development,
2022-05-16,TCB,35.1,35.8,32.6,32.6,36.15,31.45,5857300,HSX,stock,development,
2022-05-16,VCB,75.5,76.4,74.0,74.2,78.1,67.9,968600,HSX,stock,development,
2022-05-16,VND,23.0,23.45,22.0,22.65,23.45,20.45,4141400,HSX,stock,development,
2022-05-16,VPB,30.0,30.55,29.0,29.0,31.0,27.0,6445000,HSX,stock,development,
2022-05-17,FPT,93.0,99.7,92.5,99.7,99.7,86.7,1030700,HSX,stock,development,
2022-05-17,HPG,36.2,38.2,36.0,38.2,38.8,33.8,10260000,HSX,stock,development,
2022-05-17,MBB,24.65,26.3,24.55,26.3,26.3,22.9,3260800,HSX,stock,development,
2022-05-17,MWG,124.9,131.6,122.0,131.6,131.6,114.4,522900,HSX,stock,development,
2022-05-17,PNJ,98.0,104.2,96.8,103.1,104.8,91.2,204800,HSX,stock,development,
2022-05-17,SSI,27.0,29.15,26.9,29.15,29.2,25.4,8529500,HSX,stock,development,
2022-05-17,TCB,32.6,34.85,32.55,34.85,34.85,30.35,4831200,HSX,stock,development,
2022-05-17,VCB,74.2,77.0,73.1,76.0,79.3,69.1,1129800,HSX,stock,development,
2022-05-17,VND,22.45,24.2,21.9,24.2,24.2,21.1,3245700,HSX,stock,development,
2022-05-17,VPB,29.0,31.0,28.95,31.0,31.0,27.0,4743300,HSX,stock,development,
2022-05-18,FPT,99.7,100.1,97.5,97.7,106.6,92.8,945200,HSX,stock,development,
2022-05-18,HPG,38.4,38.7,37.85,38.2,40.85,35.55,7459300,HSX,stock,development,
2022-05-18,MBB,26.8,27.5,26.4,26.65,28.1,24.5,4284800,HSX,stock,development,
2022-05-18,MWG,131.7,133.7,129.8,133.5,140.8,122.4,492500,HSX,stock,development,
2022-05-18,PNJ,103.0,104.7,100.4,102.1,110.3,95.9,302100,HSX,stock,development,
2022-05-18,SSI,29.2,29.95,28.6,28.65,31.15,27.15,10336700,HSX,stock,development,
2022-05-18,TCB,35.7,36.9,35.35,36.05,37.25,32.45,4265800,HSX,stock,development,
2022-05-18,VCB,77.0,77.0,75.0,75.4,81.3,70.7,566400,HSX,stock,development,
2022-05-18,VND,25.0,25.8,24.4,24.75,25.85,22.55,4833200,HSX,stock,development,
2022-05-18,VPB,31.5,32.15,30.7,30.95,33.15,28.85,5774900,HSX,stock,development,
2022-05-19,FPT,95.1,97.7,95.1,97.0,104.5,90.9,666100,HSX,stock,development,
2022-05-19,HPG,37.3,38.1,36.85,37.9,40.85,35.55,7306100,HSX,stock,development,
2022-05-19,MBB,26.2,27.05,26.0,26.75,28.5,24.8,3501100,HSX,stock,development,
2022-05-19,MWG,130.0,133.5,129.3,133.0,142.8,124.2,519300,HSX,stock,development,
2022-05-19,PNJ,100.9,105.0,100.6,102.1,109.2,95.0,231600,HSX,stock,development,
2022-05-19,SSI,27.6,29.0,27.6,28.5,30.65,26.65,9014400,HSX,stock,development,
2022-05-19,TCB,35.4,36.4,35.2,35.8,38.55,33.55,3030500,HSX,stock,development,
2022-05-19,VCB,75.0,76.7,74.8,76.0,80.6,70.2,409300,HSX,stock,development,
2022-05-19,VND,24.0,25.4,23.9,25.2,26.45,23.05,3907200,HSX,stock,development,
2022-05-19,VPB,30.1,30.9,29.95,30.45,33.1,28.8,5218800,HSX,stock,development,
2022-05-20,FPT,97.7,98.9,97.0,97.5,103.7,90.3,747500,HSX,stock,development,
2022-05-20,HPG,37.7,37.8,37.25,37.65,40.55,35.25,7229800,HSX,stock,development,
2022-05-20,MBB,26.8,27.25,26.6,27.0,28.6,24.9,2511000,HSX,stock,development,
2022-05-20,MWG,132.5,135.8,132.0,134.0,142.3,123.7,480600,HSX,stock,development,
2022-05-20,PNJ,105.0,106.0,103.1,106.0,109.2,95.0,280400,HSX,stock,development,
2022-05-20,SSI,28.8,29.5,28.4,28.45,30.45,26.55,7082300,HSX,stock,development,
2022-05-20,TCB,35.8,36.45,35.35,35.7,38.3,33.3,2764000,HSX,stock,development,
2022-05-20,VCB,75.1,76.5,75.0,75.3,81.3,70.7,362300,HSX,stock,development,
2022-05-20,VND,25.5,25.7,24.5,24.6,26.95,23.45,3442100,HSX,stock,development,
2022-05-20,VPB,30.6,30.95,30.3,30.6,32.55,28.35,3979000,HSX,stock,development,
2022-05-23,FPT,98.2,98.2,96.1,96.5,104.3,90.7,621600,HSX,stock,development,
2022-05-23,HPG,37.95,38.2,36.3,36.75,40.25,35.05,5163400,HSX,stock,development,
2022-05-23,MBB,27.0,27.1,26.1,26.3,28.85,25.15,2686100,HSX,stock,development,
2022-05-23,MWG,135.0,135.0,130.0,130.8,143.3,124.7,284100,HSX,stock,development,
2022-05-23,PNJ,107.1,107.1,102.5,104.5,113.4,98.6,194200,HSX,stock,development,
2022-05-23,SSI,28.5,28.65,26.5,26.5,30.4,26.5,11290400,HSX,stock,development,
2022-05-23,TCB,35.8,36.2,34.85,34.85,38.15,33.25,2858800,HSX,stock,development,
2022-05-23,VCB,75.6,75.6,73.6,74.4,80.5,70.1,373300,HSX,stock,development,
2022-05-23,VND,24.8,24.85,22.9,23.3,26.3,22.9,4024400,HSX,stock,development,
2022-05-23,VPB,30.8,30.8,29.2,29.3,32.7,28.5,5178900,HSX,stock,development,
2022-05-24,FPT,96.5,98.2,96.0,98.2,103.2,89.8,703800,HSX,stock,development,
2022-05-24,HPG,36.75,37.0,34.2,34.9,39.3,34.2,15865000,HSX,stock,development,
2022-05-24,MBB,26.5,26.85,26.15,26.85,28.1,24.5,3058000,HSX,stock,development,
2022-05-24,MWG,130.9,133.0,129.8,133.0,139.9,121.7,333700,HSX,stock,development,
2022-05-24,PNJ,104.9,107.9,104.0,107.9,111.8,97.2,307300,HSX,stock,development,
2022-05-24,SSI,26.4,28.1,25.15,28.1,28.35,24.65,9440100,HSX,stock,development,
2022-05-24,TCB,34.8,35.25,34.4,35.25,37.25,32.45,2197000,HSX,stock,development,
2022-05-24,VCB,74.9,75.7,74.3,75.6,79.6,69.2,448100,HSX,stock,development,
2022-05-24,VND,23.3,24.0,21.7,24.0,24.9,21.7,6077200,HSX,stock,development,
2022-05-24,VPB,29.6,30.2,29.2,30.0,31.35,27.25,5024900,HSX,stock,development,
2022-05-25,FPT,99.5,105.0,98.7,105.0,105.0,91.4,1483200,HSX,stock,development,
2022-05-25,HPG,34.5,34.95,33.05,34.45,37.3,32.5,15411800,HSX,stock,development,
2022-05-25,MBB,27.0,28.25,27.0,28.05,28.7,25.0,4697200,HSX,stock,development,
2022-05-25,MWG,134.4,141.5,134.0,139.0,142.3,123.7,798200,HSX,stock,development,
2022-05-25,PNJ,108.0,115.4,105.0,115.4,115.4,100.4,760600,HSX,stock,development,
2022-05-25,SSI,28.1,29.3,28.0,28.8,30.05,26.15,7199000,HSX,stock,development,
2022-05-25,TCB,35.85,36.65,35.5,36.5,37.7,32.8,3040000,HSX,stock,development,
2022-05-25,VCB,76.0,77.0,74.8,77.0,80.8,70.4,453400,HSX,stock,development,
2022-05-25,VND,24.0,25.2,23.9,24.8,25.65,22.35,4005200,HSX,stock,development,
2022-05-25,VPB,30.35,31.5,30.2,31.5,32.1,27.9,6359200,HSX,stock,development,
2022-05-26,FPT,105.2,107.1,104.6,105.6,112.3,97.7,691000,HSX,stock,development,
2022-05-26,HPG,35.0,35.6,34.55,35.0,36.85,32.05,6966100,HSX,stock,development,
2022-05-26,MBB,28.3,28.3,27.65,27.65,30.0,26.1,3213000,HSX,stock,development,
2022-05-26,MWG,140.0,140.5,136.0,139.0,148.7,129.3,387100,HSX,stock,development,
2022-05-26,PNJ,115.4,116.0,114.2,114.3,123.4,107.4,280300,HSX,stock,development,
2022-05-26,SSI,28.9,30.2,28.8,29.45,30.8,26.8,11475600,HSX,stock,development,
2022-05-26,TCB,36.7,37.25,36.55,36.7,39.05,33.95,2402900,HSX,stock,development,
2022-05-26,VCB,77.0,77.1,76.0,76.7,82.3,71.7,489100,HSX,stock,development,
2022-05-26,VND,24.5,25.5,24.2,24.35,26.0,22.6,3757900,HSX,stock,development,
2022-05-26,VPB,31.7,31.75,31.05,31.05,33.7,29.3,3929100,HSX,stock,development,
2022-05-27,FPT,105.6,112.0,105.5,111.8,112.9,98.3,1858600,HSX,stock,development,
2022-05-27,HPG,35.0,35.9,34.8,35.45,37.45,32.55,7230100,HSX,stock,development,
2022-05-27,MBB,27.7,28.15,27.55,28.0,29.55,25.75,4498900,HSX,stock,development,
2022-05-27,MWG,139.2,146.9,139.2,146.7,148.7,129.3,1308600,HSX,stock,development,
2022-05-27,PNJ,115.0,122.3,114.2,122.3,122.3,106.3,1458400,HSX,stock,development,
2022-05-27,SSI,29.3,30.45,29.25,29.9,31.5,27.4,9101100,HSX,stock,development,
2022-05-27,TCB,36.9,37.45,36.85,37.45,39.25,34.15,3012300,HSX,stock,development,
2022-05-27,VCB,76.7,77.4,76.3,77.4,82.0,71.4,399100,HSX,stock,development,
2022-05-27,VND,24.35,24.95,24.0,24.45,26.05,22.65,4085700,HSX,stock,development,
2022-05-27,VPB,31.1,31.3,30.75,31.1,33.2,28.9,5244900,HSX,stock,development,
2022-05-30,FPT,111.1,112.4,109.2,111.3,119.6,104.0,1243500,HSX,stock,development,
2022-05-30,HPG,35.5,35.85,35.3,35.45,37.9,33.0,6540600,HSX,stock,development,
2022-05-30,MBB,28.25,28.25,27.9,28.1,29.95,26.05,3912400,HSX,stock,development,
2022-05-30,MWG,146.7,147.5,143.4,145.2,156.9,136.5,690400,HSX,stock,development,
2022-05-30,PNJ,122.5,122.6,119.3,120.5,130.8,113.8,673900,HSX,stock,development,
2022-05-30,SSI,30.05,30.7,29.5,29.9,31.95,27.85,6681100,HSX,stock,development,
2022-05-30,TCB,38.0,38.0,37.45,37.75,40.05,34.85,2313000,HSX,stock,development,
2022-05-30,VCB,77.4,81.0,76.4,78.0,82.8,72.0,714600,HSX,stock,development,
2022-05-30,VND,24.65,25.3,24.45,24.95,26.15,22.75,4377500,HSX,stock,development,
2022-05-30,VPB,31.45,31.6,31.05,31.6,33.25,28.95,5723900,HSX,stock,development,
2022-05-31,FPT,111.3,111.3,107.5,109.9,119.0,103.6,897000,HSX,stock,development,
2022-05-31,HPG,35.35,35.35,34.5,34.7,37.9,33.0,8069900,HSX,stock,development,
2022-05-31,MBB,28.0,28.0,27.5,27.75,30.05,26.15,2416800,HSX,stock,development,
2022-05-31,MWG,145.2,145.2,143.0,144.9,155.3,135.1,414900,HSX,stock,development,
2022-05-31,PNJ,119.4,119.5,114.0,114.9,128.9,112.1,744300,HSX,stock,development,
2022-05-31,SSI,29.4,30.05,29.0,29.65,31.95,27.85,8234700,HSX,stock,development,
2022-05-31,TCB,37.45,37.6,37.15,37.15,40.35,35.15,2597500,HSX,stock,development,
2022-05-31,VCB,78.9,78.9,78.0,78.9,83.4,72.6,296900,HSX,stock,development,
2022-05-31,VND,25.0,25.7,24.6,25.25,26.65,23.25,4383200,HSX,stock,development,
2022-05-31,VPB,31.5,31.6,30.8,31.0,33.8,29.4,4096600,HSX,stock,development,
2022-06-01,FPT,109.9,112.9,109.8,111.8,117.5,102.3,1041300,HSX,stock,development,
2022-06-01,HPG,34.5,34.8,33.8,34.35,37.1,32.3,8987800,HSX,stock,development,
2022-06-01,MBB,27.6,28.0,27.55,27.6,29.65,25.85,1884600,HSX,stock,development,
2022-06-01,MWG,144.9,147.0,144.0,145.5,155.0,134.8,658300,HSX,stock,development,
2022-06-01,PNJ,115.5,117.9,114.2,117.3,122.9,106.9,671400,HSX,stock,development,
2022-06-01,SSI,29.5,29.9,28.7,29.55,31.7,27.6,5834200,HSX,stock,development,
2022-06-01,TCB,37.0,37.7,36.65,36.85,39.75,34.55,2053300,HSX,stock,development,
2022-06-01,VCB,79.0,80.5,79.0,80.5,84.4,73.4,426400,HSX,stock,development,
2022-06-01,VND,25.0,25.9,24.6,25.45,27.0,23.5,3989600,HSX,stock,development,
2022-06-01,VPB,30.9,31.2,30.4,30.85,33.15,28.85,4996400,HSX,stock,development,
2022-06-02,FPT,112.8,114.8,111.1,111.5,,,368500,HSX,stock,development,
2022-06-02,HPG,34.0,34.3,33.05,33.15,,,5833800,HSX,stock,development,
2022-06-02,MBB,27.55,27.85,27.2,27.2,,,1547300,HSX,stock,development,
2022-06-02,MWG,146.5,150.5,145.5,147.7,,,280000,HSX,stock,development,
2022-06-02,PNJ,122.0,124.9,119.0,123.2,,,347700,HSX,stock,development,
2022-06-02,SSI,29.6,30.2,28.8,29.0,,,3803600,HSX,stock,development,
2022-06-02,TCB,36.9,37.0,36.0,36.4,,,748300,HSX,stock,development,
2022-06-02,VCB,80.8,80.8,79.0,79.0,,,221100,HSX,stock,development,
2022-06-02,VND,25.5,25.95,24.6,24.85,,,2096000,HSX,stock,development,
2022-06-02,VPB,30.9,30.95,30.1,30.25,,,2261300,HSX,stock,development,
2022-06-03,FPT,111.5,114.0,110.9,114.0,119.3,103.7,890600,HSX,stock,development,
2022-06-03,HPG,33.3,34.0,33.25,33.4,35.45,30.85,6616400,HSX,stock,development,
2022-06-03,MBB,27.25,27.4,26.65,27.4,29.1,25.3,2047000,HSX,stock,development,
2022-06-03,MWG,147.7,154.3,147.7,153.2,158.0,137.4,845500,HSX,stock,development,
2022-06-03,PNJ,123.5,124.4,121.2,123.2,131.8,114.6,860700,HSX,stock,development,
2022-06-03,SSI,28.8,29.7,28.8,29.25,31.0,27.0,7470500,HSX,stock,development,
2022-06-03,TCB,36.35,36.85,36.05,36.45,38.9,33.9,1440800,HSX,stock,development,
2022-06-03,VCB,78.4,79.5,76.4,77.5,84.5,73.5,293800,HSX,stock,development,
2022-06-03,VND,24.65,24.9,24.05,24.35,26.55,23.15,3710400,HSX,stock,development,
2022-06-03,VPB,30.2,30.75,30.15,30.75,32.35,28.15,4008900,HSX,stock,development,
2022-06-06,FPT,114.0,116.0,112.0,113.0,121.9,106.1,1314600,HSX,stock,development,
2022-06-06,HPG,34.15,34.25,33.1,33.3,35.7,31.1,8003000,HSX,stock,development,
2022-06-06,MBB,27.4,27.55,26.9,27.25,29.3,25.5,4037400,HSX,stock,development,
2022-06-06,MWG,154.0,156.5,154.0,154.7,163.9,142.5,1028800,HSX,stock,development,
2022-06-06,PNJ,124.0,128.2,123.0,125.0,131.8,114.6,994400,HSX,stock,development,
2022-06-06,SSI,29.55,29.9,28.8,29.0,31.25,27.25,5854400,HSX,stock,development,
2022-06-06,TCB,36.45,36.8,36.0,36.05,39.0,33.9,1899600,HSX,stock,development,
2022-06-06,VCB,77.5,80.0,75.1,79.7,82.9,72.1,453400,HSX,stock,development,
2022-06-06,VND,24.25,25.0,23.95,24.1,26.05,22.65,2831400,HSX,stock,development,
2022-06-06,VPB,30.7,31.2,30.35,30.6,32.9,28.6,4319400,HSX,stock,development,
2022-06-07,FPT,112.7,115.6,108.6,115.6,120.9,105.1,1820700,HSX,stock,development,
2022-06-07,HPG,33.3,33.55,32.65,33.2,35.6,31.0,8702200,HSX,stock,development,
2022-06-07,MBB,27.3,27.3,26.4,26.95,29.15,25.35,2580700,HSX,stock,development,
2022-06-07,MWG,154.0,154.0,149.0,153.0,164.4,143.0,1029700,HSX,stock,development,
2022-06-07,PNJ,128.6,130.0,121.4,128.0,133.7,116.3,1024200,HSX,stock,development,
2022-06-07,SSI,28.7,28.95,27.25,28.2,31.0,27.0,7786000,HSX,stock,development,
2022-06-07,TCB,36.0,36.2,35.0,36.2,38.55,33.55,2259400,HSX,stock,development,
2022-06-07,VCB,79.0,82.0,78.1,81.0,85.2,74.2,418800,HSX,stock,development,
2022-06-07,VND,23.95,24.05,22.5,23.9,25.75,22.45,4056400,HSX,stock,development,
2022-06-07,VPB,30.55,30.7,29.8,30.45,32.7,28.5,4091700,HSX,stock,development,
2022-06-08,FPT,116.3,117.6,114.5,115.0,123.6,107.6,1155200,HSX,stock,development,
2022-06-08,HPG,33.3,33.45,32.75,32.9,35.5,30.9,11661300,HSX,stock,development,
2022-06-08,MBB,27.2,28.1,26.95,27.95,28.8,25.1,5506800,HSX,stock,development,
2022-06-08,MWG,154.3,157.9,153.4,153.4,163.7,142.3,1076300,HSX,stock,development,
2022-06-08,PNJ,131.0,131.1,126.8,128.0,136.9,119.1,924900,HSX,stock,development,
2022-06-08,SSI,28.5,29.75,28.2,29.3,30.15,26.25,6060500,HSX,stock,development,
2022-06-08,TCB,36.3,37.45,36.15,37.25,38.7,33.7,3183600,HSX,stock,development,
2022-06-08,VCB,81.0,81.0,78.8,79.2,86.6,75.4,588700,HSX,stock,development,
2022-06-08,VND,24.35,25.2,23.85,24.7,25.55,22.25,3638200,HSX,stock,development,
2022-06-08,VPB,30.6,31.95,30.25,31.8,32.55,28.35,8625300,HSX,stock,development,
2022-06-09,FPT,115.5,115.9,113.3,115.3,123.0,107.0,918800,HSX,stock,development,
2022-06-09,HPG,32.9,34.55,32.75,33.8,35.2,30.6,10782300,HSX,stock,development,
2022-06-09,MBB,28.15,28.15,27.5,27.8,29.9,26.0,1968500,HSX,stock,development,
2022-06-09,MWG,153.4,155.0,151.3,152.8,164.1,142.7,543600,HSX,stock,development,
2022-06-09,PNJ,130.0,130.9,125.3,128.5,136.9,119.1,466300,HSX,stock,development,
2022-06-09,SSI,29.35,29.6,28.85,29.0,31.35,27.25,3133600,HSX,stock,development,
2022-06-09,TCB,37.25,37.55,37.05,37.4,39.85,34.65,3054600,HSX,stock,development,
2022-06-09,VCB,79.0,79.9,77.7,77.8,84.7,73.7,486300,HSX,stock,development,
2022-06-09,VND,25.0,25.4,24.7,24.95,26.4,23.0,2862000,HSX,stock,development,
2022-06-09,VPB,31.9,31.95,31.5,31.5,34.0,29.6,4596400,HSX,stock,development,
2022-06-10,FPT,113.4,114.7,110.0,110.0,123.3,107.3,1592700,HSX,stock,development,
2022-06-10,HPG,33.8,34.25,33.6,33.6,36.15,31.45,7451100,HSX,stock,development,
2022-06-10,MBB,27.5,28.0,27.45,27.5,29.7,25.9,2475200,HSX,stock,development,
2022-06-10,MWG,154.0,155.0,150.0,150.0,163.4,142.2,1095600,HSX,stock,development,
2022-06-10,PNJ,127.9,127.9,120.7,120.7,137.4,119.6,741300,HSX,stock,development,
2022-06-10,SSI,28.6,29.0,27.85,27.85,31.0,27.0,6345200,HSX,stock,development,
2022-06-10,TCB,37.0,38.9,36.95,37.95,40.0,34.8,4049000,HSX,stock,development,
2022-06-10,VCB,77.8,79.0,77.4,77.7,83.2,72.4,200300,HSX,stock,development,
2022-06-10,VND,24.6,24.9,24.0,24.0,26.65,23.25,3204400,HSX,stock,development,
2022-06-10,VPB,31.3,31.75,30.9,30.9,33.7,29.3,5115500,HSX,stock,development,
2022-06-13,FPT,88.0,90.8,86.0,86.2,97.1,84.5,1610100,HSX,stock,development,
2022-06-13,HPG,33.0,33.5,31.7,31.8,35.95,31.25,8699200,HSX,stock,development,
2022-06-13,MBB,26.8,26.8,25.6,25.65,29.4,25.6,7349300,HSX,stock,development,
2022-06-13,MWG,145.0,147.5,140.0,140.0,160.5,139.5,1741900,HSX,stock,development,
2022-06-13,PNJ,116.5,117.0,112.3,112.3,129.1,112.3,1134300,HSX,stock,development,
2022-06-13,SSI,26.5,27.0,25.95,25.95,29.75,25.95,7693100,HSX,stock,development,
2022-06-13,TCB,37.0,37.25,35.95,36.0,40.6,35.3,3135000,HSX,stock,development,
2022-06-13,VCB,77.0,77.0,74.1,76.4,83.1,72.3,537800,HSX,stock,development,
2022-06-13,VND,22.6,23.3,22.35,22.35,25.65,22.35,4552600,HSX,stock,development,
2022-06-13,VPB,30.0,30.45,28.75,28.75,33.05,28.75,10611700,HSX,stock,development,
2022-06-14,FPT,86.0,89.9,85.5,89.1,92.2,80.2,1212400,HSX,stock,development,
2022-06-14,HPG,31.5,31.55,30.2,30.3,34.0,29.6,12426200,HSX,stock,development,
2022-06-14,MBB,25.0,25.9,25.0,25.5,27.4,23.9,4614700,HSX,stock,development,
2022-06-14,MWG,138.5,144.3,138.0,143.5,149.8,130.2,894500,HSX,stock,development,
2022-06-14,PNJ,112.0,116.0,111.5,116.0,120.1,104.5,562900,HSX,stock,development,
2022-06-14,SSI,25.4,25.7,24.15,24.35,27.75,24.15,7556200,HSX,stock,development,
2022-06-14,TCB,35.3,36.3,35.2,35.75,38.5,33.5,1995100,HSX,stock,development,
2022-06-14,VCB,75.5,78.1,74.0,77.0,81.7,71.1,578000,HSX,stock,development,
2022-06-14,VND,21.5,22.3,20.8,20.9,23.9,20.8,4542900,HSX,stock,development,
2022-06-14,VPB,28.2,29.2,28.2,28.85,30.75,26.75,6276700,HSX,stock,development,
2022-06-15,FPT,90.6,90.6,88.0,90.5,95.3,82.9,954700,HSX,stock,development,
2022-06-15,HPG,30.1,30.9,28.85,29.4,32.4,28.2,12558600,HSX,stock,development,
2022-06-15,MBB,25.25,25.5,24.2,24.9,27.25,23.75,7255300,HSX,stock,development,
2022-06-15,MWG,145.0,147.7,144.0,147.7,153.5,133.5,1354900,HSX,stock,development,
2022-06-15,PNJ,115.0,118.0,111.2,118.0,124.1,107.9,751000,HSX,stock,development,
2022-06-15,SSI,24.5,24.75,22.65,22.65,26.05,22.65,7894200,HSX,stock,development,
2022-06-15,TCB,35.7,36.15,35.05,35.7,38.25,33.25,3099400,HSX,stock,development,
2022-06-15,VCB,77.4,78.3,75.3,76.5,82.3,71.7,814700,HSX,stock,development,
2022-06-15,VND,20.5,21.3,19.45,19.45,22.35,19.45,12474900,HSX,stock,development,
2022-06-15,VPB,28.85,29.4,27.6,28.85,30.85,26.85,6699700,HSX,stock,development,
2022-06-16,FPT,91.0,93.8,90.2,92.0,96.8,84.2,1221600,HSX,stock,development,
2022-06-16,HPG,30.15,31.35,29.9,31.0,31.45,27.35,19017300,HSX,stock,development,
2022-06-16,MBB,25.0,25.4,24.9,24.9,26.6,23.2,3604700,HSX,stock,development,
2022-06-16,MWG,79.0,79.0,77.6,79.0,79.0,68.8,3616500,HSX,stock,development,
2022-06-16,PNJ,120.0,122.2,117.6,121.8,126.2,109.8,508400,HSX,stock,development,
2022-06-16,SSI,23.4,23.4,21.95,22.15,24.2,21.1,6297300,HSX,stock,development,
2022-06-16,TCB,35.9,36.5,35.6,36.05,38.15,33.25,3291900,HSX,stock,development,
2022-06-16,VCB,76.7,80.0,76.5,79.1,81.8,71.2,653400,HSX,stock,development,
2022-06-16,VND,19.95,20.0,18.1,18.15,20.8,18.1,11350000,HSX,stock,development,
2022-06-16,VPB,29.2,29.4,28.95,29.0,30.85,26.85,3151700,HSX,stock,development,
2022-06-17,FPT,90.3,92.6,89.0,92.0,98.4,85.6,1135600,HSX,stock,development,
2022-06-17,HPG,23.45,23.5,21.95,23.2,25.05,21.85,15346900,HSX,stock,development,
2022-06-17,MBB,23.65,24.1,23.2,23.3,26.6,23.2,7896000,HSX,stock,development,
2022-06-17,MWG,79.0,79.0,76.3,77.7,84.5,73.5,1737800,HSX,stock,development,
2022-06-17,PNJ,115.1,122.0,115.1,122.0,130.3,113.3,828500,HSX,stock,development,
2022-06-17,SSI,20.85,21.5,20.6,20.6,23.7,20.6,9473200,HSX,stock,development,
2022-06-17,TCB,35.05,35.4,33.85,34.5,38.55,33.55,2263000,HSX,stock,development,
2022-06-17,VCB,77.0,78.3,76.1,76.1,84.6,73.6,678700,HSX,stock,development,
2022-06-17,VND,17.1,17.5,16.9,16.9,19.4,16.9,15056700,HSX,stock,development,
2022-06-17,VPB,28.3,28.5,27.3,27.9,31.0,27.0,6805700,HSX,stock,development,
2022-06-20,FPT,93.5,94.5,91.3,92.0,98.4,85.6,1018700,HSX,stock,development,
2022-06-20,HPG,22.75,23.0,21.6,21.6,24.8,21.6,16240500,HSX,stock,development,
2022-06-20,MBB,23.3,23.65,21.85,22.5,24.9,21.7,4978300,HSX,stock,development,
2022-06-20,MWG,78.0,78.0,73.6,73.9,83.1,72.3,2079900,HSX,stock,development,
2022-06-20,PNJ,121.7,121.7,117.5,118.0,130.5,113.5,343500,HSX,stock,development,
2022-06-20,SSI,20.65,21.3,19.2,19.2,22.0,19.2,7762800,HSX,stock,development,
2022-06-20,TCB,34.5,35.2,33.0,33.0,36.9,32.1,2258800,HSX,stock,development,
2022-06-20,VCB,79.5,79.5,75.3,76.0,81.4,70.8,587200,HSX,stock,development,
2022-06-20,VND,17.45,17.65,15.75,15.75,18.05,15.75,11271900,HSX,stock,development,
2022-06-20,VPB,27.9,28.0,26.5,27.1,29.85,25.95,5851600,HSX,stock,development,
2022-06-21,FPT,92.4,93.5,89.0,89.1,98.4,85.6,1201300,HSX,stock,development,
2022-06-21,HPG,21.35,21.5,20.5,20.8,23.1,20.1,18164700,HSX,stock,development,
2022-06-21,MBB,22.5,22.9,22.05,22.45,24.05,20.95,3332000,HSX,stock,development,
2022-06-21,MWG,75.0,75.8,71.0,73.5,79.0,68.8,1996200,HSX,stock,development,
2022-06-21,PNJ,118.9,122.9,117.0,119.8,126.2,109.8,630800,HSX,stock,development,
2022-06-21,SSI,18.35,19.9,18.05,18.3,20.5,17.9,13238100,HSX,stock,development,
2022-06-21,TCB,33.1,33.8,32.8,33.0,35.3,30.7,2611000,HSX,stock,development,
2022-06-21,VCB,76.0,77.7,75.2,77.7,81.3,70.7,591400,HSX,stock,development,
2022-06-21,VND,15.3,16.8,14.85,15.9,16.85,14.65,13000200,HSX,stock,development,
2022-06-21,VPB,27.35,27.95,26.8,27.2,28.95,25.25,3978200,HSX,stock,development,
2022-06-22,FPT,89.8,90.4,84.4,84.5,95.3,82.9,1455500,HSX,stock,development,
2022-06-22,HPG,20.85,22.0,20.85,21.5,22.25,19.35,9794400,HSX,stock,development,
2022-06-22,MBB,22.65,23.9,22.65,23.45,24.0,20.9,4735200,HSX,stock,development,
2022-06-22,MWG,75.6,75.6,69.2,69.8,78.6,68.4,2452800,HSX,stock,development,
2022-06-22,PNJ,118.1,120.5,114.0,116.0,128.1,111.5,395900,HSX,stock,development,
2022-06-22,SSI,17.7,17.7,17.5,17.7,17.7,15.4,5987100,HSX,stock,development,
2022-06-22,TCB,33.75,35.3,33.45,34.8,35.3,30.7,2633100,HSX,stock,development,
2022-06-22,VCB,77.9,78.0,75.0,76.0,83.1,72.3,561600,HSX,stock,development,
2022-06-22,VND,16.55,17.0,16.4,17.0,17.0,14.8,10119000,HSX,stock,development,
2022-06-22,VPB,27.85,28.95,27.5,28.4,29.1,25.3,3751400,HSX,stock,development,
2022-06-23,FPT,84.0,86.8,83.7,85.5,90.4,78.6,1039400,HSX,stock,development,
2022-06-23,HPG,21.5,21.85,21.5,21.8,23.0,20.0,3755100,HSX,stock,development,
2022-06-23,MBB,23.25,24.05,23.25,24.05,25.05,21.85,3141300,HSX,stock,development,
2022-06-23,MWG,70.0,73.5,69.8,72.5,74.6,65.0,2927400,HSX,stock,development,
2022-06-23,PNJ,115.0,120.5,114.7,120.5,123.4,107.4,344400,HSX,stock,development,
2022-06-23,SSI,18.0,18.5,17.9,18.5,18.9,16.5,7044800,HSX,stock,development,
2022-06-23,TCB,34.8,36.4,34.55,35.95,37.2,32.4,2175300,HSX,stock,development,
2022-06-23,VCB,75.1,76.7,74.9,75.9,81.3,70.7,402200,HSX,stock,development,
2022-06-23,VND,16.7,17.0,16.0,16.95,18.15,15.85,7279600,HSX,stock,development,
2022-06-23,VPB,28.0,28.55,27.95,28.45,30.35,26.45,2792800,HSX,stock,development,
2022-06-24,FPT,86.1,87.8,85.5,85.5,91.4,79.6,492200,HSX,stock,development,
2022-06-24,HPG,21.85,22.5,21.7,21.8,23.3,20.3,5788900,HSX,stock,development,
2022-06-24,MBB,24.2,24.2,23.7,23.7,25.7,22.4,1919800,HSX,stock,development,
2022-06-24,MWG,73.5,73.5,71.4,71.9,77.5,67.5,1844000,HSX,stock,development,
2022-06-24,PNJ,120.6,124.0,119.3,122.0,128.9,112.1,382800,HSX,stock,development,
2022-06-24,SSI,18.4,19.1,18.35,18.6,19.75,17.25,5402300,HSX,stock,development,
2022-06-24,TCB,35.95,36.1,35.5,35.5,38.45,33.45,1496200,HSX,stock,development,
2022-06-24,VCB,76.2,76.3,74.6,75.0,81.2,70.6,284600,HSX,stock,development,
2022-06-24,VND,16.85,17.85,16.65,17.2,18.1,15.8,10673400,HSX,stock,development,
2022-06-24,VPB,28.3,28.75,28.15,28.15,30.4,26.5,2175500,HSX,stock,development,
2022-06-27,FPT,86.4,87.9,85.9,86.5,91.4,79.6,650400,HSX,stock,development,
2022-06-27,HPG,22.0,22.9,21.35,22.9,23.3,20.3,8706000,HSX,stock,development,
2022-06-27,MBB,23.8,24.2,23.6,24.1,25.35,22.05,2932900,HSX,stock,development,
2022-06-27,MWG,71.7,72.5,71.1,71.5,76.9,66.9,1824200,HSX,stock,development,
2022-06-27,PNJ,122.3,129.5,122.3,129.5,130.5,113.5,1040700,HSX,stock,development,
2022-06-27,SSI,18.75,19.85,18.6,19.85,19.9,17.3,5763800,HSX,stock,development,
2022-06-27,TCB,35.55,35.95,35.5,35.55,37.95,33.05,2222800,HSX,stock,development,
2022-06-27,VCB,75.5,76.0,74.8,74.9,80.2,69.8,484600,HSX,stock,development,
2022-06-27,VND,17.5,18.4,17.2,18.4,18.4,16.0,9339700,HSX,stock,development,
2022-06-27,VPB,28.3,29.1,28.25,28.9,30.1,26.2,3067100,HSX,stock,development,
2022-06-28,FPT,89.5,90.2,87.2,89.7,92.5,80.5,1462600,HSX,stock,development,
2022-06-28,HPG,22.85,22.85,22.25,22.5,24.5,21.3,7768000,HSX,stock,development,
2022-06-28,MBB,23.7,25.2,23.65,24.7,25.75,22.45,5290600,HSX,stock,development,
2022-06-28,MWG,71.0,72.9,71.0,72.8,76.5,66.5,2335800,HSX,stock,development,
2022-06-28,PNJ,128.5,129.8,128.0,129.5,138.5,120.5,324800,HSX,stock,development,
2022-06-28,SSI,19.9,19.95,19.45,19.6,21.2,18.5,5520800,HSX,stock,development,
2022-06-28,TCB,35.5,36.95,35.35,36.7,38.0,33.1,2426100,HSX,stock,development,
2022-06-28,VCB,75.0,77.0,74.8,76.3,80.1,69.7,541500,HSX,stock,development,
2022-06-28,VND,18.4,18.9,18.1,18.3,19.65,17.15,10313600,HSX,stock,development,
2022-06-28,VPB,28.5,30.35,28.5,30.0,30.9,26.9,5329400,HSX,stock,development,
2022-06-29,FPT,88.9,90.0,88.2,90.0,95.9,83.5,735800,HSX,stock,development,
2022-06-29,HPG,22.3,23.15,22.1,22.75,24.05,20.95,9480900,HSX,stock,development,
2022-06-29,MBB,24.55,25.1,24.35,24.7,26.4,23.0,4337100,HSX,stock,development,
2022-06-29,MWG,72.8,74.0,71.1,73.0,77.8,67.8,1786000,HSX,stock,development,
2022-06-29,PNJ,127.1,129.8,125.0,129.5,138.5,120.5,534900,HSX,stock,development,
2022-06-29,SSI,19.3,20.2,19.2,19.75,20.95,18.25,5833900,HSX,stock,development,
2022-06-29,TCB,36.2,37.15,36.2,36.75,39.25,34.15,1602200,HSX,stock,development,
2022-06-29,VCB,75.8,75.9,75.3,75.5,81.6,71.0,525400,HSX,stock,development,
2022-06-29,VND,18.05,19.2,17.95,18.55,19.55,17.05,12363600,HSX,stock,development,
2022-06-29,VPB,29.6,30.25,29.5,30.0,32.1,27.9,4630100,HSX,stock,development,
2022-06-30,FPT,89.5,89.9,86.2,86.2,96.3,83.7,970100,HSX,stock,development,
2022-06-30,HPG,22.9,23.4,22.3,22.3,24.3,21.2,8911300,HSX,stock,development,
2022-06-30,MBB,24.75,24.9,24.2,24.2,26.4,23.0,3633500,HSX,stock,development,
2022-06-30,MWG,73.1,73.1,71.2,71.5,78.1,67.9,1317700,HSX,stock,development,
2022-06-30,PNJ,129.9,130.0,126.9,128.5,138.5,120.5,416300,HSX,stock,development,
2022-06-30,SSI,19.7,19.85,18.8,18.8,21.1,18.4,5625900,HSX,stock,development,
2022-06-30,TCB,36.55,37.1,35.55,35.55,39.3,34.2,1827200,HSX,stock,development,
2022-06-30,VCB,75.5,76.0,74.8,74.8,80.7,70.3,438400,HSX,stock,development,
2022-06-30,VND,18.6,19.1,17.4,17.4,19.8,17.3,13711700,HSX,stock,development,
2022-06-30,VPB,29.9,30.2,29.0,29.0,32.1,27.9,3875300,HSX,stock,development,
2022-07-01,FPT,87.0,88.8,84.8,88.0,92.2,80.2,765500,HSX,stock,development,
2022-07-01,HPG,22.3,22.6,21.55,22.4,23.85,20.75,6740200,HSX,stock,development,
2022-07-01,MBB,23.75,24.4,23.45,24.2,25.85,22.55,3314200,HSX,stock,development,
2022-07-01,MWG,71.6,71.6,68.8,70.3,76.5,66.5,1771700,HSX,stock,development,
2022-07-01,PNJ,128.0,128.5,122.5,128.2,137.4,119.6,519600,HSX,stock,development,
2022-07-01,SSI,18.65,19.8,17.95,19.7,20.1,17.5,6599500,HSX,stock,development,
2022-07-01,TCB,35.6,36.25,34.85,36.0,38.0,33.1,1968100,HSX,stock,development,
2022-07-01,VCB,74.5,75.0,72.9,74.0,80.0,69.6,725800,HSX,stock,development,
2022-07-01,VND,17.6,18.6,16.7,18.6,18.6,16.2,15210500,HSX,stock,development,
2022-07-01,VPB,29.1,29.35,28.1,29.1,31.0,27.0,3415300,HSX,stock,development,
2022-07-04,FPT,88.5,88.5,86.0,86.7,94.1,81.9,492500,HSX,stock,development,
2022-07-04,HPG,22.65,22.65,22.0,22.0,23.95,20.85,5378400,HSX,stock,development,
2022-07-04,MBB,24.35,24.65,24.1,24.6,25.85,22.55,3310800,HSX,stock,development,
2022-07-04,MWG,70.0,70.1,66.6,67.8,75.2,65.4,2443900,HSX,stock,development,
2022-07-04,PNJ,129.8,129.8,123.0,123.8,137.1,119.3,509400,HSX,stock,development,
2022-07-04,SSI,20.05,20.6,19.95,20.2,21.05,18.35,8193100,HSX,stock,development,
2022-07-04,TCB,36.25,36.7,36.05,36.35,38.5,33.5,1439900,HSX,stock,development,
2022-07-04,VCB,74.9,75.2,73.9,74.1,79.1,68.9,331500,HSX,stock,development,
2022-07-04,VND,19.05,19.7,18.85,19.2,19.9,17.3,10188900,HSX,stock,development,
2022-07-04,VPB,29.2,29.5,28.85,29.2,31.1,27.1,5453000,HSX,stock,development,
2022-07-05,FPT,87.8,87.8,85.4,85.4,92.7,80.7,796300,HSX,stock,development,
2022-07-05,HPG,22.1,22.35,21.75,21.9,23.5,20.5,6956100,HSX,stock,development,
2022-07-05,MBB,24.65,25.8,24.5,25.45,26.3,22.9,7254300,HSX,stock,development,
2022-07-05,MWG,67.8,67.8,64.0,65.5,72.5,63.1,2159900,HSX,stock,development,
2022-07-05,PNJ,123.8,123.8,115.2,118.6,132.4,115.2,939300,HSX,stock,development,
2022-07-05,SSI,20.15,20.35,19.7,19.7,21.6,18.8,6259900,HSX,stock,development,
2022-07-05,TCB,36.6,38.25,36.35,37.75,38.85,33.85,4425900,HSX,stock,development,
2022-07-05,VCB,74.9,74.9,73.6,74.0,79.2,69.0,465700,HSX,stock,development,
2022-07-05,VND,19.15,19.35,18.6,18.6,20.5,17.9,10457600,HSX,stock,development,
2022-07-05,VPB,29.25,29.85,29.2,29.5,31.2,27.2,6230100,HSX,stock,development,
2022-07-06,FPT,84.1,85.9,83.5,83.5,91.3,79.5,1284300,HSX,stock,development,
2022-07-06,HPG,21.7,22.25,21.3,21.45,23.4,20.4,8375300,HSX,stock,development,
2022-07-06,MBB,25.0,25.55,24.85,24.9,27.2,23.7,4088300,HSX,stock,development,
2022-07-06,MWG,65.5,66.3,64.0,64.0,70.0,61.0,1320400,HSX,stock,development,
2022-07-06,PNJ,113.3,116.0,112.0,112.0,126.9,110.3,577400,HSX,stock,development,
2022-07-06,SSI,19.2,19.8,18.9,19.0,21.05,18.35,6980800,HSX,stock,development,
2022-07-06,TCB,37.5,38.4,37.2,37.6,40.35,35.15,2880700,HSX,stock,development,
2022-07-06,VCB,73.7,73.9,68.9,72.8,79.1,68.9,825000,HSX,stock,development,
2022-07-06,VND,18.0,18.65,17.6,17.6,19.9,17.3,12975700,HSX,stock,development,
2022-07-06,VPB,29.3,29.55,28.8,28.8,31.55,27.45,3490300,HSX,stock,development,
2022-07-07,FPT,83.9,84.6,83.1,83.1,89.3,77.7,676800,HSX,stock,development,
2022-07-07,HPG,21.45,21.75,21.4,21.75,22.95,19.95,5250500,HSX,stock,development,
2022-07-07,MBB,24.9,25.35,24.5,25.1,26.6,23.2,3311800,HSX,stock,development,
2022-07-07,MWG,64.1,65.0,63.9,64.0,68.4,59.6,842800,HSX,stock,development,
2022-07-07,PNJ,112.0,116.0,110.0,116.0,119.8,104.2,359900,HSX,stock,development,
2022-07-07,SSI,18.8,19.2,18.65,19.1,20.3,17.7,5001400,HSX,stock,development,
2022-07-07,TCB,37.45,38.0,37.0,37.8,40.2,35.0,1770900,HSX,stock,development,
2022-07-07,VCB,72.7,75.5,71.7,75.5,77.8,67.8,666800,HSX,stock,development,
2022-07-07,VND,17.55,18.0,17.15,17.7,18.8,16.4,9149200,HSX,stock,development,
2022-07-07,VPB,28.85,29.05,28.45,28.9,30.8,26.8,4241600,HSX,stock,development,
2022-07-08,FPT,83.9,84.0,83.1,83.6,88.9,77.3,466400,HSX,stock,development,
2022-07-08,HPG,22.0,22.55,22.0,22.45,23.25,20.25,8324800,HSX,stock,development,
2022-07-08,MBB,25.3,25.3,24.95,25.05,26.85,23.35,2757200,HSX,stock,development,
2022-07-08,MWG,64.7,66.5,64.4,65.0,68.4,59.6,1271200,HSX,stock,development,
2022-07-08,PNJ,117.1,117.1,114.9,116.0,124.1,107.9,309700,HSX,stock,development,
2022-07-08,SSI,19.3,20.4,19.3,20.4,20.4,17.8,10768800,HSX,stock,development,
2022-07-08,TCB,37.95,38.0,37.35,37.55,40.4,35.2,1976000,HSX,stock,development,
2022-07-08,VCB,74.9,75.0,73.9,74.0,80.7,70.3,436300,HSX,stock,development,
2022-07-08,VND,18.05,18.6,18.0,18.35,18.9,16.5,10121800,HSX,stock,development,
2022-07-08,VPB,29.0,29.15,28.55,28.6,30.9,26.9,4052000,HSX,stock,development,
2022-07-11,FPT,84.6,84.6,82.8,82.8,89.4,77.8,680700,HSX,stock,development,
2022-07-11,HPG,22.4,22.65,21.95,22.05,24.0,20.9,5856700,HSX,stock,development,
2022-07-11,MBB,24.9,25.05,24.3,24.4,26.8,23.3,3948500,HSX,stock,development,
2022-07-11,MWG,64.8,64.9,64.0,64.5,69.5,60.5,745900,HSX,stock,development,
2022-07-11,PNJ,117.2,117.2,112.0,115.5,124.1,107.9,411300,HSX,stock,development,
2022-07-11,SSI,20.45,21.15,19.9,20.65,21.8,19.0,10333900,HSX,stock,development,
2022-07-11,TCB,37.05,37.3,35.5,35.6,40.15,34.95,4113000,HSX,stock,development,
2022-07-11,VCB,73.3,73.5,72.0,72.0,79.1,68.9,347700,HSX,stock,development,
2022-07-11,VND,18.25,18.9,17.5,17.85,19.6,17.1,8185500,HSX,stock,development,
2022-07-11,VPB,28.4,28.5,27.5,27.5,30.6,26.6,4587600,HSX,stock,development,
2022-07-12,FPT,82.8,83.5,82.7,83.5,88.5,77.1,319800,HSX,stock,development,
2022-07-12,HPG,22.05,22.5,21.95,22.3,23.55,20.55,4831900,HSX,stock,development,
2022-07-12,MBB,24.5,25.2,24.35,25.05,26.1,22.7,2769400,HSX,stock,development,
2022-07-12,MWG,64.8,64.8,64.0,64.4,69.0,60.0,817600,HSX,stock,development,
2022-07-12,PNJ,113.0,116.9,112.2,116.8,123.5,107.5,237600,HSX,stock,development,
2022-07-12,SSI,20.55,21.15,20.4,20.9,22.05,19.25,5012200,HSX,stock,development,
2022-07-12,TCB,35.8,36.1,35.65,36.1,38.05,33.15,2097100,HSX,stock,development,
2022-07-12,VCB,72.1,72.6,71.7,71.9,77.0,67.0,346400,HSX,stock,development,
2022-07-12,VND,17.85,18.5,17.7,18.3,19.05,16.65,8861700,HSX,stock,development,
2022-07-12,VPB,27.65,28.2,27.45,27.75,29.4,25.6,4290700,HSX,stock,development,
2022-07-13,FPT,84.0,84.0,82.5,82.5,89.3,77.7,595400,HSX,stock,development,
2022-07-13,HPG,22.2,22.8,22.15,22.3,23.85,20.75,7029900,HSX,stock,development,
2022-07-13,MBB,25.3,25.75,25.1,25.3,26.8,23.3,4378600,HSX,stock,development,
2022-07-13,MWG,64.0,64.2,61.9,63.6,68.9,59.9,1405000,HSX,stock,development,
2022-07-13,PNJ,116.8,116.8,114.0,115.0,124.9,108.7,380100,HSX,stock,development,
2022-07-13,SSI,20.9,21.1,20.3,20.7,22.35,19.45,8003800,HSX,stock,development,
2022-07-13,TCB,36.15,36.8,36.0,36.1,38.6,33.6,1808800,HSX,stock,development,
2022-07-13,VCB,71.8,73.4,71.4,71.8,76.9,66.9,696400,HSX,stock,development,
2022-07-13,VND,18.4,18.85,18.2,18.5,19.55,17.05,9463700,HSX,stock,development,
2022-07-13,VPB,27.8,28.2,27.55,27.75,29.65,25.85,5160100,HSX,stock,development,
2022-07-14,FPT,82.8,83.5,82.2,82.8,88.2,76.8,439900,HSX,stock,development,
2022-07-14,HPG,22.2,22.4,22.1,22.2,23.85,20.75,5857100,HSX,stock,development,
2022-07-14,MBB,25.15,25.55,25.15,25.5,27.05,23.55,3733900,HSX,stock,development,
2022-07-14,MWG,62.9,64.0,62.3,62.6,68.0,59.2,1129400,HSX,stock,development,
2022-07-14,PNJ,114.5,115.5,112.8,115.5,123.0,107.0,203700,HSX,stock,development,
2022-07-14,SSI,20.5,21.95,20.35,21.5,22.1,19.3,8814700,HSX,stock,development,
2022-07-14,TCB,35.9,36.3,35.85,35.95,38.6,33.6,1665200,HSX,stock,development,
2022-07-14,VCB,71.8,72.8,71.6,72.4,76.8,66.8,228500,HSX,stock,development,
2022-07-14,VND,18.2,19.5,18.1,19.3,19.75,17.25,11847900,HSX,stock,development,
2022-07-14,VPB,27.65,28.1,27.5,28.05,29.65,25.85,4277400,HSX,stock,development,
2022-07-15,FPT,84.0,84.0,82.2,82.2,88.5,77.1,728100,HSX,stock,development,
2022-07-15,HPG,22.35,23.5,22.35,23.2,23.75,20.65,17771000,HSX,stock,development,
2022-07-15,MBB,25.5,25.7,25.4,25.45,27.25,23.75,3915300,HSX,stock,development,
2022-07-15,MWG,62.8,63.2,61.5,61.5,66.9,58.3,1755600,HSX,stock,development,
2022-07-15,PNJ,116.2,116.2,112.0,113.5,123.5,107.5,353500,HSX,stock,development,
2022-07-15,SSI,21.6,21.75,21.1,21.1,23.0,20.0,8035700,HSX,stock,development,
2022-07-15,TCB,36.1,36.55,36.1,36.1,38.45,33.45,2359800,HSX,stock,development,
2022-07-15,VCB,72.1,73.5,72.1,72.3,77.4,67.4,326300,HSX,stock,development,
2022-07-15,VND,19.45,19.65,18.9,18.9,20.65,17.95,9851700,HSX,stock,development,
2022-07-15,VPB,28.1,28.35,28.05,28.25,30.0,26.1,5221800,HSX,stock,development,
2022-07-18,FPT,82.8,84.5,82.3,83.0,87.9,76.5,566200,HSX,stock,development,
2022-07-18,HPG,23.2,23.3,22.5,22.6,24.8,21.6,7854600,HSX,stock,development,
2022-07-18,MBB,25.5,25.7,25.4,25.4,27.2,23.7,3215100,HSX,stock,development,
2022-07-18,MWG,61.5,62.9,60.2,61.0,65.8,57.2,1259600,HSX,stock,development,
2022-07-18,PNJ,115.0,115.0,113.0,113.5,121.4,105.6,332100,HSX,stock,development,
2022-07-18,SSI,21.3,21.4,20.7,20.9,22.55,19.65,7256600,HSX,stock,development,
2022-07-18,TCB,36.3,36.85,36.1,36.3,38.6,33.6,1459800,HSX,stock,development,
2022-07-18,VCB,72.5,72.9,72.0,72.0,77.3,67.3,175800,HSX,stock,development,
2022-07-18,VND,19.15,19.35,18.9,19.0,20.2,17.6,8441600,HSX,stock,development,
2022-07-18,VPB,28.5,28.65,28.15,28.15,30.2,26.3,4195100,HSX,stock,development,
2022-07-19,FPT,82.9,83.0,82.2,83.0,88.8,77.2,698300,HSX,stock,development,
2022-07-19,HPG,22.5,22.6,22.1,22.15,24.15,21.05,7342300,HSX,stock,development,
2022-07-19,MBB,25.35,25.4,25.0,25.2,27.15,23.65,2377000,HSX,stock,development,
2022-07-19,MWG,61.2,61.2,59.5,60.0,65.2,56.8,980900,HSX,stock,development,
2022-07-19,PNJ,113.5,113.5,110.5,110.5,121.4,105.6,310700,HSX,stock,development,
2022-07-19,SSI,20.65,20.9,20.1,20.65,22.35,19.45,7784300,HSX,stock,development,
2022-07-19,TCB,36.25,36.3,35.75,36.1,38.8,33.8,1187500,HSX,stock,development,
2022-07-19,VCB,72.0,72.1,71.1,71.3,77.0,67.0,400500,HSX,stock,development,
2022-07-19,VND,18.8,19.1,18.4,18.75,20.3,17.7,7752000,HSX,stock,development,
2022-07-19,VPB,28.15,28.15,27.75,28.0,30.1,26.2,3283400,HSX,stock,development,
2022-07-20,FPT,85.0,85.9,84.0,84.9,88.8,77.2,1466300,HSX,stock,development,
2022-07-20,HPG,22.35,22.75,22.3,22.35,23.7,20.6,7390300,HSX,stock,development,
2022-07-20,MBB,25.5,25.65,25.4,25.55,26.95,23.45,3671600,HSX,stock,development,
2022-07-20,MWG,59.2,63.0,58.2,61.2,64.2,55.8,3436200,HSX,stock,development,
2022-07-20,PNJ,112.8,114.3,111.2,113.6,118.2,102.8,600400,HSX,stock,development,
2022-07-20,SSI,21.0,21.6,20.9,21.3,22.05,19.25,9498300,HSX,stock,development,
2022-07-20,TCB,36.5,36.6,36.2,36.3,38.6,33.6,2368900,HSX,stock,development,
2022-07-20,VCB,71.6,72.5,71.6,72.5,76.2,66.4,333700,HSX,stock,development,
2022-07-20,VND,19.15,19.65,19.0,19.2,20.05,17.45,9460300,HSX,stock,development,
2022-07-20,VPB,28.3,28.45,28.1,28.15,29.95,26.05,4875900,HSX,stock,development,
2022-07-21,FPT,85.9,85.9,84.5,85.0,90.8,79.0,918200,HSX,stock,development,
2022-07-21,HPG,22.35,23.0,22.3,22.7,23.9,20.8,9246400,HSX,stock,development,
2022-07-21,MBB,25.5,25.75,25.5,25.6,27.3,23.8,3254100,HSX,stock,development,
2022-07-21,MWG,61.2,64.5,61.2,64.1,65.4,57.0,2133200,HSX,stock,development,
2022-07-21,PNJ,113.7,114.7,112.0,114.0,121.5,105.7,363900,HSX,stock,development,
2022-07-21,SSI,21.2,21.6,21.1,21.3,22.75,19.85,6868200,HSX,stock,development,
2022-07-21,TCB,36.6,36.9,36.3,36.85,38.8,33.8,2707000,HSX,stock,development,
2022-07-21,VCB,72.5,72.9,72.1,72.5,77.5,67.5,511800,HSX,stock,development,
2022-07-21,VND,19.2,19.55,19.1,19.15,20.5,17.9,6726700,HSX,stock,development,
2022-07-21,VPB,28.2,28.35,28.0,28.2,30.1,26.2,5283400,HSX,stock,development,
2022-07-22,FPT,86.4,86.5,85.1,85.1,90.9,79.1,706100,HSX,stock,development,
2022-07-22,HPG,22.7,22.8,22.2,22.2,24.25,21.15,7669700,HSX,stock,development,
2022-07-22,MBB,25.6,25.9,25.55,25.55,27.35,23.85,3103300,HSX,stock,development,
2022-07-22,MWG,64.9,66.8,64.2,64.5,68.5,59.7,2158700,HSX,stock,development,
2022-07-22,PNJ,114.0,115.8,114.0,114.5,121.9,106.1,195500,HSX,stock,development,
2022-07-22,SSI,21.3,21.5,20.9,20.9,22.75,19.85,7967900,HSX,stock,development,
2022-07-22,TCB,37.3,37.9,37.05,37.1,39.4,34.3,2164700,HSX,stock,development,
2022-07-22,VCB,72.1,72.7,72.0,72.5,77.5,67.5,458800,HSX,stock,development,
2022-07-22,VND,19.25,19.4,18.95,18.95,20.45,17.85,6443900,HSX,stock,development,
2022-07-22,VPB,28.3,28.5,28.1,28.15,30.15,26.25,3592500,HSX,stock,development,
2022-07-25,FPT,87.0,87.0,85.1,85.4,91.0,79.2,1621100,HSX,stock,development,
2022-07-25,HPG,22.2,22.3,21.8,21.9,23.75,20.65,8208600,HSX,stock,development,
2022-07-25,MBB,25.45,25.55,25.2,25.25,27.3,23.8,1712700,HSX,stock,development,
2022-07-25,MWG,64.8,65.8,62.7,63.3,69.0,60.0,2221600,HSX,stock,development,
2022-07-25,PNJ,114.4,114.4,112.8,113.2,122.5,106.5,125000,HSX,stock,development,
2022-07-25,SSI,20.7,21.05,20.3,20.45,22.35,19.45,7734300,HSX,stock,development,
2022-07-25,TCB,36.85,37.1,36.75,36.8,39.65,34.55,1271400,HSX,stock,development,
2022-07-25,VCB,72.4,73.2,72.0,72.9,77.5,67.5,527000,HSX,stock,development,
2022-07-25,VND,18.7,19.2,18.4,18.75,20.25,17.65,5130200,HSX,stock,development,
2022-07-25,VPB,28.15,28.15,27.65,27.65,30.1,26.2,4280900,HSX,stock,development,
2022-07-26,FPT,86.0,86.0,84.8,84.8,91.3,79.5,551400,HSX,stock,development,
2022-07-26,HPG,21.8,22.0,21.6,21.65,23.4,20.4,11020400,HSX,stock,development,
2022-07-26,MBB,25.25,25.45,25.1,25.15,27.0,23.5,2065500,HSX,stock,development,
2022-07-26,MWG,63.9,63.9,62.8,63.0,67.7,58.9,1143400,HSX,stock,development,
2022-07-26,PNJ,113.0,113.1,112.0,112.0,121.1,105.3,181700,HSX,stock,development,
2022-07-26,SSI,20.55,20.7,20.1,20.25,21.85,19.05,6918800,HSX,stock,development,
2022-07-26,TCB,36.8,37.05,36.55,36.6,39.35,34.25,1436100,HSX,stock,development,
2022-07-26,VCB,73.2,74.4,73.2,73.9,78.0,67.8,537300,HSX,stock,development,
2022-07-26,VND,18.9,18.95,18.2,18.2,20.05,17.45,6660600,HSX,stock,development,
2022-07-26,VPB,27.6,28.05,27.55,27.7,29.55,25.75,3005100,HSX,stock,development,
2022-07-27,FPT,84.6,85.2,84.4,85.2,90.7,78.9,412200,HSX,stock,development,
2022-07-27,HPG,21.45,21.5,21.05,21.25,23.15,20.15,9900200,HSX,stock,development,
2022-07-27,MBB,25.0,25.1,24.75,24.9,26.9,23.4,2658200,HSX,stock,development,
2022-07-27,MWG,60.1,63.0,60.1,62.1,67.4,58.6,1198500,HSX,stock,development,
2022-07-27,PNJ,111.5,112.2,110.9,112.2,119.8,104.2,127200,HSX,stock,development,
2022-07-27,SSI,20.0,20.4,19.8,20.4,21.65,18.85,7199000,HSX,stock,development,
2022-07-27,TCB,36.4,36.6,36.4,36.6,39.15,34.05,919300,HSX,stock,development,
2022-07-27,VCB,74.0,75.0,73.7,75.0,79.0,68.8,580400,HSX,stock,development,
2022-07-27,VND,18.05,18.3,17.8,18.2,19.45,16.95,6793000,HSX,stock,development,
2022-07-27,VPB,27.6,27.75,27.45,27.7,29.6,25.8,2755700,HSX,stock,development,
2022-07-28,FPT,85.2,85.8,83.1,84.9,91.1,79.3,658100,HSX,stock,development,
2022-07-28,HPG,21.5,21.7,21.25,21.4,22.7,19.8,10294400,HSX,stock,development,
2022-07-28,MBB,25.25,25.75,25.1,25.55,26.6,23.2,4448800,HSX,stock,development,
2022-07-28,MWG,63.0,63.0,62.0,62.0,66.4,57.8,971200,HSX,stock,development,
2022-07-28,PNJ,112.9,114.6,111.0,113.0,120.0,104.4,345000,HSX,stock,development,
2022-07-28,SSI,20.9,21.35,20.7,21.15,21.8,19.0,7605700,HSX,stock,development,
2022-07-28,TCB,36.9,37.5,36.8,37.3,39.15,34.05,2721300,HSX,stock,development,
2022-07-28,VCB,75.4,75.6,74.8,75.3,80.2,69.8,549900,HSX,stock,development,
2022-07-28,VND,18.7,19.15,18.4,18.85,19.45,16.95,7321200,HSX,stock,development,
2022-07-28,VPB,28.0,28.8,27.8,28.4,29.6,25.8,8720900,HSX,stock,development,
2022-07-29,FPT,85.1,85.2,83.5,83.5,90.8,79.0,1365200,HSX,stock,development,
2022-07-29,HPG,21.6,21.95,21.5,21.5,22.85,19.95,9793600,HSX,stock,development,
2022-07-29,MBB,25.7,25.75,25.5,25.65,27.3,23.8,4646300,HSX,stock,development,
2022-07-29,MWG,62.4,62.4,61.0,61.0,66.3,57.7,1975400,HSX,stock,development,
2022-07-29,PNJ,113.8,114.0,112.6,114.0,120.9,105.1,952000,HSX,stock,development,
2022-07-29,SSI,21.3,21.65,21.05,21.35,22.6,19.7,8203600,HSX,stock,development,
2022-07-29,TCB,37.5,37.9,37.15,37.9,39.9,34.7,4033800,HSX,stock,development,
2022-07-29,VCB,75.4,75.5,74.7,74.7,80.5,70.1,579300,HSX,stock,development,
2022-07-29,VND,19.0,19.4,18.8,19.1,20.15,17.55,10780600,HSX,stock,development,
2022-07-29,VPB,28.5,28.7,28.3,28.7,30.35,26.45,7151400,HSX,stock,development,
2022-08-01,FPT,84.0,84.2,83.1,84.0,89.3,77.7,812200,HSX,stock,development,
2022-08-01,HPG,21.7,22.85,21.6,22.8,23.0,20.0,14344600,HSX,stock,development,
2022-08-01,MBB,25.7,26.5,25.65,26.5,27.4,23.9,4599500,HSX,stock,development,
2022-08-01,MWG,61.0,61.9,60.0,61.3,65.2,56.8,1665800,HSX,stock,development,
2022-08-01,PNJ,114.0,117.5,113.5,117.0,121.9,106.1,270200,HSX,stock,development,
2022-08-01,SSI,21.35,22.8,21.35,22.8,22.8,19.9,10334500,HSX,stock,development,
2022-08-01,TCB,37.85,38.8,37.6,38.6,40.55,35.25,3092200,HSX,stock,development,
2022-08-01,VCB,74.7,77.0,74.4,77.0,79.9,69.5,790600,HSX,stock,development,
2022-08-01,VND,19.25,20.4,19.2,20.4,20.4,17.8,13412200,HSX,stock,development,
2022-08-01,VPB,28.7,29.1,28.55,29.1,30.7,26.7,5792600,HSX,stock,development,
2022-08-02,FPT,84.0,85.1,83.5,85.0,89.8,78.2,939400,HSX,stock,development,
2022-08-02,HPG,22.9,23.15,22.7,22.9,24.35,21.25,12189500,HSX,stock,development,
2022-08-02,MBB,26.45,26.85,26.3,26.7,28.35,24.65,4713900,HSX,stock,development,
2022-08-02,MWG,61.8,62.5,61.3,62.0,65.5,57.1,1327900,HSX,stock,development,
2022-08-02,PNJ,116.0,116.8,114.4,116.5,125.1,108.9,224600,HSX,stock,development,
2022-08-02,SSI,23.0,23.65,22.9,23.2,24.35,21.25,16512800,HSX,stock,development,
2022-08-02,TCB,38.4,38.6,38.05,38.3,41.3,35.9,2497400,HSX,stock,development,
2022-08-02,VCB,77.0,79.2,76.0,78.9,82.3,71.7,814900,HSX,stock,development,
2022-08-02,VND,20.5,21.3,20.45,20.75,21.8,19.0,12898600,HSX,stock,development,
2022-08-02,VPB,29.3,29.3,28.75,29.05,31.1,27.1,6535100,HSX,stock,development,
2022-08-03,FPT,85.0,85.2,84.2,84.8,90.9,79.1,1232600,HSX,stock,development,
2022-08-03,HPG,22.7,23.85,22.6,23.75,24.5,21.3,24322500,HSX,stock,development,
2022-08-03,MBB,26.6,26.9,26.2,26.9,28.55,24.85,5099800,HSX,stock,development,
2022-08-03,MWG,62.0,62.2,61.3,61.8,66.3,57.7,1397600,HSX,stock,development,
2022-08-03,PNJ,115.1,116.0,114.5,116.0,124.6,108.4,356800,HSX,stock,development,
2022-08-03,SSI,22.9,23.7,22.85,23.55,24.8,21.6,9595700,HSX,stock,development,
2022-08-03,TCB,38.3,38.4,37.85,38.15,40.95,35.65,2583600,HSX,stock,development,
2022-08-03,VCB,78.3,79.5,78.0,79.5,84.4,73.4,567200,HSX,stock,development,
2022-08-03,VND,20.5,21.2,20.45,21.15,22.2,19.3,11077800,HSX,stock,development,
2022-08-03,VPB,28.85,29.15,28.65,29.0,31.05,27.05,6148400,HSX,stock,development,
2022-08-04,FPT,85.1,86.6,84.9,86.1,90.7,78.9,1590900,HSX,stock,development,
2022-08-04,HPG,23.9,23.95,23.5,23.65,25.4,22.1,13402900,HSX,stock,development,
2022-08-04,MBB,26.95,27.2,26.8,26.95,28.75,25.05,5556700,HSX,stock,development,
2022-08-04,MWG,62.2,63.0,62.1,62.7,66.1,57.5,2321200,HSX,stock,development,
2022-08-04,PNJ,116.1,116.3,114.6,116.0,124.1,107.9,247300,HSX,stock,development,
2022-08-04,SSI,23.8,23.9,23.0,23.55,25.15,21.95,8723200,HSX,stock,development,
2022-08-04,TCB,38.25,38.85,38.2,38.4,40.8,35.5,2366600,HSX,stock,development,
2022-08-04,VCB,79.5,82.5,79.4,82.5,85.0,74.0,1075400,HSX,stock,development,
2022-08-04,VND,21.4,21.6,20.85,21.2,22.6,19.7,12027400,HSX,stock,development,
2022-08-04,VPB,29.25,29.95,29.05,29.4,31.0,27.0,8077600,HSX,stock,development,
2022-08-05,FPT,86.1,87.2,85.6,85.8,92.1,80.1,839400,HSX,stock,development,
2022-08-05,HPG,23.4,23.65,23.15,23.3,25.3,22.0,15728600,HSX,stock,development,
2022-08-05,MBB,26.9,26.95,26.55,26.95,28.8,25.1,3813400,HSX,stock,development,
2022-08-05,MWG,62.9,63.5,62.6,62.7,67.0,58.4,1362600,HSX,stock,development,
2022-08-05,PNJ,116.0,116.0,114.9,114.9,124.1,107.9,317700,HSX,stock,development,
2022-08-05,SSI,23.35,25.1,23.25,24.8,25.15,21.95,11343100,HSX,stock,development,
2022-08-05,TCB,38.4,38.8,38.3,38.4,41.05,35.75,2161600,HSX,stock,development,
2022-08-05,VCB,82.0,82.4,81.1,82.0,88.2,76.8,929900,HSX,stock,development,
2022-08-05,VND,21.0,22.35,20.9,22.0,22.65,19.75,10265600,HSX,stock,development,
2022-08-05,VPB,29.4,29.5,28.95,29.35,31.45,27.35,5765300,HSX,stock,development,
2022-08-08,FPT,85.9,86.4,85.3,86.0,91.8,79.8,752200,HSX,stock,development,
2022-08-08,HPG,23.4,23.9,23.3,23.6,24.9,21.7,11705900,HSX,stock,development,
2022-08-08,MBB,27.0,27.2,26.8,27.1,28.8,25.1,4421800,HSX,stock,development,
2022-08-08,MWG,62.7,62.9,62.3,62.9,67.0,58.4,1270300,HSX,stock,development,
2022-08-08,PNJ,115.0,117.9,114.9,116.7,122.9,106.9,661300,HSX,stock,development,
2022-08-08,SSI,25.15,25.35,24.35,24.65,26.5,23.1,8022400,HSX,stock,development,
2022-08-08,TCB,38.5,39.65,38.5,39.2,41.05,35.75,3607300,HSX,stock,development,
2022-08-08,VCB,82.0,82.5,81.9,82.0,87.7,76.3,549600,HSX,stock,development,
2022-08-08,VND,22.1,22.3,21.85,22.15,23.5,20.5,9901000,HSX,stock,development,
2022-08-08,VPB,29.4,30.0,29.2,30.0,31.4,27.3,9708600,HSX,stock,development,
2022-08-09,FPT,86.0,87.5,85.7,86.2,92.0,80.0,1077700,HSX,stock,development,
2022-08-09,HPG,23.9,24.3,23.65,24.1,25.25,21.95,18867000,HSX,stock,development,
2022-08-09,MBB,27.4,27.6,27.2,27.35,28.95,25.25,4688500,HSX,stock,development,
2022-08-09,MWG,63.1,63.6,62.9,63.3,67.3,58.5,1287000,HSX,stock,development,
2022-08-09,PNJ,117.5,117.5,115.8,116.7,124.8,108.6,272500,HSX,stock,development,
2022-08-09,SSI,24.7,24.95,24.35,24.8,26.35,22.95,6464300,HSX,stock,development,
2022-08-09,TCB,39.4,39.65,39.0,39.15,41.9,36.5,2332200,HSX,stock,development,
2022-08-09,VCB,82.0,82.0,79.9,80.8,87.7,76.3,665600,HSX,stock,development,
2022-08-09,VND,22.1,22.7,21.8,22.55,23.7,20.6,8744400,HSX,stock,development,
2022-08-09,VPB,30.2,30.8,30.0,30.25,32.1,27.9,8425300,HSX,stock,development,
2022-08-10,FPT,86.3,86.7,86.0,86.0,92.2,80.2,553300,HSX,stock,development,
2022-08-10,HPG,24.0,24.4,23.8,23.8,25.75,22.45,12613900,HSX,stock,development,
2022-08-10,MBB,27.4,27.45,27.1,27.2,29.25,25.45,2811500,HSX,stock,development,
2022-08-10,MWG,63.3,64.3,63.0,63.6,67.7,58.9,882300,HSX,stock,development,
2022-08-10,PNJ,116.7,116.7,115.5,116.5,124.8,108.6,227800,HSX,stock,development,
2022-08-10,SSI,24.55,25.0,24.45,24.55,26.5,23.1,6915300,HSX,stock,development,
2022-08-10,TCB,38.85,39.05,38.7,38.8,41.85,36.45,1528300,HSX,stock,development,
2022-08-10,VCB,80.1,81.0,80.1,80.5,86.4,75.2,263600,HSX,stock,development,
2022-08-10,VND,22.25,22.7,22.15,22.2,24.1,21.0,9021100,HSX,stock,development,
2022-08-10,VPB,30.3,30.35,29.95,30.1,32.35,28.15,4683700,HSX,stock,development,
2022-08-11,FPT,86.2,86.8,85.7,86.0,92.0,80.0,1117000,HSX,stock,development,
2022-08-11,HPG,24.05,24.15,23.3,23.4,25.45,22.15,14416100,HSX,stock,development,
2022-08-11,MBB,27.45,27.5,26.75,26.8,29.1,25.3,4815500,HSX,stock,development,
2022-08-11,MWG,64.0,64.2,62.5,63.0,68.0,59.2,1490900,HSX,stock,development,
2022-08-11,PNJ,116.5,117.0,114.1,114.1,124.6,108.4,369800,HSX,stock,development,
2022-08-11,SSI,24.85,25.2,23.8,24.4,26.25,22.85,12444500,HSX,stock,development,
2022-08-11,TCB,39.1,39.3,38.35,38.5,41.5,36.1,2341300,HSX,stock,development,
2022-08-11,VCB,81.3,82.0,80.6,81.5,86.1,74.9,605200,HSX,stock,development,
2022-08-11,VND,22.5,22.9,21.65,21.95,23.75,20.65,14943400,HSX,stock,development,
2022-08-11,VPB,30.4,30.5,29.6,29.6,32.2,28.0,6903000,HSX,stock,development,
2022-08-12,FPT,85.7,86.5,85.7,86.5,92.0,80.0,778700,HSX,stock,development,
2022-08-12,HPG,23.3,24.05,23.25,23.95,25.0,21.8,13516800,HSX,stock,development,
2022-08-12,MBB,26.8,27.1,26.7,27.05,28.65,24.95,1883000,HSX,stock,development,
2022-08-12,MWG,62.9,63.7,62.2,63.0,67.4,58.6,1232400,HSX,stock,development,
2022-08-12,PNJ,114.1,114.8,112.5,113.4,122.0,106.2,229200,HSX,stock,development,
2022-08-12,SSI,24.35,24.9,24.05,24.9,26.1,22.7,7517000,HSX,stock,development,
2022-08-12,TCB,38.5,38.8,38.25,38.8,41.15,35.85,1542700,HSX,stock,development,
2022-08-12,VCB,81.5,81.9,80.9,81.6,87.2,75.8,612400,HSX,stock,development,
2022-08-12,VND,21.85,22.6,21.7,22.5,23.45,20.45,8279600,HSX,stock,development,
2022-08-12,VPB,29.65,29.9,29.4,29.9,31.65,27.55,4467100,HSX,stock,development,
2022-08-15,FPT,86.6,89.1,86.6,88.9,92.5,80.5,1372000,HSX,stock,development,
2022-08-15,HPG,24.1,24.2,23.8,24.0,25.6,22.3,13331600,HSX,stock,development,
2022-08-15,MBB,27.3,27.6,27.25,27.35,28.9,25.2,3591400,HSX,stock,development,
2022-08-15,MWG,63.3,65.0,63.0,65.0,67.4,58.6,1693200,HSX,stock,development,
2022-08-15,PNJ,113.6,115.5,112.7,114.7,121.3,105.5,361700,HSX,stock,development,
2022-08-15,SSI,25.15,25.3,24.6,24.75,26.6,23.2,5973800,HSX,stock,development,
2022-08-15,TCB,39.0,39.35,38.85,39.1,41.5,36.1,2200800,HSX,stock,development,
2022-08-15,VCB,82.0,82.3,81.7,81.8,87.3,75.9,531100,HSX,stock,development,
2022-08-15,VND,22.8,22.85,22.3,22.45,24.05,20.95,6724700,HSX,stock,development,
2022-08-15,VPB,30.2,30.45,30.0,30.35,31.95,27.85,4830300,HSX,stock,development,
2022-08-16,FPT,88.9,89.4,88.1,88.7,95.1,82.7,660500,HSX,stock,development,
2022-08-16,HPG,24.0,24.7,24.0,24.55,25.65,22.35,24748500,HSX,stock,development,
2022-08-16,MBB,27.3,27.4,27.15,27.25,29.25,25.45,3282700,HSX,stock,development,
2022-08-16,MWG,65.0,67.0,65.0,66.0,69.5,60.5,1570400,HSX,stock,development,
2022-08-16,PNJ,115.3,115.3,114.5,115.0,122.7,106.7,159400,HSX,stock,development,
2022-08-16,SSI,24.75,25.0,24.45,24.6,26.45,23.05,4818800,HSX,stock,development,
2022-08-16,TCB,39.05,39.2,38.95,39.0,41.8,36.4,1510900,HSX,stock,development,
2022-08-16,VCB,82.0,82.0,81.1,81.5,87.5,76.1,427200,HSX,stock,development,
2022-08-16,VND,22.4,22.7,22.15,22.45,24.0,20.9,7631800,HSX,stock,development,
2022-08-16,VPB,30.35,30.35,29.95,30.15,32.45,28.25,4295000,HSX,stock,development,
2022-08-17,FPT,89.0,89.1,88.0,88.3,94.9,82.5,833000,HSX,stock,development,
2022-08-17,HPG,24.6,24.65,24.15,24.3,26.25,22.85,11449700,HSX,stock,development,
2022-08-17,MBB,27.3,27.85,27.3,27.75,29.15,25.35,6984900,HSX,stock,development,
2022-08-17,MWG,66.0,66.4,65.0,65.0,70.6,61.4,1347500,HSX,stock,development,
2022-08-17,PNJ,115.0,115.4,114.4,114.9,123.0,107.0,182000,HSX,stock,development,
2022-08-17,SSI,24.8,25.15,24.5,24.55,26.3,22.9,8195400,HSX,stock,development,
2022-08-17,TCB,39.05,39.35,39.0,39.3,41.7,36.3,2123500,HSX,stock,development,
2022-08-17,VCB,81.2,81.7,81.2,81.5,87.2,75.8,473600,HSX,stock,development,
2022-08-17,VND,22.6,22.75,22.1,22.25,24.0,20.9,8093000,HSX,stock,development,
2022-08-17,VPB,30.2,30.5,30.05,30.15,32.25,28.05,4709000,HSX,stock,development,
2022-08-18,FPT,87.9,89.7,87.9,88.3,94.4,82.2,1400500,HSX,stock,development,
2022-08-18,HPG,24.1,24.35,24.05,24.15,26.0,22.6,11324100,HSX,stock,development,
2022-08-18,MBB,27.7,27.85,27.55,27.65,29.65,25.85,4619900,HSX,stock,development,
2022-08-18,MWG,65.0,65.8,63.9,64.5,69.5,60.5,2151200,HSX,stock,development,
2022-08-18,PNJ,114.8,114.8,113.0,114.4,122.9,106.9,244100,HSX,stock,development,
2022-08-18,SSI,24.3,25.5,24.3,25.1,26.25,22.85,11971800,HSX,stock,development,
2022-08-18,TCB,39.1,39.5,38.95,39.1,42.05,36.55,2896900,HSX,stock,development,
2022-08-18,VCB,81.3,82.0,81.2,81.5,87.2,75.8,902500,HSX,stock,development,
2022-08-18,VND,22.1,22.95,22.1,22.5,23.8,20.7,8858700,HSX,stock,development,
2022-08-18,VPB,30.3,30.35,29.95,30.05,32.25,28.05,6614800,HSX,stock,development,
2022-08-19,FPT,88.0,88.5,86.2,86.9,94.4,82.2,872200,HSX,stock,development,
2022-08-19,HPG,24.1,24.25,23.65,23.75,25.8,22.5,13150100,HSX,stock,development,
2022-08-19,MBB,27.7,27.7,27.5,27.6,29.55,25.75,4514000,HSX,stock,development,
2022-08-19,MWG,64.5,65.4,63.1,64.1,69.0,60.0,983400,HSX,stock,development,
2022-08-19,PNJ,113.5,114.4,112.8,114.0,122.4,106.4,263500,HSX,stock,development,
2022-08-19,SSI,25.1,25.45,24.9,25.15,26.85,23.35,6563400,HSX,stock,development,
2022-08-19,TCB,39.05,39.2,38.95,39.0,41.8,36.4,1401100,HSX,stock,development,
2022-08-19,VCB,80.6,82.0,80.6,80.9,87.2,75.8,719500,HSX,stock,development,
2022-08-19,VND,22.45,22.9,22.3,22.65,24.05,20.95,6308800,HSX,stock,development,
2022-08-19,VPB,30.2,31.8,30.05,31.25,32.15,27.95,11699200,HSX,stock,development,
2022-08-22,FPT,86.6,87.3,85.9,86.8,92.9,80.9,662000,HSX,stock,development,
2022-08-22,HPG,23.65,23.75,23.15,23.35,25.4,22.1,8599600,HSX,stock,development,
2022-08-22,MBB,23.3,23.45,23.0,23.1,24.6,21.4,4691800,HSX,stock,development,
2022-08-22,MWG,64.6,66.9,64.5,66.5,68.5,59.7,2559300,HSX,stock,development,
2022-08-22,PNJ,113.1,115.4,113.1,114.8,121.9,106.1,208000,HSX,stock,development,
2022-08-22,SSI,25.15,25.35,24.6,24.7,26.9,23.4,7204600,HSX,stock,development,
2022-08-22,TCB,38.85,39.1,38.55,38.7,41.7,36.3,1755100,HSX,stock,development,
2022-08-22,VCB,80.1,81.5,80.0,80.0,86.5,75.3,257700,HSX,stock,development,
2022-08-22,VND,22.6,22.95,22.1,22.2,24.2,21.1,8511000,HSX,stock,development,
2022-08-22,VPB,31.25,31.6,30.95,31.25,33.4,29.1,6131100,HSX,stock,development,
2022-08-23,FPT,86.1,87.0,86.1,87.0,92.8,80.8,585000,HSX,stock,development,
2022-08-23,HPG,23.1,23.65,23.1,23.65,24.95,21.75,8265700,HSX,stock,development,
2022-08-23,MBB,22.8,23.25,22.8,23.2,24.7,21.5,2689500,HSX,stock,development,
2022-08-23,MWG,65.9,67.8,65.9,66.9,71.1,61.9,1919100,HSX,stock,development,
2022-08-23,PNJ,114.0,114.6,113.5,114.5,122.8,106.8,146300,HSX,stock,development,
2022-08-23,SSI,24.3,25.4,23.8,25.4,26.4,23.0,13156800,HSX,stock,development,
2022-08-23,TCB,38.65,38.8,38.35,38.8,41.4,36.0,2081900,HSX,stock,development,
2022-08-23,VCB,80.0,81.3,79.9,80.2,85.6,74.4,393000,HSX,stock,development,
2022-08-23,VND,22.0,22.75,21.7,22.75,23.75,20.65,10444700,HSX,stock,development,
2022-08-23,VPB,30.8,31.2,30.5,31.2,33.4,29.1,4652500,HSX,stock,development,
2022-08-24,FPT,86.5,86.8,86.1,86.2,92.0,80.0,569500,HSX,stock,development,
2022-08-24,HPG,23.65,23.75,23.5,23.5,25.3,22.0,5620600,HSX,stock,development,
2022-08-24,MBB,23.25,23.4,23.15,23.3,24.8,21.6,3218900,HSX,stock,development,
2022-08-24,MWG,66.9,67.2,66.3,66.8,71.5,62.3,1048600,HSX,stock,development,
2022-08-24,PNJ,114.5,118.0,114.2,117.2,122.5,106.5,581700,HSX,stock,development,
2022-08-24,SSI,25.65,25.7,25.15,25.25,27.15,23.65,5700300,HSX,stock,development,
2022-08-24,TCB,38.8,39.75,38.8,39.25,41.5,36.1,1834700,HSX,stock,development,
2022-08-24,VCB,81.2,82.9,80.3,82.0,85.8,74.6,478900,HSX,stock,development,
2022-08-24,VND,22.85,22.9,22.5,22.6,24.3,21.2,5584800,HSX,stock,development,
2022-08-24,VPB,31.2,31.6,31.05,31.4,33.35,29.05,6145200,HSX,stock,development,
2022-08-25,FPT,86.2,86.7,86.0,86.3,92.2,80.2,502700,HSX,stock,development,
2022-08-25,HPG,23.75,24.05,23.6,23.85,25.1,21.9,7464700,HSX,stock,development,
2022-08-25,MBB,23.4,23.65,23.25,23.65,24.9,21.7,4447300,HSX,stock,development,
2022-08-25,MWG,67.7,68.7,67.3,68.4,71.4,62.2,2419500,HSX,stock,development,
2022-08-25,PNJ,117.2,117.7,116.1,116.6,125.4,109.0,220900,HSX,stock,development,
2022-08-25,SSI,25.35,26.0,25.35,25.5,27.0,23.5,5937800,HSX,stock,development,
2022-08-25,TCB,39.3,39.7,39.3,39.55,41.95,36.55,1752200,HSX,stock,development,
2022-08-25,VCB,82.2,82.2,81.3,82.0,87.7,76.3,276600,HSX,stock,development,
2022-08-25,VND,22.7,23.3,22.7,22.95,24.15,21.05,7447500,HSX,stock,development,
2022-08-25,VPB,31.55,32.35,31.55,31.95,33.55,29.25,6684700,HSX,stock,development,
2022-08-26,FPT,86.4,87.8,86.3,87.2,92.3,80.3,985300,HSX,stock,development,
2022-08-26,HPG,24.0,24.0,23.5,23.5,25.5,22.2,6970700,HSX,stock,development,
2022-08-26,MBB,23.75,23.9,23.6,23.6,25.3,22.0,5084800,HSX,stock,development,
2022-08-26,MWG,68.7,73.1,68.7,72.2,73.1,63.7,4140700,HSX,stock,development,
2022-08-26,PNJ,117.0,119.5,116.4,117.8,124.7,108.5,500900,HSX,stock,development,
2022-08-26,SSI,25.5,25.65,24.8,24.8,27.25,23.75,9306700,HSX,stock,development,
2022-08-26,TCB,39.6,39.95,39.5,39.5,42.3,36.8,2156100,HSX,stock,development,
2022-08-26,VCB,82.0,83.7,82.0,82.5,87.7,76.3,735800,HSX,stock,development,
2022-08-26,VND,22.95,23.0,22.25,22.4,24.55,21.35,7538300,HSX,stock,development,
2022-08-26,VPB,32.2,32.6,31.3,31.6,34.15,29.75,6682500,HSX,stock,development,
2022-08-29,FPT,87.0,87.0,84.7,86.5,93.3,81.1,1027600,HSX,stock,development,
2022-08-29,HPG,23.05,23.25,22.65,23.0,25.1,21.9,13456100,HSX,stock,development,
2022-08-29,MBB,23.05,23.5,22.9,23.4,25.25,21.95,5127100,HSX,stock,development,
2022-08-29,MWG,71.8,74.0,70.7,74.0,77.2,67.2,3831100,HSX,stock,development,
2022-08-29,PNJ,115.5,116.5,113.0,116.5,126.0,109.6,540900,HSX,stock,development,
2022-08-29,SSI,24.2,24.4,23.55,24.4,26.5,23.1,12056300,HSX,stock,development,
2022-08-29,TCB,38.8,39.1,38.5,38.75,42.25,36.75,2198000,HSX,stock,development,
2022-08-29,VCB,81.4,82.5,80.9,82.5,88.2,76.8,516400,HSX,stock,development,
2022-08-29,VND,21.85,22.2,20.9,22.2,23.95,20.85,14942600,HSX,stock,development,
2022-08-29,VPB,31.0,31.5,30.6,31.2,33.8,29.4,6908000,HSX,stock,development,
2022-08-30,FPT,86.5,87.0,86.0,86.4,92.5,80.5,564400,HSX,stock,development,
2022-08-30,HPG,23.1,23.3,22.95,23.05,24.6,21.4,6441700,HSX,stock,development,
2022-08-30,MBB,23.55,23.9,23.45,23.65,25.0,21.8,3852700,HSX,stock,development,
2022-08-30,MWG,74.5,75.0,72.9,73.3,79.1,68.9,1979800,HSX,stock,development,
2022-08-30,PNJ,117.0,117.0,114.0,114.4,124.6,108.4,295900,HSX,stock,development,
2022-08-30,SSI,24.65,24.8,23.9,23.95,26.1,22.7,5511400,HSX,stock,development,
2022-08-30,TCB,38.8,39.15,38.75,38.75,41.45,36.05,1897200,HSX,stock,development,
2022-08-30,VCB,82.5,86.0,82.5,86.0,88.2,76.8,1187500,HSX,stock,development,
2022-08-30,VND,22.45,22.55,21.7,21.7,23.75,20.65,6326100,HSX,stock,development,
2022-08-30,VPB,31.4,32.0,31.2,31.35,33.35,29.05,4579800,HSX,stock,development,
2022-08-31,FPT,85.8,87.0,85.8,86.6,92.4,80.4,584600,HSX,stock,development,
2022-08-31,HPG,23.0,23.15,22.75,23.0,24.65,21.45,6405500,HSX,stock,development,
2022-08-31,MBB,23.65,23.95,23.55,23.75,25.3,22.0,3203200,HSX,stock,development,
2022-08-31,MWG,72.5,74.0,72.5,74.0,78.4,68.2,2554800,HSX,stock,development,
2022-08-31,PNJ,114.4,114.8,113.4,114.8,122.4,106.4,306400,HSX,stock,development,
2022-08-31,SSI,23.7,24.2,23.7,24.0,25.6,22.3,5054500,HSX,stock,development,
2022-08-31,TCB,38.75,39.15,38.65,38.95,41.45,36.05,1095800,HSX,stock,development,
2022-08-31,VCB,86.0,86.5,84.0,84.0,92.0,80.0,617500,HSX,stock,development,
2022-08-31,VND,21.5,21.9,21.35,21.7,23.2,20.2,5110100,HSX,stock,development,
2022-08-31,VPB,31.45,31.8,31.15,31.8,33.5,29.2,4698800,HSX,stock,development,
2022-09-05,FPT,86.5,86.7,85.9,86.2,92.6,80.6,519600,HSX,stock,development,
2022-09-05,HPG,23.05,24.1,23.05,23.9,24.6,21.4,9760600,HSX,stock,development,
2022-09-05,MBB,23.7,23.9,23.55,23.6,25.4,22.1,2951200,HSX,stock,development,
2022-09-05,MWG,73.9,73.9,72.5,72.5,79.1,68.9,1361800,HSX,stock,development,
2022-09-05,PNJ,114.8,114.8,113.8,114.3,122.8,106.8,212300,HSX,stock,development,
2022-09-05,SSI,24.1,24.3,23.7,23.7,25.65,22.35,4304300,HSX,stock,development,
2022-09-05,TCB,38.85,38.9,38.55,38.6,41.65,36.25,1406800,HSX,stock,development,
2022-09-05,VCB,84.0,84.3,82.5,82.6,89.8,78.2,746800,HSX,stock,development,
2022-09-05,VND,21.6,21.85,21.4,21.4,23.2,20.2,5239700,HSX,stock,development,
2022-09-05,VPB,31.7,31.8,31.25,31.3,34.0,29.6,5283700,HSX,stock,development,
2022-09-06,FPT,86.0,86.4,85.8,85.8,92.2,80.2,560600,HSX,stock,development,
2022-09-06,HPG,24.0,24.2,23.55,23.55,25.55,22.25,6568700,HSX,stock,development,
2022-09-06,MBB,23.6,23.9,23.55,23.65,25.25,21.95,2850700,HSX,stock,development,
2022-09-06,MWG,72.6,73.3,72.4,72.9,77.5,67.5,1234100,HSX,stock,development,
2022-09-06,PNJ,114.4,114.8,113.9,114.0,122.3,106.3,213300,HSX,stock,development,
2022-09-06,SSI,23.85,24.15,23.5,23.75,25.35,22.05,4508400,HSX,stock,development,
2022-09-06,TCB,38.55,39.0,38.55,38.65,41.3,35.9,1202400,HSX,stock,development,
2022-09-06,VCB,82.6,84.0,82.1,82.7,88.3,76.9,527600,HSX,stock,development,
2022-09-06,VND,21.65,21.75,21.35,21.4,22.85,19.95,4702800,HSX,stock,development,
2022-09-06,VPB,31.3,31.8,31.15,31.4,33.45,29.15,5110900,HSX,stock,development,
2022-09-07,FPT,85.5,85.9,84.0,84.0,91.8,79.8,958700,HSX,stock,development,
2022-09-07,HPG,23.55,23.8,23.0,23.0,25.15,21.95,12222200,HSX,stock,development,
2022-09-07,MBB,23.7,23.8,23.0,23.0,25.3,22.0,7620700,HSX,stock,development,
2022-09-07,MWG,72.6,72.8,70.6,70.7,78.0,67.8,2979800,HSX,stock,development,
2022-09-07,PNJ,114.0,114.1,111.0,111.0,121.9,106.1,527400,HSX,stock,development,
2022-09-07,SSI,23.7,23.95,22.55,22.55,25.4,22.1,9654100,HSX,stock,development,
2022-09-07,TCB,38.65,38.7,37.55,37.55,41.35,35.95,2284500,HSX,stock,development,
2022-09-07,VCB,82.0,82.5,79.8,80.0,88.4,77.0,1243800,HSX,stock,development,
2022-09-07,VND,21.4,21.6,20.0,20.0,22.85,19.95,12251500,HSX,stock,development,
2022-09-07,VPB,31.4,31.4,30.3,30.3,33.55,29.25,8429000,HSX,stock,development,
2022-09-08,FPT,84.1,85.0,83.8,84.3,89.8,78.2,591000,HSX,stock,development,
2022-09-08,HPG,23.2,23.45,22.9,23.1,24.6,21.4,8884200,HSX,stock,development,
2022-09-08,MBB,23.1,23.25,22.75,22.8,24.6,21.4,3593700,HSX,stock,development,
2022-09-08,MWG,71.5,72.3,70.5,71.5,75.6,65.8,1935300,HSX,stock,development,
2022-09-08,PNJ,111.5,112.5,110.5,112.5,118.7,103.3,297000,HSX,stock,development,
2022-09-08,SSI,22.95,23.0,22.05,22.05,24.1,21.0,7256000,HSX,stock,development,
2022-09-08,TCB,37.75,37.9,37.35,37.4,40.15,34.95,1225200,HSX,stock,development,
2022-09-08,VCB,80.9,80.9,78.0,78.0,85.6,74.4,681300,HSX,stock,development,
2022-09-08,VND,20.4,20.5,19.85,20.0,21.4,18.6,6311000,HSX,stock,development,
2022-09-08,VPB,30.35,30.5,29.9,29.9,32.4,28.2,5550000,HSX,stock,development,
2022-09-09,FPT,84.6,85.0,84.3,84.3,90.2,78.4,635400,HSX,stock,development,
2022-09-09,HPG,23.35,23.8,23.1,23.8,24.7,21.5,11427200,HSX,stock,development,
2022-09-09,MBB,22.95,22.95,22.25,22.7,24.35,21.25,3957800,HSX,stock,development,
2022-09-09,MWG,72.0,72.4,70.8,72.0,76.5,66.5,1574500,HSX,stock,development,
2022-09-09,PNJ,112.9,112.9,111.5,111.8,120.3,104.7,137600,HSX,stock,development,
2022-09-09,SSI,22.0,22.2,21.3,22.2,23.55,20.55,13752800,HSX,stock,development,
2022-09-09,TCB,37.7,37.7,37.0,37.65,40.0,34.8,1605300,HSX,stock,development,
2022-09-09,VCB,78.5,79.3,78.2,78.8,83.4,72.6,653400,HSX,stock,development,
2022-09-09,VND,20.35,20.4,19.35,20.4,21.4,18.6,8143900,HSX,stock,development,
2022-09-09,VPB,30.25,30.8,29.9,30.5,31.95,27.85,8230200,HSX,stock,development,
2022-09-12,FPT,85.1,85.2,84.3,84.6,90.2,78.4,402700,HSX,stock,development,
2022-09-12,HPG,23.9,24.3,23.8,23.8,25.45,22.15,12208200,HSX,stock,development,
2022-09-12,MBB,23.0,23.0,22.6,22.6,24.25,21.15,1585800,HSX,stock,development,
2022-09-12,MWG,72.2,75.4,72.1,74.0,77.0,67.0,3040000,HSX,stock,development,
2022-09-12,PNJ,112.0,113.9,111.9,112.2,119.6,104.0,167600,HSX,stock,development,
2022-09-12,SSI,22.5,22.5,21.85,21.85,23.75,20.65,6284600,HSX,stock,development,
2022-09-12,TCB,37.65,37.8,37.45,37.5,40.25,35.05,736500,HSX,stock,development,
2022-09-12,VCB,79.6,79.7,78.8,79.1,84.3,73.3,348200,HSX,stock,development,
2022-09-12,VND,20.8,20.85,20.05,20.1,21.8,19.0,4899100,HSX,stock,development,
2022-09-12,VPB,30.7,31.15,30.4,30.45,32.6,28.4,3969500,HSX,stock,development,
2022-09-13,FPT,85.0,85.3,84.3,84.6,90.5,78.7,583300,HSX,stock,development,
2022-09-13,HPG,23.75,24.0,23.5,23.7,25.45,22.15,6812000,HSX,stock,development,
2022-09-13,MBB,22.65,22.75,22.5,22.55,24.15,21.05,2908000,HSX,stock,development,
2022-09-13,MWG,74.0,74.4,73.3,74.1,79.1,68.9,1017100,HSX,stock,development,
2022-09-13,PNJ,112.2,113.8,112.2,113.0,120.0,104.4,225900,HSX,stock,development,
2022-09-13,SSI,21.85,22.05,21.2,21.65,23.35,20.35,8252900,HSX,stock,development,
2022-09-13,TCB,37.4,37.6,37.3,37.3,40.1,34.9,958200,HSX,stock,development,
2022-09-13,VCB,79.4,79.4,78.6,78.6,84.6,73.6,636200,HSX,stock,development,
2022-09-13,VND,20.15,20.25,19.55,19.85,21.5,18.7,6277400,HSX,stock,development,
2022-09-13,VPB,30.45,30.7,30.35,30.5,32.55,28.35,4227800,HSX,stock,development,
2022-09-14,FPT,83.5,84.5,83.5,84.0,90.5,78.7,612500,HSX,stock,development,
2022-09-14,HPG,23.25,23.8,23.25,23.7,25.35,22.05,12635400,HSX,stock,development,
2022-09-14,MBB,22.05,22.45,22.0,22.4,24.1,21.0,3004600,HSX,stock,development,
2022-09-14,MWG,72.7,73.9,72.6,73.7,79.2,69.0,2049700,HSX,stock,development,
2022-09-14,PNJ,111.9,112.6,111.5,111.7,120.9,105.1,246100,HSX,stock,development,
2022-09-14,SSI,21.0,22.15,21.0,21.95,23.15,20.15,11369000,HSX,stock,development,
2022-09-14,TCB,36.5,37.0,36.5,36.8,39.9,34.7,1299700,HSX,stock,development,
2022-09-14,VCB,77.2,79.5,77.0,78.3,84.1,73.1,608100,HSX,stock,development,
2022-09-14,VND,19.1,20.1,19.1,20.0,21.2,18.5,9463700,HSX,stock,development,
2022-09-14,VPB,29.8,30.3,29.8,30.3,32.6,28.4,7990900,HSX,stock,development,
2022-09-15,FPT,84.5,84.5,83.7,83.7,89.8,78.2,349100,HSX,stock,development,
2022-09-15,HPG,23.9,23.9,23.45,23.6,25.35,22.05,7009500,HSX,stock,development,
2022-09-15,MBB,22.45,22.55,22.05,22.15,23.95,20.85,1880400,HSX,stock,development,
2022-09-15,MWG,73.7,74.8,73.4,73.9,78.8,68.6,1370000,HSX,stock,development,
2022-09-15,PNJ,112.0,112.7,111.7,111.9,119.5,103.9,207200,HSX,stock,development,
2022-09-15,SSI,22.1,22.1,21.6,21.65,23.45,20.45,4488900,HSX,stock,development,
2022-09-15,TCB,37.0,37.05,36.6,36.6,39.35,34.25,1005500,HSX,stock,development,
2022-09-15,VCB,78.5,79.3,78.1,79.2,83.7,72.9,320200,HSX,stock,development,
2022-09-15,VND,20.2,20.25,19.75,19.8,21.4,18.6,3593000,HSX,stock,development,
2022-09-15,VPB,30.45,30.75,30.3,30.3,32.4,28.2,4634700,HSX,stock,development,
2022-09-16,FPT,83.7,83.9,82.5,82.5,89.5,77.9,617700,HSX,stock,development,
2022-09-16,HPG,23.4,23.6,23.0,23.0,25.25,21.95,17826100,HSX,stock,development,
2022-09-16,MBB,22.25,22.35,21.75,21.8,23.7,20.6,2957700,HSX,stock,development,
2022-09-16,MWG,73.4,73.7,71.4,72.0,79.0,68.8,2001200,HSX,stock,development,
2022-09-16,PNJ,112.0,115.9,111.9,113.2,119.7,104.1,957400,HSX,stock,development,
2022-09-16,SSI,21.5,21.7,21.05,21.15,23.15,20.15,9472400,HSX,stock,development,
2022-09-16,TCB,36.4,36.65,36.0,36.0,39.15,34.05,1029300,HSX,stock,development,
2022-09-16,VCB,79.3,80.0,78.5,80.0,84.7,73.7,1311500,HSX,stock,development,
2022-09-16,VND,19.7,19.8,19.0,19.0,21.15,18.45,11114100,HSX,stock,development,
2022-09-16,VPB,30.4,31.2,30.4,30.55,32.4,28.2,7148300,HSX,stock,development,
2022-09-19,FPT,82.5,83.6,81.9,83.1,88.2,76.8,818900,HSX,stock,development,
2022-09-19,HPG,23.1,23.25,22.45,22.65,24.6,21.4,10983900,HSX,stock,development,
2022-09-19,MBB,21.7,21.8,21.0,21.0,23.3,20.3,3727200,HSX,stock,development,
2022-09-19,MWG,72.0,72.8,69.1,70.5,77.0,67.0,1857100,HSX,stock,development,
2022-09-19,PNJ,113.2,113.7,112.0,112.0,121.1,105.3,275300,HSX,stock,development,
2022-09-19,SSI,21.15,21.15,19.9,19.9,22.6,19.7,9420400,HSX,stock,development,
2022-09-19,TCB,36.0,36.0,34.85,35.05,38.5,33.5,1600900,HSX,stock,development,
2022-09-19,VCB,79.0,80.2,78.0,78.8,85.6,74.4,560600,HSX,stock,development,
2022-09-19,VND,19.1,19.1,17.85,17.85,20.3,17.7,8849100,HSX,stock,development,
2022-09-19,VPB,30.7,31.0,29.8,29.9,32.65,28.45,7759900,HSX,stock,development,
2022-09-20,FPT,83.1,83.8,82.3,83.4,88.9,77.3,261500,HSX,stock,development,
2022-09-20,HPG,22.8,23.0,22.6,23.0,24.2,21.1,5764200,HSX,stock,development,
2022-09-20,MBB,21.35,21.35,20.95,21.35,22.45,19.55,2690200,HSX,stock,development,
2022-09-20,MWG,70.9,72.0,69.2,71.7,75.4,65.6,1473700,HSX,stock,development,
2022-09-20,PNJ,112.0,113.0,112.0,113.0,119.8,104.2,179300,HSX,stock,development,
2022-09-20,SSI,20.2,20.75,19.9,20.7,21.25,18.55,5825700,HSX,stock,development,
2022-09-20,TCB,35.55,35.55,34.9,35.05,37.5,32.6,1144500,HSX,stock,development,
2022-09-20,VCB,78.8,80.0,78.6,79.2,84.3,73.3,296800,HSX,stock,development,
2022-09-20,VND,18.0,18.8,17.85,18.8,19.05,16.65,6488800,HSX,stock,development,
2022-09-20,VPB,30.2,30.3,29.5,30.0,31.95,27.85,5280500,HSX,stock,development,
2022-09-21,FPT,83.3,83.3,82.3,82.3,89.2,77.6,433100,HSX,stock,development,
2022-09-21,HPG,22.9,22.95,22.7,22.9,24.6,21.4,4905700,HSX,stock,development,
2022-09-21,MBB,21.2,21.2,20.95,21.2,22.8,19.9,2103800,HSX,stock,development,
2022-09-21,MWG,71.0,71.0,70.0,70.0,76.7,66.7,1749900,HSX,stock,development,
2022-09-21,PNJ,113.8,114.3,113.0,113.9,120.9,105.1,164900,HSX,stock,development,
2022-09-21,SSI,20.5,20.8,20.35,20.55,22.1,19.3,4216500,HSX,stock,development,
2022-09-21,TCB,35.0,35.1,34.5,34.5,37.5,32.6,1159500,HSX,stock,development,
2022-09-21,VCB,79.3,79.6,77.9,78.9,84.7,73.7,238400,HSX,stock,development,
2022-09-21,VND,18.5,18.9,18.3,18.5,20.1,17.5,5145900,HSX,stock,development,
2022-09-21,VPB,29.8,30.0,29.1,29.5,32.1,27.9,5952000,HSX,stock,development,
2022-09-22,FPT,82.0,83.0,81.9,82.9,88.0,76.6,471700,HSX,stock,development,
2022-09-22,HPG,22.7,23.1,22.65,23.0,24.5,21.3,5096300,HSX,stock,development,
2022-09-22,MBB,21.0,21.25,20.85,21.25,22.65,19.75,2593400,HSX,stock,development,
2022-09-22,MWG,69.1,70.8,68.3,70.1,74.9,65.1,1924200,HSX,stock,development,
2022-09-22,PNJ,113.4,114.3,113.4,114.0,121.8,106.0,162300,HSX,stock,development,
2022-09-22,SSI,20.3,21.2,20.2,21.1,21.95,19.15,7478500,HSX,stock,development,
2022-09-22,TCB,34.3,34.65,34.1,34.55,36.9,32.1,1485100,HSX,stock,development,
2022-09-22,VCB,77.7,78.6,77.5,78.0,84.4,73.4,595200,HSX,stock,development,
2022-09-22,VND,18.25,19.1,18.2,19.0,19.75,17.25,6760500,HSX,stock,development,
2022-09-22,VPB,29.2,29.65,28.9,29.3,31.55,27.45,4171800,HSX,stock,development,
2022-09-23,FPT,83.1,83.1,82.1,82.4,88.7,77.1,528500,HSX,stock,development,
2022-09-23,HPG,23.05,23.2,22.7,22.7,24.6,21.4,6601700,HSX,stock,development,
2022-09-23,MBB,21.2,21.35,21.0,21.0,22.7,19.8,1862100,HSX,stock,development,
2022-09-23,MWG,70.1,70.1,68.6,69.4,75.0,65.2,1493200,HSX,stock,development,
2022-09-23,PNJ,114.5,114.5,113.5,113.9,121.9,106.1,221900,HSX,stock,development,
2022-09-23,SSI,21.0,21.3,20.55,20.65,22.55,19.65,4549900,HSX,stock,development,
2022-09-23,TCB,34.45,34.6,34.05,34.2,36.95,32.15,1145800,HSX,stock,development,
2022-09-23,VCB,77.2,77.7,75.8,75.9,83.4,72.6,448900,HSX,stock,development,
2022-09-23,VND,18.95,19.2,18.5,18.55,20.3,17.7,7519000,HSX,stock,development,
2022-09-23,VPB,29.35,29.6,28.7,28.75,31.35,27.25,4556500,HSX,stock,development,
2022-09-26,FPT,81.5,82.0,80.3,81.5,88.1,76.7,915700,HSX,stock,development,
2022-09-26,HPG,22.45,22.6,21.85,22.4,24.25,21.15,10928300,HSX,stock,development,
2022-09-26,MBB,20.6,20.9,19.9,20.1,22.45,19.55,4194600,HSX,stock,development,
2022-09-26,MWG,67.8,68.2,65.6,68.0,74.2,64.6,2678200,HSX,stock,development,
2022-09-26,PNJ,113.0,113.0,110.7,111.1,121.8,106.0,289200,HSX,stock,development,
2022-09-26,SSI,20.05,20.3,19.25,19.5,22.05,19.25,8623200,HSX,stock,development,
2022-09-26,TCB,33.85,33.85,32.95,33.25,36.55,31.85,2586100,HSX,stock,development,
2022-09-26,VCB,75.1,77.0,74.1,75.0,81.2,70.6,726000,HSX,stock,development,
2022-09-26,VND,18.05,18.3,17.3,17.45,19.8,17.3,11242000,HSX,stock,development,
2022-09-26,VPB,28.3,28.45,27.05,27.6,30.75,26.75,6670400,HSX,stock,development,
2022-09-27,FPT,82.0,82.0,80.5,80.5,87.2,75.8,507100,HSX,stock,development,
2022-09-27,HPG,22.45,22.5,22.1,22.4,23.95,20.85,4817300,HSX,stock,development,
2022-09-27,MBB,20.35,20.35,20.0,20.2,21.5,18.7,2248500,HSX,stock,development,
2022-09-27,MWG,67.4,68.0,66.8,67.1,72.7,63.3,956400,HSX,stock,development,
2022-09-27,PNJ,112.6,112.6,111.0,111.1,118.8,103.4,223400,HSX,stock,development,
2022-09-27,SSI,19.7,20.0,19.5,19.55,20.85,18.15,5122000,HSX,stock,development,
2022-09-27,TCB,33.55,33.9,33.2,33.5,35.55,30.95,1326700,HSX,stock,development,
2022-09-27,VCB,76.0,76.0,74.2,74.3,80.2,69.8,385300,HSX,stock,development,
2022-09-27,VND,17.6,17.75,17.35,17.5,18.65,16.25,5997600,HSX,stock,development,
2022-09-27,VPB,27.8,28.0,27.15,27.4,29.5,25.7,6826400,HSX,stock,development,
2022-09-28,FPT,80.1,80.4,78.0,78.0,86.1,74.9,1293800,HSX,stock,development,
2022-09-28,HPG,22.2,22.45,21.6,21.8,23.95,20.85,6287700,HSX,stock,development,
2022-09-28,MBB,20.0,20.25,19.95,19.95,21.6,18.8,1928500,HSX,stock,development,
2022-09-28,MWG,66.1,67.0,65.0,65.0,71.7,62.5,1479100,HSX,stock,development,
2022-09-28,PNJ,111.0,111.9,110.5,111.0,118.8,103.4,232500,HSX,stock,development,
2022-09-28,SSI,19.4,20.05,19.4,19.75,20.9,18.2,5571000,HSX,stock,development,
2022-09-28,TCB,33.35,33.7,33.2,33.25,35.8,31.2,1088700,HSX,stock,development,
2022-09-28,VCB,74.0,75.0,73.8,75.0,79.5,69.1,332500,HSX,stock,development,
2022-09-28,VND,17.5,18.2,17.4,17.8,18.7,16.3,8453500,HSX,stock,development,
2022-09-28,VPB,18.6,18.75,18.3,18.5,19.5,17.0,5101900,HSX,stock,development,
2022-09-29,FPT,79.8,80.1,77.0,77.0,83.4,72.6,757900,HSX,stock,development,
2022-09-29,HPG,22.15,22.3,21.65,21.65,23.3,20.3,5138100,HSX,stock,development,
2022-09-29,MBB,20.2,20.25,19.8,19.8,21.3,18.6,2169000,HSX,stock,development,
2022-09-29,MWG,66.5,66.5,63.7,64.0,69.5,60.5,1385500,HSX,stock,development,
2022-09-29,PNJ,112.0,112.2,110.6,111.0,118.7,103.3,167100,HSX,stock,development,
2022-09-29,SSI,20.2,20.2,19.3,19.3,21.1,18.4,6047300,HSX,stock,development,
2022-09-29,TCB,33.7,33.7,33.0,33.0,35.55,30.95,1519900,HSX,stock,development,
2022-09-29,VCB,76.0,76.0,74.0,74.0,80.2,69.8,327700,HSX,stock,development,
2022-09-29,VND,18.3,18.3,17.4,17.4,19.0,16.6,6493800,HSX,stock,development,
2022-09-29,VPB,18.75,18.8,18.0,18.0,19.75,17.25,3412800,HSX,stock,development,
2022-09-30,FPT,77.0,80.8,76.9,80.5,82.3,71.7,1131600,HSX,stock,development,
2022-09-30,HPG,21.5,21.65,20.7,21.2,23.15,20.15,10658900,HSX,stock,development,
2022-09-30,MBB,19.7,20.0,19.3,20.0,21.15,18.45,4088100,HSX,stock,development,
2022-09-30,MWG,63.7,64.2,61.7,64.0,68.4,59.6,2269700,HSX,stock,development,
2022-09-30,PNJ,111.0,111.0,104.1,107.0,118.7,103.3,662400,HSX,stock,development,
2022-09-30,SSI,19.15,19.8,18.3,19.8,20.65,17.95,9491100,HSX,stock,development,
2022-09-30,TCB,33.0,33.2,32.2,32.5,35.3,30.7,3101200,HSX,stock,development,
2022-09-30,VCB,73.2,74.3,72.4,73.2,79.1,68.9,732200,HSX,stock,development,
2022-09-30,VND,17.4,17.7,16.4,17.5,18.6,16.2,9070300,HSX,stock,development,
2022-09-30,VPB,18.2,18.25,17.1,18.0,19.25,16.75,8414400,HSX,stock,development,
2022-10-03,FPT,79.6,80.3,76.4,77.0,86.1,74.9,639000,HSX,stock,development,
2022-10-03,HPG,21.2,21.2,19.75,19.75,22.65,19.75,15112400,HSX,stock,development,
2022-10-03,MBB,19.9,19.9,18.6,18.7,21.4,18.6,4280100,HSX,stock,development,
2022-10-03,MWG,62.9,62.9,59.6,59.6,68.4,59.6,2210000,HSX,stock,development,
2022-10-03,PNJ,106.9,106.9,99.6,99.6,114.4,99.6,501100,HSX,stock,development,
2022-10-03,SSI,19.6,19.65,18.45,18.45,21.15,18.45,7178300,HSX,stock,development,
2022-10-03,TCB,32.5,32.6,30.25,30.25,34.75,30.25,3175300,HSX,stock,development,
2022-10-03,VCB,73.5,73.8,70.3,70.6,78.3,68.1,416500,HSX,stock,development,
2022-10-03,VND,17.2,17.35,16.3,16.3,18.7,16.3,6731000,HSX,stock,development,
2022-10-03,VPB,17.85,17.85,16.75,17.0,19.25,16.75,12542700,HSX,stock,development,
2022-10-04,FPT,78.0,79.0,77.2,77.5,82.3,71.7,1094000,HSX,stock,development,
2022-10-04,HPG,20.1,20.25,18.65,18.85,21.1,18.4,14695400,HSX,stock,development,
2022-10-04,MBB,19.2,19.2,18.5,18.8,20.0,17.4,4587700,HSX,stock,development,
2022-10-04,MWG,61.2,61.3,60.1,61.0,63.7,55.5,2342500,HSX,stock,development,
2022-10-04,PNJ,101.9,101.9,98.5,98.5,106.5,92.7,231300,HSX,stock,development,
2022-10-04,SSI,18.9,19.1,17.6,17.8,19.7,17.2,8446700,HSX,stock,development,
2022-10-04,TCB,30.8,31.0,30.0,30.3,32.35,28.15,3244900,HSX,stock,development,
2022-10-04,VCB,70.0,71.9,69.5,71.3,75.5,65.7,682200,HSX,stock,development,
2022-10-04,VND,16.7,16.8,15.4,15.4,17.4,15.2,9187400,HSX,stock,development,
2022-10-04,VPB,17.2,17.55,16.0,16.8,18.15,15.85,8280300,HSX,stock,development,
2022-10-05,FPT,79.0,79.5,78.4,78.4,82.9,72.1,518100,HSX,stock,development,
2022-10-05,HPG,19.2,19.35,18.85,19.2,20.15,17.55,11564800,HSX,stock,development,
2022-10-05,MBB,19.1,19.45,19.05,19.2,20.1,17.5,2975700,HSX,stock,development,
2022-10-05,MWG,61.0,63.1,61.0,62.2,65.2,56.8,1172000,HSX,stock,development,
2022-10-05,PNJ,98.6,105.0,98.5,102.4,105.3,91.7,149300,HSX,stock,development,
2022-10-05,SSI,18.35,18.8,18.2,18.65,19.0,16.6,6298300,HSX,stock,development,
2022-10-05,TCB,31.0,31.05,30.5,30.5,32.4,28.2,2351100,HSX,stock,development,
2022-10-05,VCB,71.4,72.0,71.1,71.5,76.2,66.4,472100,HSX,stock,development,
2022-10-05,VND,15.8,16.45,15.8,16.4,16.45,14.35,5325000,HSX,stock,development,
2022-10-05,VPB,17.4,17.45,16.8,17.0,17.95,15.65,7506400,HSX,stock,development,
2022-10-06,FPT,78.9,78.9,76.5,76.5,83.8,73.0,646300,HSX,stock,development,
2022-10-06,HPG,19.3,19.3,18.0,18.0,20.5,17.9,17353300,HSX,stock,development,
2022-10-06,MBB,19.15,19.15,18.05,18.1,20.5,17.9,3555600,HSX,stock,development,
2022-10-06,MWG,62.2,62.3,58.0,58.0,66.5,57.9,1896500,HSX,stock,development,
2022-10-06,PNJ,102.0,104.0,102.0,102.8,109.5,95.3,203200,HSX,stock,development,
2022-10-06,SSI,18.65,18.65,17.4,17.4,19.95,17.35,6228900,HSX,stock,development,
2022-10-06,TCB,30.5,30.8,29.3,29.3,32.6,28.4,3071300,HSX,stock,development,
2022-10-06,VCB,72.0,72.0,69.9,70.1,76.5,66.5,383200,HSX,stock,development,
2022-10-06,VND,16.35,16.4,15.3,15.3,17.5,15.3,7332200,HSX,stock,development,
2022-10-06,VPB,17.1,17.1,15.85,16.5,18.15,15.85,6690900,HSX,stock,development,
2022-10-07,FPT,76.2,76.2,74.0,74.0,81.8,71.2,1101400,HSX,stock,development,
2022-10-07,HPG,17.65,17.8,17.05,17.6,19.25,16.75,16647800,HSX,stock,development,
2022-10-07,MBB,17.55,17.8,16.85,16.95,19.35,16.85,13378700,HSX,stock,development,
2022-10-07,MWG,56.5,57.9,54.0,54.0,62.0,54.0,2533800,HSX,stock,development,
2022-10-07,PNJ,101.0,105.0,98.0,103.0,109.9,95.7,276900,HSX,stock,development,
2022-10-07,SSI,17.05,17.1,16.2,16.8,18.6,16.2,11157700,HSX,stock,development,
2022-10-07,TCB,28.9,28.9,27.25,27.25,31.35,27.25,7214800,HSX,stock,development,
2022-10-07,VCB,69.6,69.6,65.3,66.7,75.0,65.2,1249800,HSX,stock,development,
2022-10-07,VND,14.6,15.1,14.25,14.25,16.35,14.25,12091400,HSX,stock,development,
2022-10-07,VPB,16.0,16.4,15.35,15.35,17.65,15.35,9722000,HSX,stock,development,
2022-10-10,FPT,73.5,75.5,72.1,74.0,79.1,68.9,900900,HSX,stock,development,
2022-10-10,HPG,17.3,18.6,17.2,18.35,18.8,16.4,11861200,HSX,stock,development,
2022-10-10,MBB,16.95,17.4,16.55,17.25,18.1,15.8,5915900,HSX,stock,development,
2022-10-10,MWG,53.1,57.3,53.0,57.1,57.7,50.3,1817700,HSX,stock,development,
2022-10-10,PNJ,97.2,105.9,97.2,105.0,110.2,95.8,158700,HSX,stock,development,
2022-10-10,SSI,16.75,17.7,16.55,17.4,17.95,15.65,8003000,HSX,stock,development,
2022-10-10,TCB,25.8,26.95,25.35,25.8,29.15,25.35,9295800,HSX,stock,development,
2022-10-10,VCB,66.5,67.7,64.1,65.1,71.3,62.1,727600,HSX,stock,development,
2022-10-10,VND,13.9,14.85,13.45,14.65,15.2,13.3,8992500,HSX,stock,development,
2022-10-10,VPB,14.8,15.9,14.3,15.35,16.4,14.3,7482300,HSX,stock,development,
2022-10-11,FPT,74.0,74.0,71.0,71.0,79.1,68.9,892600,HSX,stock,development,
2022-10-11,HPG,18.4,18.4,17.35,17.5,19.6,17.1,12517800,HSX,stock,development,
2022-10-11,MBB,17.3,17.3,16.05,16.05,18.45,16.05,8339000,HSX,stock,development,
2022-10-11,MWG,57.1,57.6,54.1,55.4,61.0,53.2,1412100,HSX,stock,development,
2022-10-11,PNJ,106.3,106.3,101.5,104.6,112.3,97.7,144400,HSX,stock,development,
2022-10-11,SSI,17.05,17.4,16.2,16.2,18.6,16.2,7722700,HSX,stock,development,
2022-10-11,TCB,25.8,25.8,24.0,24.0,27.6,24.0,9083500,HSX,stock,development,
2022-10-11,VCB,65.3,66.0,62.0,62.0,69.6,60.6,609600,HSX,stock,development,
2022-10-11,VND,14.5,14.6,13.65,13.65,15.65,13.65,5952300,HSX,stock,development,
2022-10-11,VPB,15.0,15.35,14.3,15.35,16.4,14.3,11160400,HSX,stock,development,
2022-10-12,FPT,71.0,73.3,71.0,72.4,75.9,66.1,782900,HSX,stock,development,
2022-10-12,HPG,17.8,18.7,17.5,18.7,18.7,16.3,12901200,HSX,stock,development,
2022-10-12,MBB,16.15,17.15,16.15,17.15,17.15,14.95,5519700,HSX,stock,development,
2022-10-12,MWG,55.5,58.8,55.5,57.5,59.2,51.6,1468500,HSX,stock,development,
2022-10-12,PNJ,102.8,105.9,102.8,105.0,111.9,97.3,178900,HSX,stock,development,
2022-10-12,SSI,16.4,17.3,16.25,17.25,17.3,15.1,7599700,HSX,stock,development,
2022-10-12,TCB,24.0,25.4,23.55,24.8,25.65,22.35,5004600,HSX,stock,development,
2022-10-12,VCB,63.0,65.3,62.2,64.0,66.3,57.7,893900,HSX,stock,development,
2022-10-12,VND,13.55,14.5,13.3,13.95,14.6,12.7,10162900,HSX,stock,development,
2022-10-12,VPB,15.3,16.2,15.0,16.0,16.4,14.3,4938200,HSX,stock,development,
2022-10-13,FPT,72.2,73.0,71.5,73.0,77.4,67.4,425600,HSX,stock,development,
2022-10-13,HPG,18.8,19.6,18.55,19.5,20.0,17.4,10110200,HSX,stock,development,
2022-10-13,MBB,17.15,17.55,17.0,17.4,18.35,15.95,3680800,HSX,stock,development,
2022-10-13,MWG,57.0,58.2,56.5,57.6,61.5,53.5,961900,HSX,stock,development,
2022-10-13,PNJ,105.5,105.5,103.8,104.5,112.3,97.7,102600,HSX,stock,development,
2022-10-13,SSI,17.25,17.7,17.0,17.5,18.45,16.05,4898800,HSX,stock,development,
2022-10-13,TCB,24.8,25.3,24.1,25.3,26.5,23.1,4197600,HSX,stock,development,
2022-10-13,VCB,64.1,66.5,62.7,66.5,68.4,59.6,793900,HSX,stock,development,
2022-10-13,VND,13.85,14.3,13.8,13.9,14.9,13.0,4450600,HSX,stock,development,
2022-10-13,VPB,16.1,16.2,15.4,16.0,17.1,14.9,5511200,HSX,stock,development,
2022-10-14,FPT,74.4,74.5,73.6,74.0,78.1,67.9,407400,HSX,stock,development,
2022-10-14,HPG,19.75,19.9,19.3,19.45,20.85,18.15,9370400,HSX,stock,development,
2022-10-14,MBB,17.9,18.3,17.6,17.8,18.6,16.2,5153700,HSX,stock,development,
2022-10-14,MWG,58.0,60.3,58.0,59.9,61.6,53.6,1445200,HSX,stock,development,
2022-10-14,PNJ,105.2,105.9,104.6,105.1,111.8,97.2,112500,HSX,stock,development,
2022-10-14,SSI,18.0,18.4,17.8,17.9,18.7,16.3,8701800,HSX,stock,development,
2022-10-14,TCB,26.5,26.5,25.5,25.7,27.05,23.55,2573200,HSX,stock,development,
2022-10-14,VCB,68.5,68.5,67.3,68.1,71.1,61.9,859200,HSX,stock,development,
2022-10-14,VND,14.4,14.85,14.2,14.5,14.85,12.95,9743400,HSX,stock,development,
2022-10-14,VPB,16.5,16.5,16.0,16.15,17.1,14.9,4402000,HSX,stock,development,
2022-10-17,FPT,73.5,73.9,72.6,73.8,79.1,68.9,371400,HSX,stock,development,
2022-10-17,HPG,19.25,19.35,18.9,19.25,20.8,18.1,6913600,HSX,stock,development,
2022-10-17,MBB,17.7,17.8,17.1,17.5,19.0,16.6,4593300,HSX,stock,development,
2022-10-17,MWG,59.6,59.6,57.8,58.9,64.0,55.8,1304800,HSX,stock,development,
2022-10-17,PNJ,105.0,105.2,103.5,105.0,112.4,97.8,57200,HSX,stock,development,
2022-10-17,SSI,17.6,18.0,17.25,18.0,19.15,16.65,6512500,HSX,stock,development,
2022-10-17,TCB,25.5,25.5,24.35,25.1,27.45,23.95,3955500,HSX,stock,development,
2022-10-17,VCB,67.3,68.0,65.5,66.3,72.8,63.4,724000,HSX,stock,development,
2022-10-17,VND,14.3,14.5,13.8,14.5,15.5,13.5,6474200,HSX,stock,development,
2022-10-17,VPB,15.8,16.15,15.3,15.95,17.25,15.05,3133600,HSX,stock,development,
2022-10-18,FPT,74.0,75.3,74.0,74.9,78.9,68.7,447000,HSX,stock,development,
2022-10-18,HPG,19.5,19.7,18.7,18.85,20.55,17.95,10072000,HSX,stock,development,
2022-10-18,MBB,17.95,18.2,17.45,17.55,18.7,16.3,3735100,HSX,stock,development,
2022-10-18,MWG,59.9,60.5,58.6,59.0,63.0,54.8,893200,HSX,stock,development,
2022-10-18,PNJ,107.8,107.8,105.6,106.0,112.3,97.7,148300,HSX,stock,development,
2022-10-18,SSI,18.4,18.5,17.7,17.8,19.25,16.75,7917900,HSX,stock,development,
2022-10-18,TCB,25.6,25.9,25.15,25.3,26.85,23.35,2363500,HSX,stock,development,
2022-10-18,VCB,68.0,68.0,67.3,67.7,70.9,61.7,519500,HSX,stock,development,
2022-10-18,VND,14.85,15.15,14.6,14.6,15.5,13.5,8274900,HSX,stock,development,
2022-10-18,VPB,16.2,16.35,15.95,15.95,17.05,14.85,3403100,HSX,stock,development,
2022-10-19,FPT,74.9,76.2,74.7,75.5,80.1,69.7,526200,HSX,stock,development,
2022-10-19,HPG,18.85,18.85,18.35,18.4,20.15,17.55,9346500,HSX,stock,development,
2022-10-19,MBB,17.7,17.8,17.25,17.5,18.75,16.35,2881900,HSX,stock,development,
2022-10-19,MWG,59.2,59.5,58.3,59.0,63.1,54.9,688800,HSX,stock,development,
2022-10-19,PNJ,106.8,107.5,106.0,107.5,113.4,98.6,124100,HSX,stock,development,
2022-10-19,SSI,17.9,18.0,17.5,17.65,19.0,16.6,5984500,HSX,stock,development,
2022-10-19,TCB,25.3,25.5,24.6,25.2,27.05,23.55,2100700,HSX,stock,development,
2022-10-19,VCB,67.9,68.0,67.3,67.9,72.4,63.0,385100,HSX,stock,development,
2022-10-19,VND,14.6,14.9,14.4,14.55,15.6,13.6,5210500,HSX,stock,development,
2022-10-19,VPB,16.1,16.1,15.7,15.95,17.05,14.85,4794400,HSX,stock,development,
2022-10-20,FPT,75.8,78.5,75.3,77.8,80.7,70.3,861500,HSX,stock,development,
2022-10-20,HPG,18.35,18.6,18.05,18.1,19.65,17.15,11629800,HSX,stock,development,
2022-10-20,MBB,17.45,17.5,17.15,17.15,18.7,16.3,3473700,HSX,stock,development,
2022-10-20,MWG,58.2,59.0,57.9,58.4,63.1,54.9,1061900,HSX,stock,development,
2022-10-20,PNJ,108.4,108.6,106.1,107.6,115.0,100.0,141800,HSX,stock,development,
2022-10-20,SSI,17.5,17.85,17.25,17.4,18.85,16.45,4993000,HSX,stock,development,
2022-10-20,TCB,25.1,25.1,24.55,24.6,26.95,23.45,2823300,HSX,stock,development,
2022-10-20,VCB,67.9,70.0,67.1,69.2,72.6,63.2,908500,HSX,stock,development,
2022-10-20,VND,14.5,14.6,14.05,14.15,15.55,13.55,5185900,HSX,stock,development,
2022-10-20,VPB,15.85,16.15,15.7,15.95,17.05,14.85,3709900,HSX,stock,development,
2022-10-21,FPT,77.7,77.7,73.9,73.9,83.2,72.4,839100,HSX,stock,development,
2022-10-21,HPG,18.3,18.3,16.9,16.9,19.35,16.85,16809000,HSX,stock,development,
2022-10-21,MBB,17.25,17.25,16.1,16.1,18.35,15.95,5418900,HSX,stock,development,
2022-10-21,MWG,58.3,58.3,54.4,54.4,62.4,54.4,1770900,HSX,stock,development,
2022-10-21,PNJ,108.4,108.4,102.0,104.7,115.1,100.1,253200,HSX,stock,development,
2022-10-21,SSI,17.4,17.45,16.2,16.2,18.6,16.2,9362700,HSX,stock,development,
2022-10-21,TCB,24.85,24.85,22.9,22.9,26.3,22.9,4785100,HSX,stock,development,
2022-10-21,VCB,69.2,70.7,68.0,68.0,74.0,64.4,758300,HSX,stock,development,
2022-10-21,VND,14.05,14.2,13.2,13.2,15.1,13.2,8786200,HSX,stock,development,
2022-10-21,VPB,16.0,16.0,15.1,15.55,17.05,14.85,6834800,HSX,stock,development,
2022-10-24,FPT,73.9,74.5,71.0,71.1,79.0,68.8,678800,HSX,stock,development,
2022-10-24,HPG,17.0,17.05,16.2,16.4,18.05,15.75,12898300,HSX,stock,development,
2022-10-24,MBB,16.3,16.45,15.45,15.6,17.2,15.0,7104300,HSX,stock,development,
2022-10-24,MWG,54.5,55.0,50.6,50.6,58.2,50.6,1823900,HSX,stock,development,
2022-10-24,PNJ,100.1,105.0,100.1,101.5,112.0,97.4,246300,HSX,stock,development,
2022-10-24,SSI,16.3,16.4,15.1,15.1,17.3,15.1,11179500,HSX,stock,development,
2022-10-24,TCB,23.05,23.35,21.3,21.3,24.5,21.3,4886600,HSX,stock,development,
2022-10-24,VCB,69.5,69.5,65.8,68.0,72.7,63.3,434000,HSX,stock,development,
2022-10-24,VND,12.85,13.0,12.3,12.3,14.1,12.3,5736100,HSX,stock,development,
2022-10-24,VPB,15.6,15.65,14.8,15.4,16.6,14.5,5890300,HSX,stock,development,
2022-10-25,FPT,71.4,74.5,71.1,73.2,76.0,66.2,718400,HSX,stock,development,
2022-10-25,HPG,16.4,17.5,16.05,17.1,17.5,15.3,13239200,HSX,stock,development,
2022-10-25,MBB,15.75,16.65,15.5,16.4,16.65,14.55,6561300,HSX,stock,development,
2022-10-25,MWG,50.7,54.0,49.0,52.0,54.1,47.1,2212100,HSX,stock,development,
2022-10-25,PNJ,105.0,105.0,99.0,101.6,108.6,94.4,265000,HSX,stock,development,
2022-10-25,SSI,15.1,16.05,14.3,15.05,16.15,14.05,10408100,HSX,stock,development,
2022-10-25,TCB,21.3,22.45,20.0,21.3,22.75,19.85,4813200,HSX,stock,development,
2022-10-25,VCB,66.0,70.6,66.0,69.9,72.7,63.3,790500,HSX,stock,development,
2022-10-25,VND,11.45,12.7,11.45,11.45,13.15,11.45,21495200,HSX,stock,development,
2022-10-25,VPB,15.25,16.05,14.9,15.45,16.45,14.35,9302300,HSX,stock,development,
2022-10-26,FPT,74.5,74.5,72.7,73.8,78.3,68.1,315300,HSX,stock,development,
2022-10-26,HPG,17.0,17.4,16.85,16.9,18.25,15.95,4904400,HSX,stock,development,
2022-10-26,MBB,16.4,16.8,16.25,16.4,17.5,15.3,3188200,HSX,stock,development,
2022-10-26,MWG,52.1,52.5,50.6,51.9,55.6,48.4,893300,HSX,stock,development,
2022-10-26,PNJ,102.1,104.0,101.5,103.4,108.7,94.5,116300,HSX,stock,development,
2022-10-26,SSI,15.3,15.6,14.7,14.85,16.1,14.0,4426500,HSX,stock,development,
2022-10-26,TCB,21.7,21.8,21.05,21.4,22.75,19.85,1513600,HSX,stock,development,
2022-10-26,VCB,70.6,70.6,68.5,70.0,74.7,65.1,284500,HSX,stock,development,
2022-10-26,VND,11.6,12.0,10.65,10.65,12.25,10.65,11993800,HSX,stock,development,
2022-10-26,VPB,15.5,15.75,15.2,15.55,16.5,14.4,4384300,HSX,stock,development,
2022-10-27,FPT,74.1,76.2,73.7,75.8,78.9,68.7,437100,HSX,stock,development,
2022-10-27,HPG,16.95,17.6,16.9,17.4,18.05,15.75,9985900,HSX,stock,development,
2022-10-27,MBB,16.5,17.5,16.5,17.5,17.5,15.3,5890600,HSX,stock,development,
2022-10-27,MWG,51.3,53.9,51.3,53.3,55.5,48.3,1452900,HSX,stock,development,
2022-10-27,PNJ,104.7,104.7,102.3,103.6,110.6,96.2,90300,HSX,stock,development,
2022-10-27,SSI,15.1,15.85,15.0,15.85,15.85,13.85,8562900,HSX,stock,development,
2022-10-27,TCB,21.5,22.85,21.5,22.85,22.85,19.95,2339700,HSX,stock,development,
2022-10-27,VCB,70.5,72.9,69.3,71.7,74.9,65.1,745600,HSX,stock,development,
2022-10-27,VND,10.5,11.35,10.5,11.35,11.35,9.91,13037800,HSX,stock,development,
2022-10-27,VPB,15.5,16.55,15.05,16.55,16.6,14.5,10527400,HSX,stock,development,
2022-10-28,FPT,76.3,76.3,74.7,75.0,81.1,70.5,409400,HSX,stock,development,
2022-10-28,HPG,17.4,17.65,16.8,16.8,18.6,16.2,13203700,HSX,stock,development,
2022-10-28,MBB,17.8,18.15,17.4,17.65,18.7,16.3,6291400,HSX,stock,development,
2022-10-28,MWG,53.5,54.4,52.8,53.2,57.0,49.6,1011100,HSX,stock,development,
2022-10-28,PNJ,103.6,104.0,102.5,103.7,109.9,95.7,63500,HSX,stock,development,
2022-10-28,SSI,16.2,16.4,15.85,15.9,16.95,14.75,7844700,HSX,stock,development,
2022-10-28,TCB,23.6,24.4,23.5,24.4,24.4,21.3,4944500,HSX,stock,development,
2022-10-28,VCB,72.5,74.5,71.6,71.6,76.7,66.7,799200,HSX,stock,development,
2022-10-28,VND,11.7,12.1,11.55,11.7,12.1,10.6,10202900,HSX,stock,development,
2022-10-28,VPB,16.6,16.9,16.35,16.35,17.7,15.4,4100000,HSX,stock,development,
2022-10-31,FPT,75.0,76.0,73.7,75.6,80.2,69.8,581900,HSX,stock,development,
2022-10-31,HPG,15.65,16.0,15.65,15.65,17.95,15.65,25892700,HSX,stock,development,
2022-10-31,MBB,17.7,17.9,17.0,17.7,18.85,16.45,5265600,HSX,stock,development,
2022-10-31,MWG,52.4,52.9,49.5,51.6,56.9,49.5,1898600,HSX,stock,development,
2022-10-31,PNJ,104.6,104.6,100.5,103.3,110.9,96.5,193700,HSX,stock,development,
2022-10-31,SSI,15.9,16.4,15.2,16.3,17.0,14.8,9805300,HSX,stock,development,
2022-10-31,TCB,24.6,24.8,23.5,24.6,26.1,22.7,3577900,HSX,stock,development,
2022-10-31,VCB,73.5,73.5,72.5,73.5,76.6,66.6,379400,HSX,stock,development,
2022-10-31,VND,11.9,11.9,10.9,11.5,12.5,10.9,11789300,HSX,stock,development,
2022-10-31,VPB,16.5,16.6,15.65,16.35,17.45,15.25,4945000,HSX,stock,development,
2022-11-01,FPT,76.3,76.8,75.0,75.5,80.8,70.4,239700,HSX,stock,development,
2022-11-01,HPG,15.75,16.0,14.8,15.0,16.7,14.6,30284300,HSX,stock,development,
2022-11-01,MBB,18.0,18.4,17.85,18.0,18.9,16.5,7970700,HSX,stock,development,
2022-11-01,MWG,52.0,52.5,50.1,50.1,55.2,48.0,988100,HSX,stock,development,
2022-11-01,PNJ,103.0,103.3,101.6,101.6,110.5,96.1,74500,HSX,stock,development,
2022-11-01,SSI,16.6,17.05,16.3,16.95,17.4,15.2,9114300,HSX,stock,development,
2022-11-01,TCB,25.0,26.0,25.0,25.65,26.3,22.9,3851600,HSX,stock,development,
2022-11-01,VCB,74.0,75.0,73.3,75.0,78.6,68.4,539700,HSX,stock,development,
2022-11-01,VND,11.7,11.85,11.25,11.8,12.3,10.7,8660700,HSX,stock,development,
2022-11-01,VPB,16.5,17.45,16.5,17.2,17.45,15.25,9781200,HSX,stock,development,
2022-11-02,FPT,75.2,76.0,74.0,74.0,80.7,70.3,557300,HSX,stock,development,
2022-11-02,HPG,15.0,15.7,15.0,15.35,16.05,13.95,16121000,HSX,stock,development,
2022-11-02,MBB,18.0,18.2,17.8,17.9,19.25,16.75,5218100,HSX,stock,development,
2022-11-02,MWG,50.0,50.3,46.8,48.0,53.6,46.6,2262500,HSX,stock,development,
2022-11-02,PNJ,102.6,103.0,101.1,101.1,108.7,94.5,169000,HSX,stock,development,
2022-11-02,SSI,16.95,17.05,16.5,16.5,18.1,15.8,7318400,HSX,stock,development,
2022-11-02,TCB,25.7,25.8,25.05,25.2,27.4,23.9,2718100,HSX,stock,development,
2022-11-02,VCB,74.0,74.5,72.0,73.6,80.2,69.8,776400,HSX,stock,development,
2022-11-02,VND,11.8,12.35,11.55,12.1,12.6,11.0,8837400,HSX,stock,development,
2022-11-02,VPB,17.2,17.8,16.9,17.5,18.4,16.0,9384900,HSX,stock,development,
2022-11-03,FPT,74.5,75.7,73.7,74.1,79.1,68.9,312600,HSX,stock,development,
2022-11-03,HPG,15.25,15.45,15.1,15.2,16.4,14.3,8378700,HSX,stock,development,
2022-11-03,MBB,17.65,18.0,17.6,17.65,19.15,16.65,4051500,HSX,stock,development,
2022-11-03,MWG,49.0,50.3,48.1,49.5,51.3,44.65,1233600,HSX,stock,development,
2022-11-03,PNJ,98.2,104.0,98.2,102.0,108.1,94.1,143300,HSX,stock,development,
2022-11-03,SSI,16.2,16.8,16.15,16.5,17.65,15.35,5104500,HSX,stock,development,
2022-11-03,TCB,24.65,25.85,24.65,25.85,26.95,23.45,3500800,HSX,stock,development,
2022-11-03,VCB,72.0,73.4,72.0,73.0,78.7,68.5,483400,HSX,stock,development,
2022-11-03,VND,11.7,12.1,11.65,11.95,12.9,11.3,6790600,HSX,stock,development,
2022-11-03,VPB,17.15,17.65,17.15,17.5,18.7,16.3,6518700,HSX,stock,development,
2022-11-04,FPT,74.0,74.0,71.5,72.9,79.2,69.0,1111900,HSX,stock,development,
2022-11-04,HPG,15.0,15.15,14.5,14.65,16.25,14.15,19033700,HSX,stock,development,
2022-11-04,MBB,17.35,17.9,16.5,17.9,18.85,16.45,12326600,HSX,stock,development,
2022-11-04,MWG,47.55,48.0,46.05,46.05,52.9,46.05,2695800,HSX,stock,development,
2022-11-04,PNJ,102.9,102.9,94.9,94.9,109.1,94.9,625000,HSX,stock,development,
2022-11-04,SSI,16.25,16.3,15.35,15.35,17.65,15.35,10917400,HSX,stock,development,
2022-11-04,TCB,25.0,25.5,24.05,25.5,27.65,24.05,6965600,HSX,stock,development,
2022-11-04,VCB,71.5,72.5,68.9,71.8,78.1,67.9,724700,HSX,stock,development,
2022-11-04,VND,11.75,11.8,11.15,11.2,12.75,11.15,10789800,HSX,stock,development,
2022-11-04,VPB,17.15,17.4,16.55,16.95,18.7,16.3,20527600,HSX,stock,development,
2022-11-07,FPT,72.6,74.0,72.6,72.6,78.0,67.8,1150000,HSX,stock,development,
2022-11-07,HPG,14.55,14.8,13.7,13.7,15.65,13.65,16612800,HSX,stock,development,
2022-11-07,MBB,17.6,17.75,16.95,16.95,19.15,16.65,5952900,HSX,stock,development,
2022-11-07,MWG,46.0,46.55,42.85,42.85,49.25,42.85,2893000,HSX,stock,development,
2022-11-07,PNJ,95.1,98.0,95.0,95.5,101.5,88.3,133600,HSX,stock,development,
2022-11-07,SSI,15.25,15.5,14.3,14.3,16.4,14.3,10698300,HSX,stock,development,
2022-11-07,TCB,25.45,25.8,23.75,23.75,27.25,23.75,3996800,HSX,stock,development,
2022-11-07,VCB,71.8,73.0,71.1,71.8,76.8,66.8,667800,HSX,stock,development,
2022-11-07,VND,11.2,11.3,10.45,10.45,11.95,10.45,10475500,HSX,stock,development,
2022-11-07,VPB,17.1,17.35,16.85,17.1,18.1,15.8,12984400,HSX,stock,development,
2022-11-08,FPT,71.5,73.9,71.4,73.3,77.6,67.6,566100,HSX,stock,development,
2022-11-08,HPG,13.1,13.7,13.0,13.15,14.65,12.75,20646000,HSX,stock,development,
2022-11-08,MBB,16.75,17.45,16.6,17.2,18.1,15.8,4614900,HSX,stock,development,
2022-11-08,MWG,42.85,45.6,41.3,44.6,45.8,39.9,2114900,HSX,stock,development,
2022-11-08,PNJ,95.8,97.8,94.9,96.9,102.1,88.9,116700,HSX,stock,development,
2022-11-08,SSI,13.8,15.15,13.8,15.0,15.3,13.3,7692300,HSX,stock,development,
2022-11-08,TCB,23.75,24.9,23.0,24.15,25.4,22.1,2738200,HSX,stock,development,
2022-11-08,VCB,72.0,75.0,71.6,72.6,76.8,66.8,835400,HSX,stock,development,
2022-11-08,VND,9.79,10.65,9.79,10.65,11.15,9.72,7927600,HSX,stock,development,
2022-11-08,VPB,16.8,17.25,16.65,17.2,18.25,15.95,13262300,HSX,stock,development,
2022-11-09,FPT,73.3,74.3,73.3,74.0,78.4,68.2,402300,HSX,stock,development,
2022-11-09,HPG,13.2,13.6,12.95,13.0,14.05,12.25,12644500,HSX,stock,development,
2022-11-09,MBB,17.3,17.55,16.9,16.95,18.4,16.0,3983100,HSX,stock,development,
2022-11-09,MWG,45.0,46.45,44.55,45.5,47.7,41.5,1147300,HSX,stock,development,
2022-11-09,PNJ,96.8,97.6,95.1,97.3,103.6,90.2,74700,HSX,stock,development,
2022-11-09,SSI,15.15,15.6,14.9,14.9,16.05,13.95,4028100,HSX,stock,development,
2022-11-09,TCB,24.5,25.1,24.2,24.35,25.8,22.5,1858800,HSX,stock,development,
2022-11-09,VCB,73.5,74.2,72.6,74.0,77.6,67.6,781600,HSX,stock,development,
2022-11-09,VND,10.75,11.0,10.4,10.45,11.35,9.91,3812900,HSX,stock,development,
2022-11-09,VPB,17.35,17.65,17.05,17.5,18.4,16.0,8677300,HSX,stock,development,
2022-11-10,FPT,73.5,73.7,69.1,73.0,79.1,68.9,718900,HSX,stock,development,
2022-11-10,HPG,12.7,12.8,12.1,12.1,13.9,12.1,28755000,HSX,stock,development,
2022-11-10,MBB,16.85,16.9,15.8,15.8,18.1,15.8,7290500,HSX,stock,development,
2022-11-10,MWG,44.95,44.95,42.35,42.35,48.65,42.35,1751500,HSX,stock,development,
2022-11-10,PNJ,96.9,98.0,93.0,97.0,104.1,90.5,225000,HSX,stock,development,
2022-11-10,SSI,14.7,14.8,13.9,13.9,15.9,13.9,6047900,HSX,stock,development,
2022-11-10,TCB,24.0,24.1,22.65,22.75,26.05,22.65,3678500,HSX,stock,development,
2022-11-10,VCB,73.9,73.9,71.6,72.8,79.1,68.9,480600,HSX,stock,development,
2022-11-10,VND,10.15,10.3,9.72,9.72,11.15,9.72,6637200,HSX,stock,development,
2022-11-10,VPB,17.4,17.4,16.3,16.3,18.7,16.3,10819600,HSX,stock,development,
2022-11-11,FPT,73.1,73.6,72.0,72.8,78.1,67.9,514800,HSX,stock,development,
2022-11-11,HPG,12.3,12.65,12.0,12.3,12.9,11.3,28103800,HSX,stock,development,
2022-11-11,MBB,16.25,16.7,15.95,16.0,16.9,14.7,5244200,HSX,stock,development,
2022-11-11,MWG,43.4,44.4,43.0,43.0,45.3,39.4,1821200,HSX,stock,development,
2022-11-11,PNJ,97.8,97.8,96.3,97.2,103.7,90.3,108300,HSX,stock,development,
2022-11-11,SSI,14.3,14.6,13.8,14.1,14.85,12.95,9335300,HSX,stock,development,
2022-11-11,TCB,23.5,23.95,22.8,22.8,24.3,21.2,2777600,HSX,stock,development,
2022-11-11,VCB,73.0,75.5,73.0,75.5,77.8,67.8,689900,HSX,stock,development,
2022-11-11,VND,10.0,10.2,9.67,9.8,10.4,9.04,10680100,HSX,stock,development,
2022-11-11,VPB,16.65,17.0,16.25,16.3,17.4,15.2,9418600,HSX,stock,development,
2022-11-14,FPT,72.0,72.4,70.0,70.8,77.8,67.8,851800,HSX,stock,development,
2022-11-14,HPG,12.15,12.45,11.85,12.2,13.15,11.45,29168600,HSX,stock,development,
2022-11-14,MBB,15.95,15.95,15.1,15.2,17.1,14.9,5620600,HSX,stock,development,
2022-11-14,MWG,42.0,42.75,40.4,40.65,46.0,40.0,1803200,HSX,stock,development,
2022-11-14,PNJ,95.5,100.0,95.1,96.6,104.0,90.4,96700,HSX,stock,development,
2022-11-14,SSI,13.8,14.5,13.2,14.25,15.05,13.15,9354400,HSX,stock,development,
2022-11-14,TCB,22.2,22.4,21.3,22.2,24.35,21.25,3070400,HSX,stock,development,
2022-11-14,VCB,75.5,76.5,74.1,75.1,80.7,70.3,755200,HSX,stock,development,
2022-11-14,VND,9.12,10.35,9.12,10.35,10.45,9.12,13092500,HSX,stock,development,
2022-11-14,VPB,16.0,16.15,15.2,15.7,17.4,15.2,7354700,HSX,stock,development,
2022-11-15,FPT,70.0,70.0,65.9,65.9,75.7,65.9,1347800,HSX,stock,development,
2022-11-15,HPG,12.0,12.55,12.0,12.5,13.05,11.35,18423700,HSX,stock,development,
2022-11-15,MBB,15.0,15.2,14.15,14.15,16.25,14.15,8543400,HSX,stock,development,
2022-11-15,MWG,38.2,39.5,37.85,37.85,43.45,37.85,1789900,HSX,stock,development,
2022-11-15,PNJ,95.9,99.0,90.1,94.1,103.3,89.9,266700,HSX,stock,development,
2022-11-15,SSI,14.0,14.25,13.3,13.9,15.2,13.3,10222000,HSX,stock,development,
2022-11-15,TCB,22.05,22.05,20.65,20.7,23.75,20.65,5601300,HSX,stock,development,
2022-11-15,VCB,74.4,76.4,72.1,75.0,80.3,69.9,823500,HSX,stock,development,
2022-11-15,VND,10.05,10.4,9.63,9.9,11.05,9.63,10562400,HSX,stock,development,
2022-11-15,VPB,15.15,15.7,14.65,14.65,16.75,14.65,7506600,HSX,stock,development,
2022-11-16,FPT,61.3,70.0,61.3,69.3,70.5,61.3,1601100,HSX,stock,development,
2022-11-16,HPG,12.3,13.35,11.8,13.35,13.35,11.65,14694700,HSX,stock,development,
2022-11-16,MBB,13.45,15.1,13.2,15.1,15.1,13.2,10523800,HSX,stock,development,
2022-11-16,MWG,35.25,40.45,35.25,40.45,40.45,35.25,4416700,HSX,stock,development,
2022-11-16,PNJ,90.1,97.0,90.0,97.0,100.6,87.6,265900,HSX,stock,development,
2022-11-16,SSI,13.1,14.85,13.05,14.85,14.85,12.95,10960700,HSX,stock,development,
2022-11-16,TCB,19.3,22.1,19.3,22.1,22.1,19.3,9550800,HSX,stock,development,
2022-11-16,VCB,70.3,78.0,70.3,75.1,80.2,69.8,1256800,HSX,stock,development,
2022-11-16,VND,9.32,10.55,9.23,10.55,10.55,9.21,8626900,HSX,stock,development,
2022-11-16,VPB,13.65,15.65,13.65,15.5,15.65,13.65,12995200,HSX,stock,development,
2022-11-17,FPT,69.3,72.0,64.5,71.0,74.1,64.5,779500,HSX,stock,development,
2022-11-17,HPG,13.9,14.25,13.8,14.25,14.25,12.45,10468400,HSX,stock,development,
2022-11-17,MBB,15.35,15.9,15.1,15.7,16.15,14.05,6459200,HSX,stock,development,
2022-11-17,MWG,41.75,42.9,40.8,41.8,43.25,37.65,1497200,HSX,stock,development,
2022-11-17,PNJ,97.0,100.0,96.9,100.0,103.7,90.3,158600,HSX,stock,development,
2022-11-17,SSI,15.15,15.85,15.1,15.8,15.85,13.85,9404300,HSX,stock,development,
2022-11-17,TCB,22.7,23.05,22.2,22.95,23.6,20.6,2935200,HSX,stock,development,
2022-11-17,VCB,76.1,76.6,75.5,76.5,80.3,69.9,878900,HSX,stock,development,
2022-11-17,VND,10.8,11.25,10.7,11.1,11.25,9.82,7259800,HSX,stock,development,
2022-11-17,VPB,15.75,15.85,15.35,15.5,16.55,14.45,6276300,HSX,stock,development,
2022-11-18,FPT,70.1,72.0,69.2,71.5,75.9,66.1,671100,HSX,stock,development,
2022-11-18,HPG,14.6,15.2,14.25,15.1,15.2,13.3,35464100,HSX,stock,development,
2022-11-18,MBB,15.5,16.2,15.0,15.7,16.75,14.65,5851000,HSX,stock,development,
2022-11-18,MWG,41.0,42.25,39.9,42.15,44.7,38.9,2450100,HSX,stock,development,
2022-11-18,PNJ,100.0,101.9,98.0,100.1,107.0,93.0,137200,HSX,stock,development,
2022-11-18,SSI,15.75,16.6,15.35,16.25,16.9,14.7,14180000,HSX,stock,development,
2022-11-18,TCB,22.85,23.35,21.8,22.7,24.55,21.35,3028500,HSX,stock,development,
2022-11-18,VCB,75.9,76.9,73.6,76.5,81.8,71.2,841600,HSX,stock,development,
2022-11-18,VND,11.0,11.5,10.35,11.1,11.85,10.35,12082500,HSX,stock,development,
2022-11-18,VPB,15.0,15.75,14.7,15.5,16.55,14.45,7947700,HSX,stock,development,
2022-11-21,FPT,69.5,71.8,69.5,70.1,76.5,66.5,469400,HSX,stock,development,
2022-11-21,HPG,15.2,15.25,14.75,14.95,16.15,14.05,13940100,HSX,stock,development,
2022-11-21,MBB,15.9,16.1,15.6,15.7,16.75,14.65,4925500,HSX,stock,development,
2022-11-21,MWG,41.95,41.95,40.65,40.65,45.1,39.2,899000,HSX,stock,development,
2022-11-21,PNJ,100.1,103.0,100.1,102.1,107.1,93.1,81000,HSX,stock,development,
2022-11-21,SSI,16.45,16.5,15.95,16.1,17.35,15.15,5042000,HSX,stock,development,
2022-11-21,TCB,22.65,23.1,22.25,22.25,24.25,21.15,2306400,HSX,stock,development,
2022-11-21,VCB,76.5,76.5,75.0,75.0,81.8,71.2,622400,HSX,stock,development,
2022-11-21,VND,11.1,11.5,10.95,11.3,11.85,10.35,7012600,HSX,stock,development,
2022-11-21,VPB,15.7,15.7,15.1,15.5,16.55,14.45,5622600,HSX,stock,development,
2022-11-22,FPT,70.0,72.0,69.1,70.5,75.0,65.2,654400,HSX,stock,development,
2022-11-22,HPG,14.65,15.45,14.45,14.8,15.95,13.95,17338700,HSX,stock,development,
2022-11-22,MBB,15.7,16.45,15.6,15.8,16.75,14.65,6439600,HSX,stock,development,
2022-11-22,MWG,40.2,41.6,39.85,40.2,43.45,37.85,1829500,HSX,stock,development,
2022-11-22,PNJ,103.8,105.7,102.2,103.0,109.2,95.0,137400,HSX,stock,development,
2022-11-22,SSI,15.9,17.0,15.9,16.35,17.2,15.0,12272600,HSX,stock,development,
2022-11-22,TCB,22.05,23.05,21.85,21.85,23.8,20.7,4159100,HSX,stock,development,
2022-11-22,VCB,74.5,76.0,72.5,73.5,80.2,69.8,1104400,HSX,stock,development,
2022-11-22,VND,11.05,12.0,10.95,11.3,12.05,10.55,14006700,HSX,stock,development,
2022-11-22,VPB,15.25,16.45,15.1,15.5,16.55,14.45,7852700,HSX,stock,development,
2022-11-23,FPT,70.0,71.0,69.7,70.5,75.4,65.6,274200,HSX,stock,development,
2022-11-23,HPG,14.7,14.85,13.8,13.8,15.8,13.8,13342700,HSX,stock,development,
2022-11-23,MBB,15.8,16.1,15.7,15.7,16.9,14.7,3954700,HSX,stock,development,
2022-11-23,MWG,40.3,40.9,40.1,40.5,43.0,37.4,953900,HSX,stock,development,
2022-11-23,PNJ,102.0,105.7,102.0,105.7,110.2,95.8,122200,HSX,stock,development,
2022-11-23,SSI,16.2,16.45,15.8,15.8,17.45,15.25,5617700,HSX,stock,development,
2022-11-23,TCB,22.0,22.4,21.7,22.0,23.35,20.35,1982700,HSX,stock,development,
2022-11-23,VCB,73.0,73.5,72.4,73.5,78.6,68.4,496900,HSX,stock,development,
2022-11-23,VND,11.2,11.45,10.6,10.6,12.05,10.55,6361000,HSX,stock,development,
2022-11-23,VPB,15.25,15.6,15.05,15.05,16.55,14.45,3742100,HSX,stock,development,
2022-11-24,FPT,69.8,71.0,69.4,70.5,75.4,65.6,395800,HSX,stock,development,
2022-11-24,HPG,13.7,14.4,13.6,14.35,14.75,12.85,13155400,HSX,stock,development,
2022-11-24,MBB,15.65,15.85,15.4,15.7,16.75,14.65,3272100,HSX,stock,development,
2022-11-24,MWG,39.2,39.2,37.7,37.7,43.3,37.7,3289100,HSX,stock,development,
2022-11-24,PNJ,106.0,106.5,103.3,106.0,113.0,98.4,81200,HSX,stock,development,
2022-11-24,SSI,15.45,16.0,15.25,16.0,16.9,14.7,7655100,HSX,stock,development,
2022-11-24,TCB,22.0,22.2,21.5,22.15,23.5,20.5,1718700,HSX,stock,development,
2022-11-24,VCB,73.5,74.0,72.5,73.0,78.6,68.4,654400,HSX,stock,development,
2022-11-24,VND,10.4,10.8,10.1,10.55,11.3,9.86,6385000,HSX,stock,development,
2022-11-24,VPB,14.85,15.25,14.55,15.1,16.1,14.0,5141500,HSX,stock,development,
2022-11-25,FPT,70.6,72.0,70.5,72.0,75.4,65.6,591500,HSX,stock,development,
2022-11-25,HPG,14.6,15.3,14.35,15.3,15.35,13.35,10799300,HSX,stock,development,
2022-11-25,MBB,15.8,16.2,15.75,16.2,16.75,14.65,4482300,HSX,stock,development,
2022-11-25,MWG,37.55,38.3,36.5,37.8,40.3,35.1,1487200,HSX,stock,development,
2022-11-25,PNJ,106.5,109.2,105.8,106.2,113.4,98.6,108600,HSX,stock,development,
2022-11-25,SSI,16.4,17.1,16.15,17.1,17.1,14.9,10575900,HSX,stock,development,
2022-11-25,TCB,22.35,23.0,22.2,23.0,23.7,20.6,2806500,HSX,stock,development,
2022-11-25,VCB,73.1,73.6,72.8,73.1,78.1,67.9,854900,HSX,stock,development,
2022-11-25,VND,10.85,11.25,10.7,11.25,11.25,9.82,9417200,HSX,stock,development,
2022-11-25,VPB,15.3,15.5,15.15,15.5,16.15,14.05,5163500,HSX,stock,development,
2022-11-28,FPT,72.4,74.5,72.3,74.3,77.0,67.0,497800,HSX,stock,development,
2022-11-28,HPG,15.6,16.35,15.6,16.35,16.35,14.25,19745400,HSX,stock,development,
2022-11-28,MBB,16.45,17.2,16.4,17.2,17.3,15.1,6288800,HSX,stock,development,
2022-11-28,MWG,38.3,40.4,38.3,40.15,40.4,35.2,2105200,HSX,stock,development,
2022-11-28,PNJ,106.5,110.0,106.5,109.0,113.6,98.8,106400,HSX,stock,development,
2022-11-28,SSI,17.5,18.25,17.5,18.25,18.25,15.95,11627700,HSX,stock,development,
2022-11-28,TCB,23.3,24.6,23.25,24.6,24.6,21.4,4152000,HSX,stock,development,
2022-11-28,VCB,74.5,77.0,73.8,76.7,78.2,68.0,595500,HSX,stock,development,
2022-11-28,VND,11.7,12.0,11.6,12.0,12.0,10.5,12352400,HSX,stock,development,
2022-11-28,VPB,15.6,16.2,15.6,16.1,16.55,14.45,8404600,HSX,stock,development,
2022-11-29,FPT,74.9,74.9,73.0,74.3,79.5,69.1,630700,HSX,stock,development,
2022-11-29,HPG,16.6,17.45,16.35,17.4,17.45,15.25,22876500,HSX,stock,development,
2022-11-29,MBB,17.2,17.45,16.8,17.2,18.4,16.0,6970600,HSX,stock,development,
2022-11-29,MWG,40.5,42.8,40.5,42.8,42.95,37.35,2859300,HSX,stock,development,
2022-11-29,PNJ,109.0,113.0,108.6,112.8,116.6,101.4,164800,HSX,stock,development,
2022-11-29,SSI,18.5,19.15,18.0,18.95,19.5,17.0,14124000,HSX,stock,development,
2022-11-29,TCB,24.95,25.6,24.35,25.2,26.3,22.9,4043100,HSX,stock,development,
2022-11-29,VCB,76.0,79.8,76.0,79.8,82.0,71.4,966900,HSX,stock,development,
2022-11-29,VND,12.4,12.8,12.05,12.8,12.8,11.2,17700100,HSX,stock,development,
2022-11-29,VPB,16.2,16.35,15.55,16.15,17.2,15.0,7810100,HSX,stock,development,
2022-11-30,FPT,74.5,74.9,73.5,74.6,79.5,69.1,510300,HSX,stock,development,
2022-11-30,HPG,17.55,18.4,17.2,18.4,18.6,16.2,24395300,HSX,stock,development,
2022-11-30,MBB,17.3,17.55,16.95,17.4,18.4,16.0,5584900,HSX,stock,development,
2022-11-30,MWG,43.6,45.0,43.0,44.1,45.75,39.85,1912700,HSX,stock,development,
2022-11-30,PNJ,112.8,113.9,111.2,113.5,120.6,105.0,98800,HSX,stock,development,
2022-11-30,SSI,18.7,19.4,18.45,19.25,20.25,17.65,13226600,HSX,stock,development,
2022-11-30,TCB,25.2,25.9,24.95,25.9,26.95,23.45,4945600,HSX,stock,development,
2022-11-30,VCB,80.3,81.0,77.0,81.0,85.3,74.3,879400,HSX,stock,development,
2022-11-30,VND,13.0,13.6,12.55,13.6,13.65,11.95,16376400,HSX,stock,development,
2022-11-30,VPB,16.25,17.0,15.9,16.8,17.25,15.05,9024200,HSX,stock,development,
2022-12-01,FPT,75.1,75.8,74.1,74.7,79.8,69.4,776000,HSX,stock,development,
2022-12-01,HPG,18.75,19.65,18.0,18.2,19.65,17.15,25425600,HSX,stock,development,
2022-12-01,MBB,17.7,18.4,17.45,17.8,18.6,16.2,11255700,HSX,stock,development,
2022-12-01,MWG,45.0,45.6,42.75,44.05,47.15,41.05,2613600,HSX,stock,development,
2022-12-01,PNJ,111.5,114.3,110.1,112.0,121.4,105.6,134000,HSX,stock,development,
2022-12-01,SSI,19.5,19.65,18.2,18.2,20.55,17.95,16957700,HSX,stock,development,
2022-12-01,TCB,26.25,27.7,26.25,27.4,27.7,24.1,7066900,HSX,stock,development,
2022-12-01,VCB,80.9,81.4,79.2,80.0,86.6,75.4,713900,HSX,stock,development,
2022-12-01,VND,14.05,14.2,12.9,13.0,14.55,12.65,18648900,HSX,stock,development,
2022-12-01,VPB,17.05,17.4,16.6,16.8,17.95,15.65,12227500,HSX,stock,development,
2022-12-02,FPT,74.7,77.7,74.0,77.4,79.9,69.5,2221200,HSX,stock,development,
2022-12-02,HPG,18.0,19.45,17.8,19.45,19.45,16.95,18274500,HSX,stock,development,
2022-12-02,MBB,17.8,18.8,17.55,18.8,19.0,16.6,8203700,HSX,stock,development,
2022-12-02,MWG,43.4,47.0,43.4,47.0,47.1,41.0,3886700,HSX,stock,development,
2022-12-02,PNJ,112.5,115.5,110.6,115.0,119.8,104.2,222000,HSX,stock,development,
2022-12-02,SSI,18.1,19.45,18.1,19.45,19.45,16.95,12850700,HSX,stock,development,
2022-12-02,TCB,27.0,29.0,26.85,28.8,29.3,25.5,4622200,HSX,stock,development,
2022-12-02,VCB,79.9,85.0,79.3,85.0,85.6,74.4,705200,HSX,stock,development,
2022-12-02,VND,13.0,13.9,12.8,13.9,13.9,12.1,14171500,HSX,stock,development,
2022-12-02,VPB,16.8,17.4,16.55,17.3,17.95,15.65,14424600,HSX,stock,development,
2022-12-05,FPT,78.0,79.0,77.4,78.3,82.8,72.0,651800,HSX,stock,development,
2022-12-05,HPG,19.8,20.4,19.5,20.0,20.8,18.1,18450600,HSX,stock,development,
2022-12-05,MBB,19.0,19.3,18.75,19.0,20.1,17.5,9808300,HSX,stock,development,
2022-12-05,MWG,47.05,48.85,47.05,47.6,50.2,43.75,2022100,HSX,stock,development,
2022-12-05,PNJ,115.0,115.0,114.0,114.9,123.0,107.0,91600,HSX,stock,development,
2022-12-05,SSI,20.3,20.8,19.8,20.8,20.8,18.1,17001400,HSX,stock,development,
2022-12-05,TCB,29.5,29.8,28.8,29.0,30.8,26.8,4240600,HSX,stock,development,
2022-12-05,VCB,84.1,87.0,82.5,85.0,90.9,79.1,836200,HSX,stock,development,
2022-12-05,VND,14.8,14.85,14.4,14.85,14.85,12.95,17377500,HSX,stock,development,
2022-12-05,VPB,17.7,18.4,17.45,18.15,18.5,16.1,17882700,HSX,stock,development,
2022-12-06,FPT,78.3,78.9,76.0,76.0,83.7,72.9,969300,HSX,stock,development,
2022-12-06,HPG,19.9,19.95,18.6,18.6,21.4,18.6,23119800,HSX,stock,development,
2022-12-06,MBB,19.0,19.05,17.7,17.7,20.3,17.7,9712400,HSX,stock,development,
2022-12-06,MWG,47.2,47.2,44.35,44.35,50.9,44.3,2211600,HSX,stock,development,
2022-12-06,PNJ,114.8,115.3,111.0,111.1,122.9,106.9,157800,HSX,stock,development,
2022-12-06,SSI,20.4,20.95,19.55,19.55,22.25,19.35,17911200,HSX,stock,development,
2022-12-06,TCB,28.8,29.0,27.0,27.05,31.0,27.0,6770600,HSX,stock,development,
2022-12-06,VCB,85.0,85.2,80.0,80.0,90.9,79.1,873800,HSX,stock,development,
2022-12-06,VND,14.7,15.45,14.05,14.3,15.85,13.85,25306100,HSX,stock,development,
2022-12-06,VPB,18.15,18.6,16.9,16.9,19.4,16.9,15845200,HSX,stock,development,
2022-12-07,FPT,75.9,76.6,74.8,76.5,81.3,70.7,584700,HSX,stock,development,
2022-12-07,HPG,18.0,19.15,17.7,18.25,19.9,17.3,15697700,HSX,stock,development,
2022-12-07,MBB,17.65,17.9,17.25,17.3,18.9,16.5,6373200,HSX,stock,development,
2022-12-07,MWG,44.35,45.0,43.5,44.85,47.45,41.25,1768600,HSX,stock,development,
2022-12-07,PNJ,112.8,112.8,106.0,108.7,118.8,103.4,170900,HSX,stock,development,
2022-12-07,SSI,19.55,19.95,18.9,19.25,20.9,18.2,10521000,HSX,stock,development,
2022-12-07,TCB,27.0,27.15,25.95,26.4,28.9,25.2,3422400,HSX,stock,development,
2022-12-07,VCB,80.0,82.0,78.0,78.5,85.6,74.4,785300,HSX,stock,development,
2022-12-07,VND,14.5,14.8,13.85,14.3,15.3,13.3,15906600,HSX,stock,development,
2022-12-07,VPB,16.8,17.0,15.85,16.2,18.05,15.75,11963000,HSX,stock,development,
2022-12-08,FPT,76.9,78.8,75.6,77.0,81.8,71.2,598200,HSX,stock,development,
2022-12-08,HPG,18.9,19.35,18.5,18.9,19.5,17.0,13913100,HSX,stock,development,
2022-12-08,MBB,17.7,18.5,17.55,18.1,18.5,16.1,5370800,HSX,stock,development,
2022-12-08,MWG,45.8,47.0,45.2,46.0,47.95,41.75,1299900,HSX,stock,development,
2022-12-08,PNJ,108.7,111.0,108.7,111.0,116.3,101.1,121600,HSX,stock,development,
2022-12-08,SSI,19.75,20.55,19.55,20.55,20.55,17.95,12580900,HSX,stock,development,
2022-12-08,TCB,26.8,28.2,26.5,28.2,28.2,24.6,4929100,HSX,stock,development,
2022-12-08,VCB,79.0,81.0,77.0,77.0,83.9,73.1,1191900,HSX,stock,development,
2022-12-08,VND,14.8,15.3,14.7,15.3,15.3,13.3,12085900,HSX,stock,development,
2022-12-08,VPB,16.45,17.3,16.4,17.0,17.3,15.1,11986700,HSX,stock,development,
2022-12-09,FPT,76.3,78.0,76.2,78.0,82.3,71.7,532700,HSX,stock,development,
2022-12-09,HPG,18.9,19.45,18.5,19.2,20.2,17.6,15506600,HSX,stock,development,
2022-12-09,MBB,18.2,18.3,17.75,18.2,19.35,16.85,4384400,HSX,stock,development,
2022-12-09,MWG,46.0,46.6,45.35,46.2,49.2,42.8,910300,HSX,stock,development,
2022-12-09,PNJ,112.3,112.3,110.2,111.9,118.7,103.3,51200,HSX,stock,development,
2022-12-09,SSI,20.7,20.8,19.9,20.25,21.95,19.15,8767200,HSX,stock,development,
2022-12-09,TCB,28.45,28.5,27.7,28.25,30.15,26.25,2367100,HSX,stock,development,
2022-12-09,VCB,78.4,79.2,77.1,77.3,82.3,71.7,957600,HSX,stock,development,
2022-12-09,VND,15.65,15.8,15.25,15.5,16.35,14.25,14705800,HSX,stock,development,
2022-12-09,VPB,17.15,17.2,16.65,16.9,18.15,15.85,6735000,HSX,stock,development,
2022-12-12,FPT,77.6,78.2,76.4,77.0,83.4,72.6,722500,HSX,stock,development,
2022-12-12,HPG,19.2,19.55,18.6,18.6,20.5,17.9,16415500,HSX,stock,development,
2022-12-12,MBB,18.2,18.4,17.65,17.7,19.45,16.95,6165400,HSX,stock,development,
2022-12-12,MWG,46.2,47.3,45.0,45.9,49.4,43.0,1823300,HSX,stock,development,
2022-12-12,PNJ,110.1,111.8,109.3,111.8,119.7,104.1,108000,HSX,stock,development,
2022-12-12,SSI,20.4,20.75,19.1,19.15,21.65,18.85,12452500,HSX,stock,development,
2022-12-12,TCB,28.25,28.55,27.2,27.2,30.2,26.3,3401200,HSX,stock,development,
2022-12-12,VCB,78.8,80.5,77.4,77.4,82.7,71.9,1243500,HSX,stock,development,
2022-12-12,VND,15.5,15.85,14.45,14.45,16.55,14.45,18946100,HSX,stock,development,
2022-12-12,VPB,16.95,17.45,16.65,16.65,18.05,15.75,12190600,HSX,stock,development,
2022-12-13,FPT,76.2,77.3,75.2,77.2,82.3,71.7,493400,HSX,stock,development,
2022-12-13,HPG,18.6,19.0,18.25,19.0,19.9,17.3,12466200,HSX,stock,development,
2022-12-13,MBB,17.75,18.0,17.5,18.0,18.9,16.5,5152700,HSX,stock,development,
2022-12-13,MWG,45.75,46.4,44.4,46.4,49.1,42.7,1084600,HSX,stock,development,
2022-12-13,PNJ,111.6,112.5,108.0,112.5,119.6,104.0,100900,HSX,stock,development,
2022-12-13,SSI,19.15,20.4,18.85,20.4,20.45,17.85,13278300,HSX,stock,development,
2022-12-13,TCB,27.2,28.8,27.0,28.8,29.1,25.3,3763800,HSX,stock,development,
2022-12-13,VCB,78.1,79.3,77.9,78.2,82.8,72.0,1437600,HSX,stock,development,
2022-12-13,VND,14.4,15.45,13.9,15.45,15.45,13.45,19364700,HSX,stock,development,
2022-12-13,VPB,16.7,17.1,16.4,17.1,17.8,15.5,10588900,HSX,stock,development,
2022-12-14,FPT,77.2,77.5,76.1,76.3,82.6,71.8,712800,HSX,stock,development,
2022-12-14,HPG,19.35,19.6,19.0,19.2,20.3,17.7,14042300,HSX,stock,development,
2022-12-14,MBB,18.35,18.4,18.0,18.15,19.25,16.75,4799400,HSX,stock,development,
2022-12-14,MWG,47.3,47.3,45.8,46.45,49.6,43.2,1288900,HSX,stock,development,
2022-12-14,PNJ,112.5,113.0,110.8,113.0,120.3,104.7,81100,HSX,stock,development,
2022-12-14,SSI,21.0,21.0,20.1,20.1,21.8,19.0,9605200,HSX,stock,development,
2022-12-14,TCB,29.5,29.7,28.8,28.8,30.8,26.8,3918500,HSX,stock,development,
2022-12-14,VCB,79.7,79.7,78.5,78.8,83.6,72.8,733600,HSX,stock,development,
2022-12-14,VND,16.0,16.35,15.4,15.6,16.5,14.4,16032400,HSX,stock,development,
2022-12-14,VPB,17.25,17.35,17.0,17.05,18.25,15.95,10290400,HSX,stock,development,
2022-12-15,FPT,76.4,78.1,76.4,77.7,81.6,71.0,641900,HSX,stock,development,
2022-12-15,HPG,19.1,19.65,19.1,19.35,20.5,17.9,9502600,HSX,stock,development,
2022-12-15,MBB,18.0,19.2,18.0,18.95,19.4,16.9,9584600,HSX,stock,development,
2022-12-15,MWG,46.45,47.5,46.15,47.0,49.7,43.2,1279900,HSX,stock,development,
2022-12-15,PNJ,111.7,113.0,111.0,113.0,120.9,105.1,79900,HSX,stock,development,
2022-12-15,SSI,20.1,20.35,19.95,20.25,21.5,18.7,6798300,HSX,stock,development,
2022-12-15,TCB,28.8,29.55,28.6,29.5,30.8,26.8,3892200,HSX,stock,development,
2022-12-15,VCB,78.8,80.7,78.6,79.5,84.3,73.3,648200,HSX,stock,development,
2022-12-15,VND,15.4,15.95,15.2,15.9,16.65,14.55,11841200,HSX,stock,development,
2022-12-15,VPB,17.05,18.2,17.05,18.2,18.2,15.9,30432400,HSX,stock,development,
2022-12-16,FPT,77.0,78.0,76.4,77.9,83.1,72.3,487000,HSX,stock,development,
2022-12-16,HPG,19.2,20.45,18.95,20.4,20.7,18.0,25268800,HSX,stock,development,
2022-12-16,MBB,18.7,19.1,18.7,18.8,20.25,17.65,5188800,HSX,stock,development,
2022-12-16,MWG,46.75,47.95,45.9,47.85,50.2,43.75,1565500,HSX,stock,development,
2022-12-16,PNJ,111.1,113.0,111.1,112.9,120.9,105.1,158500,HSX,stock,development,
2022-12-16,SSI,20.0,20.6,20.0,20.5,21.65,18.85,12951000,HSX,stock,development,
2022-12-16,TCB,29.0,29.3,28.6,29.15,31.55,27.45,3435300,HSX,stock,development,
2022-12-16,VCB,79.5,82.9,78.9,79.7,85.0,74.0,2554900,HSX,stock,development,
2022-12-16,VND,15.6,16.35,15.5,16.05,17.0,14.8,16073200,HSX,stock,development,
2022-12-16,VPB,18.45,18.85,18.3,18.5,19.45,16.95,12917400,HSX,stock,development,
2022-12-19,FPT,78.3,78.3,76.6,76.6,83.3,72.5,521900,HSX,stock,development,
2022-12-19,HPG,20.6,21.25,20.0,20.0,21.8,19.0,22675300,HSX,stock,development,
2022-12-19,MBB,18.8,19.25,18.35,18.35,20.1,17.5,7359700,HSX,stock,development,
2022-12-19,MWG,47.6,48.8,47.15,47.15,51.1,44.55,1913200,HSX,stock,development,
2022-12-19,PNJ,111.0,112.3,111.0,112.0,120.8,105.0,70400,HSX,stock,development,
2022-12-19,SSI,20.5,21.85,20.35,20.5,21.9,19.1,15988900,HSX,stock,development,
2022-12-19,TCB,29.15,30.65,29.05,29.25,31.15,27.15,4482100,HSX,stock,development,
2022-12-19,VCB,80.0,81.0,79.0,79.2,85.2,74.2,442000,HSX,stock,development,
2022-12-19,VND,16.1,16.9,15.3,15.5,17.15,14.95,19304800,HSX,stock,development,
2022-12-19,VPB,18.35,18.75,17.95,17.95,19.75,17.25,14549100,HSX,stock,development,
2022-12-20,FPT,77.2,77.2,75.4,76.6,81.9,71.3,395500,HSX,stock,development,
2022-12-20,HPG,19.8,20.1,18.75,19.0,21.4,18.6,17549400,HSX,stock,development,
2022-12-20,MBB,18.3,18.45,17.4,17.6,19.6,17.1,7259100,HSX,stock,development,
2022-12-20,MWG,46.6,46.85,44.2,46.5,50.4,43.85,1618900,HSX,stock,development,
2022-12-20,PNJ,110.7,112.0,109.5,110.5,119.8,104.2,92800,HSX,stock,development,
2022-12-20,SSI,20.5,20.75,19.35,19.8,21.9,19.1,11498700,HSX,stock,development,
2022-12-20,TCB,29.0,29.25,27.25,27.7,31.25,27.25,4919900,HSX,stock,development,
2022-12-20,VCB,79.7,82.0,79.0,79.0,84.7,73.7,791900,HSX,stock,development,
2022-12-20,VND,15.45,15.7,14.6,15.2,16.55,14.45,15705200,HSX,stock,development,
2022-12-20,VPB,17.9,17.9,16.9,17.3,19.2,16.7,11006600,HSX,stock,development,
2022-12-21,FPT,77.2,77.4,75.7,77.2,81.9,71.3,304600,HSX,stock,development,
2022-12-21,HPG,19.4,19.45,18.1,18.9,20.3,17.7,11849800,HSX,stock,development,
2022-12-21,MBB,17.85,17.9,17.1,17.7,18.8,16.4,3837400,HSX,stock,development,
2022-12-21,MWG,46.5,46.75,44.35,46.4,49.75,43.25,1178600,HSX,stock,development,
2022-12-21,PNJ,110.0,110.5,108.5,109.6,118.2,102.8,99000,HSX,stock,development,
2022-12-21,SSI,20.2,20.2,18.45,19.3,21.15,18.45,11165700,HSX,stock,development,
2022-12-21,TCB,28.05,28.2,26.3,27.7,29.6,25.8,3266000,HSX,stock,development,
2022-12-21,VCB,81.4,81.4,78.7,78.7,84.5,73.5,691500,HSX,stock,development,
2022-12-21,VND,15.5,15.55,14.15,14.65,16.25,14.15,13056500,HSX,stock,development,
2022-12-21,VPB,17.5,17.9,17.0,17.65,18.5,16.1,8504600,HSX,stock,development,
2022-12-22,FPT,77.2,77.5,76.0,77.2,82.6,71.8,402400,HSX,stock,development,
2022-12-22,HPG,19.1,19.6,18.7,18.9,20.2,17.6,7976900,HSX,stock,development,
2022-12-22,MBB,17.9,18.3,17.7,18.0,18.9,16.5,3652100,HSX,stock,development,
2022-12-22,MWG,46.35,46.7,45.3,46.5,49.6,43.2,996400,HSX,stock,development,
2022-12-22,PNJ,110.0,110.1,107.0,109.0,117.2,102.0,140000,HSX,stock,development,
2022-12-22,SSI,19.5,19.55,18.6,19.1,20.65,17.95,6238100,HSX,stock,development,
2022-12-22,TCB,27.75,28.4,27.25,27.7,29.6,25.8,1891300,HSX,stock,development,
2022-12-22,VCB,79.5,81.1,79.3,79.3,84.2,73.2,782500,HSX,stock,development,
2022-12-22,VND,14.9,15.0,14.1,14.55,15.65,13.65,11189500,HSX,stock,development,
2022-12-22,VPB,18.0,18.85,17.95,18.45,18.85,16.45,20463200,HSX,stock,development,
2022-12-23,FPT,76.4,78.0,76.2,78.0,82.6,71.8,705700,HSX,stock,development,
2022-12-23,HPG,18.85,18.9,18.1,18.35,20.2,17.6,11502400,HSX,stock,development,
2022-12-23,MBB,17.95,17.95,17.6,17.75,19.25,16.75,2611200,HSX,stock,development,
2022-12-23,MWG,46.5,46.5,45.55,45.8,49.75,43.25,851500,HSX,stock,development,
2022-12-23,PNJ,109.0,109.0,106.0,108.6,116.6,101.4,74300,HSX,stock,development,
2022-12-23,SSI,19.0,19.1,18.25,18.3,20.4,17.8,5393400,HSX,stock,development,
2022-12-23,TCB,27.7,27.9,26.95,27.6,29.6,25.8,1558500,HSX,stock,development,
2022-12-23,VCB,80.2,81.2,79.1,79.1,84.8,73.8,683200,HSX,stock,development,
2022-12-23,VND,14.5,14.5,13.9,14.0,15.55,13.55,8745300,HSX,stock,development,
2022-12-23,VPB,18.45,18.65,18.1,18.35,19.7,17.2,8666800,HSX,stock,development,
2022-12-26,FPT,77.7,78.1,76.4,76.4,83.4,72.6,478700,HSX,stock,development,
2022-12-26,HPG,18.3,18.3,17.1,17.1,19.6,17.1,13391700,HSX,stock,development,
2022-12-26,MBB,17.7,17.75,16.8,16.8,18.95,16.55,4062200,HSX,stock,development,
2022-12-26,MWG,45.5,45.75,42.6,42.6,49.0,42.6,1200300,HSX,stock,development,
2022-12-26,PNJ,109.6,109.8,107.2,108.0,116.2,101.0,86400,HSX,stock,development,
2022-12-26,SSI,18.2,18.3,17.05,17.05,19.55,17.05,9116500,HSX,stock,development,
2022-12-26,TCB,27.25,27.4,25.7,25.7,29.5,25.7,3240600,HSX,stock,development,
2022-12-26,VCB,79.2,80.8,78.9,78.9,84.6,73.6,787500,HSX,stock,development,
2022-12-26,VND,13.85,14.0,13.05,13.05,14.95,13.05,9785400,HSX,stock,development,
2022-12-26,VPB,18.35,18.5,17.2,17.2,19.6,17.1,13043500,HSX,stock,development,
2022-12-27,FPT,76.4,77.5,76.0,76.5,81.7,71.1,406400,HSX,stock,development,
2022-12-27,HPG,17.1,18.25,17.1,18.25,18.25,15.95,10838800,HSX,stock,development,
2022-12-27,MBB,16.85,17.3,16.75,17.25,17.95,15.65,2337900,HSX,stock,development,
2022-12-27,MWG,41.5,43.8,41.5,43.8,45.55,39.65,1329200,HSX,stock,development,
2022-12-27,PNJ,108.0,108.9,107.5,108.0,115.5,100.5,86000,HSX,stock,development,
2022-12-27,SSI,17.0,18.2,17.0,18.2,18.2,15.9,6065500,HSX,stock,development,
2022-12-27,TCB,25.6,26.3,25.4,26.3,27.45,23.95,2356600,HSX,stock,development,
2022-12-27,VCB,80.2,80.5,78.9,79.1,84.4,73.4,635200,HSX,stock,development,
2022-12-27,VND,13.0,13.95,13.0,13.95,13.95,12.15,8303500,HSX,stock,development,
2022-12-27,VPB,17.3,17.9,17.15,17.9,18.4,16.0,7973100,HSX,stock,development,
2022-12-28,FPT,77.0,77.0,76.0,76.7,81.8,71.2,348100,HSX,stock,development,
2022-12-28,HPG,18.4,18.5,17.95,18.2,19.5,17.0,7164600,HSX,stock,development,
2022-12-28,MBB,17.3,17.6,17.05,17.45,18.45,16.05,2358000,HSX,stock,development,
2022-12-28,MWG,43.0,43.2,41.9,43.0,46.85,40.75,838700,HSX,stock,development,
2022-12-28,PNJ,108.4,115.5,108.2,110.0,115.5,100.5,128200,HSX,stock,development,
2022-12-28,SSI,18.45,18.45,17.8,18.15,19.45,16.95,5772900,HSX,stock,development,
2022-12-28,TCB,26.1,26.45,25.75,26.15,28.1,24.5,1496600,HSX,stock,development,
2022-12-28,VCB,80.4,82.0,79.5,80.0,84.6,73.6,602000,HSX,stock,development,
2022-12-28,VND,14.1,14.35,13.7,14.1,14.9,13.0,7023800,HSX,stock,development,
2022-12-28,VPB,17.9,18.5,17.5,18.15,19.15,16.65,7759300,HSX,stock,development,
2022-12-29,FPT,76.5,77.0,76.2,76.2,82.0,71.4,459400,HSX,stock,development,
2022-12-29,HPG,18.3,18.5,17.85,18.0,19.45,16.95,8183900,HSX,stock,development,
2022-12-29,MBB,17.3,17.6,17.3,17.4,18.65,16.25,2123100,HSX,stock,development,
2022-12-29,MWG,42.5,42.9,42.1,42.9,46.0,40.0,822900,HSX,stock,development,
2022-12-29,PNJ,85.5,86.0,84.0,86.0,88.2,76.8,137900,HSX,stock,development,
2022-12-29,SSI,18.0,18.25,17.6,17.6,19.4,16.9,4268700,HSX,stock,development,
2022-12-29,TCB,26.1,26.3,25.75,25.95,27.95,24.35,1759900,HSX,stock,development,
2022-12-29,VCB,82.3,82.5,80.5,80.7,85.6,74.4,828400,HSX,stock,development,
2022-12-29,VND,13.95,14.15,13.5,13.5,15.05,13.15,6273200,HSX,stock,development,
2022-12-29,VPB,18.1,18.5,17.8,17.8,19.4,16.9,9365100,HSX,stock,development,
2022-12-30,FPT,76.2,76.9,76.0,76.9,81.5,70.9,359800,HSX,stock,development,
2022-12-30,HPG,18.1,18.45,17.9,18.0,19.25,16.75,7712900,HSX,stock,development,
2022-12-30,MBB,17.55,17.55,17.1,17.1,18.6,16.2,2427800,HSX,stock,development,
2022-12-30,MWG,42.8,43.0,42.05,42.9,45.9,39.9,1195900,HSX,stock,development,
2022-12-30,PNJ,86.5,89.9,86.0,89.9,92.0,80.0,239700,HSX,stock,development,
2022-12-30,SSI,17.75,18.1,17.6,17.7,18.8,16.4,3453700,HSX,stock,development,
2022-12-30,TCB,25.95,26.1,25.85,25.85,27.75,24.15,1406700,HSX,stock,development,
2022-12-30,VCB,82.9,83.1,80.0,80.0,86.3,75.1,1093200,HSX,stock,development,
2022-12-30,VND,13.65,13.85,13.5,13.5,14.4,12.6,6136900,HSX,stock,development,
2022-12-30,VPB,17.9,18.1,17.6,17.9,19.0,16.6,5819500,HSX,stock,development,
2023-01-03,FPT,76.9,80.0,76.8,80.0,82.2,71.6,848200,HSX,stock,development,fold_1
2023-01-03,HPG,18.3,19.25,18.2,19.25,19.25,16.75,14401400,HSX,stock,development,fold_1
2023-01-03,MBB,17.2,18.0,17.2,18.0,18.25,15.95,3757000,HSX,stock,development,fold_1
2023-01-03,MWG,42.8,44.0,42.5,43.95,45.9,39.9,1078800,HSX,stock,development,fold_1
2023-01-03,PNJ,91.0,91.0,88.9,89.5,96.1,83.7,122400,HSX,stock,development,fold_1
2023-01-03,SSI,17.8,18.9,17.8,18.9,18.9,16.5,7001500,HSX,stock,development,fold_1
2023-01-03,TCB,25.75,27.45,25.75,27.45,27.65,24.05,2152700,HSX,stock,development,fold_1
2023-01-03,VCB,80.2,82.6,80.2,82.6,85.6,74.4,666900,HSX,stock,development,fold_1
2023-01-03,VND,13.55,14.4,13.55,14.4,14.4,12.6,7328000,HSX,stock,development,fold_1
2023-01-03,VPB,18.0,18.5,17.8,18.5,19.15,16.65,9049300,HSX,stock,development,fold_1
2023-01-04,FPT,80.8,81.0,79.3,80.0,85.6,74.4,438300,HSX,stock,development,fold_1
2023-01-04,HPG,19.45,19.8,19.3,19.4,20.55,17.95,9369100,HSX,stock,development,fold_1
2023-01-04,MBB,18.1,18.25,17.95,17.95,19.25,16.75,3357600,HSX,stock,development,fold_1
2023-01-04,MWG,43.1,44.3,43.1,43.5,47.0,40.9,1117400,HSX,stock,development,fold_1
2023-01-04,PNJ,89.5,89.7,88.6,89.0,95.7,83.3,93200,HSX,stock,development,fold_1
2023-01-04,SSI,19.2,19.5,18.95,19.0,20.2,17.6,5041000,HSX,stock,development,fold_1
2023-01-04,TCB,27.45,27.8,27.25,27.3,29.35,25.55,1731700,HSX,stock,development,fold_1
2023-01-04,VCB,82.9,82.9,81.8,82.8,88.3,76.9,476700,HSX,stock,development,fold_1
2023-01-04,VND,14.7,14.95,14.35,14.35,15.4,13.4,7980000,HSX,stock,development,fold_1
2023-01-04,VPB,18.5,19.3,18.5,18.9,19.75,17.25,18378900,HSX,stock,development,fold_1
2023-01-05,FPT,80.2,81.5,80.2,80.6,85.6,74.4,534500,HSX,stock,development,fold_1
2023-01-05,HPG,19.4,20.0,19.15,19.8,20.75,18.05,9779000,HSX,stock,development,fold_1
2023-01-05,MBB,18.0,18.25,17.8,18.2,19.2,16.7,3633300,HSX,stock,development,fold_1
2023-01-05,MWG,43.9,44.0,43.3,43.6,46.5,40.5,594200,HSX,stock,development,fold_1
2023-01-05,PNJ,90.4,90.4,88.8,89.5,95.2,82.8,98300,HSX,stock,development,fold_1
2023-01-05,SSI,19.15,19.35,18.7,19.3,20.3,17.7,6848700,HSX,stock,development,fold_1
2023-01-05,TCB,27.3,27.8,27.15,27.65,29.2,25.4,1618700,HSX,stock,development,fold_1
2023-01-05,VCB,82.8,84.0,82.5,84.0,88.5,77.1,661600,HSX,stock,development,fold_1
2023-01-05,VND,14.5,14.75,14.1,14.6,15.35,13.35,7147500,HSX,stock,development,fold_1
2023-01-05,VPB,19.0,19.05,18.55,18.95,20.2,17.6,6760600,HSX,stock,development,fold_1
2023-01-06,FPT,80.4,81.1,80.2,80.3,86.2,75.0,345100,HSX,stock,development,fold_1
2023-01-06,HPG,19.7,20.1,19.2,19.4,21.15,18.45,8221700,HSX,stock,development,fold_1
2023-01-06,MBB,18.05,18.75,18.0,18.25,19.45,16.95,5047200,HSX,stock,development,fold_1
2023-01-06,MWG,43.6,43.85,43.15,43.15,46.65,40.55,881400,HSX,stock,development,fold_1
2023-01-06,PNJ,88.9,89.0,88.2,88.2,95.1,82.7,76700,HSX,stock,development,fold_1
2023-01-06,SSI,19.3,19.6,18.9,18.9,20.65,17.95,6293500,HSX,stock,development,fold_1
2023-01-06,TCB,27.45,28.4,27.3,27.7,29.55,25.75,2616200,HSX,stock,development,fold_1
2023-01-06,VCB,84.0,84.8,83.9,84.0,89.8,78.2,644100,HSX,stock,development,fold_1
2023-01-06,VND,14.4,14.9,14.3,14.3,15.6,13.6,9404800,HSX,stock,development,fold_1
2023-01-06,VPB,18.85,19.65,18.8,18.95,20.25,17.65,12885400,HSX,stock,development,fold_1
2023-01-09,FPT,80.5,80.9,79.9,80.3,85.9,74.7,277500,HSX,stock,development,fold_1
2023-01-09,HPG,19.8,20.1,19.5,19.6,20.75,18.05,6726600,HSX,stock,development,fold_1
2023-01-09,MBB,18.5,18.5,18.2,18.25,19.5,17.0,2616000,HSX,stock,development,fold_1
2023-01-09,MWG,43.15,43.3,42.0,42.0,46.15,40.15,1328000,HSX,stock,development,fold_1
2023-01-09,PNJ,87.5,88.6,87.0,88.2,94.3,82.1,67900,HSX,stock,development,fold_1
2023-01-09,SSI,19.1,19.35,18.85,19.0,20.2,17.6,4471000,HSX,stock,development,fold_1
2023-01-09,TCB,27.8,27.95,27.6,27.75,29.6,25.8,1272400,HSX,stock,development,fold_1
2023-01-09,VCB,85.8,86.9,84.8,86.9,89.8,78.2,875200,HSX,stock,development,fold_1
2023-01-09,VND,14.55,14.65,14.3,14.4,15.3,13.3,6043100,HSX,stock,development,fold_1
2023-01-09,VPB,19.2,19.3,18.8,18.85,20.25,17.65,9077400,HSX,stock,development,fold_1
2023-01-10,FPT,80.7,81.3,80.2,80.4,85.9,74.7,443500,HSX,stock,development,fold_1
2023-01-10,HPG,19.6,20.1,19.2,19.8,20.95,18.25,10959000,HSX,stock,development,fold_1
2023-01-10,MBB,18.2,18.35,18.1,18.2,19.5,17.0,3088400,HSX,stock,development,fold_1
2023-01-10,MWG,42.0,42.6,41.9,42.2,44.9,39.1,725400,HSX,stock,development,fold_1
2023-01-10,PNJ,88.3,88.3,87.3,88.0,94.3,82.1,86700,HSX,stock,development,fold_1
2023-01-10,SSI,19.0,19.25,18.45,18.9,20.3,17.7,5121100,HSX,stock,development,fold_1
2023-01-10,TCB,27.75,28.0,27.3,27.45,29.65,25.85,1521400,HSX,stock,development,fold_1
2023-01-10,VCB,86.2,89.9,86.2,87.3,92.9,80.9,1178800,HSX,stock,development,fold_1
2023-01-10,VND,14.4,14.7,14.05,14.4,15.4,13.4,5987100,HSX,stock,development,fold_1
2023-01-10,VPB,18.85,19.0,18.55,18.7,20.15,17.55,6516200,HSX,stock,development,fold_1
2023-01-11,FPT,80.4,81.6,80.4,80.9,86.0,74.8,584700,HSX,stock,development,fold_1
2023-01-11,HPG,20.0,20.55,19.9,20.2,21.15,18.45,11397700,HSX,stock,development,fold_1
2023-01-11,MBB,18.25,18.45,18.2,18.25,19.45,16.95,3227800,HSX,stock,development,fold_1
2023-01-11,MWG,42.3,43.2,42.3,42.55,45.15,39.25,743100,HSX,stock,development,fold_1
2023-01-11,PNJ,88.0,88.0,86.8,86.8,94.1,81.9,114400,HSX,stock,development,fold_1
2023-01-11,SSI,19.05,19.75,19.05,19.3,20.2,17.6,4951200,HSX,stock,development,fold_1
2023-01-11,TCB,27.45,28.0,27.3,27.65,29.35,25.55,1721400,HSX,stock,development,fold_1
2023-01-11,VCB,87.3,87.3,85.1,85.1,93.4,81.2,574800,HSX,stock,development,fold_1
2023-01-11,VND,14.6,15.2,14.5,14.75,15.4,13.4,9139200,HSX,stock,development,fold_1
2023-01-11,VPB,19.0,19.0,18.45,18.45,20.0,17.4,9242700,HSX,stock,development,fold_1
2023-01-12,FPT,81.0,81.5,80.2,80.7,86.5,75.3,278800,HSX,stock,development,fold_1
2023-01-12,HPG,20.1,20.25,19.9,20.05,21.6,18.8,8286100,HSX,stock,development,fold_1
2023-01-12,MBB,18.3,18.4,18.15,18.25,19.5,17.0,3651000,HSX,stock,development,fold_1
2023-01-12,MWG,42.55,43.0,42.05,42.1,45.5,39.6,615500,HSX,stock,development,fold_1
2023-01-12,PNJ,86.8,86.8,85.6,86.0,92.8,80.8,75200,HSX,stock,development,fold_1
2023-01-12,SSI,19.35,19.5,19.1,19.3,20.65,17.95,3353700,HSX,stock,development,fold_1
2023-01-12,TCB,27.65,27.95,27.6,27.85,29.55,25.75,1219700,HSX,stock,development,fold_1
2023-01-12,VCB,85.2,85.2,83.8,84.8,91.0,79.2,996900,HSX,stock,development,fold_1
2023-01-12,VND,14.9,14.95,14.6,14.7,15.75,13.75,4400300,HSX,stock,development,fold_1
2023-01-12,VPB,18.6,18.75,18.4,18.7,19.7,17.2,7702500,HSX,stock,development,fold_1
2023-01-13,FPT,80.5,81.2,80.0,80.0,86.3,75.1,365500,HSX,stock,development,fold_1
2023-01-13,HPG,20.25,20.35,19.9,19.95,21.45,18.65,10081100,HSX,stock,development,fold_1
2023-01-13,MBB,18.4,18.55,18.25,18.25,19.5,17.0,4251700,HSX,stock,development,fold_1
2023-01-13,MWG,42.4,42.65,42.05,42.05,45.0,39.2,547000,HSX,stock,development,fold_1
2023-01-13,PNJ,86.1,87.2,86.1,86.3,92.0,80.0,109100,HSX,stock,development,fold_1
2023-01-13,SSI,19.5,19.85,19.1,19.2,20.65,17.95,5921900,HSX,stock,development,fold_1
2023-01-13,TCB,27.9,28.3,27.8,27.8,29.75,25.95,1556200,HSX,stock,development,fold_1
2023-01-13,VCB,85.2,86.5,85.2,85.8,90.7,78.9,480300,HSX,stock,development,fold_1
2023-01-13,VND,14.9,15.3,14.7,14.9,15.7,13.7,9016600,HSX,stock,development,fold_1
2023-01-13,VPB,18.85,19.5,18.55,19.4,20.0,17.4,12353000,HSX,stock,development,fold_1
2023-01-16,FPT,80.1,81.0,79.7,80.8,85.6,74.4,288800,HSX,stock,development,fold_1
2023-01-16,HPG,20.0,20.65,19.95,20.25,21.3,18.6,9429600,HSX,stock,development,fold_1
2023-01-16,MBB,18.3,18.55,18.2,18.5,19.5,17.0,2498900,HSX,stock,development,fold_1
2023-01-16,MWG,42.05,42.3,41.7,41.9,44.95,39.15,646100,HSX,stock,development,fold_1
2023-01-16,PNJ,86.4,89.0,86.4,87.5,92.3,80.3,249400,HSX,stock,development,fold_1
2023-01-16,SSI,19.3,19.5,19.1,19.4,20.5,17.9,3492100,HSX,stock,development,fold_1
2023-01-16,TCB,27.85,28.1,27.65,28.1,29.7,25.9,1311300,HSX,stock,development,fold_1
2023-01-16,VCB,86.0,88.5,86.0,87.3,91.8,79.8,394400,HSX,stock,development,fold_1
2023-01-16,VND,15.0,15.1,14.6,15.0,15.9,13.9,5490000,HSX,stock,development,fold_1
2023-01-16,VPB,19.6,19.6,19.2,19.4,20.75,18.05,8530100,HSX,stock,development,fold_1
2023-01-17,FPT,81.2,82.0,81.0,82.0,86.4,75.2,566400,HSX,stock,development,fold_1
2023-01-17,HPG,20.45,21.65,20.45,21.65,21.65,18.85,14976000,HSX,stock,development,fold_1
2023-01-17,MBB,18.7,19.4,18.6,19.4,19.75,17.25,8424600,HSX,stock,development,fold_1
2023-01-17,MWG,42.4,43.4,42.2,43.05,44.8,39.0,1338200,HSX,stock,development,fold_1
2023-01-17,PNJ,87.6,89.0,87.5,88.0,93.6,81.4,157000,HSX,stock,development,fold_1
2023-01-17,SSI,19.6,20.4,19.5,20.4,20.75,18.05,9694500,HSX,stock,development,fold_1
2023-01-17,TCB,28.4,29.3,28.35,29.0,30.05,26.15,3286500,HSX,stock,development,fold_1
2023-01-17,VCB,88.5,89.4,87.3,89.4,93.4,81.2,421100,HSX,stock,development,fold_1
2023-01-17,VND,15.15,15.95,15.1,15.9,16.05,13.95,10607800,HSX,stock,development,fold_1
2023-01-17,VPB,19.5,19.6,19.35,19.6,20.75,18.05,14507100,HSX,stock,development,fold_1
2023-01-18,FPT,82.1,83.4,81.8,83.4,87.7,76.3,454100,HSX,stock,development,fold_1
2023-01-18,HPG,22.0,22.05,21.55,21.7,23.15,20.15,11899700,HSX,stock,development,fold_1
2023-01-18,MBB,19.5,19.55,19.2,19.55,20.75,18.05,5318700,HSX,stock,development,fold_1
2023-01-18,MWG,43.5,45.2,43.25,44.95,46.05,40.05,1724600,HSX,stock,development,fold_1
2023-01-18,PNJ,89.4,89.4,87.4,88.5,94.1,81.9,169900,HSX,stock,development,fold_1
2023-01-18,SSI,20.5,21.0,20.3,20.55,21.8,19.0,8836000,HSX,stock,development,fold_1
2023-01-18,TCB,29.1,29.15,28.9,29.1,31.0,27.0,1690000,HSX,stock,development,fold_1
2023-01-18,VCB,90.0,91.0,89.4,90.0,95.6,83.2,523300,HSX,stock,development,fold_1
2023-01-18,VND,15.9,16.4,15.8,16.15,17.0,14.8,11025600,HSX,stock,development,fold_1
2023-01-18,VPB,19.6,19.8,19.4,19.65,20.95,18.25,10205800,HSX,stock,development,fold_1
2023-01-19,FPT,83.0,84.2,82.9,83.9,89.2,77.6,752500,HSX,stock,development,fold_1
2023-01-19,HPG,21.6,21.85,20.85,21.15,23.2,20.2,19409900,HSX,stock,development,fold_1
2023-01-19,MBB,19.5,19.75,19.4,19.6,20.9,18.2,5555300,HSX,stock,development,fold_1
2023-01-19,MWG,44.95,46.1,44.75,45.6,48.05,41.85,1919900,HSX,stock,development,fold_1
2023-01-19,PNJ,87.6,88.9,87.6,88.9,94.6,82.4,321000,HSX,stock,development,fold_1
2023-01-19,SSI,20.45,21.25,20.4,21.2,21.95,19.15,11622000,HSX,stock,development,fold_1
2023-01-19,TCB,28.85,29.3,28.85,29.1,31.1,27.1,2686000,HSX,stock,development,fold_1
2023-01-19,VCB,89.5,96.0,87.5,93.0,96.3,83.7,986300,HSX,stock,development,fold_1
2023-01-19,VND,16.0,16.85,15.95,16.75,17.25,15.05,13380000,HSX,stock,development,fold_1
2023-01-19,VPB,19.55,19.7,19.4,19.5,21.0,18.3,9734700,HSX,stock,development,fold_1
2023-01-27,FPT,84.1,85.5,84.0,84.0,89.7,78.1,651000,HSX,stock,development,fold_1
2023-01-27,HPG,21.0,21.55,20.85,21.5,22.6,19.7,11907400,HSX,stock,development,fold_1
2023-01-27,MBB,19.9,20.1,19.65,19.7,20.95,18.25,4488500,HSX,stock,development,fold_1
2023-01-27,MWG,46.4,46.9,45.9,45.9,48.75,42.45,1324300,HSX,stock,development,fold_1
2023-01-27,PNJ,89.6,95.1,89.6,94.0,95.1,82.7,689200,HSX,stock,development,fold_1
2023-01-27,SSI,21.5,21.6,20.85,20.95,22.65,19.75,9028700,HSX,stock,development,fold_1
2023-01-27,TCB,29.35,29.7,29.0,29.05,31.1,27.1,2659200,HSX,stock,development,fold_1
2023-01-27,VCB,93.0,94.6,91.5,93.0,99.5,86.5,908700,HSX,stock,development,fold_1
2023-01-27,VND,16.75,16.8,16.3,16.3,17.9,15.6,15315000,HSX,stock,development,fold_1
2023-01-27,VPB,19.65,20.25,19.4,19.7,20.85,18.15,10573100,HSX,stock,development,fold_1
2023-01-30,FPT,84.2,84.4,83.7,83.7,89.8,78.2,476200,HSX,stock,development,fold_1
2023-01-30,HPG,21.7,22.2,21.35,21.75,23.0,20.0,17306900,HSX,stock,development,fold_1
2023-01-30,MBB,19.8,19.8,19.25,19.25,21.05,18.35,5210500,HSX,stock,development,fold_1
2023-01-30,MWG,45.9,46.8,45.4,46.2,49.1,42.7,1764600,HSX,stock,development,fold_1
2023-01-30,PNJ,95.0,95.0,92.1,92.2,100.5,87.5,196000,HSX,stock,development,fold_1
2023-01-30,SSI,20.95,21.7,20.7,21.0,22.4,19.5,7967600,HSX,stock,development,fold_1
2023-01-30,TCB,29.05,29.05,28.55,28.7,31.05,27.05,3012200,HSX,stock,development,fold_1
2023-01-30,VCB,92.1,92.5,89.8,89.9,99.5,86.5,567400,HSX,stock,development,fold_1
2023-01-30,VND,16.3,16.8,16.05,16.25,17.4,15.2,10918000,HSX,stock,development,fold_1
2023-01-30,VPB,19.7,19.75,19.25,19.25,21.05,18.35,10492500,HSX,stock,development,fold_1
2023-01-31,FPT,83.5,83.7,81.7,83.5,89.5,77.9,798600,HSX,stock,development,fold_1
2023-01-31,HPG,21.9,22.1,21.7,22.1,23.25,20.25,11601000,HSX,stock,development,fold_1
2023-01-31,MBB,19.2,19.55,18.75,19.55,20.55,17.95,6501800,HSX,stock,development,fold_1
2023-01-31,MWG,45.9,46.5,45.35,46.5,49.4,43.0,1748100,HSX,stock,development,fold_1
2023-01-31,PNJ,91.0,93.1,89.9,90.2,98.6,85.8,295400,HSX,stock,development,fold_1
2023-01-31,SSI,21.15,21.65,20.85,21.6,22.45,19.55,7764700,HSX,stock,development,fold_1
2023-01-31,TCB,28.65,29.4,28.05,29.4,30.7,26.7,2829000,HSX,stock,development,fold_1
2023-01-31,VCB,89.9,91.9,87.8,91.9,96.1,83.7,816400,HSX,stock,development,fold_1
2023-01-31,VND,16.3,16.55,16.05,16.55,17.35,15.15,10569000,HSX,stock,development,fold_1
2023-01-31,VPB,19.15,19.5,19.05,19.45,20.55,17.95,11809100,HSX,stock,development,fold_1
2023-02-01,FPT,84.0,84.0,81.8,82.0,89.3,77.7,625100,HSX,stock,development,fold_1
2023-02-01,HPG,22.2,22.65,21.0,21.1,23.6,20.6,21493300,HSX,stock,development,fold_1
2023-02-01,MBB,19.7,19.95,18.9,18.9,20.9,18.2,7683500,HSX,stock,development,fold_1
2023-02-01,MWG,46.2,47.15,45.7,47.1,49.75,43.25,4622900,HSX,stock,development,fold_1
2023-02-01,PNJ,90.1,91.5,86.0,86.7,96.5,83.9,203100,HSX,stock,development,fold_1
2023-02-01,SSI,21.7,21.85,20.1,20.15,23.1,20.1,12610100,HSX,stock,development,fold_1
2023-02-01,TCB,29.5,29.5,28.0,28.2,31.45,27.35,3291100,HSX,stock,development,fold_1
2023-02-01,VCB,92.0,92.5,89.1,89.1,98.3,85.5,735500,HSX,stock,development,fold_1
2023-02-01,VND,16.7,16.75,15.4,15.4,17.7,15.4,18538200,HSX,stock,development,fold_1
2023-02-01,VPB,19.55,19.6,18.1,18.3,20.8,18.1,16124200,HSX,stock,development,fold_1
2023-02-02,FPT,82.1,82.4,81.3,81.9,87.7,76.3,844800,HSX,stock,development,fold_1
2023-02-02,HPG,21.2,21.7,21.1,21.3,22.55,19.65,10762100,HSX,stock,development,fold_1
2023-02-02,MBB,19.1,19.1,18.55,18.95,20.2,17.6,5394400,HSX,stock,development,fold_1
2023-02-02,MWG,46.95,49.9,46.3,49.9,50.3,43.85,4072800,HSX,stock,development,fold_1
2023-02-02,PNJ,87.7,87.7,85.1,85.5,92.7,80.7,273700,HSX,stock,development,fold_1
2023-02-02,SSI,20.3,20.4,19.9,20.15,21.55,18.75,5163400,HSX,stock,development,fold_1
2023-02-02,TCB,28.2,28.4,27.6,28.0,30.15,26.25,2097700,HSX,stock,development,fold_1
2023-02-02,VCB,88.6,92.0,88.6,90.6,95.3,82.9,434400,HSX,stock,development,fold_1
2023-02-02,VND,15.55,15.6,14.85,15.1,16.45,14.35,11085200,HSX,stock,development,fold_1
2023-02-02,VPB,18.6,18.7,18.15,18.4,19.55,17.05,12428500,HSX,stock,development,fold_1
2023-02-03,FPT,82.0,82.0,80.1,80.1,87.6,76.2,1492900,HSX,stock,development,fold_1
2023-02-03,HPG,21.45,21.55,21.0,21.1,22.75,19.85,8194200,HSX,stock,development,fold_1
2023-02-03,MBB,18.95,19.1,18.6,18.6,20.25,17.65,6358800,HSX,stock,development,fold_1
2023-02-03,MWG,48.05,48.6,47.8,47.8,53.3,46.45,5126300,HSX,stock,development,fold_1
2023-02-03,PNJ,85.8,85.9,82.1,82.1,91.4,79.6,1700900,HSX,stock,development,fold_1
2023-02-03,SSI,20.1,20.3,19.6,19.75,21.55,18.75,5974100,HSX,stock,development,fold_1
2023-02-03,TCB,28.1,28.2,27.1,27.1,29.95,26.05,4863900,HSX,stock,development,fold_1
2023-02-03,VCB,90.3,93.0,89.1,93.0,96.9,84.3,495700,HSX,stock,development,fold_1
2023-02-03,VND,15.15,15.4,14.85,15.1,16.15,14.05,6165000,HSX,stock,development,fold_1
2023-02-03,VPB,18.5,18.55,18.05,18.25,19.65,17.15,11666700,HSX,stock,development,fold_1
2023-02-06,FPT,80.0,81.6,79.7,80.5,85.7,74.5,542200,HSX,stock,development,fold_1
2023-02-06,HPG,21.1,21.15,20.55,21.15,22.55,19.65,10025800,HSX,stock,development,fold_1
2023-02-06,MBB,18.6,18.9,18.5,18.7,19.9,17.3,3260700,HSX,stock,development,fold_1
2023-02-06,MWG,47.0,47.2,45.7,47.15,51.1,44.5,1721300,HSX,stock,development,fold_1
2023-02-06,PNJ,82.6,85.1,82.6,83.8,87.8,76.4,195300,HSX,stock,development,fold_1
2023-02-06,SSI,19.6,20.0,19.4,20.0,21.1,18.4,5164200,HSX,stock,development,fold_1
2023-02-06,TCB,27.1,28.0,27.05,27.95,28.95,25.25,1628100,HSX,stock,development,fold_1
2023-02-06,VCB,92.6,96.3,91.5,96.0,99.5,86.5,628600,HSX,stock,development,fold_1
2023-02-06,VND,14.9,15.15,14.75,15.15,16.15,14.05,7259100,HSX,stock,development,fold_1
2023-02-06,VPB,18.15,18.55,17.95,18.5,19.5,17.0,7640900,HSX,stock,development,fold_1
2023-02-07,FPT,80.5,81.9,80.5,80.7,86.1,74.9,375800,HSX,stock,development,fold_1
2023-02-07,HPG,21.15,21.2,19.7,19.75,22.6,19.7,15884700,HSX,stock,development,fold_1
2023-02-07,MBB,18.85,18.85,18.35,18.35,20.0,17.4,3333700,HSX,stock,development,fold_1
2023-02-07,MWG,46.65,48.0,45.7,45.7,50.4,43.85,1118400,HSX,stock,development,fold_1
2023-02-07,PNJ,84.7,84.7,82.5,83.1,89.6,78.0,165300,HSX,stock,development,fold_1
2023-02-07,SSI,20.1,20.35,19.05,19.05,21.4,18.6,7543600,HSX,stock,development,fold_1
2023-02-07,TCB,27.95,28.05,27.4,27.4,29.9,26.0,1879000,HSX,stock,development,fold_1
2023-02-07,VCB,95.3,95.5,92.0,92.0,102.7,89.3,670000,HSX,stock,development,fold_1
2023-02-07,VND,15.3,15.4,14.3,14.35,16.2,14.1,9071100,HSX,stock,development,fold_1
2023-02-07,VPB,18.55,18.65,17.95,17.95,19.75,17.25,7050400,HSX,stock,development,fold_1
2023-02-08,FPT,80.8,81.7,80.6,81.2,86.3,75.1,344900,HSX,stock,development,fold_1
2023-02-08,HPG,19.75,21.1,19.75,20.85,21.1,18.4,13907800,HSX,stock,development,fold_1
2023-02-08,MBB,18.5,18.7,18.25,18.4,19.6,17.1,3029800,HSX,stock,development,fold_1
2023-02-08,MWG,45.7,46.0,44.5,44.5,48.85,42.55,945500,HSX,stock,development,fold_1
2023-02-08,PNJ,83.1,83.9,82.1,82.9,88.9,77.3,138200,HSX,stock,development,fold_1
2023-02-08,SSI,19.4,19.7,18.7,19.5,20.35,17.75,5512800,HSX,stock,development,fold_1
2023-02-08,TCB,27.5,27.95,27.4,27.85,29.3,25.5,1520300,HSX,stock,development,fold_1
2023-02-08,VCB,92.1,96.2,92.1,94.2,98.4,85.6,534700,HSX,stock,development,fold_1
2023-02-08,VND,14.6,14.95,14.1,14.6,15.35,13.35,7425200,HSX,stock,development,fold_1
2023-02-08,VPB,18.1,18.25,17.85,17.95,19.2,16.7,5057500,HSX,stock,development,fold_1
2023-02-09,FPT,81.0,81.6,80.7,80.7,86.8,75.6,438300,HSX,stock,development,fold_1
2023-02-09,HPG,21.0,21.25,20.6,20.6,22.3,19.4,7503400,HSX,stock,development,fold_1
2023-02-09,MBB,18.4,18.7,18.35,18.45,19.65,17.15,3212700,HSX,stock,development,fold_1
2023-02-09,MWG,44.4,45.45,44.0,44.0,47.6,41.4,852400,HSX,stock,development,fold_1
2023-02-09,PNJ,82.7,83.5,82.6,82.9,88.7,77.1,209600,HSX,stock,development,fold_1
2023-02-09,SSI,19.45,19.75,19.3,19.35,20.85,18.15,3606600,HSX,stock,development,fold_1
2023-02-09,TCB,27.7,27.85,27.3,27.3,29.75,25.95,1507100,HSX,stock,development,fold_1
2023-02-09,VCB,93.8,95.0,93.0,93.0,100.7,87.7,493400,HSX,stock,development,fold_1
2023-02-09,VND,14.6,14.8,14.35,14.4,15.6,13.6,3717900,HSX,stock,development,fold_1
2023-02-09,VPB,17.95,18.55,17.9,18.0,19.2,16.7,7154800,HSX,stock,development,fold_1
2023-02-10,FPT,81.1,81.2,80.5,80.7,86.3,75.1,410800,HSX,stock,development,fold_1
2023-02-10,HPG,20.7,20.8,20.15,20.5,22.0,19.2,7417000,HSX,stock,development,fold_1
2023-02-10,MBB,18.55,18.6,18.3,18.3,19.7,17.2,3263100,HSX,stock,development,fold_1
2023-02-10,MWG,44.0,44.45,42.1,42.1,47.05,40.95,1243000,HSX,stock,development,fold_1
2023-02-10,PNJ,82.9,83.8,82.7,83.3,88.7,77.1,263400,HSX,stock,development,fold_1
2023-02-10,SSI,19.35,19.6,18.85,19.0,20.7,18.0,4207300,HSX,stock,development,fold_1
2023-02-10,TCB,27.35,27.5,26.9,26.95,29.2,25.4,1441500,HSX,stock,development,fold_1
2023-02-10,VCB,94.5,94.5,92.8,94.5,99.5,86.5,355300,HSX,stock,development,fold_1
2023-02-10,VND,14.35,14.4,14.0,14.0,15.4,13.4,6552100,HSX,stock,development,fold_1
2023-02-10,VPB,18.0,18.3,17.5,17.5,19.25,16.75,6447400,HSX,stock,development,fold_1
2023-02-13,FPT,80.7,81.2,80.0,80.7,86.3,75.1,268300,HSX,stock,development,fold_1
2023-02-13,HPG,20.4,20.4,19.75,20.2,21.9,19.1,8432700,HSX,stock,development,fold_1
2023-02-13,MBB,18.2,18.2,17.75,18.0,19.55,17.05,4617200,HSX,stock,development,fold_1
2023-02-13,MWG,42.1,42.5,41.5,42.5,45.0,39.2,955100,HSX,stock,development,fold_1
2023-02-13,PNJ,83.3,84.2,82.5,83.5,89.1,77.5,236600,HSX,stock,development,fold_1
2023-02-13,SSI,18.95,19.0,18.15,18.5,20.3,17.7,4925800,HSX,stock,development,fold_1
2023-02-13,TCB,26.85,26.9,26.35,26.6,28.8,25.1,1486800,HSX,stock,development,fold_1
2023-02-13,VCB,94.8,95.4,92.0,93.5,101.1,87.9,435400,HSX,stock,development,fold_1
2023-02-13,VND,13.8,13.95,13.1,13.45,14.95,13.05,7321400,HSX,stock,development,fold_1
2023-02-13,VPB,17.6,17.65,16.6,17.0,18.7,16.3,11035100,HSX,stock,development,fold_1
2023-02-14,FPT,80.7,81.0,80.2,80.8,86.3,75.1,404200,HSX,stock,development,fold_1
2023-02-14,HPG,20.3,20.9,20.25,20.6,21.6,18.8,7234500,HSX,stock,development,fold_1
2023-02-14,MBB,18.0,18.15,17.8,17.85,19.25,16.75,3207300,HSX,stock,development,fold_1
2023-02-14,MWG,42.8,43.0,42.4,42.5,45.45,39.55,444400,HSX,stock,development,fold_1
2023-02-14,PNJ,83.2,83.2,81.3,82.1,89.3,77.7,130400,HSX,stock,development,fold_1
2023-02-14,SSI,18.75,18.9,18.5,18.9,19.75,17.25,3061200,HSX,stock,development,fold_1
2023-02-14,TCB,26.5,27.4,26.5,26.85,28.45,24.75,1662500,HSX,stock,development,fold_1
2023-02-14,VCB,93.5,93.5,91.2,92.5,100.0,87.0,662900,HSX,stock,development,fold_1
2023-02-14,VND,13.7,13.9,13.5,13.9,14.35,12.55,4440200,HSX,stock,development,fold_1
2023-02-14,VPB,17.0,17.2,16.7,16.7,18.15,15.85,8526200,HSX,stock,development,fold_1
2023-02-15,FPT,80.5,81.9,80.3,81.6,86.4,75.2,374300,HSX,stock,development,fold_1
2023-02-15,HPG,20.6,21.05,20.25,20.8,22.0,19.2,8171100,HSX,stock,development,fold_1
2023-02-15,MBB,17.75,18.25,17.75,18.0,19.05,16.65,3787800,HSX,stock,development,fold_1
2023-02-15,MWG,42.5,43.5,42.5,42.75,45.45,39.55,679300,HSX,stock,development,fold_1
2023-02-15,PNJ,82.0,82.2,81.4,82.0,87.8,76.4,128300,HSX,stock,development,fold_1
2023-02-15,SSI,18.9,19.35,18.8,19.1,20.2,17.6,4917500,HSX,stock,development,fold_1
2023-02-15,TCB,26.85,27.6,26.6,27.4,28.7,25.0,1629100,HSX,stock,development,fold_1
2023-02-15,VCB,92.5,94.2,91.2,93.0,98.9,86.1,516100,HSX,stock,development,fold_1
2023-02-15,VND,13.8,14.25,13.75,14.0,14.85,12.95,6842200,HSX,stock,development,fold_1
2023-02-15,VPB,16.7,17.2,16.7,17.2,17.85,15.55,7082400,HSX,stock,development,fold_1
2023-02-16,FPT,81.6,82.0,80.7,81.6,87.3,75.9,258600,HSX,stock,development,fold_1
2023-02-16,HPG,20.95,21.4,20.6,21.3,22.25,19.35,9224900,HSX,stock,development,fold_1
2023-02-16,MBB,18.1,18.35,18.05,18.25,19.25,16.75,2458400,HSX,stock,development,fold_1
2023-02-16,MWG,43.2,43.5,42.8,43.3,45.7,39.8,555400,HSX,stock,development,fold_1
2023-02-16,PNJ,82.0,82.6,81.8,82.6,87.7,76.3,98300,HSX,stock,development,fold_1
2023-02-16,SSI,19.3,19.5,19.15,19.5,20.4,17.8,4304100,HSX,stock,development,fold_1
2023-02-16,TCB,27.6,27.9,27.2,27.9,29.3,25.5,1357300,HSX,stock,development,fold_1
2023-02-16,VCB,93.0,94.0,92.2,92.4,99.5,86.5,437600,HSX,stock,development,fold_1
2023-02-16,VND,14.2,14.6,14.05,14.6,14.95,13.05,5907100,HSX,stock,development,fold_1
2023-02-16,VPB,17.4,17.6,17.1,17.5,18.4,16.0,7037900,HSX,stock,development,fold_1
2023-02-17,FPT,81.2,81.6,81.0,81.6,87.3,75.9,234000,HSX,stock,development,fold_1
2023-02-17,HPG,21.3,21.35,21.0,21.0,22.75,19.85,5465900,HSX,stock,development,fold_1
2023-02-17,MBB,18.25,18.4,18.1,18.1,19.5,17.0,2121700,HSX,stock,development,fold_1
2023-02-17,MWG,43.3,43.3,42.85,43.25,46.3,40.3,584800,HSX,stock,development,fold_1
2023-02-17,PNJ,82.6,83.1,81.9,83.0,88.3,76.9,137700,HSX,stock,development,fold_1
2023-02-17,SSI,19.45,19.65,19.2,19.45,20.85,18.15,3493500,HSX,stock,development,fold_1
2023-02-17,TCB,27.75,27.8,27.5,27.8,29.85,25.95,1135100,HSX,stock,development,fold_1
2023-02-17,VCB,93.0,93.3,92.0,93.0,98.8,86.0,563800,HSX,stock,development,fold_1
2023-02-17,VND,14.55,14.7,14.3,14.45,15.6,13.6,4325000,HSX,stock,development,fold_1
2023-02-17,VPB,17.3,17.5,17.2,17.3,18.7,16.3,5785900,HSX,stock,development,fold_1
2023-02-20,FPT,81.6,83.0,81.4,82.8,87.3,75.9,532200,HSX,stock,development,fold_1
2023-02-20,HPG,21.0,21.9,21.0,21.9,22.45,19.55,9353200,HSX,stock,development,fold_1
2023-02-20,MBB,18.1,18.9,18.1,18.9,19.35,16.85,3682000,HSX,stock,development,fold_1
2023-02-20,MWG,43.2,44.3,42.75,44.3,46.25,40.25,966100,HSX,stock,development,fold_1
2023-02-20,PNJ,83.0,84.5,82.7,84.5,88.8,77.2,204900,HSX,stock,development,fold_1
2023-02-20,SSI,19.45,20.75,19.4,20.75,20.8,18.1,9576900,HSX,stock,development,fold_1
2023-02-20,TCB,27.75,28.6,27.7,28.6,29.7,25.9,1464800,HSX,stock,development,fold_1
2023-02-20,VCB,93.0,94.5,93.0,93.8,99.5,86.5,530200,HSX,stock,development,fold_1
2023-02-20,VND,14.5,15.45,14.45,15.45,15.45,13.45,9763800,HSX,stock,development,fold_1
2023-02-20,VPB,17.1,18.3,17.1,18.3,18.5,16.1,9260600,HSX,stock,development,fold_1
2023-02-21,FPT,82.8,83.7,82.6,82.8,88.5,77.1,392800,HSX,stock,development,fold_1
2023-02-21,HPG,22.05,22.3,21.6,21.6,23.4,20.4,8131600,HSX,stock,development,fold_1
2023-02-21,MBB,19.0,19.1,18.6,18.6,20.2,17.6,3422100,HSX,stock,development,fold_1
2023-02-21,MWG,44.4,45.25,44.4,44.5,47.4,41.2,660100,HSX,stock,development,fold_1
2023-02-21,PNJ,84.9,85.8,84.1,84.5,90.4,78.6,228900,HSX,stock,development,fold_1
2023-02-21,SSI,20.8,20.95,20.45,20.45,22.2,19.3,6192500,HSX,stock,development,fold_1
2023-02-21,TCB,28.6,28.95,28.35,28.4,30.6,26.6,1177200,HSX,stock,development,fold_1
2023-02-21,VCB,94.2,94.9,94.0,94.2,100.3,87.3,336500,HSX,stock,development,fold_1
2023-02-21,VND,15.65,15.7,15.15,15.15,16.5,14.4,7748900,HSX,stock,development,fold_1
2023-02-21,VPB,18.4,18.4,17.8,17.8,19.55,17.05,8135200,HSX,stock,development,fold_1
2023-02-22,FPT,82.3,82.5,81.8,81.8,88.5,77.1,446900,HSX,stock,development,fold_1
2023-02-22,HPG,21.4,22.1,21.2,21.2,23.1,20.1,14406500,HSX,stock,development,fold_1
2023-02-22,MBB,18.4,18.5,18.25,18.25,19.9,17.3,5734200,HSX,stock,development,fold_1
2023-02-22,MWG,44.0,44.5,43.0,43.0,47.6,41.4,984800,HSX,stock,development,fold_1
2023-02-22,PNJ,84.0,84.0,83.0,83.0,90.4,78.6,182800,HSX,stock,development,fold_1
2023-02-22,SSI,20.2,20.4,19.3,19.3,21.85,19.05,12075200,HSX,stock,development,fold_1
2023-02-22,TCB,28.05,28.15,27.5,27.5,30.35,26.45,1469900,HSX,stock,development,fold_1
2023-02-22,VCB,94.2,94.3,92.5,93.0,100.7,87.7,688100,HSX,stock,development,fold_1
2023-02-22,VND,14.85,15.1,14.3,14.3,16.2,14.1,12553200,HSX,stock,development,fold_1
2023-02-22,VPB,17.6,18.0,17.45,17.45,19.0,16.6,8114400,HSX,stock,development,fold_1
2023-02-23,FPT,81.7,81.7,80.6,81.4,87.5,76.1,649600,HSX,stock,development,fold_1
2023-02-23,HPG,21.15,21.5,20.4,21.5,22.65,19.75,15274600,HSX,stock,development,fold_1
2023-02-23,MBB,18.0,18.2,17.7,18.15,19.5,17.0,7049800,HSX,stock,development,fold_1
2023-02-23,MWG,42.8,43.0,42.0,43.0,46.0,40.0,727500,HSX,stock,development,fold_1
2023-02-23,PNJ,82.6,83.0,81.0,82.1,88.8,77.2,227600,HSX,stock,development,fold_1
2023-02-23,SSI,19.3,19.7,18.8,19.7,20.65,17.95,7294700,HSX,stock,development,fold_1
2023-02-23,TCB,27.5,27.95,27.0,27.95,29.4,25.6,1708800,HSX,stock,development,fold_1
2023-02-23,VCB,93.0,94.0,91.2,93.3,99.5,86.5,583900,HSX,stock,development,fold_1
2023-02-23,VND,14.3,14.5,13.6,14.5,15.3,13.3,11526300,HSX,stock,development,fold_1
2023-02-23,VPB,17.45,17.55,17.1,17.55,18.65,16.25,5970400,HSX,stock,development,fold_1
2023-02-24,FPT,81.1,81.3,80.4,80.8,87.0,75.8,291900,HSX,stock,development,fold_1
2023-02-24,HPG,21.5,21.5,20.65,20.8,23.0,20.0,6194300,HSX,stock,development,fold_1
2023-02-24,MBB,18.15,18.25,17.7,17.7,19.4,16.9,4962700,HSX,stock,development,fold_1
2023-02-24,MWG,42.5,42.95,41.6,42.1,46.0,40.0,847800,HSX,stock,development,fold_1
2023-02-24,PNJ,82.0,82.1,79.6,81.0,87.8,76.4,327300,HSX,stock,development,fold_1
2023-02-24,SSI,19.75,19.75,19.0,19.0,21.05,18.35,4120100,HSX,stock,development,fold_1
2023-02-24,TCB,27.95,27.95,27.15,27.25,29.9,26.0,913300,HSX,stock,development,fold_1
2023-02-24,VCB,93.0,94.0,90.0,93.5,99.8,86.8,358900,HSX,stock,development,fold_1
2023-02-24,VND,14.5,14.6,13.95,14.0,15.5,13.5,4777900,HSX,stock,development,fold_1
2023-02-24,VPB,17.55,17.65,17.15,17.15,18.75,16.35,6340100,HSX,stock,development,fold_1
2023-02-27,FPT,80.0,80.5,79.9,80.3,86.4,75.2,497500,HSX,stock,development,fold_1
2023-02-27,HPG,20.4,20.55,19.95,20.1,22.25,19.35,11422400,HSX,stock,development,fold_1
2023-02-27,MBB,17.45,17.5,17.25,17.25,18.9,16.5,3343600,HSX,stock,development,fold_1
2023-02-27,MWG,41.0,41.9,40.5,40.5,45.0,39.2,1044100,HSX,stock,development,fold_1
2023-02-27,PNJ,80.0,80.0,76.1,76.1,86.6,75.4,294000,HSX,stock,development,fold_1
2023-02-27,SSI,18.8,18.9,18.25,18.25,20.3,17.7,5961000,HSX,stock,development,fold_1
2023-02-27,TCB,27.2,27.2,26.6,27.0,29.15,25.35,1141000,HSX,stock,development,fold_1
2023-02-27,VCB,93.0,93.5,91.7,92.8,100.0,87.0,272500,HSX,stock,development,fold_1
2023-02-27,VND,13.7,13.8,13.35,13.4,14.95,13.05,6683700,HSX,stock,development,fold_1
2023-02-27,VPB,17.0,17.15,16.55,17.0,18.35,15.95,4555200,HSX,stock,development,fold_1
2023-02-28,FPT,80.0,80.7,79.5,80.5,85.9,74.7,291000,HSX,stock,development,fold_1
2023-02-28,HPG,20.45,20.5,19.9,20.0,21.5,18.7,7167500,HSX,stock,development,fold_1
2023-02-28,MBB,17.35,17.65,17.15,17.25,18.45,16.05,2421300,HSX,stock,development,fold_1
2023-02-28,MWG,40.5,41.2,39.85,40.0,43.3,37.7,824400,HSX,stock,development,fold_1
2023-02-28,PNJ,76.2,77.5,76.2,76.9,81.4,70.8,149000,HSX,stock,development,fold_1
2023-02-28,SSI,18.6,18.75,18.2,18.25,19.5,17.0,6581600,HSX,stock,development,fold_1
2023-02-28,TCB,27.0,27.2,26.5,26.5,28.85,25.15,1216700,HSX,stock,development,fold_1
2023-02-28,VCB,93.1,93.7,92.6,93.5,99.2,86.4,428800,HSX,stock,development,fold_1
2023-02-28,VND,13.65,13.85,13.4,13.45,14.3,12.5,4233100,HSX,stock,development,fold_1
2023-02-28,VPB,17.15,17.25,16.9,17.05,18.15,15.85,4405500,HSX,stock,development,fold_1
2023-03-01,FPT,79.5,80.5,78.7,80.5,86.1,74.9,788100,HSX,stock,development,fold_1
2023-03-01,HPG,20.0,20.9,19.8,20.9,21.4,18.6,7967900,HSX,stock,development,fold_1
2023-03-01,MBB,17.15,17.65,17.0,17.65,18.45,16.05,3195500,HSX,stock,development,fold_1
2023-03-01,MWG,40.0,41.0,39.25,40.8,42.8,37.2,860000,HSX,stock,development,fold_1
2023-03-01,PNJ,77.0,77.7,76.1,77.6,82.2,71.6,112800,HSX,stock,development,fold_1
2023-03-01,SSI,18.3,19.0,18.15,18.95,19.5,17.0,4936600,HSX,stock,development,fold_1
2023-03-01,TCB,26.2,27.35,26.05,27.3,28.35,24.65,1168400,HSX,stock,development,fold_1
2023-03-01,VCB,92.3,93.4,92.2,93.0,100.0,87.0,449400,HSX,stock,development,fold_1
2023-03-01,VND,13.4,14.25,13.2,14.25,14.35,12.55,6329400,HSX,stock,development,fold_1
2023-03-01,VPB,16.85,17.5,16.7,17.45,18.2,15.9,4153900,HSX,stock,development,fold_1
2023-03-02,FPT,80.0,80.5,79.8,80.0,86.1,74.9,254900,HSX,stock,development,fold_1
2023-03-02,HPG,21.0,21.1,20.6,20.6,22.35,19.45,4157100,HSX,stock,development,fold_1
2023-03-02,MBB,17.65,17.7,17.35,17.4,18.85,16.45,1822400,HSX,stock,development,fold_1
2023-03-02,MWG,40.8,41.0,40.0,40.3,43.65,37.95,419100,HSX,stock,development,fold_1
2023-03-02,PNJ,78.0,80.3,78.0,80.3,83.0,72.2,146800,HSX,stock,development,fold_1
2023-03-02,SSI,19.0,19.1,18.65,18.65,20.25,17.65,2684000,HSX,stock,development,fold_1
2023-03-02,TCB,27.55,27.6,27.0,27.2,29.2,25.4,1024400,HSX,stock,development,fold_1
2023-03-02,VCB,93.0,93.8,91.8,93.2,99.5,86.5,592100,HSX,stock,development,fold_1
2023-03-02,VND,14.3,14.35,13.85,13.9,15.2,13.3,4001800,HSX,stock,development,fold_1
2023-03-02,VPB,17.45,17.55,17.25,17.3,18.65,16.25,2192100,HSX,stock,development,fold_1
2023-03-03,FPT,79.3,80.0,78.5,78.5,85.6,74.4,427400,HSX,stock,development,fold_1
2023-03-03,HPG,20.8,21.1,20.35,20.35,22.0,19.2,6210800,HSX,stock,development,fold_1
2023-03-03,MBB,17.5,17.5,17.15,17.15,18.6,16.2,2457200,HSX,stock,development,fold_1
2023-03-03,MWG,40.3,40.6,39.4,39.4,43.1,37.5,847900,HSX,stock,development,fold_1
2023-03-03,PNJ,80.3,80.9,78.6,79.4,85.9,74.7,118300,HSX,stock,development,fold_1
2023-03-03,SSI,18.85,18.85,18.45,18.45,19.95,17.35,3931300,HSX,stock,development,fold_1
2023-03-03,TCB,27.2,27.35,26.55,26.8,29.1,25.3,950300,HSX,stock,development,fold_1
2023-03-03,VCB,91.8,92.8,90.9,90.9,99.7,86.7,512800,HSX,stock,development,fold_1
2023-03-03,VND,14.05,14.15,13.6,13.6,14.85,12.95,5472800,HSX,stock,development,fold_1
2023-03-03,VPB,17.45,17.5,16.9,17.0,18.5,16.1,3033700,HSX,stock,development,fold_1
2023-03-06,FPT,78.1,79.8,78.1,78.2,83.9,73.1,466700,HSX,stock,development,fold_1
2023-03-06,HPG,20.65,20.85,20.4,20.4,21.75,18.95,4851900,HSX,stock,development,fold_1
2023-03-06,MBB,17.4,17.7,17.3,17.3,18.35,15.95,3401900,HSX,stock,development,fold_1
2023-03-06,MWG,39.95,40.5,39.4,39.4,42.15,36.65,734100,HSX,stock,development,fold_1
2023-03-06,PNJ,79.8,79.8,78.3,78.5,84.9,73.9,75400,HSX,stock,development,fold_1
2023-03-06,SSI,18.85,19.2,18.75,18.75,19.7,17.2,4911900,HSX,stock,development,fold_1
2023-03-06,TCB,27.0,27.45,26.7,27.2,28.65,24.95,1609900,HSX,stock,development,fold_1
2023-03-06,VCB,91.0,92.2,91.0,91.0,97.2,84.6,475100,HSX,stock,development,fold_1
2023-03-06,VND,14.0,14.25,13.75,13.85,14.55,12.65,6036900,HSX,stock,development,fold_1
2023-03-06,VPB,17.3,17.5,17.05,17.1,18.15,15.85,5287300,HSX,stock,development,fold_1
2023-03-07,FPT,79.1,79.9,78.8,78.8,83.6,72.8,415300,HSX,stock,development,fold_1
2023-03-07,HPG,20.6,21.35,20.55,21.1,21.8,19.0,10575800,HSX,stock,development,fold_1
2023-03-07,MBB,17.4,17.6,17.35,17.4,18.5,16.1,3189500,HSX,stock,development,fold_1
2023-03-07,MWG,40.0,40.2,39.2,39.7,42.15,36.65,858200,HSX,stock,development,fold_1
2023-03-07,PNJ,79.3,79.3,77.2,79.3,83.9,73.1,72700,HSX,stock,development,fold_1
2023-03-07,SSI,19.0,19.5,18.8,19.4,20.05,17.45,6741600,HSX,stock,development,fold_1
2023-03-07,TCB,27.2,27.5,27.05,27.1,29.1,25.3,1338400,HSX,stock,development,fold_1
2023-03-07,VCB,91.5,92.5,91.1,91.9,97.3,84.7,562600,HSX,stock,development,fold_1
2023-03-07,VND,14.0,14.35,13.9,14.2,14.8,12.9,5287500,HSX,stock,development,fold_1
2023-03-07,VPB,17.4,17.7,17.3,17.4,18.25,15.95,6222000,HSX,stock,development,fold_1
2023-03-08,FPT,78.5,79.5,78.5,79.5,84.3,73.3,282500,HSX,stock,development,fold_1
2023-03-08,HPG,20.9,21.2,20.8,21.2,22.55,19.65,8502000,HSX,stock,development,fold_1
2023-03-08,MBB,17.3,17.6,17.2,17.6,18.6,16.2,4011500,HSX,stock,development,fold_1
2023-03-08,MWG,39.0,39.55,38.65,39.4,42.45,36.95,1134000,HSX,stock,development,fold_1
2023-03-08,PNJ,79.2,80.0,77.0,80.0,84.8,73.8,136600,HSX,stock,development,fold_1
2023-03-08,SSI,19.1,19.8,19.0,19.8,20.75,18.05,6870100,HSX,stock,development,fold_1
2023-03-08,TCB,26.9,27.4,26.8,27.3,28.95,25.25,1212500,HSX,stock,development,fold_1
2023-03-08,VCB,91.0,92.2,90.7,92.2,98.3,85.5,492800,HSX,stock,development,fold_1
2023-03-08,VND,14.0,14.7,13.9,14.7,15.15,13.25,8582500,HSX,stock,development,fold_1
2023-03-08,VPB,17.2,18.15,17.2,18.15,18.6,16.2,10609700,HSX,stock,development,fold_1
2023-03-09,FPT,79.5,80.7,79.2,80.6,85.0,74.0,371600,HSX,stock,development,fold_1
2023-03-09,HPG,21.2,21.55,21.2,21.2,22.65,19.75,9638700,HSX,stock,development,fold_1
2023-03-09,MBB,17.65,17.95,17.6,17.8,18.8,16.4,3872500,HSX,stock,development,fold_1
2023-03-09,MWG,39.6,40.55,39.55,40.0,42.15,36.65,1121300,HSX,stock,development,fold_1
2023-03-09,PNJ,79.5,80.0,79.0,79.9,85.6,74.4,86600,HSX,stock,development,fold_1
2023-03-09,SSI,19.8,20.1,19.75,19.8,21.15,18.45,7630900,HSX,stock,development,fold_1
2023-03-09,TCB,27.5,27.85,27.2,27.8,29.2,25.4,1573900,HSX,stock,development,fold_1
2023-03-09,VCB,92.0,93.4,91.7,93.0,98.6,85.8,677600,HSX,stock,development,fold_1
2023-03-09,VND,14.75,14.95,14.6,14.7,15.7,13.7,7430100,HSX,stock,development,fold_1
2023-03-09,VPB,18.15,18.3,18.0,18.2,19.4,16.9,6211600,HSX,stock,development,fold_1
2023-03-10,FPT,80.2,80.4,79.0,79.5,86.2,75.0,290900,HSX,stock,development,fold_1
2023-03-10,HPG,21.15,21.45,21.0,21.3,22.65,19.75,10155800,HSX,stock,development,fold_1
2023-03-10,MBB,17.8,17.8,17.6,17.75,19.0,16.6,2539500,HSX,stock,development,fold_1
2023-03-10,MWG,39.9,40.1,39.4,39.75,42.8,37.2,820800,HSX,stock,development,fold_1
2023-03-10,PNJ,79.0,79.5,78.3,79.0,85.4,74.4,72400,HSX,stock,development,fold_1
2023-03-10,SSI,19.55,19.85,19.45,19.8,21.15,18.45,6281500,HSX,stock,development,fold_1
2023-03-10,TCB,27.5,27.6,27.0,27.15,29.7,25.9,935400,HSX,stock,development,fold_1
2023-03-10,VCB,92.2,92.5,91.5,92.1,99.5,86.5,481000,HSX,stock,development,fold_1
2023-03-10,VND,14.55,14.8,14.3,14.5,15.7,13.7,7726500,HSX,stock,development,fold_1
2023-03-10,VPB,17.9,18.3,17.9,18.3,19.45,16.95,7565800,HSX,stock,development,fold_1
2023-03-13,FPT,78.1,79.4,78.1,78.9,85.0,74.0,527100,HSX,stock,development,fold_1
2023-03-13,HPG,21.05,21.4,20.9,21.1,22.75,19.85,10016400,HSX,stock,development,fold_1
2023-03-13,MBB,17.35,17.6,17.35,17.5,18.95,16.55,4700400,HSX,stock,development,fold_1
2023-03-13,MWG,39.75,40.0,39.4,39.4,42.5,37.0,689000,HSX,stock,development,fold_1
2023-03-13,PNJ,80.0,80.9,79.6,80.2,84.5,73.5,269300,HSX,stock,development,fold_1
2023-03-13,SSI,19.55,19.95,19.2,19.65,21.15,18.45,10192700,HSX,stock,development,fold_1
2023-03-13,TCB,26.55,26.95,26.55,26.75,29.05,25.25,1682500,HSX,stock,development,fold_1
2023-03-13,VCB,92.0,92.0,90.8,91.5,98.5,85.7,384600,HSX,stock,development,fold_1
2023-03-13,VND,14.3,14.8,14.3,14.5,15.5,13.5,7574500,HSX,stock,development,fold_1
2023-03-13,VPB,18.8,19.4,18.6,19.4,19.55,17.05,16766800,HSX,stock,development,fold_1
2023-03-14,FPT,79.0,79.1,78.5,78.7,84.4,73.4,264300,HSX,stock,development,fold_1
2023-03-14,HPG,21.05,21.1,20.2,20.3,22.55,19.65,12736800,HSX,stock,development,fold_1
2023-03-14,MBB,17.5,17.55,17.2,17.2,18.7,16.3,3330400,HSX,stock,development,fold_1
2023-03-14,MWG,39.3,39.6,38.3,38.6,42.15,36.65,832400,HSX,stock,development,fold_1
2023-03-14,PNJ,81.0,81.2,80.1,80.7,85.8,74.6,168600,HSX,stock,development,fold_1
2023-03-14,SSI,19.65,19.7,19.0,19.05,21.0,18.3,6452200,HSX,stock,development,fold_1
2023-03-14,TCB,26.65,26.75,26.3,26.3,28.6,24.9,1314900,HSX,stock,development,fold_1
2023-03-14,VCB,91.0,91.2,90.5,91.0,97.9,85.1,404300,HSX,stock,development,fold_1
2023-03-14,VND,14.55,14.6,13.95,14.0,15.5,13.5,6630300,HSX,stock,development,fold_1
2023-03-14,VPB,19.6,19.6,19.1,19.4,20.75,18.05,13400600,HSX,stock,development,fold_1
2023-03-15,FPT,79.1,80.5,79.1,80.5,84.2,73.2,370100,HSX,stock,development,fold_1
2023-03-15,HPG,20.8,21.3,20.6,21.3,21.7,18.9,11880100,HSX,stock,development,fold_1
2023-03-15,MBB,17.6,17.85,17.5,17.8,18.4,16.0,2724100,HSX,stock,development,fold_1
2023-03-15,MWG,39.6,40.1,39.4,40.0,41.3,35.9,951400,HSX,stock,development,fold_1
2023-03-15,PNJ,81.2,81.2,80.2,80.8,86.3,75.1,143800,HSX,stock,development,fold_1
2023-03-15,SSI,19.65,20.35,19.5,20.35,20.35,17.75,10606400,HSX,stock,development,fold_1
2023-03-15,TCB,26.8,27.4,26.8,27.2,28.1,24.5,1319400,HSX,stock,development,fold_1
2023-03-15,VCB,91.6,92.0,91.1,91.4,97.3,84.7,457000,HSX,stock,development,fold_1
2023-03-15,VND,14.6,14.95,14.4,14.95,14.95,13.05,9002400,HSX,stock,development,fold_1
2023-03-15,VPB,19.8,19.85,19.55,19.8,20.75,18.05,11234000,HSX,stock,development,fold_1
2023-03-16,FPT,80.0,80.0,78.4,79.2,86.1,74.9,478200,HSX,stock,development,fold_1
2023-03-16,HPG,21.0,21.1,20.5,20.85,22.75,19.85,12800100,HSX,stock,development,fold_1
2023-03-16,MBB,17.7,17.7,17.4,17.45,19.0,16.6,3222700,HSX,stock,development,fold_1
2023-03-16,MWG,40.0,40.0,38.8,39.4,42.8,37.2,952200,HSX,stock,development,fold_1
2023-03-16,PNJ,81.0,81.0,79.0,80.5,86.4,75.2,178100,HSX,stock,development,fold_1
2023-03-16,SSI,20.2,20.65,20.15,20.15,21.75,18.95,8388300,HSX,stock,development,fold_1
2023-03-16,TCB,26.9,26.95,26.35,26.75,29.1,25.3,1300900,HSX,stock,development,fold_1
2023-03-16,VCB,91.0,92.0,89.5,91.0,97.7,85.1,497300,HSX,stock,development,fold_1
2023-03-16,VND,14.9,15.1,14.75,14.8,15.95,13.95,11195400,HSX,stock,development,fold_1
2023-03-16,VPB,19.5,19.65,19.15,19.45,21.15,18.45,9277100,HSX,stock,development,fold_1
2023-03-17,FPT,79.6,80.0,78.6,79.0,84.7,73.7,230300,HSX,stock,development,fold_1
2023-03-17,HPG,21.05,21.05,20.4,20.4,22.3,19.4,22122300,HSX,stock,development,fold_1
2023-03-17,MBB,17.7,17.7,17.45,17.45,18.65,16.25,1998500,HSX,stock,development,fold_1
2023-03-17,MWG,39.9,39.9,38.85,39.4,42.15,36.65,533000,HSX,stock,development,fold_1
2023-03-17,PNJ,80.5,80.5,78.0,79.0,86.1,74.9,65300,HSX,stock,development,fold_1
2023-03-17,SSI,20.4,20.5,20.05,20.3,21.55,18.75,11098400,HSX,stock,development,fold_1
2023-03-17,TCB,26.8,27.1,26.6,26.65,28.6,24.9,642900,HSX,stock,development,fold_1
2023-03-17,VCB,91.0,91.1,89.0,89.0,97.3,84.7,1471800,HSX,stock,development,fold_1
2023-03-17,VND,15.15,15.15,14.7,15.0,15.8,13.8,14303100,HSX,stock,development,fold_1
2023-03-17,VPB,19.6,19.75,19.35,19.7,20.8,18.1,9088200,HSX,stock,development,fold_1
2023-03-20,FPT,79.1,79.3,77.6,77.6,84.5,73.5,335100,HSX,stock,development,fold_1
2023-03-20,HPG,20.4,20.6,20.0,20.0,21.8,19.0,10232100,HSX,stock,development,fold_1
2023-03-20,MBB,17.6,17.6,17.3,17.3,18.65,16.25,3338200,HSX,stock,development,fold_1
2023-03-20,MWG,39.0,39.4,38.05,38.1,42.15,36.65,1158500,HSX,stock,development,fold_1
2023-03-20,PNJ,79.9,81.0,79.0,80.0,84.5,73.5,288200,HSX,stock,development,fold_1
2023-03-20,SSI,20.2,20.25,19.5,19.5,21.7,18.9,7837000,HSX,stock,development,fold_1
2023-03-20,TCB,26.5,26.6,26.25,26.25,28.5,24.8,1191700,HSX,stock,development,fold_1
2023-03-20,VCB,89.0,89.5,85.1,85.1,95.2,82.8,558200,HSX,stock,development,fold_1
2023-03-20,VND,14.85,15.0,14.35,14.35,16.05,13.95,8495700,HSX,stock,development,fold_1
2023-03-20,VPB,19.55,19.7,19.3,19.7,21.05,18.35,11633300,HSX,stock,development,fold_1
2023-03-21,FPT,78.6,78.7,77.1,78.1,83.0,72.2,293700,HSX,stock,development,fold_1
2023-03-21,HPG,20.2,20.55,19.85,20.45,21.4,18.6,8619400,HSX,stock,development,fold_1
2023-03-21,MBB,17.45,17.5,17.2,17.35,18.5,16.1,3220300,HSX,stock,development,fold_1
2023-03-21,MWG,38.8,38.8,37.5,38.5,40.75,35.45,790100,HSX,stock,development,fold_1
2023-03-21,PNJ,80.9,80.9,78.5,79.0,85.6,74.4,143500,HSX,stock,development,fold_1
2023-03-21,SSI,19.7,20.0,19.35,20.0,20.85,18.15,7129600,HSX,stock,development,fold_1
2023-03-21,TCB,26.5,26.6,26.1,26.35,28.05,24.45,1126800,HSX,stock,development,fold_1
2023-03-21,VCB,85.4,89.9,85.4,86.5,91.0,79.2,564900,HSX,stock,development,fold_1
2023-03-21,VND,14.6,14.8,14.25,14.8,15.35,13.35,6622000,HSX,stock,development,fold_1
2023-03-21,VPB,19.7,20.35,19.5,20.35,21.05,18.35,19153800,HSX,stock,development,fold_1
2023-03-22,FPT,78.2,78.6,77.6,78.5,83.5,72.7,342900,HSX,stock,development,fold_1
2023-03-22,HPG,20.55,20.6,20.15,20.3,21.85,19.05,5835800,HSX,stock,development,fold_1
2023-03-22,MBB,17.5,17.55,17.35,17.4,18.55,16.15,2581300,HSX,stock,development,fold_1
2023-03-22,MWG,38.65,38.65,37.95,37.95,41.15,35.85,926400,HSX,stock,development,fold_1
2023-03-22,PNJ,79.5,79.5,78.1,78.9,84.5,73.5,110500,HSX,stock,development,fold_1
2023-03-22,SSI,20.15,20.3,19.85,19.85,21.4,18.6,5562100,HSX,stock,development,fold_1
2023-03-22,TCB,26.45,26.6,26.2,26.2,28.15,24.55,1455700,HSX,stock,development,fold_1
2023-03-22,VCB,86.6,89.9,86.6,89.0,92.5,80.5,596900,HSX,stock,development,fold_1
2023-03-22,VND,14.9,15.1,14.75,14.8,15.8,13.8,7300700,HSX,stock,development,fold_1
2023-03-22,VPB,20.5,21.2,20.45,21.0,21.75,18.95,21251500,HSX,stock,development,fold_1
2023-03-23,FPT,78.4,78.5,77.6,78.0,83.9,73.1,200700,HSX,stock,development,fold_1
2023-03-23,HPG,20.2,20.4,20.05,20.4,21.7,18.9,5483600,HSX,stock,development,fold_1
2023-03-23,MBB,17.3,17.45,17.3,17.4,18.6,16.2,1635200,HSX,stock,development,fold_1
2023-03-23,MWG,37.6,37.95,37.5,37.8,40.6,35.3,655300,HSX,stock,development,fold_1
2023-03-23,PNJ,78.3,78.8,78.0,78.5,84.4,73.4,78600,HSX,stock,development,fold_1
2023-03-23,SSI,19.7,20.4,19.65,20.35,21.2,18.5,7210900,HSX,stock,development,fold_1
2023-03-23,TCB,26.2,26.35,25.85,26.2,28.0,24.4,1175100,HSX,stock,development,fold_1
2023-03-23,VCB,88.8,90.7,87.3,90.7,95.2,82.8,434400,HSX,stock,development,fold_1
2023-03-23,VND,14.65,15.25,14.6,15.15,15.8,13.8,8808700,HSX,stock,development,fold_1
2023-03-23,VPB,21.0,21.15,20.8,21.05,22.45,19.55,12016500,HSX,stock,development,fold_1
2023-03-24,FPT,78.3,78.8,78.0,78.6,83.4,72.6,198800,HSX,stock,development,fold_1
2023-03-24,HPG,20.45,20.5,20.3,20.4,21.8,19.0,6953900,HSX,stock,development,fold_1
2023-03-24,MBB,17.7,17.95,17.6,17.75,18.6,16.2,7968300,HSX,stock,development,fold_1
2023-03-24,MWG,37.6,38.2,37.6,37.95,40.4,35.2,888800,HSX,stock,development,fold_1
2023-03-24,PNJ,78.6,79.0,78.1,79.0,83.9,73.1,89100,HSX,stock,development,fold_1
2023-03-24,SSI,20.45,20.65,20.4,20.45,21.75,18.95,8244300,HSX,stock,development,fold_1
2023-03-24,TCB,26.4,26.7,26.3,26.45,28.0,24.4,949200,HSX,stock,development,fold_1
2023-03-24,VCB,91.0,91.0,88.9,89.0,97.0,84.4,420200,HSX,stock,development,fold_1
2023-03-24,VND,15.3,15.55,15.2,15.3,16.2,14.1,10873900,HSX,stock,development,fold_1
2023-03-24,VPB,21.05,21.2,20.85,21.15,22.5,19.6,10949300,HSX,stock,development,fold_1
2023-03-27,FPT,78.9,79.2,78.5,79.1,84.1,73.1,517400,HSX,stock,development,fold_1
2023-03-27,HPG,20.4,20.9,20.35,20.8,21.8,19.0,7610000,HSX,stock,development,fold_1
2023-03-27,MBB,17.8,18.0,17.7,17.95,18.95,16.55,3040600,HSX,stock,development,fold_1
2023-03-27,MWG,38.0,38.45,37.85,38.1,40.6,35.3,1302900,HSX,stock,development,fold_1
2023-03-27,PNJ,79.0,79.0,77.9,78.2,84.5,73.5,108700,HSX,stock,development,fold_1
2023-03-27,SSI,20.5,21.4,20.45,21.0,21.85,19.05,8448000,HSX,stock,development,fold_1
2023-03-27,TCB,26.45,26.7,26.35,26.5,28.3,24.6,813500,HSX,stock,development,fold_1
2023-03-27,VCB,89.0,91.0,88.0,91.0,95.2,82.8,454900,HSX,stock,development,fold_1
2023-03-27,VND,15.35,15.8,15.2,15.45,16.35,14.25,8259200,HSX,stock,development,fold_1
2023-03-27,VPB,21.15,21.55,21.0,21.25,22.6,19.7,14820000,HSX,stock,development,fold_1
2023-03-28,FPT,79.2,79.2,77.5,79.2,84.6,73.6,591900,HSX,stock,development,fold_1
2023-03-28,HPG,20.9,21.0,20.7,20.7,22.25,19.35,6222000,HSX,stock,development,fold_1
2023-03-28,MBB,18.05,18.3,18.0,18.0,19.2,16.7,5007700,HSX,stock,development,fold_1
2023-03-28,MWG,38.2,39.3,38.1,39.1,40.75,35.45,2198600,HSX,stock,development,fold_1
2023-03-28,PNJ,78.2,78.4,77.1,77.8,83.6,72.8,223800,HSX,stock,development,fold_1
2023-03-28,SSI,21.2,21.3,20.75,20.8,22.45,19.55,7423400,HSX,stock,development,fold_1
2023-03-28,TCB,26.7,27.7,26.7,27.55,28.35,24.65,3022600,HSX,stock,development,fold_1
2023-03-28,VCB,90.8,92.9,90.1,91.8,97.3,84.7,414600,HSX,stock,development,fold_1
2023-03-28,VND,15.6,15.65,15.25,15.25,16.5,14.4,8277900,HSX,stock,development,fold_1
2023-03-28,VPB,21.4,21.6,20.55,21.0,22.7,19.8,21003600,HSX,stock,development,fold_1
2023-03-29,FPT,79.2,79.3,78.6,79.0,84.7,73.7,235200,HSX,stock,development,fold_1
2023-03-29,HPG,20.7,21.1,20.7,20.8,22.1,19.3,6943300,HSX,stock,development,fold_1
2023-03-29,MBB,18.15,18.4,18.1,18.3,19.25,16.75,4910500,HSX,stock,development,fold_1
2023-03-29,MWG,39.25,39.35,38.7,38.7,41.8,36.4,1001400,HSX,stock,development,fold_1
2023-03-29,PNJ,77.8,77.8,76.1,77.0,83.2,72.4,180600,HSX,stock,development,fold_1
2023-03-29,SSI,20.8,21.1,20.75,21.05,22.25,19.35,7062300,HSX,stock,development,fold_1
2023-03-29,TCB,27.55,28.3,27.5,28.0,29.45,25.65,2330100,HSX,stock,development,fold_1
2023-03-29,VCB,92.5,92.5,90.5,92.3,98.2,85.4,270900,HSX,stock,development,fold_1
2023-03-29,VND,15.25,15.5,15.15,15.4,16.3,14.2,7089200,HSX,stock,development,fold_1
2023-03-29,VPB,20.9,20.9,20.6,20.9,22.45,19.55,9809600,HSX,stock,development,fold_1
2023-03-30,FPT,79.0,79.3,78.8,79.1,84.5,73.5,184800,HSX,stock,development,fold_1
2023-03-30,HPG,21.0,21.15,20.75,20.8,22.25,19.35,6816900,HSX,stock,development,fold_1
2023-03-30,MBB,18.4,18.5,18.25,18.25,19.55,17.05,3154400,HSX,stock,development,fold_1
2023-03-30,MWG,38.8,39.2,38.15,38.6,41.4,36.0,1049000,HSX,stock,development,fold_1
2023-03-30,PNJ,78.8,78.8,76.8,77.7,82.3,71.7,179300,HSX,stock,development,fold_1
2023-03-30,SSI,21.5,21.7,20.95,20.95,22.5,19.6,7913100,HSX,stock,development,fold_1
2023-03-30,TCB,28.35,28.5,27.7,27.7,29.95,26.05,1780600,HSX,stock,development,fold_1
2023-03-30,VCB,92.3,93.2,92.0,92.7,98.7,85.9,168100,HSX,stock,development,fold_1
2023-03-30,VND,15.7,15.75,15.2,15.25,16.45,14.35,7134500,HSX,stock,development,fold_1
2023-03-30,VPB,21.0,21.05,20.7,20.9,22.35,19.45,8074000,HSX,stock,development,fold_1
2023-03-31,FPT,79.1,79.5,79.0,79.1,84.6,73.6,374700,HSX,stock,development,fold_1
2023-03-31,HPG,20.8,20.9,20.35,20.8,22.25,19.35,9931200,HSX,stock,development,fold_1
2023-03-31,MBB,18.3,18.4,18.15,18.25,19.5,17.0,4830000,HSX,stock,development,fold_1
2023-03-31,MWG,38.55,38.95,38.25,38.55,41.3,35.9,1087800,HSX,stock,development,fold_1
2023-03-31,PNJ,77.8,78.4,77.4,77.7,83.1,72.3,239700,HSX,stock,development,fold_1
2023-03-31,SSI,21.05,21.7,20.85,21.5,22.4,19.5,12808900,HSX,stock,development,fold_1
2023-03-31,TCB,27.8,28.4,27.8,28.35,29.6,25.8,3321100,HSX,stock,development,fold_1
2023-03-31,VCB,92.8,93.2,90.5,91.4,99.1,86.3,584600,HSX,stock,development,fold_1
2023-03-31,VND,15.25,15.6,15.1,15.5,16.3,14.2,11172400,HSX,stock,development,fold_1
2023-03-31,VPB,20.8,21.3,20.8,21.05,22.35,19.45,10286900,HSX,stock,development,fold_1
2023-04-03,FPT,79.4,80.9,79.1,80.9,84.6,73.6,587900,HSX,stock,development,fold_1
2023-04-03,HPG,21.05,21.1,20.85,21.0,22.25,19.35,8801200,HSX,stock,development,fold_1
2023-04-03,MBB,18.5,18.7,18.4,18.7,19.5,17.0,9851600,HSX,stock,development,fold_1
2023-04-03,MWG,39.0,39.2,38.7,39.0,41.2,35.9,1134300,HSX,stock,development,fold_1
2023-04-03,PNJ,78.0,78.0,76.5,76.8,83.1,72.3,370600,HSX,stock,development,fold_1
2023-04-03,SSI,22.0,22.15,21.9,22.0,23.0,20.0,13706400,HSX,stock,development,fold_1
2023-04-03,TCB,29.0,29.35,28.7,29.3,30.3,26.4,5717100,HSX,stock,development,fold_1
2023-04-03,VCB,91.7,92.9,91.2,92.8,97.7,85.1,387300,HSX,stock,development,fold_1
2023-04-03,VND,15.95,16.0,15.7,15.9,16.55,14.45,14856700,HSX,stock,development,fold_1
2023-04-03,VPB,21.15,21.25,20.9,21.2,22.5,19.6,6643100,HSX,stock,development,fold_1
2023-04-04,FPT,80.9,81.0,80.0,80.5,86.5,75.3,297900,HSX,stock,development,fold_1
2023-04-04,HPG,21.15,21.2,20.95,21.1,22.45,19.55,8477800,HSX,stock,development,fold_1
2023-04-04,MBB,18.75,18.8,18.6,18.75,20.0,17.4,5867700,HSX,stock,development,fold_1
2023-04-04,MWG,39.1,39.95,39.05,39.8,41.7,36.3,1495400,HSX,stock,development,fold_1
2023-04-04,PNJ,77.0,77.6,76.3,76.6,82.1,71.5,395800,HSX,stock,development,fold_1
2023-04-04,SSI,22.1,22.7,21.8,22.5,23.5,20.5,13217900,HSX,stock,development,fold_1
2023-04-04,TCB,29.3,29.5,29.05,29.5,31.35,27.25,3484300,HSX,stock,development,fold_1
2023-04-04,VCB,92.8,92.9,91.6,92.0,99.2,86.4,165700,HSX,stock,development,fold_1
2023-04-04,VND,15.9,16.4,15.7,16.2,17.0,14.8,15557800,HSX,stock,development,fold_1
2023-04-04,VPB,21.2,21.45,21.0,21.4,22.65,19.75,8216000,HSX,stock,development,fold_1
2023-04-05,FPT,80.5,80.6,79.7,80.6,86.1,74.9,191100,HSX,stock,development,fold_1
2023-04-05,HPG,21.1,21.5,20.95,21.5,22.55,19.65,11124000,HSX,stock,development,fold_1
2023-04-05,MBB,18.75,18.85,18.6,18.8,20.05,17.45,4897100,HSX,stock,development,fold_1
2023-04-05,MWG,39.8,39.85,39.5,39.75,42.55,37.05,959400,HSX,stock,development,fold_1
2023-04-05,PNJ,76.9,77.8,76.6,77.3,81.9,71.3,621100,HSX,stock,development,fold_1
2023-04-05,SSI,22.4,22.6,22.1,22.5,24.05,20.95,7761400,HSX,stock,development,fold_1
2023-04-05,TCB,29.4,29.6,29.2,29.5,31.55,27.45,2296400,HSX,stock,development,fold_1
2023-04-05,VCB,92.3,92.3,91.1,92.1,98.4,85.6,220300,HSX,stock,development,fold_1
2023-04-05,VND,16.1,16.3,15.95,16.2,17.3,15.1,7914400,HSX,stock,development,fold_1
2023-04-05,VPB,21.3,21.45,21.15,21.2,22.85,19.95,6092900,HSX,stock,development,fold_1
2023-04-06,FPT,80.7,81.5,80.3,80.3,86.2,75.0,308500,HSX,stock,development,fold_1
2023-04-06,HPG,21.55,21.9,21.4,21.5,23.0,20.0,11286500,HSX,stock,development,fold_1
2023-04-06,MBB,18.85,18.9,18.5,18.5,20.1,17.5,5588800,HSX,stock,development,fold_1
2023-04-06,MWG,40.0,40.0,39.05,39.1,42.5,37.0,969200,HSX,stock,development,fold_1
2023-04-06,PNJ,77.7,77.9,76.8,76.8,82.7,71.9,282700,HSX,stock,development,fold_1
2023-04-06,SSI,22.65,23.0,21.85,21.85,24.05,20.95,11349700,HSX,stock,development,fold_1
2023-04-06,TCB,29.35,30.2,29.35,29.6,31.55,27.45,3846500,HSX,stock,development,fold_1
2023-04-06,VCB,91.5,92.1,91.2,91.2,98.5,85.7,194800,HSX,stock,development,fold_1
2023-04-06,VND,16.3,16.5,15.65,15.65,17.3,15.1,15921000,HSX,stock,development,fold_1
2023-04-06,VPB,21.2,21.5,20.9,20.9,22.65,19.75,6594900,HSX,stock,development,fold_1
2023-04-07,FPT,80.2,80.7,80.0,80.5,85.9,74.7,212600,HSX,stock,development,fold_1
2023-04-07,HPG,21.5,21.6,21.1,21.2,23.0,20.0,8429800,HSX,stock,development,fold_1
2023-04-07,MBB,18.5,18.6,18.35,18.6,19.75,17.25,3530600,HSX,stock,development,fold_1
2023-04-07,MWG,38.85,39.05,38.5,39.0,41.8,36.4,972500,HSX,stock,development,fold_1
2023-04-07,PNJ,76.8,77.2,76.3,76.5,82.1,71.5,171800,HSX,stock,development,fold_1
2023-04-07,SSI,21.9,22.5,21.75,22.5,23.35,20.35,10668200,HSX,stock,development,fold_1
2023-04-07,TCB,29.65,29.7,29.4,29.55,31.65,27.55,2274500,HSX,stock,development,fold_1
2023-04-07,VCB,91.0,91.1,89.5,90.0,97.5,84.9,336200,HSX,stock,development,fold_1
2023-04-07,VND,15.65,15.9,15.55,15.8,16.7,14.6,11263500,HSX,stock,development,fold_1
2023-04-07,VPB,20.9,21.05,20.65,20.9,22.35,19.45,4090200,HSX,stock,development,fold_1
2023-04-10,FPT,81.0,81.0,80.1,80.3,86.1,74.9,328200,HSX,stock,development,fold_1
2023-04-10,HPG,21.25,21.35,20.6,20.7,22.65,19.75,8599900,HSX,stock,development,fold_1
2023-04-10,MBB,18.7,19.0,18.6,18.6,19.9,17.3,4739700,HSX,stock,development,fold_1
2023-04-10,MWG,39.2,41.15,39.2,41.0,41.7,36.3,2238700,HSX,stock,development,fold_1
2023-04-10,PNJ,76.6,77.5,76.6,77.2,81.8,71.2,273400,HSX,stock,development,fold_1
2023-04-10,SSI,22.75,23.2,22.25,22.4,24.05,20.95,8967800,HSX,stock,development,fold_1
2023-04-10,TCB,29.65,30.8,29.6,30.2,31.6,27.5,2106900,HSX,stock,development,fold_1
2023-04-10,VCB,90.0,90.0,89.0,89.0,96.3,83.7,250400,HSX,stock,development,fold_1
2023-04-10,VND,16.1,16.45,15.8,15.9,16.9,14.7,12525400,HSX,stock,development,fold_1
2023-04-10,VPB,20.9,21.35,20.7,20.9,22.35,19.45,7112400,HSX,stock,development,fold_1
2023-04-11,FPT,80.2,80.5,80.1,80.3,85.9,74.7,287300,HSX,stock,development,fold_1
2023-04-11,HPG,20.7,20.85,20.6,20.8,22.1,19.3,5783700,HSX,stock,development,fold_1
2023-04-11,MBB,18.6,18.8,18.45,18.75,19.9,17.3,2950300,HSX,stock,development,fold_1
2023-04-11,MWG,41.0,41.0,40.2,40.7,43.85,38.15,1425800,HSX,stock,development,fold_1
2023-04-11,PNJ,77.5,79.3,77.5,78.6,82.6,71.8,528300,HSX,stock,development,fold_1
2023-04-11,SSI,22.4,22.6,21.8,22.6,23.95,20.85,9424500,HSX,stock,development,fold_1
2023-04-11,TCB,30.2,30.4,29.6,30.4,32.3,28.1,2654100,HSX,stock,development,fold_1
2023-04-11,VCB,89.0,90.0,88.2,88.2,95.2,82.8,515100,HSX,stock,development,fold_1
2023-04-11,VND,15.9,16.0,15.55,15.9,17.0,14.8,11602400,HSX,stock,development,fold_1
2023-04-11,VPB,20.9,21.1,20.7,21.0,22.35,19.45,5839500,HSX,stock,development,fold_1
2023-04-12,FPT,80.3,80.5,79.9,80.3,85.9,74.7,315200,HSX,stock,development,fold_1
2023-04-12,HPG,20.9,20.9,20.65,20.75,22.25,19.35,4819800,HSX,stock,development,fold_1
2023-04-12,MBB,18.8,18.8,18.55,18.7,20.05,17.45,4126400,HSX,stock,development,fold_1
2023-04-12,MWG,40.5,41.7,40.5,40.75,43.5,37.9,2183200,HSX,stock,development,fold_1
2023-04-12,PNJ,79.0,79.0,77.9,77.9,84.1,73.1,303500,HSX,stock,development,fold_1
2023-04-12,SSI,22.6,22.7,21.95,22.0,24.15,21.05,7118900,HSX,stock,development,fold_1
2023-04-12,TCB,30.4,30.95,30.1,30.7,32.5,28.3,2011400,HSX,stock,development,fold_1
2023-04-12,VCB,88.3,88.6,88.0,88.3,94.3,82.1,307800,HSX,stock,development,fold_1
2023-04-12,VND,15.9,16.0,15.6,15.6,17.0,14.8,8535700,HSX,stock,development,fold_1
2023-04-12,VPB,21.0,21.05,20.65,20.65,22.45,19.55,4550400,HSX,stock,development,fold_1
2023-04-13,FPT,80.3,80.4,79.3,79.6,85.9,74.7,269300,HSX,stock,development,fold_1
2023-04-13,HPG,20.8,20.8,20.35,20.45,22.2,19.3,5983200,HSX,stock,development,fold_1
2023-04-13,MBB,18.7,18.75,18.5,18.55,20.0,17.4,2351500,HSX,stock,development,fold_1
2023-04-13,MWG,41.0,41.3,40.65,41.05,43.6,37.9,1618500,HSX,stock,development,fold_1
2023-04-13,PNJ,78.0,78.4,76.9,77.0,83.3,72.5,220600,HSX,stock,development,fold_1
2023-04-13,SSI,22.1,22.25,21.65,21.75,23.5,20.5,7047100,HSX,stock,development,fold_1
2023-04-13,TCB,30.6,30.95,30.2,30.2,32.8,28.6,1367600,HSX,stock,development,fold_1
2023-04-13,VCB,88.3,88.5,87.8,88.2,94.4,82.2,272300,HSX,stock,development,fold_1
2023-04-13,VND,15.65,15.75,15.1,15.2,16.65,14.55,10537400,HSX,stock,development,fold_1
2023-04-13,VPB,20.65,20.65,20.2,20.6,22.05,19.25,8883200,HSX,stock,development,fold_1
2023-04-14,FPT,79.9,80.1,79.3,79.6,85.1,74.1,202200,HSX,stock,development,fold_1
2023-04-14,HPG,20.55,20.85,20.5,20.65,21.85,19.05,5697900,HSX,stock,development,fold_1
2023-04-14,MBB,18.6,18.7,18.3,18.3,19.8,17.3,4128100,HSX,stock,development,fold_1
2023-04-14,MWG,41.25,41.4,40.0,40.0,43.9,38.2,1406100,HSX,stock,development,fold_1
2023-04-14,PNJ,77.6,78.0,77.3,77.6,82.3,71.7,318700,HSX,stock,development,fold_1
2023-04-14,SSI,21.9,22.05,21.2,21.2,23.25,20.25,12304000,HSX,stock,development,fold_1
2023-04-14,TCB,30.2,30.4,28.9,28.9,32.3,28.1,4740800,HSX,stock,development,fold_1
2023-04-14,VCB,88.3,89.1,88.2,88.4,94.3,82.1,224300,HSX,stock,development,fold_1
2023-04-14,VND,15.3,15.4,14.85,14.85,16.25,14.15,11720300,HSX,stock,development,fold_1
2023-04-14,VPB,20.6,20.7,20.35,20.5,22.0,19.2,6071700,HSX,stock,development,fold_1
2023-04-17,FPT,79.6,79.7,79.0,79.6,85.1,74.1,181600,HSX,stock,development,fold_1
2023-04-17,HPG,20.6,20.9,20.6,20.85,22.05,19.25,3857600,HSX,stock,development,fold_1
2023-04-17,MBB,18.2,18.35,18.15,18.25,19.55,17.05,2512700,HSX,stock,development,fold_1
2023-04-17,MWG,39.85,40.0,39.55,39.85,42.8,37.2,759800,HSX,stock,development,fold_1
2023-04-17,PNJ,77.6,78.9,77.6,78.1,83.0,72.2,279000,HSX,stock,development,fold_1
2023-04-17,SSI,21.2,21.5,21.15,21.35,22.65,19.75,5769300,HSX,stock,development,fold_1
2023-04-17,TCB,29.0,29.45,28.75,29.45,30.9,26.9,1558800,HSX,stock,development,fold_1
2023-04-17,VCB,88.4,88.5,87.8,88.4,94.5,82.3,290900,HSX,stock,development,fold_1
2023-04-17,VND,14.85,15.05,14.7,14.9,15.85,13.85,4934200,HSX,stock,development,fold_1
2023-04-17,VPB,20.45,20.6,20.3,20.45,21.9,19.1,2906100,HSX,stock,development,fold_1
2023-04-18,FPT,79.6,80.0,79.2,79.4,85.1,74.1,190200,HSX,stock,development,fold_1
2023-04-18,HPG,20.9,21.0,20.8,20.95,22.3,19.4,4956100,HSX,stock,development,fold_1
2023-04-18,MBB,18.35,18.4,18.05,18.15,19.5,17.0,2628400,HSX,stock,development,fold_1
2023-04-18,MWG,40.55,40.75,39.95,39.95,42.6,37.1,1313600,HSX,stock,development,fold_1
2023-04-18,PNJ,78.5,79.5,77.8,78.2,83.5,72.7,416200,HSX,stock,development,fold_1
2023-04-18,SSI,21.45,21.75,21.15,21.75,22.8,19.9,8455600,HSX,stock,development,fold_1
2023-04-18,TCB,29.4,29.4,28.9,29.15,31.5,27.4,1391700,HSX,stock,development,fold_1
2023-04-18,VCB,88.3,88.6,87.5,88.0,94.5,82.3,405800,HSX,stock,development,fold_1
2023-04-18,VND,15.0,15.3,14.9,15.2,15.9,13.9,6578100,HSX,stock,development,fold_1
2023-04-18,VPB,20.45,20.55,20.1,20.25,21.85,19.05,4314000,HSX,stock,development,fold_1
2023-04-19,FPT,79.8,79.8,79.3,79.3,84.9,73.9,264500,HSX,stock,development,fold_1
2023-04-19,HPG,21.05,21.05,20.8,20.8,22.4,19.5,4503400,HSX,stock,development,fold_1
2023-04-19,MBB,18.25,18.3,18.1,18.1,19.4,16.9,1940900,HSX,stock,development,fold_1
2023-04-19,MWG,40.05,41.3,40.0,40.5,42.7,37.2,1464100,HSX,stock,development,fold_1
2023-04-19,PNJ,78.5,78.6,77.6,78.0,83.6,72.8,174800,HSX,stock,development,fold_1
2023-04-19,SSI,21.8,21.85,21.25,21.3,23.25,20.25,5223900,HSX,stock,development,fold_1
2023-04-19,TCB,29.2,29.4,29.0,29.0,31.15,27.15,1380500,HSX,stock,development,fold_1
2023-04-19,VCB,88.1,88.7,88.0,88.5,94.1,81.9,248100,HSX,stock,development,fold_1
2023-04-19,VND,15.3,15.35,14.85,14.9,16.25,14.15,6248100,HSX,stock,development,fold_1
2023-04-19,VPB,20.45,20.55,19.7,19.7,21.65,18.85,6384900,HSX,stock,development,fold_1
2023-04-20,FPT,79.8,79.8,79.2,79.4,84.8,73.8,200900,HSX,stock,development,fold_1
2023-04-20,HPG,20.8,20.9,20.75,20.8,22.25,19.35,3537100,HSX,stock,development,fold_1
2023-04-20,MBB,18.1,18.2,18.05,18.15,19.35,16.85,1597700,HSX,stock,development,fold_1
2023-04-20,MWG,40.5,40.5,39.9,40.4,43.3,37.7,780400,HSX,stock,development,fold_1
2023-04-20,PNJ,78.5,78.5,77.0,77.3,83.4,72.6,141800,HSX,stock,development,fold_1
2023-04-20,SSI,21.2,21.4,21.05,21.1,22.75,19.85,4515800,HSX,stock,development,fold_1
2023-04-20,TCB,28.9,29.0,28.55,28.85,31.0,27.0,1064100,HSX,stock,development,fold_1
2023-04-20,VCB,88.8,88.8,88.0,88.3,94.6,82.4,160400,HSX,stock,development,fold_1
2023-04-20,VND,14.9,14.95,14.8,14.85,15.9,13.9,3344900,HSX,stock,development,fold_1
2023-04-20,VPB,19.65,19.8,19.25,19.35,21.05,18.35,5144100,HSX,stock,development,fold_1
2023-04-21,FPT,80.0,80.0,79.3,79.3,84.9,73.9,195200,HSX,stock,development,fold_1
2023-04-21,HPG,20.8,20.85,20.7,20.7,22.25,19.35,5760400,HSX,stock,development,fold_1
2023-04-21,MBB,18.15,18.25,18.05,18.05,19.4,16.9,1967300,HSX,stock,development,fold_1
2023-04-21,MWG,40.4,40.4,39.3,39.3,43.2,37.6,1623800,HSX,stock,development,fold_1
2023-04-21,PNJ,77.8,78.1,76.6,77.0,82.7,71.9,155700,HSX,stock,development,fold_1
2023-04-21,SSI,21.4,22.2,21.35,21.65,22.55,19.65,12283600,HSX,stock,development,fold_1
2023-04-21,TCB,29.0,29.0,28.7,28.7,30.85,26.85,1257100,HSX,stock,development,fold_1
2023-04-21,VCB,88.0,88.1,87.4,87.5,94.4,82.2,195400,HSX,stock,development,fold_1
2023-04-21,VND,14.85,15.35,14.8,15.05,15.85,13.85,7170000,HSX,stock,development,fold_1
2023-04-21,VPB,19.35,19.6,19.35,19.45,20.7,18.0,3880900,HSX,stock,development,fold_1
2023-04-24,FPT,79.5,80.6,79.0,79.1,84.8,73.8,396800,HSX,stock,development,fold_1
2023-04-24,HPG,20.7,20.8,20.55,20.65,22.1,19.3,4289700,HSX,stock,development,fold_1
2023-04-24,MBB,18.05,18.3,18.0,18.25,19.3,16.8,2607300,HSX,stock,development,fold_1
2023-04-24,MWG,39.2,39.3,38.25,38.4,42.05,36.55,1442000,HSX,stock,development,fold_1
2023-04-24,PNJ,76.8,77.3,76.5,76.5,82.3,71.7,75300,HSX,stock,development,fold_1
2023-04-24,SSI,21.7,21.9,21.45,21.5,23.15,20.15,4076400,HSX,stock,development,fold_1
2023-04-24,TCB,28.7,29.75,28.65,29.5,30.7,26.7,1677500,HSX,stock,development,fold_1
2023-04-24,VCB,88.0,88.5,87.0,87.9,93.6,81.4,220900,HSX,stock,development,fold_1
2023-04-24,VND,15.05,15.15,14.75,14.95,16.1,14.0,3839500,HSX,stock,development,fold_1
2023-04-24,VPB,19.45,20.05,19.35,19.5,20.8,18.1,3213800,HSX,stock,development,fold_1
2023-04-25,FPT,79.1,79.3,78.3,78.4,84.6,73.6,233900,HSX,stock,development,fold_1
2023-04-25,HPG,20.8,21.25,20.7,21.05,22.05,19.25,8231600,HSX,stock,development,fold_1
2023-04-25,MBB,18.4,18.4,18.15,18.25,19.5,17.0,2354200,HSX,stock,development,fold_1
2023-04-25,MWG,38.6,38.8,37.5,37.7,41.05,35.75,1243700,HSX,stock,development,fold_1
2023-04-25,PNJ,76.5,77.0,75.5,75.5,81.8,71.2,166900,HSX,stock,development,fold_1
2023-04-25,SSI,21.65,21.7,20.95,21.1,23.0,20.0,7717500,HSX,stock,development,fold_1
2023-04-25,TCB,29.65,29.85,29.0,29.0,31.55,27.45,1178900,HSX,stock,development,fold_1
2023-04-25,VCB,88.2,88.5,87.5,88.3,94.0,81.8,369200,HSX,stock,development,fold_1
2023-04-25,VND,14.95,15.1,14.55,14.6,15.95,13.95,5464100,HSX,stock,development,fold_1
2023-04-25,VPB,19.7,19.75,19.25,19.3,20.85,18.15,3626400,HSX,stock,development,fold_1
2023-04-26,FPT,78.1,78.4,77.6,78.3,83.8,73.0,383000,HSX,stock,development,fold_1
2023-04-26,HPG,21.05,22.0,20.9,22.0,22.5,19.6,11426700,HSX,stock,development,fold_1
2023-04-26,MBB,18.25,18.35,18.1,18.35,19.5,17.0,2795500,HSX,stock,development,fold_1
2023-04-26,MWG,37.7,38.4,37.65,38.4,40.3,35.1,916700,HSX,stock,development,fold_1
2023-04-26,PNJ,75.5,75.8,74.0,75.6,80.7,70.3,285600,HSX,stock,development,fold_1
2023-04-26,SSI,21.1,21.35,20.7,21.35,22.55,19.65,7624200,HSX,stock,development,fold_1
2023-04-26,TCB,29.2,30.0,28.85,30.0,31.0,27.0,1738600,HSX,stock,development,fold_1
2023-04-26,VCB,88.0,89.5,87.9,89.4,94.4,82.2,385200,HSX,stock,development,fold_1
2023-04-26,VND,14.6,14.75,14.35,14.65,15.6,13.6,5730400,HSX,stock,development,fold_1
2023-04-26,VPB,19.3,19.4,19.1,19.35,20.65,17.95,4158600,HSX,stock,development,fold_1
2023-04-27,FPT,78.1,78.8,78.1,78.3,83.7,72.9,117000,HSX,stock,development,fold_1
2023-04-27,HPG,22.0,22.0,21.6,21.7,23.5,20.5,7656700,HSX,stock,development,fold_1
2023-04-27,MBB,18.4,18.45,18.3,18.4,19.6,17.1,1799600,HSX,stock,development,fold_1
2023-04-27,MWG,38.5,38.65,38.15,38.65,41.05,35.75,760300,HSX,stock,development,fold_1
2023-04-27,PNJ,75.9,76.7,74.7,75.7,80.8,70.4,234800,HSX,stock,development,fold_1
2023-04-27,SSI,21.4,21.45,21.1,21.15,22.8,19.9,4579000,HSX,stock,development,fold_1
2023-04-27,TCB,30.2,30.2,29.85,29.9,32.1,27.9,1049400,HSX,stock,development,fold_1
2023-04-27,VCB,88.7,90.5,88.4,90.0,95.6,83.2,307000,HSX,stock,development,fold_1
2023-04-27,VND,14.75,14.85,14.5,14.55,15.65,13.65,4429700,HSX,stock,development,fold_1
2023-04-27,VPB,19.35,19.7,19.35,19.4,20.7,18.0,2818000,HSX,stock,development,fold_1
2023-04-28,FPT,78.8,78.8,77.5,77.5,83.7,72.9,652000,HSX,stock,development,fold_1
2023-04-28,HPG,21.7,21.8,21.4,21.65,23.2,20.2,7622200,HSX,stock,development,fold_1
2023-04-28,MBB,18.5,18.55,18.35,18.45,19.65,17.15,2873700,HSX,stock,development,fold_1
2023-04-28,MWG,38.65,39.2,38.6,39.2,41.35,35.95,1563800,HSX,stock,development,fold_1
2023-04-28,PNJ,75.8,77.0,75.0,77.0,80.9,70.5,264600,HSX,stock,development,fold_1
2023-04-28,SSI,21.3,21.55,21.25,21.55,22.6,19.7,7738800,HSX,stock,development,fold_1
2023-04-28,TCB,29.95,29.95,29.5,29.5,31.95,27.85,1404600,HSX,stock,development,fold_1
2023-04-28,VCB,90.0,90.5,88.8,90.5,96.3,83.7,406200,HSX,stock,development,fold_1
2023-04-28,VND,14.7,14.9,14.6,14.9,15.55,13.55,6549100,HSX,stock,development,fold_1
2023-04-28,VPB,19.55,19.9,19.5,19.9,20.75,18.05,5496800,HSX,stock,development,fold_1
2023-05-04,FPT,77.8,78.7,77.6,78.5,82.9,72.1,277300,HSX,stock,development,fold_1
2023-05-04,HPG,21.45,21.6,21.2,21.3,23.15,20.15,6913500,HSX,stock,development,fold_1
2023-05-04,MBB,18.35,18.45,18.15,18.2,19.7,17.2,2535500,HSX,stock,development,fold_1
2023-05-04,MWG,38.1,38.9,37.9,37.9,41.9,36.5,1267700,HSX,stock,development,fold_1
2023-05-04,PNJ,77.0,77.0,76.0,76.1,82.3,71.7,135400,HSX,stock,development,fold_1
2023-05-04,SSI,21.35,21.9,21.3,21.75,23.05,20.05,7494800,HSX,stock,development,fold_1
2023-05-04,TCB,29.5,29.5,28.9,29.05,31.55,27.45,908600,HSX,stock,development,fold_1
2023-05-04,VCB,90.0,90.0,88.5,88.5,96.8,84.2,299700,HSX,stock,development,fold_1
2023-05-04,VND,14.75,15.15,14.75,15.0,15.9,13.9,5179800,HSX,stock,development,fold_1
2023-05-04,VPB,19.55,19.8,19.5,19.55,21.25,18.55,3198400,HSX,stock,development,fold_1
2023-05-05,FPT,78.6,78.6,78.2,78.4,83.9,73.1,173800,HSX,stock,development,fold_1
2023-05-05,HPG,21.3,21.7,21.2,21.45,22.75,19.85,4526800,HSX,stock,development,fold_1
2023-05-05,MBB,18.2,18.25,18.1,18.1,19.45,16.95,2089700,HSX,stock,development,fold_1
2023-05-05,MWG,37.9,38.1,37.65,37.8,40.55,35.25,527900,HSX,stock,development,fold_1
2023-05-05,PNJ,76.8,77.0,76.0,76.2,81.4,70.8,101400,HSX,stock,development,fold_1
2023-05-05,SSI,21.75,21.8,21.45,21.45,23.25,20.25,4069200,HSX,stock,development,fold_1
2023-05-05,TCB,29.05,29.2,28.45,28.7,31.05,27.05,1343200,HSX,stock,development,fold_1
2023-05-05,VCB,88.5,89.9,88.2,89.8,94.6,82.4,127900,HSX,stock,development,fold_1
2023-05-05,VND,14.9,15.05,14.75,14.75,16.05,13.95,3296000,HSX,stock,development,fold_1
2023-05-05,VPB,19.6,19.9,19.45,19.45,20.9,18.2,2796700,HSX,stock,development,fold_1
2023-05-08,FPT,78.5,78.9,78.4,78.5,83.8,73.0,190000,HSX,stock,development,fold_1
2023-05-08,HPG,21.55,21.75,21.45,21.6,22.95,19.95,4981200,HSX,stock,development,fold_1
2023-05-08,MBB,18.2,18.3,18.15,18.25,19.35,16.85,2020900,HSX,stock,development,fold_1
2023-05-08,MWG,37.8,38.25,37.8,37.85,40.4,35.2,648700,HSX,stock,development,fold_1
2023-05-08,PNJ,76.2,76.5,75.8,75.9,81.5,70.9,106000,HSX,stock,development,fold_1
2023-05-08,SSI,21.65,22.3,21.6,22.3,22.95,19.95,11825100,HSX,stock,development,fold_1
2023-05-08,TCB,28.9,29.4,28.7,29.4,30.7,26.7,1679000,HSX,stock,development,fold_1
2023-05-08,VCB,90.0,93.2,89.8,93.0,96.0,83.6,762500,HSX,stock,development,fold_1
2023-05-08,VND,14.85,15.15,14.85,15.15,15.75,13.75,6875000,HSX,stock,development,fold_1
2023-05-08,VPB,19.45,19.65,19.4,19.45,20.8,18.1,2685800,HSX,stock,development,fold_1
2023-05-09,FPT,78.6,79.8,78.6,78.9,83.9,73.1,278300,HSX,stock,development,fold_1
2023-05-09,HPG,21.6,22.15,21.6,21.8,23.1,20.1,7870000,HSX,stock,development,fold_1
2023-05-09,MBB,18.3,18.35,18.2,18.3,19.5,17.0,2086200,HSX,stock,development,fold_1
2023-05-09,MWG,37.85,38.35,37.85,37.95,40.45,35.25,480200,HSX,stock,development,fold_1
2023-05-09,PNJ,76.5,76.5,75.4,75.6,81.2,70.6,75600,HSX,stock,development,fold_1
2023-05-09,SSI,22.4,22.45,22.05,22.25,23.85,20.75,5930100,HSX,stock,development,fold_1
2023-05-09,TCB,29.45,29.5,29.05,29.3,31.45,27.35,1101600,HSX,stock,development,fold_1
2023-05-09,VCB,93.0,93.9,92.3,92.3,99.5,86.5,264000,HSX,stock,development,fold_1
2023-05-09,VND,15.15,15.2,15.0,15.05,16.2,14.1,3945300,HSX,stock,development,fold_1
2023-05-09,VPB,19.55,19.6,19.4,19.45,20.8,18.1,2475500,HSX,stock,development,fold_1
2023-05-10,FPT,79.0,79.6,79.0,79.0,84.4,73.4,380300,HSX,stock,development,fold_1
2023-05-10,HPG,21.8,21.9,21.65,21.7,23.3,20.3,4244800,HSX,stock,development,fold_1
2023-05-10,MBB,18.3,18.5,18.25,18.5,19.55,17.05,3109000,HSX,stock,development,fold_1
2023-05-10,MWG,38.05,39.0,37.9,39.0,40.6,35.3,1126400,HSX,stock,development,fold_1
2023-05-10,PNJ,75.6,75.8,75.1,75.2,80.8,70.4,164500,HSX,stock,development,fold_1
2023-05-10,SSI,22.25,22.7,22.25,22.5,23.8,20.7,7800400,HSX,stock,development,fold_1
2023-05-10,TCB,29.35,29.4,29.1,29.3,31.35,27.25,1402100,HSX,stock,development,fold_1
2023-05-10,VCB,91.9,93.0,91.6,92.0,98.7,85.9,209300,HSX,stock,development,fold_1
2023-05-10,VND,15.15,15.4,15.15,15.3,16.1,14.0,7964900,HSX,stock,development,fold_1
2023-05-10,VPB,19.5,19.6,19.45,19.55,20.8,18.1,3731300,HSX,stock,development,fold_1
2023-05-11,FPT,79.1,79.6,79.0,79.1,84.5,73.5,212000,HSX,stock,development,fold_1
2023-05-11,HPG,21.8,21.95,21.6,21.75,23.2,20.2,5626800,HSX,stock,development,fold_1
2023-05-11,MBB,18.6,18.65,18.45,18.5,19.75,17.25,3382100,HSX,stock,development,fold_1
2023-05-11,MWG,39.15,39.35,38.55,38.7,41.7,36.3,837600,HSX,stock,development,fold_1
2023-05-11,PNJ,75.2,75.8,74.8,75.0,80.4,70.0,157200,HSX,stock,development,fold_1
2023-05-11,SSI,22.5,22.9,22.4,22.4,24.05,20.95,8131100,HSX,stock,development,fold_1
2023-05-11,TCB,29.5,29.5,29.1,29.1,31.35,27.25,1196700,HSX,stock,development,fold_1
2023-05-11,VCB,92.0,92.1,91.0,91.0,98.4,85.6,262900,HSX,stock,development,fold_1
2023-05-11,VND,15.4,15.8,15.35,15.55,16.35,14.25,9822600,HSX,stock,development,fold_1
2023-05-11,VPB,19.6,19.85,19.6,19.8,20.9,18.2,3227900,HSX,stock,development,fold_1
2023-05-12,FPT,79.3,80.6,78.8,80.5,84.6,73.6,534200,HSX,stock,development,fold_1
2023-05-12,HPG,21.75,22.5,21.6,22.35,23.25,20.25,15911200,HSX,stock,development,fold_1
2023-05-12,MBB,18.55,18.65,18.4,18.65,19.75,17.25,3397100,HSX,stock,development,fold_1
2023-05-12,MWG,38.75,39.1,38.2,39.0,41.4,36.0,941900,HSX,stock,development,fold_1
2023-05-12,PNJ,75.0,75.2,74.4,75.0,80.2,69.8,118300,HSX,stock,development,fold_1
2023-05-12,SSI,22.35,23.25,22.3,23.25,23.95,20.85,11012500,HSX,stock,development,fold_1
2023-05-12,TCB,29.1,29.3,29.0,29.3,31.1,27.1,1363400,HSX,stock,development,fold_1
2023-05-12,VCB,91.0,92.8,90.8,92.8,97.3,84.7,472700,HSX,stock,development,fold_1
2023-05-12,VND,15.55,15.85,15.4,15.85,16.6,14.5,9560200,HSX,stock,development,fold_1
2023-05-12,VPB,19.8,19.85,19.55,19.75,21.15,18.45,3484900,HSX,stock,development,fold_1
2023-05-15,FPT,81.4,81.8,80.8,81.0,86.1,74.9,477200,HSX,stock,development,fold_1
2023-05-15,HPG,22.45,22.6,22.1,22.1,23.9,20.8,7363700,HSX,stock,development,fold_1
2023-05-15,MBB,18.75,19.1,18.7,18.85,19.95,17.35,8153400,HSX,stock,development,fold_1
2023-05-15,MWG,39.15,39.4,38.85,38.9,41.7,36.3,1346000,HSX,stock,development,fold_1
2023-05-15,PNJ,75.0,75.5,75.0,75.2,80.2,69.8,117200,HSX,stock,development,fold_1
2023-05-15,SSI,23.5,23.6,22.9,22.9,24.85,21.65,8037400,HSX,stock,development,fold_1
2023-05-15,TCB,29.45,30.15,29.4,29.9,31.35,27.25,3953700,HSX,stock,development,fold_1
2023-05-15,VCB,92.0,93.0,91.2,91.7,99.2,86.4,238500,HSX,stock,development,fold_1
2023-05-15,VND,16.0,16.1,15.5,15.5,16.95,14.75,9572800,HSX,stock,development,fold_1
2023-05-15,VPB,19.8,20.2,19.75,19.8,21.1,18.4,6177200,HSX,stock,development,fold_1
2023-05-16,FPT,81.0,81.7,80.8,81.5,86.6,75.4,336200,HSX,stock,development,fold_1
2023-05-16,HPG,22.1,22.3,21.9,22.0,23.6,20.6,6622900,HSX,stock,development,fold_1
2023-05-16,MBB,18.85,18.95,18.7,18.8,20.15,17.55,3040800,HSX,stock,development,fold_1
2023-05-16,MWG,38.9,38.95,38.2,38.45,41.6,36.2,1043700,HSX,stock,development,fold_1
2023-05-16,PNJ,75.2,75.3,74.5,74.5,80.4,70.0,79300,HSX,stock,development,fold_1
2023-05-16,SSI,22.9,23.15,22.85,22.9,24.5,21.3,7999000,HSX,stock,development,fold_1
2023-05-16,TCB,30.1,30.1,29.75,29.8,31.95,27.85,995100,HSX,stock,development,fold_1
2023-05-16,VCB,92.0,93.1,91.3,92.6,98.1,85.3,311900,HSX,stock,development,fold_1
2023-05-16,VND,15.5,15.8,15.45,15.6,16.55,14.45,6392600,HSX,stock,development,fold_1
2023-05-16,VPB,19.9,19.9,19.6,19.6,21.15,18.45,3175600,HSX,stock,development,fold_1
2023-05-17,FPT,81.9,82.7,81.1,81.5,87.2,75.8,498300,HSX,stock,development,fold_1
2023-05-17,HPG,22.0,22.1,21.75,21.8,23.5,20.5,9809200,HSX,stock,development,fold_1
2023-05-17,MBB,18.75,18.8,18.45,18.45,20.1,17.5,4776500,HSX,stock,development,fold_1
2023-05-17,MWG,38.45,38.65,37.95,38.15,41.1,35.8,614900,HSX,stock,development,fold_1
2023-05-17,PNJ,74.2,74.8,74.2,74.6,79.7,69.3,117200,HSX,stock,development,fold_1
2023-05-17,SSI,22.9,23.0,22.4,22.45,24.5,21.3,9760500,HSX,stock,development,fold_1
2023-05-17,TCB,29.7,29.9,29.25,29.25,31.85,27.75,1833100,HSX,stock,development,fold_1
2023-05-17,VCB,92.5,93.0,92.3,92.8,99.0,86.2,347600,HSX,stock,development,fold_1
2023-05-17,VND,15.55,15.7,15.25,15.25,16.65,14.55,7447400,HSX,stock,development,fold_1
2023-05-17,VPB,19.6,19.65,19.2,19.2,20.95,18.25,4798700,HSX,stock,development,fold_1
2023-05-18,FPT,81.8,83.0,81.4,82.9,87.2,75.8,699300,HSX,stock,development,fold_1
2023-05-18,HPG,21.9,22.2,21.8,21.95,23.3,20.3,7982200,HSX,stock,development,fold_1
2023-05-18,MBB,18.55,18.65,18.45,18.6,19.7,17.2,3151100,HSX,stock,development,fold_1
2023-05-18,MWG,38.55,38.7,38.1,38.1,40.8,35.5,1092800,HSX,stock,development,fold_1
2023-05-18,PNJ,74.6,74.6,73.5,73.5,79.8,69.4,160000,HSX,stock,development,fold_1
2023-05-18,SSI,22.6,23.15,22.45,22.8,24.0,20.9,11785900,HSX,stock,development,fold_1
2023-05-18,TCB,29.25,29.7,29.25,29.55,31.25,27.25,1887800,HSX,stock,development,fold_1
2023-05-18,VCB,92.9,96.0,92.2,95.0,99.2,86.4,879800,HSX,stock,development,fold_1
2023-05-18,VND,15.35,15.8,15.25,15.5,16.3,14.2,8025700,HSX,stock,development,fold_1
2023-05-18,VPB,19.3,19.5,19.2,19.25,20.5,17.9,3857800,HSX,stock,development,fold_1
2023-05-19,FPT,83.0,83.3,81.8,82.8,88.7,77.1,526100,HSX,stock,development,fold_1
2023-05-19,HPG,22.0,22.1,21.65,21.8,23.45,20.45,4858300,HSX,stock,development,fold_1
2023-05-19,MBB,18.6,18.7,18.55,18.65,19.9,17.3,1886000,HSX,stock,development,fold_1
2023-05-19,MWG,38.1,38.3,37.8,38.3,40.75,35.45,735800,HSX,stock,development,fold_1
2023-05-19,PNJ,73.8,73.8,72.5,72.5,78.6,68.4,133200,HSX,stock,development,fold_1
2023-05-19,SSI,22.8,23.3,22.65,22.9,24.35,21.25,7053400,HSX,stock,development,fold_1
2023-05-19,TCB,29.55,29.75,29.25,29.65,31.6,27.5,1784100,HSX,stock,development,fold_1
2023-05-19,VCB,94.5,94.9,92.6,94.2,101.6,88.4,196600,HSX,stock,development,fold_1
2023-05-19,VND,15.6,16.25,15.5,16.1,16.55,14.45,24624300,HSX,stock,development,fold_1
2023-05-19,VPB,19.3,19.4,19.2,19.3,20.55,17.95,3074300,HSX,stock,development,fold_1
2023-05-22,FPT,82.8,82.8,82.0,82.5,88.5,77.1,362600,HSX,stock,development,fold_1
2023-05-22,HPG,21.8,22.1,21.75,21.9,23.3,20.3,7245000,HSX,stock,development,fold_1
2023-05-22,MBB,18.7,18.9,18.65,18.85,19.95,17.35,3901700,HSX,stock,development,fold_1
2023-05-22,MWG,38.35,38.65,38.05,38.55,40.95,35.65,754700,HSX,stock,development,fold_1
2023-05-22,PNJ,72.9,73.0,72.0,72.1,77.5,67.5,118100,HSX,stock,development,fold_1
2023-05-22,SSI,23.1,23.2,22.85,22.9,24.5,21.3,7080800,HSX,stock,development,fold_1
2023-05-22,TCB,29.7,30.6,29.7,30.5,31.7,27.6,3898900,HSX,stock,development,fold_1
2023-05-22,VCB,93.0,93.9,92.2,93.1,100.7,87.7,372700,HSX,stock,development,fold_1
2023-05-22,VND,16.25,16.5,16.1,16.2,17.2,15.0,10403600,HSX,stock,development,fold_1
2023-05-22,VPB,19.3,19.7,19.3,19.7,20.65,17.95,5049300,HSX,stock,development,fold_1
2023-05-23,FPT,82.5,82.5,81.4,82.0,88.2,76.8,294100,HSX,stock,development,fold_1
2023-05-23,HPG,21.95,22.05,21.6,21.7,23.4,20.4,6203200,HSX,stock,development,fold_1
2023-05-23,MBB,18.9,19.0,18.7,18.75,20.15,17.55,3193600,HSX,stock,development,fold_1
2023-05-23,MWG,38.65,38.8,38.2,38.25,41.2,35.9,705200,HSX,stock,development,fold_1
2023-05-23,PNJ,73.3,73.5,72.1,72.2,77.1,67.1,315100,HSX,stock,development,fold_1
2023-05-23,SSI,23.0,23.3,22.8,22.85,24.5,21.3,8359200,HSX,stock,development,fold_1
2023-05-23,TCB,30.7,30.7,30.0,30.35,32.6,28.4,1988700,HSX,stock,development,fold_1
2023-05-23,VCB,93.0,93.6,92.1,92.8,99.6,86.6,353300,HSX,stock,development,fold_1
2023-05-23,VND,16.3,16.7,16.2,16.45,17.3,15.1,17390600,HSX,stock,development,fold_1
2023-05-23,VPB,19.75,19.8,19.5,19.55,21.05,18.35,3568100,HSX,stock,development,fold_1
2023-05-24,FPT,82.0,82.1,81.1,81.3,87.7,76.3,252100,HSX,stock,development,fold_1
2023-05-24,HPG,21.9,21.9,21.3,21.3,23.2,20.2,7792200,HSX,stock,development,fold_1
2023-05-24,MBB,18.8,18.85,18.55,18.6,20.05,17.45,2428300,HSX,stock,development,fold_1
2023-05-24,MWG,38.4,38.45,37.9,37.95,40.9,35.6,579100,HSX,stock,development,fold_1
2023-05-24,PNJ,72.7,72.7,71.4,71.5,77.2,67.2,204100,HSX,stock,development,fold_1
2023-05-24,SSI,23.15,23.2,22.7,22.7,24.4,21.3,10840300,HSX,stock,development,fold_1
2023-05-24,TCB,30.4,30.55,29.75,29.8,32.45,28.25,2233000,HSX,stock,development,fold_1
2023-05-24,VCB,92.8,92.8,91.9,92.6,99.2,86.4,196800,HSX,stock,development,fold_1
2023-05-24,VND,16.7,16.7,16.1,16.1,17.6,15.3,16233700,HSX,stock,development,fold_1
2023-05-24,VPB,19.65,19.7,19.4,19.4,20.9,18.2,4361700,HSX,stock,development,fold_1
2023-05-25,FPT,81.2,83.4,81.0,83.2,86.9,75.7,607000,HSX,stock,development,fold_1
2023-05-25,HPG,21.3,21.45,21.2,21.2,22.75,19.85,5683200,HSX,stock,development,fold_1
2023-05-25,MBB,18.6,18.6,18.45,18.45,19.9,17.3,1982500,HSX,stock,development,fold_1
2023-05-25,MWG,37.95,38.4,37.8,38.0,40.6,35.3,637600,HSX,stock,development,fold_1
2023-05-25,PNJ,71.3,71.8,71.0,71.2,76.5,66.5,192700,HSX,stock,development,fold_1
2023-05-25,SSI,22.6,22.7,22.45,22.5,24.25,21.15,6766100,HSX,stock,development,fold_1
2023-05-25,TCB,29.8,29.9,29.6,29.8,31.85,27.75,1431600,HSX,stock,development,fold_1
2023-05-25,VCB,92.6,94.0,91.4,93.2,99.0,86.2,363200,HSX,stock,development,fold_1
2023-05-25,VND,16.0,16.15,15.8,15.85,17.2,15.0,11108100,HSX,stock,development,fold_1
2023-05-25,VPB,19.35,19.45,19.2,19.2,20.75,18.05,3022400,HSX,stock,development,fold_1
2023-05-26,FPT,83.1,83.4,82.3,83.1,89.0,77.4,447800,HSX,stock,development,fold_1
2023-05-26,HPG,21.3,21.4,20.85,21.1,22.65,19.75,5836500,HSX,stock,development,fold_1
2023-05-26,MBB,18.5,18.5,18.4,18.45,19.7,17.2,1984600,HSX,stock,development,fold_1
2023-05-26,MWG,38.05,38.4,38.0,38.2,40.65,35.35,472700,HSX,stock,development,fold_1
2023-05-26,PNJ,71.9,72.1,71.3,72.0,76.1,66.3,142100,HSX,stock,development,fold_1
2023-05-26,SSI,22.55,22.7,22.5,22.55,24.05,20.95,4177200,HSX,stock,development,fold_1
2023-05-26,TCB,29.9,29.95,29.65,29.9,31.85,27.75,958100,HSX,stock,development,fold_1
2023-05-26,VCB,93.2,93.5,92.0,92.0,99.7,86.7,199700,HSX,stock,development,fold_1
2023-05-26,VND,15.95,16.2,15.85,15.95,16.95,14.75,8228800,HSX,stock,development,fold_1
2023-05-26,VPB,19.3,19.3,19.1,19.15,20.5,17.9,2815900,HSX,stock,development,fold_1
2023-05-29,FPT,83.5,83.7,82.9,83.1,88.9,77.3,520000,HSX,stock,development,fold_1
2023-05-29,HPG,21.3,21.45,21.2,21.45,22.55,19.65,5059000,HSX,stock,development,fold_1
2023-05-29,MBB,18.6,18.75,18.5,18.75,19.7,17.2,2916700,HSX,stock,development,fold_1
2023-05-29,MWG,38.45,38.7,38.15,38.7,40.85,35.55,1017800,HSX,stock,development,fold_1
2023-05-29,PNJ,72.1,72.4,71.1,71.4,77.0,67.0,105100,HSX,stock,development,fold_1
2023-05-29,SSI,22.85,23.45,22.75,23.4,24.1,21.0,8744100,HSX,stock,development,fold_1
2023-05-29,TCB,30.0,30.2,29.8,30.2,31.95,27.85,1420100,HSX,stock,development,fold_1
2023-05-29,VCB,92.0,95.0,92.0,93.1,98.4,85.6,335400,HSX,stock,development,fold_1
2023-05-29,VND,16.2,17.05,16.15,17.05,17.05,14.85,15007500,HSX,stock,development,fold_1
2023-05-29,VPB,19.2,19.45,19.2,19.35,20.45,17.85,3256300,HSX,stock,development,fold_1
2023-05-30,FPT,83.0,84.9,82.9,84.0,88.9,77.3,858500,HSX,stock,development,fold_1
2023-05-30,HPG,21.5,21.6,21.25,21.35,22.95,19.95,5667000,HSX,stock,development,fold_1
2023-05-30,MBB,18.8,18.85,18.65,18.75,20.05,17.45,3047300,HSX,stock,development,fold_1
2023-05-30,MWG,38.85,39.8,38.85,39.4,41.4,36.0,2168900,HSX,stock,development,fold_1
2023-05-30,PNJ,71.4,71.8,70.9,71.1,76.3,66.5,203800,HSX,stock,development,fold_1
2023-05-30,SSI,23.5,23.6,23.1,23.35,25.0,21.8,6593300,HSX,stock,development,fold_1
2023-05-30,TCB,30.4,30.45,30.0,30.2,32.3,28.1,1186500,HSX,stock,development,fold_1
2023-05-30,VCB,93.1,94.8,92.4,94.5,99.6,86.6,329500,HSX,stock,development,fold_1
2023-05-30,VND,17.25,17.45,17.05,17.4,18.2,15.9,18544900,HSX,stock,development,fold_1
2023-05-30,VPB,19.5,19.5,19.35,19.45,20.7,18.0,4210100,HSX,stock,development,fold_1
2023-05-31,FPT,84.2,84.2,83.1,84.1,89.8,78.2,440800,HSX,stock,development,fold_1
2023-05-31,HPG,21.4,21.45,21.15,21.2,22.8,19.9,6123500,HSX,stock,development,fold_1
2023-05-31,MBB,18.8,18.85,18.6,18.6,20.05,17.45,3564100,HSX,stock,development,fold_1
2023-05-31,MWG,39.3,39.45,38.95,39.2,42.15,36.65,933000,HSX,stock,development,fold_1
2023-05-31,PNJ,71.2,71.3,70.8,70.9,76.0,66.2,164100,HSX,stock,development,fold_1
2023-05-31,SSI,23.25,23.5,23.0,23.15,24.95,21.75,7538200,HSX,stock,development,fold_1
2023-05-31,TCB,30.2,30.3,29.9,29.95,32.3,28.1,2032600,HSX,stock,development,fold_1
2023-05-31,VCB,93.9,94.1,93.1,94.0,101.1,87.9,232500,HSX,stock,development,fold_1
2023-05-31,VND,17.4,17.85,17.25,17.5,18.6,16.2,14848800,HSX,stock,development,fold_1
2023-05-31,VPB,19.55,19.55,19.25,19.3,20.8,18.1,3556900,HSX,stock,development,fold_1
2023-06-01,FPT,84.0,84.0,83.1,83.5,89.9,78.3,300700,HSX,stock,development,fold_1
2023-06-01,HPG,21.15,21.4,21.05,21.4,22.65,19.75,4727200,HSX,stock,development,fold_1
2023-06-01,MBB,18.6,18.8,18.55,18.8,19.9,17.3,4138600,HSX,stock,development,fold_1
2023-06-01,MWG,39.35,39.5,38.7,39.3,41.9,36.5,1294300,HSX,stock,development,fold_1
2023-06-01,PNJ,70.9,71.1,70.1,70.3,75.8,66.0,164400,HSX,stock,development,fold_1
2023-06-01,SSI,23.2,23.6,23.05,23.45,24.75,21.55,6873100,HSX,stock,development,fold_1
2023-06-01,TCB,30.0,30.3,29.75,30.3,32.0,27.9,2415400,HSX,stock,development,fold_1
2023-06-01,VCB,94.6,94.6,93.2,93.9,100.5,87.5,284800,HSX,stock,development,fold_1
2023-06-01,VND,17.5,18.3,17.3,18.2,18.7,16.3,12373600,HSX,stock,development,fold_1
2023-06-01,VPB,19.3,19.4,19.2,19.4,20.65,17.95,4825300,HSX,stock,development,fold_1
2023-06-02,FPT,83.5,84.3,83.1,83.8,89.3,77.7,386000,HSX,stock,development,fold_1
2023-06-02,HPG,21.5,21.8,21.45,21.6,22.85,19.95,8730300,HSX,stock,development,fold_1
2023-06-02,MBB,19.1,19.85,19.05,19.7,20.1,17.5,13863700,HSX,stock,development,fold_1
2023-06-02,MWG,39.45,40.85,39.2,40.8,42.05,36.55,2596100,HSX,stock,development,fold_1
2023-06-02,PNJ,70.9,73.0,70.4,73.0,75.2,65.4,331900,HSX,stock,development,fold_1
2023-06-02,SSI,23.8,24.35,23.7,24.1,25.05,21.85,11120400,HSX,stock,development,fold_1
2023-06-02,TCB,30.8,32.2,30.7,32.2,32.4,28.2,5873800,HSX,stock,development,fold_1
2023-06-02,VCB,93.9,95.0,93.3,94.9,100.4,87.4,395800,HSX,stock,development,fold_1
2023-06-02,VND,18.35,18.65,18.1,18.3,19.45,16.95,11976900,HSX,stock,development,fold_1
2023-06-02,VPB,19.6,20.2,19.55,19.85,20.75,18.05,10580000,HSX,stock,development,fold_1
2023-06-05,FPT,83.9,85.2,83.8,85.0,89.6,78.0,823700,HSX,stock,development,fold_1
2023-06-05,HPG,21.8,22.05,21.6,21.65,23.1,20.1,8279200,HSX,stock,development,fold_1
2023-06-05,MBB,19.9,20.1,19.75,19.8,21.05,18.35,8374200,HSX,stock,development,fold_1
2023-06-05,MWG,41.0,41.6,40.8,41.2,43.65,37.95,3003100,HSX,stock,development,fold_1
2023-06-05,PNJ,74.3,74.3,73.0,73.7,78.1,67.9,317500,HSX,stock,development,fold_1
2023-06-05,SSI,24.45,24.6,23.9,24.1,25.75,22.45,8095500,HSX,stock,development,fold_1
2023-06-05,TCB,32.45,32.8,31.9,31.9,34.45,29.95,2624500,HSX,stock,development,fold_1
2023-06-05,VCB,95.2,98.7,95.2,98.0,101.5,88.3,612800,HSX,stock,development,fold_1
2023-06-05,VND,18.6,18.6,17.95,18.05,19.55,17.05,16408100,HSX,stock,development,fold_1
2023-06-05,VPB,20.1,20.15,19.75,19.75,21.2,18.5,6334200,HSX,stock,development,fold_1
2023-06-06,FPT,85.3,85.3,84.7,85.3,90.9,79.1,267800,HSX,stock,development,fold_1
2023-06-06,HPG,21.7,21.85,21.55,21.75,23.15,20.15,6227000,HSX,stock,development,fold_1
2023-06-06,MBB,19.9,20.45,19.8,20.45,21.15,18.45,9714200,HSX,stock,development,fold_1
2023-06-06,MWG,41.2,42.05,41.05,41.8,44.05,38.35,2159600,HSX,stock,development,fold_1
2023-06-06,PNJ,73.1,73.4,72.4,72.8,78.8,68.6,289300,HSX,stock,development,fold_1
2023-06-06,SSI,24.1,25.3,23.9,25.15,25.75,22.45,14056500,HSX,stock,development,fold_1
2023-06-06,TCB,31.9,32.7,31.75,32.7,34.1,29.7,3048300,HSX,stock,development,fold_1
2023-06-06,VCB,98.0,99.0,96.5,99.0,104.8,91.2,380300,HSX,stock,development,fold_1
2023-06-06,VND,18.05,19.3,17.95,19.3,19.3,16.8,17818900,HSX,stock,development,fold_1
2023-06-06,VPB,19.75,20.0,19.7,19.85,21.1,18.4,6613700,HSX,stock,development,fold_1
2023-06-07,FPT,85.0,85.4,84.3,85.0,91.2,79.4,439500,HSX,stock,development,fold_1
2023-06-07,HPG,22.0,22.8,22.0,22.6,23.25,20.25,21378700,HSX,stock,development,fold_1
2023-06-07,MBB,20.45,20.55,20.25,20.35,21.85,19.05,6359000,HSX,stock,development,fold_1
2023-06-07,MWG,41.8,41.95,41.05,41.8,44.7,38.9,2204200,HSX,stock,development,fold_1
2023-06-07,PNJ,72.8,72.8,71.9,72.6,77.8,67.8,323000,HSX,stock,development,fold_1
2023-06-07,SSI,25.15,25.4,24.9,25.1,26.9,23.4,8155500,HSX,stock,development,fold_1
2023-06-07,TCB,32.55,32.75,32.2,32.6,34.95,30.45,2130700,HSX,stock,development,fold_1
2023-06-07,VCB,99.0,99.0,97.0,97.0,105.9,92.1,401200,HSX,stock,development,fold_1
2023-06-07,VND,19.45,19.45,19.0,19.25,20.65,17.95,11566100,HSX,stock,development,fold_1
2023-06-07,VPB,20.0,20.1,19.75,19.9,21.2,18.5,7311900,HSX,stock,development,fold_1
2023-06-08,FPT,84.7,84.9,83.5,83.6,90.9,79.1,584500,HSX,stock,development,fold_1
2023-06-08,HPG,22.7,23.15,22.7,22.8,24.15,21.05,16113600,HSX,stock,development,fold_1
2023-06-08,MBB,20.35,20.45,20.0,20.0,21.75,18.95,6579300,HSX,stock,development,fold_1
2023-06-08,MWG,42.0,42.0,40.6,40.65,44.7,38.9,2153700,HSX,stock,development,fold_1
2023-06-08,PNJ,72.6,72.8,72.0,72.2,77.6,67.6,256800,HSX,stock,development,fold_1
2023-06-08,SSI,25.3,25.4,24.3,24.3,26.85,23.35,15750500,HSX,stock,development,fold_1
2023-06-08,TCB,32.7,32.75,31.75,31.75,34.85,30.35,3061400,HSX,stock,development,fold_1
2023-06-08,VCB,97.0,101.7,97.0,100.0,103.7,90.3,681100,HSX,stock,development,fold_1
2023-06-08,VND,19.2,19.5,18.1,18.1,20.55,17.95,24643800,HSX,stock,development,fold_1
2023-06-08,VPB,19.9,20.05,19.5,19.5,21.25,18.55,8289600,HSX,stock,development,fold_1
2023-06-09,FPT,84.3,84.7,83.7,84.6,89.4,77.8,407000,HSX,stock,development,fold_1
2023-06-09,HPG,22.8,22.9,22.5,22.9,24.35,21.25,10180500,HSX,stock,development,fold_1
2023-06-09,MBB,20.1,20.25,20.0,20.25,21.4,18.6,5332800,HSX,stock,development,fold_1
2023-06-09,MWG,41.0,41.4,40.5,41.4,43.45,37.85,2067600,HSX,stock,development,fold_1
2023-06-09,PNJ,72.2,72.2,71.5,72.0,76.6,66.6,434000,HSX,stock,development,fold_1
2023-06-09,SSI,24.5,25.25,24.25,25.25,26.0,22.6,9897100,HSX,stock,development,fold_1
2023-06-09,TCB,31.8,32.5,31.6,32.4,33.95,29.55,2261000,HSX,stock,development,fold_1
2023-06-09,VCB,100.0,102.0,99.0,100.5,107.0,93.0,404200,HSX,stock,development,fold_1
2023-06-09,VND,18.3,19.0,18.1,18.95,19.35,16.85,17119900,HSX,stock,development,fold_1
2023-06-09,VPB,19.6,19.6,19.3,19.5,20.85,18.15,4489100,HSX,stock,development,fold_1
2023-06-12,FPT,84.5,84.9,83.6,84.9,90.5,78.7,336800,HSX,stock,development,fold_1
2023-06-12,HPG,23.1,23.15,22.5,22.95,24.5,21.3,10584200,HSX,stock,development,fold_1
2023-06-12,MBB,20.3,20.4,20.0,20.35,21.65,18.85,4199300,HSX,stock,development,fold_1
2023-06-12,MWG,41.65,43.0,41.5,43.0,44.25,38.55,3037900,HSX,stock,development,fold_1
2023-06-12,PNJ,71.7,72.5,71.4,72.5,77.0,67.0,309500,HSX,stock,development,fold_1
2023-06-12,SSI,25.25,25.4,24.7,25.35,27.0,23.5,7689300,HSX,stock,development,fold_1
2023-06-12,TCB,32.25,32.85,31.9,32.7,34.65,30.15,1816900,HSX,stock,development,fold_1
2023-06-12,VCB,99.9,101.5,98.1,101.0,107.5,93.5,215200,HSX,stock,development,fold_1
2023-06-12,VND,19.0,19.05,18.35,18.85,20.25,17.65,10921500,HSX,stock,development,fold_1
2023-06-12,VPB,19.7,19.7,19.35,19.6,20.85,18.15,3822000,HSX,stock,development,fold_1
2023-06-13,FPT,84.4,84.9,84.3,84.4,90.8,79.0,268600,HSX,stock,development,fold_1
2023-06-13,HPG,23.0,23.45,22.9,23.4,24.55,21.35,14121400,HSX,stock,development,fold_1
2023-06-13,MBB,20.4,20.4,20.15,20.3,21.75,18.95,4754000,HSX,stock,development,fold_1
2023-06-13,MWG,43.4,43.4,42.6,43.0,46.0,40.0,1653100,HSX,stock,development,fold_1
2023-06-13,PNJ,72.8,74.5,72.7,73.3,77.5,67.5,678100,HSX,stock,development,fold_1
2023-06-13,SSI,25.5,25.7,25.1,25.35,27.1,23.6,8443200,HSX,stock,development,fold_1
2023-06-13,TCB,32.7,32.9,32.4,32.8,34.95,30.45,1805800,HSX,stock,development,fold_1
2023-06-13,VCB,100.0,103.0,99.7,102.5,108.0,94.0,526700,HSX,stock,development,fold_1
2023-06-13,VND,18.95,19.05,18.6,18.65,20.15,17.55,12332500,HSX,stock,development,fold_1
2023-06-13,VPB,19.7,19.75,19.4,19.5,20.95,18.25,4094300,HSX,stock,development,fold_1
2023-06-14,FPT,84.3,84.8,84.1,84.2,90.3,78.5,359900,HSX,stock,development,fold_1
2023-06-14,HPG,23.45,23.45,23.1,23.1,25.0,21.8,9350800,HSX,stock,development,fold_1
2023-06-14,MBB,20.1,20.2,19.75,19.75,21.15,18.45,4172500,HSX,stock,development,fold_1
2023-06-14,MWG,43.0,43.0,42.05,42.05,46.0,40.0,1388900,HSX,stock,development,fold_1
2023-06-14,PNJ,73.3,74.0,72.8,72.8,78.4,68.2,244500,HSX,stock,development,fold_1
2023-06-14,SSI,25.5,26.2,25.35,25.4,27.1,23.6,8577700,HSX,stock,development,fold_1
2023-06-14,TCB,33.0,33.45,32.55,32.6,35.05,30.55,2259700,HSX,stock,development,fold_1
2023-06-14,VCB,102.4,104.0,101.5,102.6,109.6,95.4,378500,HSX,stock,development,fold_1
2023-06-14,VND,18.8,19.15,18.65,18.7,19.95,17.35,13427400,HSX,stock,development,fold_1
2023-06-14,VPB,19.6,20.1,19.55,19.75,20.85,18.15,8517800,HSX,stock,development,fold_1
2023-06-15,FPT,84.2,84.4,83.6,84.1,90.0,78.4,420000,HSX,stock,development,fold_1
2023-06-15,HPG,23.0,23.25,23.0,23.15,24.7,21.5,8130600,HSX,stock,development,fold_1
2023-06-15,MBB,19.75,19.85,19.65,19.7,21.1,18.4,5480700,HSX,stock,development,fold_1
2023-06-15,MWG,42.05,42.4,41.45,41.7,44.95,39.15,1447000,HSX,stock,development,fold_1
2023-06-15,PNJ,72.7,73.5,72.5,73.3,77.8,67.8,243400,HSX,stock,development,fold_1
2023-06-15,SSI,25.5,25.8,25.45,25.7,27.15,23.65,6965000,HSX,stock,development,fold_1
2023-06-15,TCB,32.6,32.9,32.4,32.65,34.85,30.35,2128300,HSX,stock,development,fold_1
2023-06-15,VCB,102.5,103.7,101.6,103.5,109.7,95.5,456500,HSX,stock,development,fold_1
2023-06-15,VND,18.7,19.1,18.65,19.1,20.0,17.4,15413100,HSX,stock,development,fold_1
2023-06-15,VPB,19.75,19.85,19.55,19.7,21.1,18.4,4246900,HSX,stock,development,fold_1
2023-06-16,FPT,84.1,86.2,83.4,84.5,89.9,78.3,1166100,HSX,stock,development,fold_1
2023-06-16,HPG,23.25,23.8,23.15,23.45,24.75,21.55,15087300,HSX,stock,development,fold_1
2023-06-16,MBB,19.85,20.2,19.7,19.7,21.05,18.35,6008700,HSX,stock,development,fold_1
2023-06-16,MWG,41.95,42.3,41.15,41.35,44.6,38.8,2234100,HSX,stock,development,fold_1
2023-06-16,PNJ,73.5,74.0,72.6,72.8,78.4,68.2,505200,HSX,stock,development,fold_1
2023-06-16,SSI,26.05,27.2,26.05,26.1,27.45,23.95,14595800,HSX,stock,development,fold_1
2023-06-16,TCB,32.65,33.45,32.5,32.55,34.9,30.4,3356800,HSX,stock,development,fold_1
2023-06-16,VCB,104.2,106.4,103.2,105.0,110.7,96.3,924400,HSX,stock,development,fold_1
2023-06-16,VND,19.4,20.4,19.35,19.4,20.4,17.8,27632700,HSX,stock,development,fold_1
2023-06-16,VPB,19.85,20.1,19.5,19.55,21.05,18.35,12504800,HSX,stock,development,fold_1
2023-06-19,FPT,84.7,85.5,84.5,84.7,90.4,78.6,393900,HSX,stock,development,fold_1
2023-06-19,HPG,23.45,23.5,23.3,23.35,25.05,21.85,6376400,HSX,stock,development,fold_1
2023-06-19,MBB,19.7,19.8,19.55,19.55,21.05,18.35,3541700,HSX,stock,development,fold_1
2023-06-19,MWG,41.35,41.7,41.1,41.5,44.2,38.5,930300,HSX,stock,development,fold_1
2023-06-19,PNJ,72.7,72.8,71.2,72.3,77.8,67.8,427700,HSX,stock,development,fold_1
2023-06-19,SSI,26.3,26.7,26.1,26.4,27.9,24.3,6804000,HSX,stock,development,fold_1
2023-06-19,TCB,32.55,32.55,31.95,32.1,34.8,30.3,1559300,HSX,stock,development,fold_1
2023-06-19,VCB,103.6,104.1,101.7,101.7,112.3,97.7,622600,HSX,stock,development,fold_1
2023-06-19,VND,19.6,19.75,19.2,19.2,20.75,18.05,12161500,HSX,stock,development,fold_1
2023-06-19,VPB,19.55,19.65,19.25,19.45,20.9,18.2,5021500,HSX,stock,development,fold_1
2023-06-20,FPT,85.0,85.8,84.7,85.5,90.6,78.8,456400,HSX,stock,development,fold_1
2023-06-20,HPG,23.35,23.65,23.3,23.65,24.95,21.75,6934700,HSX,stock,development,fold_1
2023-06-20,MBB,19.6,19.65,19.45,19.65,20.9,18.2,2584700,HSX,stock,development,fold_1
2023-06-20,MWG,41.6,42.5,41.6,42.5,44.4,38.6,1233500,HSX,stock,development,fold_1
2023-06-20,PNJ,72.3,72.3,71.0,72.3,77.3,67.3,455400,HSX,stock,development,fold_1
2023-06-20,SSI,25.8,25.95,24.95,25.7,27.15,23.65,8529800,HSX,stock,development,fold_1
2023-06-20,TCB,32.2,32.25,31.95,32.15,34.3,29.9,1049100,HSX,stock,development,fold_1
2023-06-20,VCB,101.1,101.1,99.8,99.9,108.8,94.6,883200,HSX,stock,development,fold_1
2023-06-20,VND,19.2,19.6,18.85,19.6,20.5,17.9,13142000,HSX,stock,development,fold_1
2023-06-20,VPB,19.45,19.55,19.25,19.5,20.8,18.1,5821900,HSX,stock,development,fold_1
2023-06-21,FPT,85.5,86.4,85.4,85.8,91.4,79.6,388900,HSX,stock,development,fold_1
2023-06-21,HPG,23.7,24.65,23.5,24.6,25.3,22.0,10491400,HSX,stock,development,fold_1
2023-06-21,MBB,19.7,19.85,19.65,19.85,21.0,18.3,3288400,HSX,stock,development,fold_1
2023-06-21,MWG,42.5,42.7,42.2,42.7,45.45,39.55,1212200,HSX,stock,development,fold_1
2023-06-21,PNJ,72.2,73.0,71.6,72.8,77.3,67.3,347800,HSX,stock,development,fold_1
2023-06-21,SSI,25.7,26.2,25.6,26.0,27.45,23.95,6988600,HSX,stock,development,fold_1
2023-06-21,TCB,32.15,32.5,32.1,32.5,34.4,29.9,1261900,HSX,stock,development,fold_1
2023-06-21,VCB,99.7,100.5,99.7,100.0,106.8,93.0,505400,HSX,stock,development,fold_1
2023-06-21,VND,19.65,19.95,19.5,19.75,20.95,18.25,10580900,HSX,stock,development,fold_1
2023-06-21,VPB,19.5,19.65,19.4,19.65,20.85,18.15,3499200,HSX,stock,development,fold_1
2023-06-22,FPT,86.1,86.5,84.7,85.5,91.8,79.8,493600,HSX,stock,development,fold_1
2023-06-22,HPG,24.7,24.95,24.35,24.85,26.3,22.9,9555300,HSX,stock,development,fold_1
2023-06-22,MBB,20.1,20.35,19.9,19.9,21.2,18.5,7044100,HSX,stock,development,fold_1
2023-06-22,MWG,42.85,43.65,42.35,43.05,45.65,39.75,1749300,HSX,stock,development,fold_1
2023-06-22,PNJ,73.2,74.5,73.2,74.5,77.8,67.8,678600,HSX,stock,development,fold_1
2023-06-22,SSI,26.1,26.5,25.8,26.1,27.8,24.2,6967800,HSX,stock,development,fold_1
2023-06-22,TCB,32.9,33.15,32.6,32.6,34.75,30.25,2068800,HSX,stock,development,fold_1
2023-06-22,VCB,102.0,102.0,99.9,100.4,107.0,93.0,407100,HSX,stock,development,fold_1
2023-06-22,VND,19.85,20.0,19.5,19.65,21.1,18.4,11506400,HSX,stock,development,fold_1
2023-06-22,VPB,19.75,19.85,19.6,19.6,21.0,18.3,5867100,HSX,stock,development,fold_1
2023-06-23,FPT,85.6,85.6,84.8,85.1,91.4,79.6,488800,HSX,stock,development,fold_1
2023-06-23,HPG,24.85,25.55,24.75,25.4,26.55,23.15,10448200,HSX,stock,development,fold_1
2023-06-23,MBB,20.15,20.3,20.05,20.2,21.25,18.55,7319400,HSX,stock,development,fold_1
2023-06-23,MWG,43.05,43.2,42.7,42.9,46.05,40.05,1157200,HSX,stock,development,fold_1
2023-06-23,PNJ,74.5,75.9,74.2,75.8,79.7,69.3,590400,HSX,stock,development,fold_1
2023-06-23,SSI,26.1,26.2,25.75,26.0,27.9,24.3,5662700,HSX,stock,development,fold_1
2023-06-23,TCB,32.65,33.25,32.55,32.9,34.85,30.35,1704900,HSX,stock,development,fold_1
2023-06-23,VCB,100.4,100.4,99.5,99.9,107.4,93.4,336400,HSX,stock,development,fold_1
2023-06-23,VND,19.65,19.9,19.4,19.7,21.0,18.3,13689100,HSX,stock,development,fold_1
2023-06-23,VPB,19.7,20.4,19.65,20.2,20.95,18.25,15541700,HSX,stock,development,fold_1
2023-06-26,FPT,85.1,85.8,84.6,85.8,91.0,79.2,562100,HSX,stock,development,fold_1
2023-06-26,HPG,25.4,25.5,24.7,25.2,27.15,23.65,8854600,HSX,stock,development,fold_1
2023-06-26,MBB,20.2,20.55,19.95,20.2,21.6,18.8,4614000,HSX,stock,development,fold_1
2023-06-26,MWG,43.55,44.5,42.6,44.35,45.9,39.9,2261200,HSX,stock,development,fold_1
2023-06-26,PNJ,75.6,76.4,74.3,76.4,81.1,70.5,496900,HSX,stock,development,fold_1
2023-06-26,SSI,26.0,26.05,25.25,25.8,27.8,24.2,6996200,HSX,stock,development,fold_1
2023-06-26,TCB,32.9,33.3,32.55,33.3,35.2,30.6,2139700,HSX,stock,development,fold_1
2023-06-26,VCB,99.1,100.9,99.1,100.0,106.8,93.0,435900,HSX,stock,development,fold_1
2023-06-26,VND,19.65,19.7,18.9,19.35,21.05,18.35,13515200,HSX,stock,development,fold_1
2023-06-26,VPB,20.5,20.5,19.95,20.25,21.6,18.8,7530800,HSX,stock,development,fold_1
2023-06-27,FPT,86.0,87.3,86.0,87.3,91.8,79.8,904200,HSX,stock,development,fold_1
2023-06-27,HPG,25.35,25.8,25.1,25.8,26.95,23.45,9046500,HSX,stock,development,fold_1
2023-06-27,MBB,20.25,20.3,20.0,20.1,21.6,18.8,4493400,HSX,stock,development,fold_1
2023-06-27,MWG,44.35,44.9,43.75,44.2,47.45,41.25,1196800,HSX,stock,development,fold_1
2023-06-27,PNJ,76.4,76.4,74.5,75.5,81.7,71.1,364900,HSX,stock,development,fold_1
2023-06-27,SSI,25.85,26.75,25.8,26.6,27.6,24.0,8655300,HSX,stock,development,fold_1
2023-06-27,TCB,33.3,33.4,32.9,32.95,35.6,31.0,1869600,HSX,stock,development,fold_1
2023-06-27,VCB,100.0,101.0,99.7,100.0,107.0,93.0,396300,HSX,stock,development,fold_1
2023-06-27,VND,19.45,19.7,19.3,19.65,20.7,18.0,7653500,HSX,stock,development,fold_1
2023-06-27,VPB,20.45,20.45,20.1,20.1,21.65,18.85,6909200,HSX,stock,development,fold_1
2023-06-28,FPT,87.4,87.8,87.0,87.0,93.4,81.2,469000,HSX,stock,development,fold_1
2023-06-28,HPG,26.0,26.7,25.9,26.6,27.6,24.0,11269500,HSX,stock,development,fold_1
2023-06-28,MBB,20.2,20.8,20.1,20.7,21.5,18.7,8067700,HSX,stock,development,fold_1
2023-06-28,MWG,44.2,44.45,43.2,43.9,47.25,41.15,2030200,HSX,stock,development,fold_1
2023-06-28,PNJ,75.5,75.7,74.5,74.8,80.7,70.3,397800,HSX,stock,development,fold_1
2023-06-28,SSI,26.6,26.95,26.4,26.55,28.45,24.75,7464900,HSX,stock,development,fold_1
2023-06-28,TCB,32.95,33.3,32.75,33.3,35.25,30.65,2028400,HSX,stock,development,fold_1
2023-06-28,VCB,100.0,102.2,99.8,101.1,107.0,93.0,444000,HSX,stock,development,fold_1
2023-06-28,VND,19.9,20.1,19.55,19.55,21.0,18.3,12888700,HSX,stock,development,fold_1
2023-06-28,VPB,20.2,20.35,20.05,20.25,21.5,18.7,7283400,HSX,stock,development,fold_1
2023-06-29,FPT,87.0,87.1,86.5,86.5,93.0,81.0,359200,HSX,stock,development,fold_1
2023-06-29,HPG,26.65,26.7,25.8,25.8,28.45,24.75,13550400,HSX,stock,development,fold_1
2023-06-29,MBB,20.7,20.7,20.3,20.3,22.1,19.3,5915100,HSX,stock,development,fold_1
2023-06-29,MWG,43.5,43.9,42.7,42.7,46.95,40.85,1479800,HSX,stock,development,fold_1
2023-06-29,PNJ,74.8,75.8,74.0,75.0,80.0,69.6,585500,HSX,stock,development,fold_1
2023-06-29,SSI,26.65,26.65,25.45,25.45,28.4,24.7,8844800,HSX,stock,development,fold_1
2023-06-29,TCB,33.3,33.4,32.65,32.65,35.6,31.0,1600700,HSX,stock,development,fold_1
2023-06-29,VCB,101.8,103.0,101.1,101.9,108.1,94.1,363700,HSX,stock,development,fold_1
2023-06-29,VND,19.55,19.6,18.8,18.8,20.9,18.2,15062200,HSX,stock,development,fold_1
2023-06-29,VPB,20.3,20.45,19.9,19.9,21.65,18.85,7633000,HSX,stock,development,fold_1
2023-06-30,FPT,86.5,86.6,86.0,86.0,92.5,80.5,314500,HSX,stock,development,fold_1
2023-06-30,HPG,25.7,26.2,25.65,26.15,27.6,24.0,8797900,HSX,stock,development,fold_1
2023-06-30,MBB,20.3,20.4,20.15,20.2,21.7,18.9,3579300,HSX,stock,development,fold_1
2023-06-30,MWG,42.7,43.9,42.5,43.3,45.65,39.75,1569600,HSX,stock,development,fold_1
2023-06-30,PNJ,75.2,75.2,73.8,75.0,80.2,69.8,767500,HSX,stock,development,fold_1
2023-06-30,SSI,25.5,25.9,25.4,25.8,27.2,23.7,6319000,HSX,stock,development,fold_1
2023-06-30,TCB,32.65,32.8,32.35,32.35,34.9,30.4,1396800,HSX,stock,development,fold_1
2023-06-30,VCB,101.1,101.8,100.0,100.0,109.0,94.8,330700,HSX,stock,development,fold_1
2023-06-30,VND,18.8,19.15,18.7,18.9,20.1,17.5,8362300,HSX,stock,development,fold_1
2023-06-30,VPB,19.9,20.0,19.75,19.85,21.25,18.55,6386100,HSX,stock,development,fold_1
2023-07-03,FPT,86.5,86.8,86.0,86.4,92.0,80.0,602200,HSX,stock,development,fold_2
2023-07-03,HPG,26.2,26.45,25.9,26.2,27.95,24.35,8160200,HSX,stock,development,fold_2
2023-07-03,MBB,20.3,20.35,20.1,20.2,21.6,18.8,5081400,HSX,stock,development,fold_2
2023-07-03,MWG,43.45,43.65,42.8,43.0,46.3,40.3,864800,HSX,stock,development,fold_2
2023-07-03,PNJ,75.1,75.1,73.6,74.0,80.2,69.8,527000,HSX,stock,development,fold_2
2023-07-03,SSI,26.05,26.1,25.65,25.7,27.6,24.0,6909400,HSX,stock,development,fold_2
2023-07-03,TCB,32.7,32.7,32.0,32.0,34.6,30.1,1901000,HSX,stock,development,fold_2
2023-07-03,VCB,100.0,100.8,99.8,100.0,107.0,93.0,242000,HSX,stock,development,fold_2
2023-07-03,VND,19.1,19.15,18.8,18.85,20.2,17.6,4736300,HSX,stock,development,fold_2
2023-07-03,VPB,19.85,20.0,19.75,19.85,21.2,18.5,4236300,HSX,stock,development,fold_2
2023-07-04,FPT,86.4,87.0,86.2,87.0,92.4,80.4,731100,HSX,stock,development,fold_2
2023-07-04,HPG,26.15,26.25,25.9,26.25,28.0,24.4,8951100,HSX,stock,development,fold_2
2023-07-04,MBB,20.2,20.35,20.1,20.35,21.6,18.8,3591000,HSX,stock,development,fold_2
2023-07-04,MWG,42.9,43.65,42.65,43.25,46.0,40.0,2158600,HSX,stock,development,fold_2
2023-07-04,PNJ,74.0,74.2,73.6,74.0,79.1,68.9,434000,HSX,stock,development,fold_2
2023-07-04,SSI,25.7,26.5,25.55,26.5,27.45,23.95,10746300,HSX,stock,development,fold_2
2023-07-04,TCB,32.0,32.1,31.85,32.0,34.2,29.8,2045800,HSX,stock,development,fold_2
2023-07-04,VCB,100.7,101.9,99.9,100.0,107.0,93.0,363300,HSX,stock,development,fold_2
2023-07-04,VND,18.8,19.6,18.8,19.6,20.15,17.55,11987500,HSX,stock,development,fold_2
2023-07-04,VPB,19.85,19.95,19.75,19.85,21.2,18.5,3808600,HSX,stock,development,fold_2
2023-07-05,FPT,75.1,76.5,74.8,74.8,80.0,69.6,911100,HSX,stock,development,fold_2
2023-07-05,HPG,26.4,27.2,26.25,26.95,28.05,24.45,12475000,HSX,stock,development,fold_2
2023-07-05,MBB,20.5,20.65,20.3,20.4,21.75,18.95,5105400,HSX,stock,development,fold_2
2023-07-05,MWG,43.45,44.45,43.35,43.35,46.25,40.25,3315500,HSX,stock,development,fold_2
2023-07-05,PNJ,74.3,74.9,73.7,73.7,79.1,68.9,657100,HSX,stock,development,fold_2
2023-07-05,SSI,26.7,26.7,26.2,26.2,28.35,24.65,7388500,HSX,stock,development,fold_2
2023-07-05,TCB,32.15,32.4,31.95,31.95,34.2,29.8,1890800,HSX,stock,development,fold_2
2023-07-05,VCB,101.0,102.5,100.3,102.0,107.0,93.0,598500,HSX,stock,development,fold_2
2023-07-05,VND,19.7,19.8,19.3,19.3,20.95,18.25,8744700,HSX,stock,development,fold_2
2023-07-05,VPB,19.9,20.3,19.9,19.95,21.2,18.5,9356200,HSX,stock,development,fold_2
2023-07-06,FPT,74.8,75.2,74.0,74.6,80.0,69.6,643100,HSX,stock,development,fold_2
2023-07-06,HPG,26.9,27.15,26.5,27.0,28.8,25.1,11216600,HSX,stock,development,fold_2
2023-07-06,MBB,20.45,20.55,20.15,20.2,21.8,19.0,6226500,HSX,stock,development,fold_2
2023-07-06,MWG,43.4,43.75,42.85,43.2,46.35,40.35,1919800,HSX,stock,development,fold_2
2023-07-06,PNJ,73.7,73.9,72.6,72.6,78.8,68.6,566400,HSX,stock,development,fold_2
2023-07-06,SSI,26.2,26.7,25.8,26.3,28.0,24.4,10980700,HSX,stock,development,fold_2
2023-07-06,TCB,31.95,32.05,31.2,31.55,34.15,29.75,2577500,HSX,stock,development,fold_2
2023-07-06,VCB,102.1,102.2,100.5,100.7,109.1,94.9,561400,HSX,stock,development,fold_2
2023-07-06,VND,19.25,19.55,17.95,18.05,20.65,17.95,29409000,HSX,stock,development,fold_2
2023-07-06,VPB,19.95,20.1,19.55,19.55,21.3,18.6,6462900,HSX,stock,development,fold_2
2023-07-07,FPT,74.2,75.5,74.2,75.3,79.8,69.4,553700,HSX,stock,development,fold_2
2023-07-07,HPG,26.9,27.45,26.5,27.45,28.85,25.15,9480200,HSX,stock,development,fold_2
2023-07-07,MBB,20.2,20.45,20.1,20.45,21.6,18.8,5636700,HSX,stock,development,fold_2
2023-07-07,MWG,43.05,45.5,43.05,45.5,46.2,40.2,3134800,HSX,stock,development,fold_2
2023-07-07,PNJ,72.6,73.2,71.8,71.8,77.6,67.6,603800,HSX,stock,development,fold_2
2023-07-07,SSI,26.1,26.45,25.65,26.45,28.1,24.5,6673100,HSX,stock,development,fold_2
2023-07-07,TCB,31.5,31.8,31.3,31.55,33.75,29.35,1683900,HSX,stock,development,fold_2
2023-07-07,VCB,100.5,105.0,100.4,105.0,107.7,93.7,522700,HSX,stock,development,fold_2
2023-07-07,VND,17.8,17.95,16.95,17.7,19.3,16.8,18333500,HSX,stock,development,fold_2
2023-07-07,VPB,19.6,19.85,19.5,19.85,20.9,18.2,4098200,HSX,stock,development,fold_2
2023-07-10,FPT,75.3,75.9,74.9,75.3,80.5,70.1,612900,HSX,stock,development,fold_2
2023-07-10,HPG,27.45,27.95,27.35,27.7,29.35,25.55,9983300,HSX,stock,development,fold_2
2023-07-10,MBB,20.6,20.85,20.55,20.75,21.85,19.05,6232300,HSX,stock,development,fold_2
2023-07-10,MWG,46.05,47.75,45.8,47.75,48.65,42.35,5107100,HSX,stock,development,fold_2
2023-07-10,PNJ,73.7,73.9,72.3,73.7,76.8,66.8,565600,HSX,stock,development,fold_2
2023-07-10,SSI,26.65,27.5,26.65,27.5,28.3,24.6,13213500,HSX,stock,development,fold_2
2023-07-10,TCB,32.0,32.1,31.7,32.0,33.75,29.35,2649100,HSX,stock,development,fold_2
2023-07-10,VCB,104.9,104.9,102.3,102.7,112.3,97.7,505300,HSX,stock,development,fold_2
2023-07-10,VND,17.7,18.25,17.55,17.75,18.9,16.5,14875800,HSX,stock,development,fold_2
2023-07-10,VPB,19.95,20.15,19.8,20.05,21.2,18.5,6774300,HSX,stock,development,fold_2
2023-07-11,FPT,75.3,75.4,75.0,75.0,80.5,70.1,516000,HSX,stock,development,fold_2
2023-07-11,HPG,27.8,28.05,27.25,27.3,29.6,25.8,9248100,HSX,stock,development,fold_2
2023-07-11,MBB,20.75,21.2,20.75,21.2,22.2,19.3,7551600,HSX,stock,development,fold_2
2023-07-11,MWG,47.6,48.8,47.35,48.8,51.0,44.45,3841100,HSX,stock,development,fold_2
2023-07-11,PNJ,73.7,74.8,73.7,74.5,78.8,68.6,627000,HSX,stock,development,fold_2
2023-07-11,SSI,27.4,28.45,27.4,28.05,29.4,25.6,10778800,HSX,stock,development,fold_2
2023-07-11,TCB,32.2,32.35,31.95,31.95,34.2,29.8,2733900,HSX,stock,development,fold_2
2023-07-11,VCB,101.8,105.0,101.8,103.0,109.8,95.6,546600,HSX,stock,development,fold_2
2023-07-11,VND,17.7,18.1,17.6,17.9,18.95,16.55,11878700,HSX,stock,development,fold_2
2023-07-11,VPB,20.3,20.3,19.8,19.9,21.45,18.65,8314100,HSX,stock,development,fold_2
2023-07-12,FPT,75.0,75.7,74.9,75.3,80.2,69.8,350700,HSX,stock,development,fold_2
2023-07-12,HPG,27.3,27.45,26.65,27.0,29.2,25.4,7356200,HSX,stock,development,fold_2
2023-07-12,MBB,21.2,21.3,20.9,21.0,22.65,19.75,3689200,HSX,stock,development,fold_2
2023-07-12,MWG,48.35,49.3,48.2,49.15,52.2,45.4,1755400,HSX,stock,development,fold_2
2023-07-12,PNJ,74.7,74.7,73.8,73.8,79.7,69.3,300100,HSX,stock,development,fold_2
2023-07-12,SSI,28.3,28.6,27.65,27.95,30.0,26.1,6841200,HSX,stock,development,fold_2
2023-07-12,TCB,31.9,32.0,31.6,31.65,34.15,29.75,1438400,HSX,stock,development,fold_2
2023-07-12,VCB,102.7,104.5,102.7,104.0,110.2,95.8,268000,HSX,stock,development,fold_2
2023-07-12,VND,18.0,18.05,17.45,17.6,19.15,16.65,7609000,HSX,stock,development,fold_2
2023-07-12,VPB,20.0,20.0,19.65,19.65,21.25,18.55,4207700,HSX,stock,development,fold_2
2023-07-13,FPT,75.8,75.8,75.4,75.8,80.5,70.1,433000,HSX,stock,development,fold_2
2023-07-13,HPG,27.5,27.5,26.9,27.05,28.85,25.15,4600300,HSX,stock,development,fold_2
2023-07-13,MBB,21.05,21.25,20.9,21.1,22.45,19.55,4745300,HSX,stock,development,fold_2
2023-07-13,MWG,49.2,49.9,49.15,49.35,52.5,45.75,1461800,HSX,stock,development,fold_2
2023-07-13,PNJ,74.2,78.1,74.1,78.0,78.9,68.7,929900,HSX,stock,development,fold_2
2023-07-13,SSI,28.25,28.5,28.0,28.4,29.9,26.0,3512300,HSX,stock,development,fold_2
2023-07-13,TCB,31.7,32.0,31.65,31.95,33.85,29.45,1408200,HSX,stock,development,fold_2
2023-07-13,VCB,105.0,105.0,103.7,104.9,111.2,96.8,408300,HSX,stock,development,fold_2
2023-07-13,VND,17.8,18.1,17.65,17.95,18.8,16.4,6358200,HSX,stock,development,fold_2
2023-07-13,VPB,19.9,19.95,19.65,19.95,21.0,18.3,5301900,HSX,stock,development,fold_2
2023-07-14,FPT,76.9,78.3,76.1,78.3,81.1,70.5,883300,HSX,stock,development,fold_2
2023-07-14,HPG,27.15,27.5,27.05,27.5,28.9,25.2,5215700,HSX,stock,development,fold_2
2023-07-14,MBB,18.65,18.75,18.4,18.65,19.6,17.1,5454600,HSX,stock,development,fold_2
2023-07-14,MWG,49.35,49.45,48.5,49.45,52.8,45.9,1970400,HSX,stock,development,fold_2
2023-07-14,PNJ,80.2,80.2,77.9,78.5,83.4,72.6,656600,HSX,stock,development,fold_2
2023-07-14,SSI,28.5,28.6,27.95,28.5,30.35,26.45,4360300,HSX,stock,development,fold_2
2023-07-14,TCB,32.2,32.2,31.7,31.95,34.15,29.75,1404900,HSX,stock,development,fold_2
2023-07-14,VCB,104.9,105.0,104.0,105.0,112.2,97.6,193900,HSX,stock,development,fold_2
2023-07-14,VND,18.1,18.6,18.0,18.5,19.2,16.7,12859900,HSX,stock,development,fold_2
2023-07-14,VPB,20.05,20.1,19.6,19.9,21.3,18.6,4576600,HSX,stock,development,fold_2
2023-07-17,FPT,79.0,79.2,78.5,79.0,83.7,72.9,625600,HSX,stock,development,fold_2
2023-07-17,HPG,27.7,27.75,27.2,27.3,29.4,25.6,6631300,HSX,stock,development,fold_2
2023-07-17,MBB,18.75,18.85,18.5,18.6,19.95,17.35,4162200,HSX,stock,development,fold_2
2023-07-17,MWG,49.5,49.85,48.65,48.65,52.9,46.0,1404000,HSX,stock,development,fold_2
2023-07-17,PNJ,78.8,80.6,78.4,80.3,83.9,73.1,1080800,HSX,stock,development,fold_2
2023-07-17,SSI,28.55,29.2,28.55,28.8,30.45,26.55,6612200,HSX,stock,development,fold_2
2023-07-17,TCB,32.1,32.1,31.8,31.9,34.15,29.75,1767900,HSX,stock,development,fold_2
2023-07-17,VCB,105.0,105.0,104.2,104.8,112.3,97.7,508000,HSX,stock,development,fold_2
2023-07-17,VND,18.7,18.7,18.2,18.3,19.75,17.25,8526700,HSX,stock,development,fold_2
2023-07-17,VPB,20.1,20.5,20.05,20.45,21.25,18.55,15596700,HSX,stock,development,fold_2
2023-07-18,FPT,79.0,79.0,78.1,78.7,84.5,73.5,267500,HSX,stock,development,fold_2
2023-07-18,HPG,27.3,27.35,27.05,27.2,29.2,25.4,3181100,HSX,stock,development,fold_2
2023-07-18,MBB,18.6,18.65,18.45,18.6,19.9,17.3,2009000,HSX,stock,development,fold_2
2023-07-18,MWG,48.4,48.6,47.75,48.05,52.0,45.25,1513600,HSX,stock,development,fold_2
2023-07-18,PNJ,79.8,80.4,79.0,79.7,85.9,74.7,347000,HSX,stock,development,fold_2
2023-07-18,SSI,28.8,28.8,28.45,28.55,30.8,26.8,3712200,HSX,stock,development,fold_2
2023-07-18,TCB,31.9,32.3,31.8,32.3,34.1,29.7,2003800,HSX,stock,development,fold_2
2023-07-18,VCB,104.9,105.0,104.3,104.3,112.1,97.5,185800,HSX,stock,development,fold_2
2023-07-18,VND,18.3,18.55,18.1,18.4,19.55,17.05,4450500,HSX,stock,development,fold_2
2023-07-18,VPB,20.45,21.1,20.3,20.95,21.85,19.05,11634400,HSX,stock,development,fold_2
2023-07-19,FPT,78.5,78.9,78.3,78.5,84.2,73.2,183100,HSX,stock,development,fold_2
2023-07-19,HPG,27.1,27.7,27.05,27.4,29.1,25.3,2635900,HSX,stock,development,fold_2
2023-07-19,MBB,18.6,18.7,18.4,18.4,19.9,17.3,1984000,HSX,stock,development,fold_2
2023-07-19,MWG,48.4,48.95,47.95,48.5,51.4,44.7,776100,HSX,stock,development,fold_2
2023-07-19,PNJ,79.7,79.8,78.5,78.6,85.2,74.2,229600,HSX,stock,development,fold_2
2023-07-19,SSI,28.6,28.9,28.45,28.5,30.5,26.6,2439600,HSX,stock,development,fold_2
2023-07-19,TCB,32.65,32.9,32.25,32.3,34.55,30.05,1420200,HSX,stock,development,fold_2
2023-07-19,VCB,104.6,107.1,104.6,106.5,111.6,97.0,225800,HSX,stock,development,fold_2
2023-07-19,VND,18.55,18.55,18.1,18.1,19.65,17.15,5169200,HSX,stock,development,fold_2
2023-07-19,VPB,21.0,21.0,20.65,20.65,22.4,19.5,4652100,HSX,stock,development,fold_2
2023-07-20,FPT,78.6,81.3,78.5,80.3,83.9,73.1,966800,HSX,stock,development,fold_2
2023-07-20,HPG,27.3,28.2,27.3,28.2,29.3,25.5,9004000,HSX,stock,development,fold_2
2023-07-20,MBB,18.4,18.5,18.3,18.45,19.65,17.15,2768100,HSX,stock,development,fold_2
2023-07-20,MWG,48.4,49.5,48.4,49.1,51.8,45.15,2056500,HSX,stock,development,fold_2
2023-07-20,PNJ,78.7,78.9,78.0,78.9,84.1,73.1,296100,HSX,stock,development,fold_2
2023-07-20,SSI,28.5,28.5,27.6,28.0,30.45,26.55,9662100,HSX,stock,development,fold_2
2023-07-20,TCB,32.4,32.4,31.8,31.9,34.55,30.05,1955300,HSX,stock,development,fold_2
2023-07-20,VCB,105.5,106.4,103.6,105.0,113.9,99.1,243400,HSX,stock,development,fold_2
2023-07-20,VND,18.15,18.2,17.9,18.15,19.35,16.85,5286200,HSX,stock,development,fold_2
2023-07-20,VPB,20.6,21.0,20.5,21.0,22.05,19.25,8604700,HSX,stock,development,fold_2
2023-07-21,FPT,79.7,81.0,79.6,81.0,85.9,74.7,691200,HSX,stock,development,fold_2
2023-07-21,HPG,28.35,28.4,28.1,28.4,30.15,26.25,5559300,HSX,stock,development,fold_2
2023-07-21,MBB,18.55,18.65,18.4,18.65,19.7,17.2,3602900,HSX,stock,development,fold_2
2023-07-21,MWG,49.1,52.5,48.95,52.5,52.5,45.7,2834800,HSX,stock,development,fold_2
2023-07-21,PNJ,79.2,80.7,78.7,80.0,84.4,73.4,274000,HSX,stock,development,fold_2
2023-07-21,SSI,28.0,28.8,27.85,28.75,29.95,26.05,4308800,HSX,stock,development,fold_2
2023-07-21,TCB,31.85,32.3,31.85,32.3,34.1,29.7,2105800,HSX,stock,development,fold_2
2023-07-21,VCB,105.0,105.0,104.0,105.0,112.3,97.7,273100,HSX,stock,development,fold_2
2023-07-21,VND,18.3,18.95,18.2,18.8,19.4,16.9,8553500,HSX,stock,development,fold_2
2023-07-21,VPB,20.95,21.45,20.8,21.4,22.45,19.55,11452700,HSX,stock,development,fold_2
2023-07-24,FPT,81.0,81.3,80.6,81.0,86.6,75.4,620000,HSX,stock,development,fold_2
2023-07-24,HPG,28.45,28.6,28.0,28.25,30.35,26.45,7407300,HSX,stock,development,fold_2
2023-07-24,MBB,18.65,18.75,18.55,18.75,19.95,17.35,4098000,HSX,stock,development,fold_2
2023-07-24,MWG,53.0,54.5,52.0,54.5,56.1,48.85,1987200,HSX,stock,development,fold_2
2023-07-24,PNJ,80.1,80.5,78.9,79.3,85.6,74.4,632700,HSX,stock,development,fold_2
2023-07-24,SSI,29.1,29.2,28.4,28.7,30.75,26.75,6675200,HSX,stock,development,fold_2
2023-07-24,TCB,32.45,32.5,32.15,32.45,34.55,30.05,2531500,HSX,stock,development,fold_2
2023-07-24,VCB,105.1,105.4,104.5,104.6,112.3,97.7,458500,HSX,stock,development,fold_2
2023-07-24,VND,19.1,19.2,18.85,19.05,20.1,17.5,10424700,HSX,stock,development,fold_2
2023-07-24,VPB,21.5,21.9,21.3,21.85,22.85,19.95,10201700,HSX,stock,development,fold_2
2023-07-25,FPT,81.0,82.2,81.0,81.3,86.6,75.4,529400,HSX,stock,development,fold_2
2023-07-25,HPG,28.25,28.35,28.0,28.25,30.2,26.3,9679100,HSX,stock,development,fold_2
2023-07-25,MBB,18.75,19.1,18.7,18.8,20.05,17.45,4226000,HSX,stock,development,fold_2
2023-07-25,MWG,54.5,54.5,52.9,53.6,58.3,50.7,2060100,HSX,stock,development,fold_2
2023-07-25,PNJ,79.5,81.0,79.0,80.5,84.8,73.8,973600,HSX,stock,development,fold_2
2023-07-25,SSI,28.7,29.1,28.5,28.8,30.7,26.7,6019400,HSX,stock,development,fold_2
2023-07-25,TCB,32.8,33.8,32.7,33.5,34.7,30.2,5851200,HSX,stock,development,fold_2
2023-07-25,VCB,90.4,92.5,90.3,91.7,94.8,82.4,1304700,HSX,stock,development,fold_2
2023-07-25,VND,19.25,19.25,18.75,18.9,20.35,17.75,10301400,HSX,stock,development,fold_2
2023-07-25,VPB,21.9,22.35,21.8,21.85,23.35,20.35,12201100,HSX,stock,development,fold_2
2023-07-26,FPT,81.2,82.7,81.1,82.7,86.9,75.7,711200,HSX,stock,development,fold_2
2023-07-26,HPG,28.25,28.45,28.15,28.4,30.2,26.3,8838600,HSX,stock,development,fold_2
2023-07-26,MBB,18.8,18.85,18.65,18.75,20.1,17.5,2749500,HSX,stock,development,fold_2
2023-07-26,MWG,53.6,54.2,52.0,52.6,57.3,49.85,1859200,HSX,stock,development,fold_2
2023-07-26,PNJ,80.5,82.0,80.1,81.8,86.1,74.9,732800,HSX,stock,development,fold_2
2023-07-26,SSI,28.8,29.05,28.4,29.0,30.8,26.8,5287500,HSX,stock,development,fold_2
2023-07-26,TCB,33.5,33.55,33.2,33.45,35.8,31.2,1541100,HSX,stock,development,fold_2
2023-07-26,VCB,91.9,93.4,91.9,93.4,98.1,85.3,473400,HSX,stock,development,fold_2
2023-07-26,VND,18.95,19.5,18.6,19.3,20.2,17.6,11999300,HSX,stock,development,fold_2
2023-07-26,VPB,21.8,21.9,21.55,21.85,23.35,20.35,8395100,HSX,stock,development,fold_2
2023-07-27,FPT,82.8,84.4,82.8,83.7,88.4,77.0,677800,HSX,stock,development,fold_2
2023-07-27,HPG,28.4,28.7,28.1,28.4,30.35,26.45,9099100,HSX,stock,development,fold_2
2023-07-27,MBB,18.75,18.8,18.5,18.6,20.05,17.45,4085900,HSX,stock,development,fold_2
2023-07-27,MWG,52.4,54.5,52.2,54.1,55.7,48.5,2801600,HSX,stock,development,fold_2
2023-07-27,PNJ,81.8,81.8,80.2,80.9,87.5,76.1,515600,HSX,stock,development,fold_2
2023-07-27,SSI,29.0,29.7,28.9,29.45,31.0,27.0,6397400,HSX,stock,development,fold_2
2023-07-27,TCB,33.35,33.45,32.7,33.1,35.75,31.15,3425400,HSX,stock,development,fold_2
2023-07-27,VCB,93.7,93.7,92.5,92.7,99.9,86.9,470700,HSX,stock,development,fold_2
2023-07-27,VND,19.4,19.7,19.15,19.4,20.65,17.95,11179000,HSX,stock,development,fold_2
2023-07-27,VPB,21.8,21.85,21.5,21.75,23.35,20.35,7937200,HSX,stock,development,fold_2
2023-07-28,FPT,83.5,84.4,83.1,84.4,89.5,77.9,353200,HSX,stock,development,fold_2
2023-07-28,HPG,28.4,28.6,28.15,28.3,30.35,26.45,6071700,HSX,stock,development,fold_2
2023-07-28,MBB,18.55,18.7,18.55,18.7,19.9,17.3,2644200,HSX,stock,development,fold_2
2023-07-28,MWG,53.9,54.9,53.2,54.5,57.8,50.4,1620900,HSX,stock,development,fold_2
2023-07-28,PNJ,81.2,82.8,81.2,82.6,86.5,75.3,447800,HSX,stock,development,fold_2
2023-07-28,SSI,29.45,29.9,29.35,29.75,31.5,27.4,4031100,HSX,stock,development,fold_2
2023-07-28,TCB,33.05,33.8,33.0,33.8,35.4,30.8,1916900,HSX,stock,development,fold_2
2023-07-28,VCB,92.7,93.0,91.8,93.0,99.1,86.3,353800,HSX,stock,development,fold_2
2023-07-28,VND,19.45,20.4,19.45,20.3,20.75,18.05,14880300,HSX,stock,development,fold_2
2023-07-28,VPB,21.75,22.1,21.6,22.1,23.25,20.25,6090600,HSX,stock,development,fold_2
2023-07-31,FPT,84.7,85.8,84.4,85.6,90.3,78.5,683400,HSX,stock,development,fold_2
2023-07-31,HPG,28.2,28.25,27.35,28.2,30.25,26.35,13231300,HSX,stock,development,fold_2
2023-07-31,MBB,18.85,18.9,18.7,18.85,20.0,17.4,4157800,HSX,stock,development,fold_2
2023-07-31,MWG,54.0,54.2,52.6,53.7,58.3,50.7,2861000,HSX,stock,development,fold_2
2023-07-31,PNJ,82.8,84.1,82.3,83.0,88.3,76.9,422100,HSX,stock,development,fold_2
2023-07-31,SSI,29.95,30.2,29.35,29.65,31.8,27.7,4801800,HSX,stock,development,fold_2
2023-07-31,TCB,34.1,34.6,34.0,34.3,36.15,31.45,2989900,HSX,stock,development,fold_2
2023-07-31,VCB,93.0,93.2,91.6,91.6,99.5,86.5,681700,HSX,stock,development,fold_2
2023-07-31,VND,20.55,21.0,20.15,20.8,21.7,18.9,11083000,HSX,stock,development,fold_2
2023-07-31,VPB,22.15,22.25,21.9,22.15,23.6,20.6,8465300,HSX,stock,development,fold_2
2023-08-01,FPT,85.6,86.3,84.5,84.5,91.5,79.7,518800,HSX,stock,development,fold_2
2023-08-01,HPG,28.1,28.1,27.5,27.5,30.15,26.25,10862700,HSX,stock,development,fold_2
2023-08-01,MBB,18.9,19.35,18.85,18.85,20.15,17.55,5748800,HSX,stock,development,fold_2
2023-08-01,MWG,54.1,54.1,51.7,51.7,57.4,49.95,2596000,HSX,stock,development,fold_2
2023-08-01,PNJ,82.9,83.4,81.0,81.0,88.8,77.2,898300,HSX,stock,development,fold_2
2023-08-01,SSI,29.7,29.7,28.8,28.8,31.7,27.6,6283400,HSX,stock,development,fold_2
2023-08-01,TCB,34.6,34.6,34.0,34.0,36.7,31.9,3359800,HSX,stock,development,fold_2
2023-08-01,VCB,91.6,92.8,91.2,91.2,98.0,85.2,628300,HSX,stock,development,fold_2
2023-08-01,VND,20.8,20.85,20.0,20.0,22.25,19.35,12942300,HSX,stock,development,fold_2
2023-08-01,VPB,22.15,22.2,21.65,21.95,23.7,20.6,9723800,HSX,stock,development,fold_2
2023-08-02,FPT,84.5,84.8,83.5,83.5,90.4,78.6,413100,HSX,stock,development,fold_2
2023-08-02,HPG,27.4,27.85,27.25,27.5,29.4,25.6,5947400,HSX,stock,development,fold_2
2023-08-02,MBB,18.85,18.95,18.75,18.9,20.15,17.55,2275100,HSX,stock,development,fold_2
2023-08-02,MWG,51.7,52.5,51.6,51.7,55.3,48.1,1775000,HSX,stock,development,fold_2
2023-08-02,PNJ,81.0,81.5,80.1,81.5,86.6,75.4,177500,HSX,stock,development,fold_2
2023-08-02,SSI,28.7,29.15,28.6,29.0,30.8,26.8,3380100,HSX,stock,development,fold_2
2023-08-02,TCB,33.9,34.1,33.75,33.9,36.35,31.65,1850900,HSX,stock,development,fold_2
2023-08-02,VCB,91.2,91.5,91.0,91.5,97.5,84.9,504300,HSX,stock,development,fold_2
2023-08-02,VND,20.0,20.5,19.9,20.2,21.4,18.6,9650200,HSX,stock,development,fold_2
2023-08-02,VPB,21.95,22.25,21.7,22.0,23.45,20.45,6380500,HSX,stock,development,fold_2
2023-08-03,FPT,83.8,84.2,82.9,83.7,89.3,77.7,424100,HSX,stock,development,fold_2
2023-08-03,HPG,27.35,27.5,26.5,26.85,29.4,25.6,15049100,HSX,stock,development,fold_2
2023-08-03,MBB,18.95,19.1,18.8,18.85,20.2,17.6,4143300,HSX,stock,development,fold_2
2023-08-03,MWG,51.8,53.7,51.4,52.7,55.3,48.1,3296700,HSX,stock,development,fold_2
2023-08-03,PNJ,81.5,82.1,80.4,81.3,87.2,75.8,238800,HSX,stock,development,fold_2
2023-08-03,SSI,28.95,29.05,28.3,28.5,31.0,27.0,5135500,HSX,stock,development,fold_2
2023-08-03,TCB,34.0,34.05,33.5,33.5,36.25,31.55,1966200,HSX,stock,development,fold_2
2023-08-03,VCB,91.5,91.5,90.5,90.6,97.9,85.1,334100,HSX,stock,development,fold_2
2023-08-03,VND,20.0,20.4,19.7,19.8,21.6,18.8,15278100,HSX,stock,development,fold_2
2023-08-03,VPB,21.95,22.0,21.6,21.7,23.5,20.5,7184000,HSX,stock,development,fold_2
2023-08-04,FPT,84.0,84.5,83.3,83.3,89.5,77.9,1326800,HSX,stock,development,fold_2
2023-08-04,HPG,26.8,27.5,26.8,27.35,28.7,25.0,10549200,HSX,stock,development,fold_2
2023-08-04,MBB,18.85,19.15,18.8,19.0,20.15,17.55,8779100,HSX,stock,development,fold_2
2023-08-04,MWG,53.0,53.2,52.3,53.0,56.3,49.05,4468500,HSX,stock,development,fold_2
2023-08-04,PNJ,81.3,81.6,80.2,80.8,86.9,75.7,921500,HSX,stock,development,fold_2
2023-08-04,SSI,28.5,29.4,28.5,29.2,30.45,26.55,5816200,HSX,stock,development,fold_2
2023-08-04,TCB,33.65,34.2,33.45,33.6,35.8,31.2,9315100,HSX,stock,development,fold_2
2023-08-04,VCB,90.7,91.1,90.1,90.1,96.9,84.3,821000,HSX,stock,development,fold_2
2023-08-04,VND,20.0,20.65,19.8,20.6,21.15,18.45,11071900,HSX,stock,development,fold_2
2023-08-04,VPB,21.8,22.2,21.6,22.2,23.2,20.2,9016100,HSX,stock,development,fold_2
2023-08-07,FPT,83.6,84.5,83.3,84.5,89.1,77.5,460300,HSX,stock,development,fold_2
2023-08-07,HPG,27.55,27.75,27.3,27.55,29.25,25.45,9091500,HSX,stock,development,fold_2
2023-08-07,MBB,19.15,19.4,19.05,19.35,20.3,17.7,6357500,HSX,stock,development,fold_2
2023-08-07,MWG,53.7,54.9,53.3,53.8,56.7,49.3,3014700,HSX,stock,development,fold_2
2023-08-07,PNJ,80.9,82.2,80.6,82.2,86.4,75.2,315300,HSX,stock,development,fold_2
2023-08-07,SSI,29.6,29.95,29.4,29.7,31.2,27.2,6631200,HSX,stock,development,fold_2
2023-08-07,TCB,34.2,34.45,34.0,34.35,35.95,31.25,2770100,HSX,stock,development,fold_2
2023-08-07,VCB,90.1,90.8,90.0,90.8,96.4,83.8,607900,HSX,stock,development,fold_2
2023-08-07,VND,20.75,21.2,20.55,20.55,22.0,19.2,13759600,HSX,stock,development,fold_2
2023-08-07,VPB,22.45,23.0,22.3,22.65,23.75,20.65,8838100,HSX,stock,development,fold_2
2023-08-08,FPT,84.0,84.6,83.8,84.2,90.4,78.6,262500,HSX,stock,development,fold_2
2023-08-08,HPG,27.6,27.9,27.15,27.2,29.45,25.65,8444600,HSX,stock,development,fold_2
2023-08-08,MBB,19.5,19.5,19.15,19.2,20.7,18.0,3142400,HSX,stock,development,fold_2
2023-08-08,MWG,54.0,54.3,53.4,53.6,57.5,50.1,1990100,HSX,stock,development,fold_2
2023-08-08,PNJ,82.6,82.6,80.9,81.4,87.9,76.5,173500,HSX,stock,development,fold_2
2023-08-08,SSI,29.85,29.85,29.0,29.1,31.75,27.65,4052600,HSX,stock,development,fold_2
2023-08-08,TCB,34.4,34.5,33.95,34.0,36.75,31.95,1890800,HSX,stock,development,fold_2
2023-08-08,VCB,90.8,91.2,90.1,90.7,97.1,84.5,406800,HSX,stock,development,fold_2
2023-08-08,VND,20.7,20.75,20.05,20.1,21.95,19.15,8933600,HSX,stock,development,fold_2
2023-08-08,VPB,22.65,22.65,22.2,22.2,24.2,21.1,4274700,HSX,stock,development,fold_2
2023-08-09,FPT,84.0,84.7,83.0,83.1,90.0,78.4,498700,HSX,stock,development,fold_2
2023-08-09,HPG,27.2,27.85,27.05,27.8,29.1,25.3,18404200,HSX,stock,development,fold_2
2023-08-09,MBB,19.2,19.25,19.0,19.15,20.5,17.9,4508900,HSX,stock,development,fold_2
2023-08-09,MWG,53.4,53.4,52.0,52.6,57.3,49.85,3452100,HSX,stock,development,fold_2
2023-08-09,PNJ,81.4,81.4,80.3,80.3,87.0,75.8,237300,HSX,stock,development,fold_2
2023-08-09,SSI,28.9,29.2,28.55,28.6,31.1,27.1,7068500,HSX,stock,development,fold_2
2023-08-09,TCB,34.05,34.2,33.8,34.0,36.35,31.65,2256500,HSX,stock,development,fold_2
2023-08-09,VCB,90.7,90.9,90.1,90.2,97.0,84.4,279400,HSX,stock,development,fold_2
2023-08-09,VND,20.1,20.4,19.9,20.0,21.5,18.7,8720000,HSX,stock,development,fold_2
2023-08-09,VPB,22.1,22.2,21.7,22.05,23.75,20.65,9933000,HSX,stock,development,fold_2
2023-08-10,FPT,83.1,83.3,82.2,82.2,88.9,77.3,414200,HSX,stock,development,fold_2
2023-08-10,HPG,27.9,27.9,27.3,27.35,29.7,25.9,4831000,HSX,stock,development,fold_2
2023-08-10,MBB,19.2,19.2,18.9,18.9,20.45,17.85,2319200,HSX,stock,development,fold_2
2023-08-10,MWG,53.0,53.0,51.7,52.0,56.2,48.95,1248600,HSX,stock,development,fold_2
2023-08-10,PNJ,80.3,80.5,78.9,79.0,85.9,74.7,302300,HSX,stock,development,fold_2
2023-08-10,SSI,28.6,28.85,28.1,28.1,30.6,26.6,6264200,HSX,stock,development,fold_2
2023-08-10,TCB,34.0,34.05,33.5,33.5,36.35,31.65,1837600,HSX,stock,development,fold_2
2023-08-10,VCB,90.5,90.5,88.5,88.5,96.5,83.9,360400,HSX,stock,development,fold_2
2023-08-10,VND,20.05,20.3,19.9,20.1,21.4,18.6,4483600,HSX,stock,development,fold_2
2023-08-10,VPB,22.05,22.05,21.55,21.95,23.55,20.55,6480800,HSX,stock,development,fold_2
2023-08-11,FPT,82.0,83.0,81.5,82.0,87.9,76.5,466400,HSX,stock,development,fold_2
2023-08-11,HPG,27.4,27.75,27.15,27.7,29.25,25.45,6193800,HSX,stock,development,fold_2
2023-08-11,MBB,19.0,19.05,18.65,18.9,20.2,17.6,3469800,HSX,stock,development,fold_2
2023-08-11,MWG,52.2,53.3,51.0,53.3,55.6,48.4,2118600,HSX,stock,development,fold_2
2023-08-11,PNJ,79.2,80.6,79.0,79.4,84.5,73.5,244500,HSX,stock,development,fold_2
2023-08-11,SSI,28.25,28.3,27.65,28.15,30.05,26.15,7844500,HSX,stock,development,fold_2
2023-08-11,TCB,33.55,33.8,33.1,33.65,35.8,31.2,2145800,HSX,stock,development,fold_2
2023-08-11,VCB,88.5,90.4,88.5,90.4,94.6,82.4,462800,HSX,stock,development,fold_2
2023-08-11,VND,20.2,20.3,19.75,20.05,21.5,18.7,7891100,HSX,stock,development,fold_2
2023-08-11,VPB,21.95,22.0,21.55,22.0,23.45,20.45,5715900,HSX,stock,development,fold_2
2023-08-14,FPT,82.1,83.2,82.0,82.6,87.7,76.3,522400,HSX,stock,development,fold_2
2023-08-14,HPG,27.8,28.35,27.65,28.15,29.6,25.8,16994900,HSX,stock,development,fold_2
2023-08-14,MBB,18.95,19.1,18.75,18.95,20.2,17.6,3477700,HSX,stock,development,fold_2
2023-08-14,MWG,53.9,54.3,52.6,54.2,57.0,49.6,3649000,HSX,stock,development,fold_2
2023-08-14,PNJ,80.0,80.0,79.1,79.4,84.9,73.9,293200,HSX,stock,development,fold_2
2023-08-14,SSI,28.45,29.4,28.1,29.15,30.1,26.2,11512700,HSX,stock,development,fold_2
2023-08-14,TCB,33.75,33.8,33.45,33.8,36.0,31.3,2410800,HSX,stock,development,fold_2
2023-08-14,VCB,90.3,90.3,89.0,89.0,96.7,84.1,789500,HSX,stock,development,fold_2
2023-08-14,VND,20.4,21.45,20.3,21.4,21.45,18.65,19179900,HSX,stock,development,fold_2
2023-08-14,VPB,21.9,22.0,21.8,21.95,23.5,20.5,6554500,HSX,stock,development,fold_2
2023-08-15,FPT,82.6,84.3,81.5,84.0,88.3,76.9,893800,HSX,stock,development,fold_2
2023-08-15,HPG,28.15,28.25,27.85,27.95,30.1,26.2,6484900,HSX,stock,development,fold_2
2023-08-15,MBB,18.95,19.0,18.8,18.95,20.25,17.65,2290000,HSX,stock,development,fold_2
2023-08-15,MWG,54.6,55.9,54.0,54.0,57.9,50.5,3821400,HSX,stock,development,fold_2
2023-08-15,PNJ,79.3,79.4,78.3,79.0,84.9,73.9,347000,HSX,stock,development,fold_2
2023-08-15,SSI,29.2,29.2,28.65,28.7,31.15,27.15,5523800,HSX,stock,development,fold_2
2023-08-15,TCB,33.9,34.4,33.85,34.05,36.15,31.45,1987800,HSX,stock,development,fold_2
2023-08-15,VCB,90.0,90.0,88.5,88.9,95.2,82.8,512200,HSX,stock,development,fold_2
2023-08-15,VND,21.45,21.5,21.05,21.1,22.85,19.95,9370400,HSX,stock,development,fold_2
2023-08-15,VPB,21.95,22.0,21.65,22.0,23.45,20.45,10781400,HSX,stock,development,fold_2
2023-08-16,FPT,83.2,85.2,83.2,85.1,89.8,78.2,1096600,HSX,stock,development,fold_2
2023-08-16,HPG,27.95,28.0,27.65,27.95,29.9,26.0,5520400,HSX,stock,development,fold_2
2023-08-16,MBB,18.9,19.2,18.8,19.0,20.25,17.65,3733200,HSX,stock,development,fold_2
2023-08-16,MWG,54.0,54.3,53.0,53.8,57.7,50.3,1972900,HSX,stock,development,fold_2
2023-08-16,PNJ,79.0,80.2,78.6,80.2,84.5,73.5,316900,HSX,stock,development,fold_2
2023-08-16,SSI,28.65,29.15,28.45,28.85,30.7,26.7,5511800,HSX,stock,development,fold_2
2023-08-16,TCB,34.0,35.35,33.95,35.3,36.4,31.7,5201000,HSX,stock,development,fold_2
2023-08-16,VCB,88.8,89.4,88.7,89.2,95.1,82.7,342800,HSX,stock,development,fold_2
2023-08-16,VND,21.0,21.3,20.8,21.3,22.55,19.65,10871300,HSX,stock,development,fold_2
2023-08-16,VPB,21.9,22.6,21.65,22.4,23.5,20.5,14759600,HSX,stock,development,fold_2
2023-08-17,FPT,85.0,87.2,85.0,86.0,91.0,79.2,1943500,HSX,stock,development,fold_2
2023-08-17,HPG,28.0,28.7,28.0,28.1,29.9,26.0,17673300,HSX,stock,development,fold_2
2023-08-17,MBB,19.0,19.0,18.85,18.85,20.3,17.7,3929700,HSX,stock,development,fold_2
2023-08-17,MWG,54.1,55.2,53.4,53.9,57.5,50.1,3293700,HSX,stock,development,fold_2
2023-08-17,PNJ,80.2,80.5,78.0,80.2,85.8,74.6,342900,HSX,stock,development,fold_2
2023-08-17,SSI,29.05,30.6,29.05,29.95,30.85,26.85,21156300,HSX,stock,development,fold_2
2023-08-17,TCB,35.3,35.3,34.7,34.7,37.75,32.85,2796100,HSX,stock,development,fold_2
2023-08-17,VCB,89.2,89.8,88.6,89.4,95.4,83.0,1056000,HSX,stock,development,fold_2
2023-08-17,VND,21.6,22.2,21.5,21.5,22.75,19.85,19135900,HSX,stock,development,fold_2
2023-08-17,VPB,22.5,22.65,22.15,22.15,23.95,20.85,9104800,HSX,stock,development,fold_2
2023-08-18,FPT,85.6,87.9,84.3,85.5,92.0,80.0,1082200,HSX,stock,development,fold_2
2023-08-18,HPG,27.9,28.0,26.2,26.5,30.05,26.15,11822600,HSX,stock,development,fold_2
2023-08-18,MBB,18.8,18.8,17.9,18.1,20.15,17.55,5504300,HSX,stock,development,fold_2
2023-08-18,MWG,53.9,53.9,50.2,50.2,57.6,50.2,3932700,HSX,stock,development,fold_2
2023-08-18,PNJ,79.3,80.0,76.0,78.5,85.8,74.6,415600,HSX,stock,development,fold_2
2023-08-18,SSI,29.7,30.4,28.0,28.3,32.0,27.9,11385200,HSX,stock,development,fold_2
2023-08-18,TCB,34.55,34.55,32.45,32.5,37.1,32.3,3642700,HSX,stock,development,fold_2
2023-08-18,VCB,89.8,90.3,89.0,89.5,95.6,83.2,593700,HSX,stock,development,fold_2
2023-08-18,VND,21.25,21.6,20.0,20.0,23.0,20.0,13700800,HSX,stock,development,fold_2
2023-08-18,VPB,22.0,22.05,20.6,20.6,23.7,20.6,9451900,HSX,stock,development,fold_2
2023-08-21,FPT,85.9,86.7,85.5,85.9,91.4,79.6,1193600,HSX,stock,development,fold_2
2023-08-21,HPG,26.45,26.55,25.9,26.2,28.35,24.65,14956300,HSX,stock,development,fold_2
2023-08-21,MBB,18.0,18.35,17.85,18.15,19.35,16.85,3928800,HSX,stock,development,fold_2
2023-08-21,MWG,50.0,50.5,48.75,49.0,53.7,46.7,3498300,HSX,stock,development,fold_2
2023-08-21,PNJ,79.5,79.5,77.0,79.0,83.9,73.1,340300,HSX,stock,development,fold_2
2023-08-21,SSI,29.0,29.15,28.5,28.85,30.25,26.35,14395900,HSX,stock,development,fold_2
2023-08-21,TCB,32.5,32.95,32.1,32.75,34.75,30.25,3045500,HSX,stock,development,fold_2
2023-08-21,VCB,89.7,90.2,89.2,89.8,95.7,83.3,769900,HSX,stock,development,fold_2
2023-08-21,VND,20.45,20.8,19.8,20.45,21.4,18.6,14016100,HSX,stock,development,fold_2
2023-08-21,VPB,20.6,21.0,20.4,20.8,22.0,19.2,6652700,HSX,stock,development,fold_2
2023-08-22,FPT,86.3,86.5,83.0,86.5,91.9,79.9,703100,HSX,stock,development,fold_2
2023-08-22,HPG,26.2,26.35,25.1,26.15,28.0,24.4,6984100,HSX,stock,development,fold_2
2023-08-22,MBB,18.3,18.3,17.75,18.2,19.4,16.9,1817700,HSX,stock,development,fold_2
2023-08-22,MWG,49.1,50.2,47.35,50.0,52.4,45.6,2440000,HSX,stock,development,fold_2
2023-08-22,PNJ,79.0,79.0,77.1,78.5,84.5,73.5,168400,HSX,stock,development,fold_2
2023-08-22,SSI,29.0,30.7,27.85,30.7,30.85,26.85,10132100,HSX,stock,development,fold_2
2023-08-22,TCB,32.75,33.1,31.9,33.1,35.0,30.5,1624200,HSX,stock,development,fold_2
2023-08-22,VCB,89.5,89.7,87.8,88.4,96.0,83.6,514400,HSX,stock,development,fold_2
2023-08-22,VND,20.5,21.05,19.55,21.0,21.85,19.05,7259100,HSX,stock,development,fold_2
2023-08-22,VPB,20.75,20.85,20.05,20.6,22.25,19.35,4907600,HSX,stock,development,fold_2
2023-08-23,FPT,86.4,86.8,84.7,86.5,92.5,80.5,611400,HSX,stock,development,fold_2
2023-08-23,HPG,26.35,26.45,25.65,25.65,27.95,24.35,6575700,HSX,stock,development,fold_2
2023-08-23,MBB,18.3,18.3,18.0,18.0,19.45,16.95,2004500,HSX,stock,development,fold_2
2023-08-23,MWG,50.7,50.7,49.2,49.7,53.5,46.5,2205200,HSX,stock,development,fold_2
2023-08-23,PNJ,78.1,78.5,77.1,77.5,83.9,73.1,150400,HSX,stock,development,fold_2
2023-08-23,SSI,31.0,31.15,30.15,30.4,32.8,28.6,10300600,HSX,stock,development,fold_2
2023-08-23,TCB,34.0,34.2,33.2,33.2,35.4,30.8,3833700,HSX,stock,development,fold_2
2023-08-23,VCB,88.9,88.9,86.1,86.3,94.5,82.3,580200,HSX,stock,development,fold_2
2023-08-23,VND,21.3,21.3,20.55,20.55,22.45,19.55,7426200,HSX,stock,development,fold_2
2023-08-23,VPB,20.75,20.85,20.25,20.25,22.0,19.2,5132600,HSX,stock,development,fold_2
2023-08-24,FPT,85.5,90.1,85.1,90.0,91.4,79.6,2008600,HSX,stock,development,fold_2
2023-08-24,HPG,25.65,26.3,25.6,26.3,27.4,23.9,4933900,HSX,stock,development,fold_2
2023-08-24,MBB,18.1,18.35,18.0,18.25,19.25,16.75,2236500,HSX,stock,development,fold_2
2023-08-24,MWG,49.7,50.8,49.7,50.3,53.1,46.25,1755600,HSX,stock,development,fold_2
2023-08-24,PNJ,77.3,78.2,77.3,78.0,82.9,72.1,107500,HSX,stock,development,fold_2
2023-08-24,SSI,30.3,32.1,30.15,32.0,32.5,28.3,9577300,HSX,stock,development,fold_2
2023-08-24,TCB,33.5,33.95,33.4,33.8,35.5,30.9,2177600,HSX,stock,development,fold_2
2023-08-24,VCB,86.3,88.2,86.0,87.0,92.3,80.3,335800,HSX,stock,development,fold_2
2023-08-24,VND,20.7,21.3,20.5,21.3,21.95,19.15,9291200,HSX,stock,development,fold_2
2023-08-24,VPB,20.25,20.5,20.15,20.5,21.65,18.85,3756500,HSX,stock,development,fold_2
2023-08-25,FPT,89.5,91.0,89.1,90.6,96.3,83.7,677700,HSX,stock,development,fold_2
2023-08-25,HPG,26.2,26.4,25.95,25.95,28.1,24.5,5248400,HSX,stock,development,fold_2
2023-08-25,MBB,18.2,18.2,18.1,18.1,19.5,17.0,1329400,HSX,stock,development,fold_2
2023-08-25,MWG,50.3,51.4,50.0,50.5,53.8,46.8,1416800,HSX,stock,development,fold_2
2023-08-25,PNJ,77.8,78.6,77.3,78.3,83.4,72.6,185400,HSX,stock,development,fold_2
2023-08-25,SSI,31.7,32.5,31.65,32.2,34.2,29.8,6921800,HSX,stock,development,fold_2
2023-08-25,TCB,33.7,33.85,33.4,33.65,36.15,31.45,865400,HSX,stock,development,fold_2
2023-08-25,VCB,86.2,87.0,86.0,86.2,93.0,81.0,334000,HSX,stock,development,fold_2
2023-08-25,VND,21.35,22.2,21.15,21.85,22.75,19.85,7934700,HSX,stock,development,fold_2
2023-08-25,VPB,20.45,20.55,20.0,20.2,21.9,19.1,4536800,HSX,stock,development,fold_2
2023-08-28,FPT,92.0,94.3,91.0,94.0,96.9,84.3,1501100,HSX,stock,development,fold_2
2023-08-28,HPG,26.0,26.85,26.0,26.85,27.75,24.15,9602800,HSX,stock,development,fold_2
2023-08-28,MBB,18.25,18.3,18.05,18.2,19.35,16.85,2918800,HSX,stock,development,fold_2
2023-08-28,MWG,50.9,51.9,50.4,51.7,54.0,47.0,3504600,HSX,stock,development,fold_2
2023-08-28,PNJ,78.9,79.5,78.3,79.5,83.7,72.9,278900,HSX,stock,development,fold_2
2023-08-28,SSI,32.3,32.7,32.1,32.45,34.45,29.95,11148900,HSX,stock,development,fold_2
2023-08-28,TCB,33.85,34.1,33.6,34.0,36.0,31.3,2051600,HSX,stock,development,fold_2
2023-08-28,VCB,86.4,87.5,86.2,87.0,92.2,80.2,729800,HSX,stock,development,fold_2
2023-08-28,VND,22.0,22.4,21.9,22.2,23.35,20.35,10557600,HSX,stock,development,fold_2
2023-08-28,VPB,20.2,20.4,20.1,20.3,21.6,18.8,5458500,HSX,stock,development,fold_2
2023-08-29,FPT,94.0,94.0,92.8,93.6,100.5,87.5,810200,HSX,stock,development,fold_2
2023-08-29,HPG,26.9,27.15,26.7,27.0,28.7,25.0,7998800,HSX,stock,development,fold_2
2023-08-29,MBB,18.25,18.35,18.15,18.25,19.45,16.95,4973600,HSX,stock,development,fold_2
2023-08-29,MWG,51.8,53.2,51.5,52.9,55.3,48.1,3413700,HSX,stock,development,fold_2
2023-08-29,PNJ,80.0,80.9,79.5,80.4,85.0,74.0,361000,HSX,stock,development,fold_2
2023-08-29,SSI,32.5,32.8,31.7,32.35,34.7,30.2,12837600,HSX,stock,development,fold_2
2023-08-29,TCB,34.0,34.25,33.75,33.9,36.35,31.65,1499600,HSX,stock,development,fold_2
2023-08-29,VCB,87.0,88.5,86.9,88.4,93.0,81.0,701800,HSX,stock,development,fold_2
2023-08-29,VND,22.4,22.8,22.0,22.4,23.75,20.65,15899400,HSX,stock,development,fold_2
2023-08-29,VPB,20.35,20.9,20.25,20.85,21.7,18.9,7132100,HSX,stock,development,fold_2
2023-08-30,FPT,93.2,98.2,93.1,96.6,100.1,87.1,947800,HSX,stock,development,fold_2
2023-08-30,HPG,27.0,27.25,26.75,27.2,28.85,25.15,9680500,HSX,stock,development,fold_2
2023-08-30,MBB,18.3,18.5,18.25,18.4,19.5,17.0,3237300,HSX,stock,development,fold_2
2023-08-30,MWG,53.0,54.5,52.9,53.8,56.6,49.2,2734500,HSX,stock,development,fold_2
2023-08-30,PNJ,80.5,80.8,79.9,80.7,86.0,74.8,244800,HSX,stock,development,fold_2
2023-08-30,SSI,32.4,33.9,32.1,33.5,34.6,30.1,10991900,HSX,stock,development,fold_2
2023-08-30,TCB,34.0,34.3,33.9,34.0,36.25,31.55,2099700,HSX,stock,development,fold_2
2023-08-30,VCB,88.5,89.5,88.5,89.1,94.5,82.3,640900,HSX,stock,development,fold_2
2023-08-30,VND,22.5,23.5,22.25,23.5,23.95,20.85,12573300,HSX,stock,development,fold_2
2023-08-30,VPB,20.9,20.9,20.6,20.8,22.3,19.4,4864700,HSX,stock,development,fold_2
2023-08-31,FPT,96.6,97.5,96.1,96.7,103.3,89.9,769900,HSX,stock,development,fold_2
2023-08-31,HPG,27.4,27.9,27.3,27.6,29.1,25.3,12611900,HSX,stock,development,fold_2
2023-08-31,MBB,18.4,18.55,18.4,18.5,19.65,17.15,3549700,HSX,stock,development,fold_2
2023-08-31,MWG,54.0,54.4,53.5,53.8,57.5,50.1,2455200,HSX,stock,development,fold_2
2023-08-31,PNJ,80.5,81.3,80.5,80.5,86.3,75.1,360600,HSX,stock,development,fold_2
2023-08-31,SSI,33.5,33.75,33.3,33.4,35.8,31.2,8056200,HSX,stock,development,fold_2
2023-08-31,TCB,34.1,34.5,34.1,34.5,36.35,31.65,1811600,HSX,stock,development,fold_2
2023-08-31,VCB,89.1,89.6,88.3,89.1,95.3,82.9,965500,HSX,stock,development,fold_2
2023-08-31,VND,23.55,23.8,23.3,23.5,25.1,21.9,10462500,HSX,stock,development,fold_2
2023-08-31,VPB,20.8,21.05,20.7,20.95,22.25,19.35,8254800,HSX,stock,development,fold_2
2023-09-05,FPT,97.1,98.7,96.8,96.8,103.4,90.0,441900,HSX,stock,development,fold_2
2023-09-05,HPG,27.8,27.95,27.25,27.8,29.5,25.7,7440900,HSX,stock,development,fold_2
2023-09-05,MBB,18.6,19.25,18.55,19.15,19.75,17.25,6014500,HSX,stock,development,fold_2
2023-09-05,MWG,53.8,55.5,53.4,54.3,57.5,50.1,2445000,HSX,stock,development,fold_2
2023-09-05,PNJ,81.1,81.2,80.2,80.5,86.1,74.9,117300,HSX,stock,development,fold_2
2023-09-05,SSI,33.6,33.7,32.8,33.35,35.7,31.1,6766600,HSX,stock,development,fold_2
2023-09-05,TCB,34.8,35.15,34.75,35.0,36.9,32.1,2474000,HSX,stock,development,fold_2
2023-09-05,VCB,89.1,90.7,89.1,90.1,95.3,82.9,630100,HSX,stock,development,fold_2
2023-09-05,VND,23.7,23.85,23.3,23.5,25.1,21.9,7309100,HSX,stock,development,fold_2
2023-09-05,VPB,21.2,21.3,20.95,21.0,22.4,19.5,4530800,HSX,stock,development,fold_2
2023-09-06,FPT,97.1,99.0,96.3,99.0,103.5,90.1,705900,HSX,stock,development,fold_2
2023-09-06,HPG,27.75,29.0,27.4,29.0,29.7,25.9,9979300,HSX,stock,development,fold_2
2023-09-06,MBB,19.2,19.25,18.9,19.25,20.45,17.85,3849800,HSX,stock,development,fold_2
2023-09-06,MWG,54.3,55.6,53.8,55.0,58.1,50.5,1430100,HSX,stock,development,fold_2
2023-09-06,PNJ,81.0,81.1,80.4,81.1,86.1,74.9,264600,HSX,stock,development,fold_2
2023-09-06,SSI,33.35,34.5,32.95,34.0,35.65,31.05,6355500,HSX,stock,development,fold_2
2023-09-06,TCB,35.05,35.35,34.85,35.2,37.45,32.55,1578600,HSX,stock,development,fold_2
2023-09-06,VCB,90.2,90.2,89.7,90.2,96.4,83.8,517500,HSX,stock,development,fold_2
2023-09-06,VND,23.5,24.45,23.2,24.0,25.1,21.9,8902200,HSX,stock,development,fold_2
2023-09-06,VPB,21.25,21.8,20.9,21.8,22.45,19.55,6160300,HSX,stock,development,fold_2
2023-09-07,FPT,99.0,100.8,97.6,97.9,105.9,92.1,1194600,HSX,stock,development,fold_2
2023-09-07,HPG,29.0,29.3,28.5,28.65,31.0,27.0,9177500,HSX,stock,development,fold_2
2023-09-07,MBB,19.25,19.6,19.15,19.3,20.55,17.95,5666500,HSX,stock,development,fold_2
2023-09-07,MWG,55.2,55.8,54.3,55.0,58.8,51.2,1783100,HSX,stock,development,fold_2
2023-09-07,PNJ,82.1,85.3,81.5,84.2,86.7,75.5,590200,HSX,stock,development,fold_2
2023-09-07,SSI,34.1,34.15,33.3,33.65,36.35,31.65,4637300,HSX,stock,development,fold_2
2023-09-07,TCB,35.25,36.15,35.1,35.75,37.65,32.75,2863100,HSX,stock,development,fold_2
2023-09-07,VCB,90.0,90.8,89.5,89.5,96.5,83.9,506300,HSX,stock,development,fold_2
2023-09-07,VND,24.2,24.25,23.7,23.8,25.65,22.35,4927400,HSX,stock,development,fold_2
2023-09-07,VPB,21.9,22.1,21.7,21.75,23.3,20.3,6388400,HSX,stock,development,fold_2
2023-09-08,FPT,97.5,98.5,97.0,97.6,104.7,91.1,1113100,HSX,stock,development,fold_2
2023-09-08,HPG,28.5,29.15,28.4,28.75,30.65,26.65,12312200,HSX,stock,development,fold_2
2023-09-08,MBB,19.3,19.35,19.1,19.1,20.65,17.95,5064100,HSX,stock,development,fold_2
2023-09-08,MWG,54.5,56.5,54.5,55.5,58.8,51.2,3398400,HSX,stock,development,fold_2
2023-09-08,PNJ,83.6,84.6,83.3,84.0,90.0,78.4,351200,HSX,stock,development,fold_2
2023-09-08,SSI,33.5,34.1,33.4,33.75,36.0,31.3,7324000,HSX,stock,development,fold_2
2023-09-08,TCB,35.85,35.9,35.35,35.35,38.25,33.25,2179300,HSX,stock,development,fold_2
2023-09-08,VCB,89.5,89.5,89.1,89.5,95.7,83.3,639700,HSX,stock,development,fold_2
2023-09-08,VND,23.6,24.1,23.55,23.65,25.45,22.15,9257700,HSX,stock,development,fold_2
2023-09-08,VPB,21.75,21.9,21.7,21.8,23.25,20.25,7929800,HSX,stock,development,fold_2
2023-09-11,FPT,98.7,99.5,95.3,97.4,104.4,90.8,2289400,HSX,stock,development,fold_2
2023-09-11,HPG,29.0,29.05,27.75,28.0,30.75,26.75,16491500,HSX,stock,development,fold_2
2023-09-11,MBB,19.35,19.35,18.75,18.75,20.4,17.8,5889500,HSX,stock,development,fold_2
2023-09-11,MWG,55.8,56.2,53.8,54.5,59.3,51.7,3506400,HSX,stock,development,fold_2
2023-09-11,PNJ,84.5,84.5,81.5,83.6,89.8,78.2,456500,HSX,stock,development,fold_2
2023-09-11,SSI,34.0,34.35,33.4,33.5,36.1,31.4,11248800,HSX,stock,development,fold_2
2023-09-11,TCB,35.6,35.6,34.45,34.55,37.8,32.9,4817900,HSX,stock,development,fold_2
2023-09-11,VCB,89.6,90.0,88.0,88.5,95.7,83.3,813600,HSX,stock,development,fold_2
2023-09-11,VND,23.8,24.2,23.4,23.4,25.3,22.0,15265900,HSX,stock,development,fold_2
2023-09-11,VPB,22.1,22.3,21.5,21.9,23.3,20.3,16756700,HSX,stock,development,fold_2
2023-09-12,FPT,97.4,98.9,97.4,98.9,104.2,90.6,1338000,HSX,stock,development,fold_2
2023-09-12,HPG,28.0,28.75,27.7,28.75,29.95,26.05,10290800,HSX,stock,development,fold_2
2023-09-12,MBB,18.85,19.25,18.75,19.25,20.05,17.45,4645900,HSX,stock,development,fold_2
2023-09-12,MWG,54.5,55.8,54.0,55.8,58.3,50.7,2302300,HSX,stock,development,fold_2
2023-09-12,PNJ,83.0,83.6,82.1,83.6,89.4,77.8,241700,HSX,stock,development,fold_2
2023-09-12,SSI,33.65,35.8,33.5,35.8,35.8,31.2,14501500,HSX,stock,development,fold_2
2023-09-12,TCB,34.55,35.3,34.4,35.3,36.95,32.15,2567900,HSX,stock,development,fold_2
2023-09-12,VCB,89.0,90.0,88.9,89.9,94.6,82.4,886200,HSX,stock,development,fold_2
2023-09-12,VND,23.4,25.0,23.35,25.0,25.0,21.8,14676900,HSX,stock,development,fold_2
2023-09-12,VPB,21.9,22.3,21.7,22.3,23.4,20.4,10584500,HSX,stock,development,fold_2
2023-09-13,FPT,98.9,99.0,97.4,98.0,105.8,92.0,819800,HSX,stock,development,fold_2
2023-09-13,HPG,28.8,29.4,28.25,28.4,30.75,26.75,9775000,HSX,stock,development,fold_2
2023-09-13,MBB,19.3,19.35,18.9,19.05,20.55,17.95,2933300,HSX,stock,development,fold_2
2023-09-13,MWG,56.1,59.3,55.5,57.5,59.7,51.9,2874800,HSX,stock,development,fold_2
2023-09-13,PNJ,84.0,84.4,82.9,83.3,89.4,77.8,178800,HSX,stock,development,fold_2
2023-09-13,SSI,36.2,36.6,35.5,35.8,38.3,33.3,7438800,HSX,stock,development,fold_2
2023-09-13,TCB,35.4,35.45,34.85,35.0,37.75,32.85,1293000,HSX,stock,development,fold_2
2023-09-13,VCB,90.0,90.0,88.9,89.1,96.1,83.7,491500,HSX,stock,development,fold_2
2023-09-13,VND,25.15,25.25,24.45,24.5,26.75,23.25,8400400,HSX,stock,development,fold_2
2023-09-13,VPB,22.3,22.55,22.05,22.45,23.85,20.75,6662300,HSX,stock,development,fold_2
2023-09-14,FPT,98.0,98.0,95.5,95.9,104.8,91.2,640100,HSX,stock,development,fold_2
2023-09-14,HPG,28.4,28.55,27.75,27.8,30.35,26.45,9126300,HSX,stock,development,fold_2
2023-09-14,MBB,19.1,19.35,19.0,19.15,20.35,17.75,4837400,HSX,stock,development,fold_2
2023-09-14,MWG,57.7,58.5,57.1,57.3,61.5,53.5,2122900,HSX,stock,development,fold_2
2023-09-14,PNJ,83.3,83.3,81.2,81.2,89.1,77.5,186000,HSX,stock,development,fold_2
2023-09-14,SSI,35.8,36.25,34.9,35.65,38.3,33.3,6668100,HSX,stock,development,fold_2
2023-09-14,TCB,35.1,35.75,34.9,34.9,37.45,32.55,2367300,HSX,stock,development,fold_2
2023-09-14,VCB,89.0,89.5,88.1,89.1,95.3,82.9,437600,HSX,stock,development,fold_2
2023-09-14,VND,24.5,24.7,24.0,24.15,26.2,22.8,7982200,HSX,stock,development,fold_2
2023-09-14,VPB,22.4,22.6,22.0,22.4,24.0,20.9,7422500,HSX,stock,development,fold_2
2023-09-15,FPT,96.0,97.8,95.3,97.5,102.6,89.2,1156200,HSX,stock,development,fold_2
2023-09-15,HPG,27.9,28.1,27.6,27.6,29.7,25.9,14790800,HSX,stock,development,fold_2
2023-09-15,MBB,19.2,19.7,19.1,19.4,20.45,17.85,9515900,HSX,stock,development,fold_2
2023-09-15,MWG,57.5,57.5,55.4,55.9,61.3,53.3,3153800,HSX,stock,development,fold_2
2023-09-15,PNJ,81.3,82.0,80.7,81.4,86.8,75.6,399100,HSX,stock,development,fold_2
2023-09-15,SSI,35.9,36.05,35.0,35.5,38.1,33.2,11949800,HSX,stock,development,fold_2
2023-09-15,TCB,35.1,35.5,34.9,34.9,37.3,32.5,2419100,HSX,stock,development,fold_2
2023-09-15,VCB,88.9,89.8,88.6,89.8,95.3,82.9,1818200,HSX,stock,development,fold_2
2023-09-15,VND,24.3,24.5,23.8,24.0,25.8,22.5,9426800,HSX,stock,development,fold_2
2023-09-15,VPB,22.45,22.65,22.2,22.55,23.95,20.85,11730700,HSX,stock,development,fold_2
2023-09-18,FPT,96.9,96.9,95.7,96.9,104.3,90.7,973600,HSX,stock,development,fold_2
2023-09-18,HPG,27.6,28.1,27.2,27.6,29.5,25.7,9115100,HSX,stock,development,fold_2
2023-09-18,MBB,19.4,19.4,19.0,19.15,20.75,18.05,5277800,HSX,stock,development,fold_2
2023-09-18,MWG,55.6,55.6,54.1,55.0,59.8,52.0,2520900,HSX,stock,development,fold_2
2023-09-18,PNJ,80.9,82.1,80.5,81.5,87.0,75.8,223700,HSX,stock,development,fold_2
2023-09-18,SSI,35.0,35.95,34.9,35.7,37.95,33.05,10353600,HSX,stock,development,fold_2
2023-09-18,TCB,34.85,35.0,34.0,34.1,37.3,32.5,3590900,HSX,stock,development,fold_2
2023-09-18,VCB,89.5,89.7,88.3,88.8,96.0,83.6,324500,HSX,stock,development,fold_2
2023-09-18,VND,23.95,24.75,23.75,24.55,25.65,22.35,11784800,HSX,stock,development,fold_2
2023-09-18,VPB,22.5,22.5,21.9,22.15,24.1,21.0,10287300,HSX,stock,development,fold_2
2023-09-19,FPT,96.8,98.4,95.9,98.4,103.6,90.2,1381100,HSX,stock,development,fold_2
2023-09-19,HPG,28.0,28.15,27.5,28.15,29.5,25.7,8987700,HSX,stock,development,fold_2
2023-09-19,MBB,19.15,19.2,18.9,19.0,20.45,17.85,3657100,HSX,stock,development,fold_2
2023-09-19,MWG,55.1,55.5,53.0,55.5,58.8,51.2,3537100,HSX,stock,development,fold_2
2023-09-19,PNJ,81.5,81.7,80.3,81.2,87.2,75.8,296800,HSX,stock,development,fold_2
2023-09-19,SSI,35.8,36.2,35.2,36.2,38.15,33.25,7334500,HSX,stock,development,fold_2
2023-09-19,TCB,34.3,34.35,33.8,33.9,36.45,31.75,2266500,HSX,stock,development,fold_2
2023-09-19,VCB,88.8,89.2,86.0,88.1,95.0,82.6,428400,HSX,stock,development,fold_2
2023-09-19,VND,24.85,24.9,24.1,24.75,26.25,22.85,7344300,HSX,stock,development,fold_2
2023-09-19,VPB,22.05,22.15,21.6,21.9,23.7,20.6,7017500,HSX,stock,development,fold_2
2023-09-20,FPT,98.8,99.7,98.5,98.5,105.2,91.6,1249800,HSX,stock,development,fold_2
2023-09-20,HPG,28.15,28.55,28.05,28.4,30.1,26.2,9727100,HSX,stock,development,fold_2
2023-09-20,MBB,19.05,19.2,18.95,19.2,20.3,17.7,3916100,HSX,stock,development,fold_2
2023-09-20,MWG,55.1,56.2,54.6,55.8,59.3,51.7,2665100,HSX,stock,development,fold_2
2023-09-20,PNJ,81.4,82.8,80.8,82.7,86.8,75.6,210400,HSX,stock,development,fold_2
2023-09-20,SSI,36.4,37.0,36.1,36.45,38.7,33.7,8596200,HSX,stock,development,fold_2
2023-09-20,TCB,33.9,34.5,33.85,34.35,36.25,31.55,1446700,HSX,stock,development,fold_2
2023-09-20,VCB,88.1,88.4,86.4,88.0,94.2,82.0,348800,HSX,stock,development,fold_2
2023-09-20,VND,24.8,25.6,24.7,25.25,26.45,23.05,8519100,HSX,stock,development,fold_2
2023-09-20,VPB,21.8,22.05,21.55,21.9,23.4,20.4,6366200,HSX,stock,development,fold_2
2023-09-21,FPT,98.5,98.9,96.3,96.8,105.3,91.7,1565900,HSX,stock,development,fold_2
2023-09-21,HPG,28.4,29.1,28.15,28.4,30.35,26.45,15317700,HSX,stock,development,fold_2
2023-09-21,MBB,19.2,19.35,18.85,18.95,20.5,17.9,4817300,HSX,stock,development,fold_2
2023-09-21,MWG,55.8,55.8,54.2,54.2,59.7,51.9,3902900,HSX,stock,development,fold_2
2023-09-21,PNJ,82.7,82.8,81.1,82.6,88.4,77.0,322600,HSX,stock,development,fold_2
2023-09-21,SSI,36.4,36.45,34.75,34.75,39.0,33.9,19002900,HSX,stock,development,fold_2
2023-09-21,TCB,34.35,34.5,34.0,34.3,36.75,31.95,1584600,HSX,stock,development,fold_2
2023-09-21,VCB,88.0,88.0,86.8,87.0,94.1,81.9,486000,HSX,stock,development,fold_2
2023-09-21,VND,25.2,25.3,24.2,24.2,27.0,23.5,16096300,HSX,stock,development,fold_2
2023-09-21,VPB,21.7,21.9,21.65,21.65,23.4,20.4,5916800,HSX,stock,development,fold_2
2023-09-22,FPT,95.1,97.0,92.6,96.7,103.5,90.1,2446300,HSX,stock,development,fold_2
2023-09-22,HPG,27.75,27.95,26.75,27.3,30.35,26.45,12570900,HSX,stock,development,fold_2
2023-09-22,MBB,18.75,18.8,18.3,18.7,20.25,17.65,5063700,HSX,stock,development,fold_2
2023-09-22,MWG,53.1,53.4,51.3,52.1,57.9,50.5,3378100,HSX,stock,development,fold_2
2023-09-22,PNJ,81.1,81.9,79.9,81.0,88.3,76.9,347300,HSX,stock,development,fold_2
2023-09-22,SSI,33.65,33.95,32.35,32.6,37.15,32.35,15884900,HSX,stock,development,fold_2
2023-09-22,TCB,33.95,34.25,33.4,34.0,36.7,31.9,2090300,HSX,stock,development,fold_2
2023-09-22,VCB,86.4,89.5,86.0,89.3,93.0,81.0,917600,HSX,stock,development,fold_2
2023-09-22,VND,23.3,23.7,22.55,22.55,25.85,22.55,13698500,HSX,stock,development,fold_2
2023-09-22,VPB,21.2,21.35,20.85,21.25,23.15,20.15,6012800,HSX,stock,development,fold_2
2023-09-25,FPT,97.0,97.6,94.3,94.3,103.4,90.0,916100,HSX,stock,development,fold_2
2023-09-25,HPG,27.0,27.5,25.7,26.0,29.2,25.4,9820300,HSX,stock,development,fold_2
2023-09-25,MBB,18.7,18.75,18.1,18.1,20.0,17.4,4532500,HSX,stock,development,fold_2
2023-09-25,MWG,51.6,53.0,49.9,51.0,55.7,48.5,2909500,HSX,stock,development,fold_2
2023-09-25,PNJ,81.5,81.5,79.5,79.8,86.6,75.4,186200,HSX,stock,development,fold_2
2023-09-25,SSI,32.2,33.1,30.35,30.35,34.85,30.35,10575800,HSX,stock,development,fold_2
2023-09-25,TCB,34.0,34.2,32.75,32.8,36.35,31.65,1531700,HSX,stock,development,fold_2
2023-09-25,VCB,89.0,89.5,88.3,89.3,95.5,83.1,598100,HSX,stock,development,fold_2
2023-09-25,VND,22.4,22.7,21.0,21.0,24.1,21.0,7139500,HSX,stock,development,fold_2
2023-09-25,VPB,21.2,21.3,20.4,20.4,22.7,19.8,4993500,HSX,stock,development,fold_2
2023-09-26,FPT,94.2,95.5,93.1,93.5,100.9,87.7,778700,HSX,stock,development,fold_2
2023-09-26,HPG,25.85,26.8,25.85,26.2,27.8,24.2,10652700,HSX,stock,development,fold_2
2023-09-26,MBB,18.15,18.45,18.1,18.25,19.35,16.85,3174300,HSX,stock,development,fold_2
2023-09-26,MWG,51.1,51.7,50.5,51.5,54.5,47.45,2607500,HSX,stock,development,fold_2
2023-09-26,PNJ,79.3,80.0,78.5,78.5,85.3,74.3,257800,HSX,stock,development,fold_2
2023-09-26,SSI,31.0,32.45,30.3,30.9,32.45,28.25,10815600,HSX,stock,development,fold_2
2023-09-26,TCB,32.8,33.0,32.4,32.4,35.05,30.55,1846100,HSX,stock,development,fold_2
2023-09-26,VCB,89.2,89.4,86.9,87.0,95.5,83.1,564400,HSX,stock,development,fold_2
2023-09-26,VND,21.0,22.1,20.65,20.65,22.45,19.55,11749000,HSX,stock,development,fold_2
2023-09-26,VPB,20.6,20.7,20.25,20.45,21.8,19.0,7629100,HSX,stock,development,fold_2
2023-09-27,FPT,93.9,94.3,90.4,94.3,100.0,87.0,1465400,HSX,stock,development,fold_2
2023-09-27,HPG,26.15,26.7,26.15,26.5,28.0,24.4,6392200,HSX,stock,development,fold_2
2023-09-27,MBB,18.15,18.5,18.15,18.5,19.5,17.0,2348600,HSX,stock,development,fold_2
2023-09-27,MWG,51.1,52.0,50.2,52.0,55.1,47.9,1775800,HSX,stock,development,fold_2
2023-09-27,PNJ,78.5,79.7,78.0,79.1,83.9,73.1,129500,HSX,stock,development,fold_2
2023-09-27,SSI,31.7,33.0,30.9,33.0,33.05,28.75,8943400,HSX,stock,development,fold_2
2023-09-27,TCB,32.25,32.6,32.25,32.6,34.65,30.15,1254700,HSX,stock,development,fold_2
2023-09-27,VCB,87.6,89.0,87.0,87.8,93.0,81.0,458700,HSX,stock,development,fold_2
2023-09-27,VND,21.0,21.85,20.35,21.85,22.05,19.25,7148400,HSX,stock,development,fold_2
2023-09-27,VPB,20.5,21.0,20.3,21.0,21.85,19.05,4023100,HSX,stock,development,fold_2
2023-09-28,FPT,94.1,94.3,91.4,94.0,100.9,87.7,784300,HSX,stock,development,fold_2
2023-09-28,HPG,26.6,26.85,26.2,26.6,28.35,24.65,6235500,HSX,stock,development,fold_2
2023-09-28,MBB,18.35,18.55,18.2,18.5,19.75,17.25,2761400,HSX,stock,development,fold_2
2023-09-28,MWG,52.9,54.7,52.5,53.0,55.6,48.4,3335500,HSX,stock,development,fold_2
2023-09-28,PNJ,79.0,79.0,78.3,78.5,84.6,73.6,139300,HSX,stock,development,fold_2
2023-09-28,SSI,32.8,32.9,31.7,32.3,35.3,30.7,9576500,HSX,stock,development,fold_2
2023-09-28,TCB,32.6,33.9,31.85,33.65,34.85,30.35,3369300,HSX,stock,development,fold_2
2023-09-28,VCB,87.2,88.3,86.6,88.0,93.9,81.7,466900,HSX,stock,development,fold_2
2023-09-28,VND,21.7,21.8,20.85,21.05,23.35,20.35,8632900,HSX,stock,development,fold_2
2023-09-28,VPB,20.75,21.4,20.55,21.2,22.45,19.55,6430000,HSX,stock,development,fold_2
2023-09-29,FPT,94.0,94.9,92.8,92.8,100.5,87.5,895400,HSX,stock,development,fold_2
2023-09-29,HPG,26.8,26.85,26.25,26.3,28.45,24.75,6806800,HSX,stock,development,fold_2
2023-09-29,MBB,18.5,18.65,18.5,18.5,19.75,17.25,1977200,HSX,stock,development,fold_2
2023-09-29,MWG,53.8,53.8,52.6,52.6,56.7,49.3,2329400,HSX,stock,development,fold_2
2023-09-29,PNJ,78.5,79.4,78.5,78.8,83.9,73.1,78200,HSX,stock,development,fold_2
2023-09-29,SSI,32.9,32.9,31.8,31.8,34.55,30.05,8748800,HSX,stock,development,fold_2
2023-09-29,TCB,33.5,33.7,33.1,33.65,36.0,31.3,1883300,HSX,stock,development,fold_2
2023-09-29,VCB,88.3,88.3,87.1,87.5,94.1,81.9,256500,HSX,stock,development,fold_2
2023-09-29,VND,21.3,21.55,20.8,21.0,22.5,19.6,6623600,HSX,stock,development,fold_2
2023-09-29,VPB,21.3,21.7,21.1,21.7,22.65,19.75,4757100,HSX,stock,development,fold_2
2023-10-02,FPT,93.4,93.8,92.0,93.2,99.2,86.4,465500,HSX,stock,development,fold_2
2023-10-02,HPG,26.3,26.45,26.0,26.2,28.1,24.5,3897100,HSX,stock,development,fold_2
2023-10-02,MBB,18.55,18.7,18.4,18.6,19.75,17.25,1712600,HSX,stock,development,fold_2
2023-10-02,MWG,52.6,53.0,51.8,51.9,56.2,48.95,1436500,HSX,stock,development,fold_2
2023-10-02,PNJ,78.8,80.5,78.5,78.9,84.3,73.3,104000,HSX,stock,development,fold_2
2023-10-02,SSI,31.8,32.65,31.7,32.1,34.0,29.6,4729500,HSX,stock,development,fold_2
2023-10-02,TCB,33.65,33.65,33.0,33.15,36.0,31.3,988000,HSX,stock,development,fold_2
2023-10-02,VCB,87.1,87.2,86.5,86.5,93.6,81.4,238600,HSX,stock,development,fold_2
2023-10-02,VND,21.0,21.5,21.0,21.1,22.45,19.55,4004600,HSX,stock,development,fold_2
2023-10-02,VPB,21.6,21.8,21.4,21.8,23.2,20.2,4561900,HSX,stock,development,fold_2
2023-10-03,FPT,92.2,93.5,91.5,92.2,99.7,86.7,685800,HSX,stock,development,fold_2
2023-10-03,HPG,26.1,26.1,24.7,24.8,28.0,24.4,13017900,HSX,stock,development,fold_2
2023-10-03,MBB,18.4,18.5,18.0,18.05,19.9,17.3,3123100,HSX,stock,development,fold_2
2023-10-03,MWG,51.5,51.5,48.3,49.0,55.5,48.3,2685300,HSX,stock,development,fold_2
2023-10-03,PNJ,79.4,79.4,77.5,77.5,84.4,73.4,168200,HSX,stock,development,fold_2
2023-10-03,SSI,31.6,31.65,30.1,30.2,34.3,29.9,12324700,HSX,stock,development,fold_2
2023-10-03,TCB,32.9,32.9,31.9,32.5,35.45,30.85,1554600,HSX,stock,development,fold_2
2023-10-03,VCB,86.5,86.7,85.8,86.3,92.5,80.5,331700,HSX,stock,development,fold_2
2023-10-03,VND,20.85,20.85,19.65,19.65,22.55,19.65,11707400,HSX,stock,development,fold_2
2023-10-03,VPB,21.5,21.6,20.7,21.0,23.3,20.3,4608400,HSX,stock,development,fold_2
2023-10-04,FPT,91.3,93.4,91.3,92.5,98.6,85.8,536000,HSX,stock,development,fold_2
2023-10-04,HPG,24.5,25.5,24.0,25.25,26.5,23.1,6719100,HSX,stock,development,fold_2
2023-10-04,MBB,18.05,18.25,17.95,18.15,19.3,16.8,2454000,HSX,stock,development,fold_2
2023-10-04,MWG,48.0,50.0,48.0,49.2,52.4,45.6,1358300,HSX,stock,development,fold_2
2023-10-04,PNJ,77.4,78.0,77.1,77.6,82.9,72.1,128000,HSX,stock,development,fold_2
2023-10-04,SSI,29.8,32.3,29.65,31.75,32.3,28.1,10276700,HSX,stock,development,fold_2
2023-10-04,TCB,32.25,32.65,32.0,32.25,34.75,30.25,1216600,HSX,stock,development,fold_2
2023-10-04,VCB,86.3,86.3,85.3,86.3,92.3,80.3,306600,HSX,stock,development,fold_2
2023-10-04,VND,19.0,20.9,19.0,20.35,21.0,18.3,9482500,HSX,stock,development,fold_2
2023-10-04,VPB,20.5,21.25,20.5,21.0,22.45,19.55,2635300,HSX,stock,development,fold_2
2023-10-05,FPT,92.8,93.3,91.6,91.6,98.9,86.1,477300,HSX,stock,development,fold_2
2023-10-05,HPG,25.4,25.5,24.85,24.9,27.0,23.5,3107900,HSX,stock,development,fold_2
2023-10-05,MBB,18.2,18.3,18.0,18.05,19.4,16.9,2649300,HSX,stock,development,fold_2
2023-10-05,MWG,49.9,49.9,47.0,47.0,52.6,45.8,2091700,HSX,stock,development,fold_2
2023-10-05,PNJ,78.2,78.4,77.7,77.8,83.0,72.2,55800,HSX,stock,development,fold_2
2023-10-05,SSI,31.9,32.4,31.5,31.65,33.95,29.55,6409900,HSX,stock,development,fold_2
2023-10-05,TCB,32.35,32.6,31.8,31.8,34.5,30.0,993800,HSX,stock,development,fold_2
2023-10-05,VCB,86.0,86.0,84.5,84.5,92.3,80.3,294400,HSX,stock,development,fold_2
2023-10-05,VND,20.6,20.65,19.55,19.55,21.75,18.95,5278100,HSX,stock,development,fold_2
2023-10-05,VPB,20.9,21.1,20.8,20.8,22.45,19.55,2382700,HSX,stock,development,fold_2
2023-10-06,FPT,91.5,92.8,91.0,92.7,98.0,85.2,372900,HSX,stock,development,fold_2
2023-10-06,HPG,24.85,25.3,24.65,24.95,26.6,23.2,6085700,HSX,stock,development,fold_2
2023-10-06,MBB,18.05,18.2,17.95,18.15,19.3,16.8,1793300,HSX,stock,development,fold_2
2023-10-06,MWG,46.9,48.5,46.3,48.3,50.2,43.75,1876800,HSX,stock,development,fold_2
2023-10-06,PNJ,78.2,78.2,77.5,78.0,83.2,72.4,124900,HSX,stock,development,fold_2
2023-10-06,SSI,31.65,32.95,31.2,32.95,33.85,29.45,6973700,HSX,stock,development,fold_2
2023-10-06,TCB,31.75,32.25,31.6,32.05,34.0,29.6,712100,HSX,stock,development,fold_2
2023-10-06,VCB,84.5,85.4,83.5,85.4,90.4,78.6,283100,HSX,stock,development,fold_2
2023-10-06,VND,19.6,20.9,19.45,20.9,20.9,18.2,9298100,HSX,stock,development,fold_2
2023-10-06,VPB,20.95,21.05,20.7,20.95,22.25,19.35,2692800,HSX,stock,development,fold_2
2023-10-09,FPT,92.4,95.6,92.2,95.6,99.1,86.3,959300,HSX,stock,development,fold_2
2023-10-09,HPG,24.95,25.6,24.95,25.5,26.65,23.25,2469700,HSX,stock,development,fold_2
2023-10-09,MBB,18.15,18.3,18.0,18.3,19.4,16.9,2525600,HSX,stock,development,fold_2
2023-10-09,MWG,48.35,48.9,47.65,47.95,51.6,44.95,1555200,HSX,stock,development,fold_2
2023-10-09,PNJ,79.0,80.4,78.1,80.0,83.4,72.6,180400,HSX,stock,development,fold_2
2023-10-09,SSI,32.9,33.5,32.4,33.2,35.25,30.65,4716800,HSX,stock,development,fold_2
2023-10-09,TCB,32.1,32.15,31.9,32.1,34.25,29.85,798200,HSX,stock,development,fold_2
2023-10-09,VCB,85.4,85.4,84.0,84.6,91.3,79.5,443000,HSX,stock,development,fold_2
2023-10-09,VND,20.9,21.85,20.8,21.6,22.35,19.45,5378200,HSX,stock,development,fold_2
2023-10-09,VPB,21.0,21.4,20.75,21.4,22.4,19.5,3377000,HSX,stock,development,fold_2
2023-10-10,FPT,96.5,97.2,95.4,96.3,102.2,89.0,1477100,HSX,stock,development,fold_2
2023-10-10,HPG,25.7,26.25,25.6,26.0,27.25,23.75,8754500,HSX,stock,development,fold_2
2023-10-10,MBB,18.4,18.55,18.35,18.45,19.55,17.05,2483600,HSX,stock,development,fold_2
2023-10-10,MWG,48.4,49.45,48.4,48.85,51.3,44.6,2258800,HSX,stock,development,fold_2
2023-10-10,PNJ,81.0,81.4,79.3,79.5,85.6,74.4,245200,HSX,stock,development,fold_2
2023-10-10,SSI,33.6,33.9,32.7,32.7,35.5,30.9,11697100,HSX,stock,development,fold_2
2023-10-10,TCB,32.3,32.65,32.25,32.5,34.3,29.9,1249300,HSX,stock,development,fold_2
2023-10-10,VCB,84.6,86.2,84.6,86.1,90.5,78.7,382300,HSX,stock,development,fold_2
2023-10-10,VND,21.95,21.95,21.35,21.4,23.1,20.1,11277300,HSX,stock,development,fold_2
2023-10-10,VPB,21.35,21.6,21.3,21.6,22.85,19.95,7517600,HSX,stock,development,fold_2
2023-10-11,FPT,95.9,98.0,95.9,97.0,103.0,89.6,1197200,HSX,stock,development,fold_2
2023-10-11,HPG,26.15,26.25,25.8,26.2,27.8,24.2,6610700,HSX,stock,development,fold_2
2023-10-11,MBB,18.4,18.5,18.3,18.5,19.7,17.2,2246800,HSX,stock,development,fold_2
2023-10-11,MWG,49.0,49.3,48.6,49.3,52.2,45.45,1589300,HSX,stock,development,fold_2
2023-10-11,PNJ,80.1,80.3,79.8,80.3,85.0,74.0,180800,HSX,stock,development,fold_2
2023-10-11,SSI,32.8,34.0,32.55,34.0,34.95,30.45,10846800,HSX,stock,development,fold_2
2023-10-11,TCB,32.65,32.65,32.3,32.6,34.75,30.25,1044600,HSX,stock,development,fold_2
2023-10-11,VCB,86.2,86.5,85.7,86.5,92.1,80.1,318100,HSX,stock,development,fold_2
2023-10-11,VND,21.5,22.2,21.35,22.2,22.85,19.95,8888500,HSX,stock,development,fold_2
2023-10-11,VPB,21.6,21.8,21.4,21.8,23.1,20.1,5753100,HSX,stock,development,fold_2
2023-10-12,FPT,97.0,97.8,96.0,96.4,103.7,90.3,924700,HSX,stock,development,fold_2
2023-10-12,HPG,26.3,26.3,25.6,25.8,28.0,24.4,8513700,HSX,stock,development,fold_2
2023-10-12,MBB,18.5,18.55,18.35,18.35,19.75,17.25,2738900,HSX,stock,development,fold_2
2023-10-12,MWG,49.3,49.5,48.2,48.4,52.7,45.85,5019300,HSX,stock,development,fold_2
2023-10-12,PNJ,80.6,81.2,80.0,80.0,85.9,74.7,191100,HSX,stock,development,fold_2
2023-10-12,SSI,34.1,34.1,33.4,33.6,36.35,31.65,7955100,HSX,stock,development,fold_2
2023-10-12,TCB,32.7,32.85,32.5,32.5,34.85,30.35,1115700,HSX,stock,development,fold_2
2023-10-12,VCB,86.9,86.9,85.5,86.0,92.5,80.5,362500,HSX,stock,development,fold_2
2023-10-12,VND,22.3,22.5,21.9,22.05,23.75,20.65,10392200,HSX,stock,development,fold_2
2023-10-12,VPB,21.9,21.9,21.6,21.85,23.3,20.3,7101700,HSX,stock,development,fold_2
2023-10-13,FPT,96.0,96.3,95.3,96.1,103.1,89.7,1137800,HSX,stock,development,fold_2
2023-10-13,HPG,25.6,25.75,25.05,25.75,27.6,24.0,8473500,HSX,stock,development,fold_2
2023-10-13,MBB,18.3,18.5,18.25,18.45,19.6,17.1,2701400,HSX,stock,development,fold_2
2023-10-13,MWG,48.5,49.5,48.45,49.5,51.7,45.05,4787900,HSX,stock,development,fold_2
2023-10-13,PNJ,80.0,80.4,79.3,79.8,85.6,74.4,137100,HSX,stock,development,fold_2
2023-10-13,SSI,33.3,34.1,33.0,33.55,35.95,31.25,9492900,HSX,stock,development,fold_2
2023-10-13,TCB,32.4,32.45,32.0,32.2,34.75,30.25,835700,HSX,stock,development,fold_2
2023-10-13,VCB,86.0,86.6,85.5,86.6,92.0,80.0,326400,HSX,stock,development,fold_2
2023-10-13,VND,21.8,22.2,21.45,22.0,23.55,20.55,9342300,HSX,stock,development,fold_2
2023-10-13,VPB,21.65,22.0,21.4,21.95,23.35,20.35,8118500,HSX,stock,development,fold_2
2023-10-16,FPT,96.8,98.9,96.3,96.8,102.8,89.4,2402400,HSX,stock,development,fold_2
2023-10-16,HPG,25.75,25.8,25.0,25.0,27.55,23.95,7530400,HSX,stock,development,fold_2
2023-10-16,MBB,18.45,18.45,18.2,18.2,19.7,17.2,2467000,HSX,stock,development,fold_2
2023-10-16,MWG,49.5,50.7,48.6,48.6,52.9,46.05,3790000,HSX,stock,development,fold_2
2023-10-16,PNJ,80.6,80.6,79.4,79.9,85.3,74.3,246700,HSX,stock,development,fold_2
2023-10-16,SSI,33.55,33.6,31.9,32.1,35.85,31.25,11917700,HSX,stock,development,fold_2
2023-10-16,TCB,32.05,32.3,31.8,31.8,34.45,29.95,1254900,HSX,stock,development,fold_2
2023-10-16,VCB,85.6,86.6,85.6,86.1,92.6,80.6,176500,HSX,stock,development,fold_2
2023-10-16,VND,22.0,22.0,20.9,20.95,23.5,20.5,11119600,HSX,stock,development,fold_2
2023-10-16,VPB,21.7,22.5,21.7,22.5,23.45,20.45,13105700,HSX,stock,development,fold_2
2023-10-17,FPT,97.8,97.8,93.1,93.1,103.5,90.1,1351900,HSX,stock,development,fold_2
2023-10-17,HPG,25.2,25.45,24.8,24.8,26.75,23.25,8507700,HSX,stock,development,fold_2
2023-10-17,MBB,18.3,18.45,18.1,18.1,19.45,16.95,2519900,HSX,stock,development,fold_2
2023-10-17,MWG,48.9,48.9,46.3,46.3,52.0,45.2,3713800,HSX,stock,development,fold_2
2023-10-17,PNJ,80.0,80.1,79.1,79.1,85.4,74.4,120900,HSX,stock,development,fold_2
2023-10-17,SSI,32.4,32.9,31.45,31.45,34.3,29.9,9348000,HSX,stock,development,fold_2
2023-10-17,TCB,31.95,32.2,31.75,31.75,34.0,29.6,888800,HSX,stock,development,fold_2
2023-10-17,VCB,86.1,86.5,85.5,85.9,92.1,80.1,173900,HSX,stock,development,fold_2
2023-10-17,VND,21.1,21.5,20.0,20.0,22.4,19.5,9415200,HSX,stock,development,fold_2
2023-10-17,VPB,22.45,22.7,22.2,22.7,24.05,20.95,13507700,HSX,stock,development,fold_2
2023-10-18,FPT,94.9,94.9,91.0,93.0,99.6,86.6,2230400,HSX,stock,development,fold_2
2023-10-18,HPG,24.8,24.95,23.2,24.0,26.5,23.1,8147700,HSX,stock,development,fold_2
2023-10-18,MBB,18.1,18.2,17.6,17.75,19.35,16.85,3422500,HSX,stock,development,fold_2
2023-10-18,MWG,46.8,47.0,43.65,44.7,49.5,43.1,4181100,HSX,stock,development,fold_2
2023-10-18,PNJ,79.0,79.0,75.5,77.0,84.6,73.6,171500,HSX,stock,development,fold_2
2023-10-18,SSI,31.8,32.15,29.8,31.55,33.65,29.25,8481300,HSX,stock,development,fold_2
2023-10-18,TCB,31.75,31.8,31.0,31.25,33.95,29.55,1687100,HSX,stock,development,fold_2
2023-10-18,VCB,85.5,86.0,85.0,85.9,91.9,79.9,493600,HSX,stock,development,fold_2
2023-10-18,VND,20.3,20.75,19.0,20.15,21.4,18.6,9480200,HSX,stock,development,fold_2
2023-10-18,VPB,22.5,23.15,21.75,22.5,24.25,21.15,13378300,HSX,stock,development,fold_2
2023-10-19,FPT,94.0,94.3,92.0,92.0,99.5,86.5,1837200,HSX,stock,development,fold_2
2023-10-19,HPG,24.1,24.2,23.45,23.7,25.65,22.35,7841100,HSX,stock,development,fold_2
2023-10-19,MBB,17.75,17.9,17.6,17.65,18.95,16.55,2531200,HSX,stock,development,fold_2
2023-10-19,MWG,44.2,44.7,43.0,43.0,47.8,41.6,4383000,HSX,stock,development,fold_2
2023-10-19,PNJ,77.0,77.6,75.9,75.9,82.3,71.7,296500,HSX,stock,development,fold_2
2023-10-19,SSI,31.55,31.75,29.8,30.1,33.75,29.35,11127600,HSX,stock,development,fold_2
2023-10-19,TCB,31.25,31.4,30.65,30.65,33.4,29.1,1445800,HSX,stock,development,fold_2
2023-10-19,VCB,85.5,86.0,84.1,84.5,91.9,79.9,572500,HSX,stock,development,fold_2
2023-10-19,VND,20.1,20.4,19.05,19.15,21.55,18.75,9166600,HSX,stock,development,fold_2
2023-10-19,VPB,22.2,22.4,21.45,21.45,24.05,20.95,6852400,HSX,stock,development,fold_2
2023-10-20,FPT,92.5,93.0,90.1,92.9,98.4,85.6,1435800,HSX,stock,development,fold_2
2023-10-20,HPG,23.7,24.35,23.35,24.35,25.35,22.05,7646300,HSX,stock,development,fold_2
2023-10-20,MBB,17.65,18.0,17.5,17.95,18.85,16.45,2322000,HSX,stock,development,fold_2
2023-10-20,MWG,43.0,45.0,43.0,44.7,46.0,40.0,3403800,HSX,stock,development,fold_2
2023-10-20,PNJ,75.5,76.5,75.0,75.4,80.3,69.9,153900,HSX,stock,development,fold_2
2023-10-20,SSI,30.1,31.4,29.1,31.3,32.2,28.0,12543200,HSX,stock,development,fold_2
2023-10-20,TCB,30.7,31.4,30.55,31.1,32.75,28.55,1360900,HSX,stock,development,fold_2
2023-10-20,VCB,83.5,85.3,82.7,84.8,90.4,78.6,468200,HSX,stock,development,fold_2
2023-10-20,VND,19.15,20.0,18.35,19.95,20.45,17.85,11088600,HSX,stock,development,fold_2
2023-10-20,VPB,21.6,22.1,21.45,21.6,22.95,19.95,5843400,HSX,stock,development,fold_2
2023-10-23,FPT,93.8,93.8,90.8,91.0,99.4,86.4,960300,HSX,stock,development,fold_2
2023-10-23,HPG,24.35,24.35,23.7,24.0,26.05,22.65,5608900,HSX,stock,development,fold_2
2023-10-23,MBB,17.95,18.0,17.7,17.8,19.2,16.7,1767800,HSX,stock,development,fold_2
2023-10-23,MWG,44.7,44.85,42.6,43.0,47.8,41.6,3575300,HSX,stock,development,fold_2
2023-10-23,PNJ,75.9,75.9,74.3,74.3,80.6,70.2,281900,HSX,stock,development,fold_2
2023-10-23,SSI,30.6,31.35,30.4,30.6,33.45,29.15,7168400,HSX,stock,development,fold_2
2023-10-23,TCB,31.1,31.5,30.5,30.9,33.25,28.95,1314400,HSX,stock,development,fold_2
2023-10-23,VCB,84.5,84.5,82.5,84.5,90.7,78.9,467800,HSX,stock,development,fold_2
2023-10-23,VND,19.95,20.2,19.35,19.4,21.3,18.6,7359100,HSX,stock,development,fold_2
2023-10-23,VPB,21.6,21.7,20.7,21.05,23.1,20.1,6633600,HSX,stock,development,fold_2
2023-10-24,FPT,92.4,92.4,90.8,92.0,97.3,84.7,932800,HSX,stock,development,fold_2
2023-10-24,HPG,24.05,24.4,23.65,24.0,25.65,22.35,4687300,HSX,stock,development,fold_2
2023-10-24,MBB,17.8,18.0,17.75,17.9,19.0,16.6,2296100,HSX,stock,development,fold_2
2023-10-24,MWG,43.1,43.6,41.75,43.0,46.0,40.0,3907700,HSX,stock,development,fold_2
2023-10-24,PNJ,74.8,75.0,74.0,74.8,79.5,69.1,157300,HSX,stock,development,fold_2
2023-10-24,SSI,31.0,31.15,30.45,31.05,32.7,28.5,6785500,HSX,stock,development,fold_2
2023-10-24,TCB,31.35,31.8,31.05,31.35,33.05,28.75,1206900,HSX,stock,development,fold_2
2023-10-24,VCB,84.5,86.5,83.9,86.0,90.4,78.6,524800,HSX,stock,development,fold_2
2023-10-24,VND,19.6,19.9,19.25,19.75,20.75,18.05,5890200,HSX,stock,development,fold_2
2023-10-24,VPB,20.85,21.4,20.85,21.05,22.5,19.6,3357000,HSX,stock,development,fold_2
2023-10-25,FPT,91.8,92.7,90.9,90.9,98.4,85.6,893200,HSX,stock,development,fold_2
2023-10-25,HPG,24.05,24.6,24.05,24.05,25.65,22.35,6136100,HSX,stock,development,fold_2
2023-10-25,MBB,17.95,18.05,17.8,17.8,19.15,16.65,2047600,HSX,stock,development,fold_2
2023-10-25,MWG,43.0,44.2,43.0,43.5,46.0,40.0,2311600,HSX,stock,development,fold_2
2023-10-25,PNJ,74.8,75.6,74.3,74.3,80.0,69.6,212500,HSX,stock,development,fold_2
2023-10-25,SSI,31.0,31.55,30.8,30.8,33.2,28.9,6832000,HSX,stock,development,fold_2
2023-10-25,TCB,31.2,31.6,31.2,31.2,33.5,29.2,1118100,HSX,stock,development,fold_2
2023-10-25,VCB,85.1,85.8,84.6,85.8,92.0,80.0,372200,HSX,stock,development,fold_2
2023-10-25,VND,19.8,20.25,19.65,19.65,21.1,18.4,6190300,HSX,stock,development,fold_2
2023-10-25,VPB,21.05,21.25,20.9,21.0,22.5,19.6,2562900,HSX,stock,development,fold_2
2023-10-26,FPT,88.3,89.9,86.0,86.8,97.2,84.6,2719900,HSX,stock,development,fold_2
2023-10-26,HPG,23.8,23.85,22.6,22.8,25.7,22.4,14929900,HSX,stock,development,fold_2
2023-10-26,MBB,17.65,17.65,17.05,17.2,19.0,16.6,5753200,HSX,stock,development,fold_2
2023-10-26,MWG,42.2,42.4,40.5,42.0,46.5,40.5,7305000,HSX,stock,development,fold_2
2023-10-26,PNJ,74.0,74.0,72.0,74.0,79.5,69.1,556800,HSX,stock,development,fold_2
2023-10-26,SSI,29.7,29.95,28.65,28.7,32.95,28.65,18644300,HSX,stock,development,fold_2
2023-10-26,TCB,30.8,30.95,29.2,29.8,33.35,29.05,3220200,HSX,stock,development,fold_2
2023-10-26,VCB,85.0,86.0,83.5,84.5,91.8,79.8,782800,HSX,stock,development,fold_2
2023-10-26,VND,19.0,19.4,18.3,18.3,21.0,18.3,18302500,HSX,stock,development,fold_2
2023-10-26,VPB,20.7,20.85,19.55,20.2,22.45,19.55,8227700,HSX,stock,development,fold_2
2023-10-27,FPT,87.5,88.0,86.3,87.0,,,484100,HSX,stock,development,fold_2
2023-10-27,HPG,23.25,23.5,22.85,23.35,,,4981200,HSX,stock,development,fold_2
2023-10-27,MBB,17.25,17.5,17.15,17.45,,,2829600,HSX,stock,development,fold_2
2023-10-27,MWG,42.3,42.5,41.4,42.0,,,1397700,HSX,stock,development,fold_2
2023-10-27,PNJ,73.8,74.0,72.6,73.6,,,113600,HSX,stock,development,fold_2
2023-10-27,SSI,29.25,29.8,28.75,29.45,,,5539500,HSX,stock,development,fold_2
2023-10-27,TCB,30.0,30.4,29.1,29.55,,,1279100,HSX,stock,development,fold_2
2023-10-27,VCB,84.6,85.0,83.8,85.0,,,301500,HSX,stock,development,fold_2
2023-10-27,VND,18.6,18.75,17.75,18.5,,,5142300,HSX,stock,development,fold_2
2023-10-27,VPB,20.2,20.5,19.9,20.2,,,2604800,HSX,stock,development,fold_2
2023-10-30,FPT,87.0,87.1,85.0,85.0,93.0,81.0,930100,HSX,stock,development,fold_2
2023-10-30,HPG,23.35,23.75,23.0,23.0,24.95,21.75,7821400,HSX,stock,development,fold_2
2023-10-30,MBB,17.25,17.45,17.0,17.0,18.65,16.25,1775300,HSX,stock,development,fold_2
2023-10-30,MWG,41.1,41.75,40.5,40.5,44.9,39.1,2556200,HSX,stock,development,fold_2
2023-10-30,PNJ,73.6,73.6,72.6,72.9,78.7,68.5,126700,HSX,stock,development,fold_2
2023-10-30,SSI,29.0,29.35,27.5,27.5,31.5,27.4,9734500,HSX,stock,development,fold_2
2023-10-30,TCB,29.2,29.25,28.1,28.1,31.6,27.5,3115000,HSX,stock,development,fold_2
2023-10-30,VCB,83.5,86.0,83.5,85.9,90.9,79.1,319400,HSX,stock,development,fold_2
2023-10-30,VND,18.2,18.45,17.3,17.3,19.75,17.25,7296400,HSX,stock,development,fold_2
2023-10-30,VPB,20.0,20.15,19.8,19.9,21.6,18.8,2923800,HSX,stock,development,fold_2
2023-10-31,FPT,85.1,85.3,83.0,83.0,90.9,79.1,1530100,HSX,stock,development,fold_2
2023-10-31,HPG,23.5,23.5,22.9,23.0,24.6,21.4,10380500,HSX,stock,development,fold_2
2023-10-31,MBB,17.2,17.3,16.95,17.1,18.15,15.85,3029600,HSX,stock,development,fold_2
2023-10-31,MWG,40.4,40.7,37.7,37.7,43.3,37.7,5095500,HSX,stock,development,fold_2
2023-10-31,PNJ,73.0,73.0,71.5,72.0,78.0,67.8,293700,HSX,stock,development,fold_2
2023-10-31,SSI,27.55,27.9,25.65,25.75,29.4,25.6,16919300,HSX,stock,development,fold_2
2023-10-31,TCB,28.2,28.5,27.2,27.7,30.05,26.15,2826800,HSX,stock,development,fold_2
2023-10-31,VCB,85.9,86.9,84.9,86.8,91.9,79.9,706500,HSX,stock,development,fold_2
2023-10-31,VND,17.3,17.7,16.3,16.3,18.5,16.1,12687600,HSX,stock,development,fold_2
2023-10-31,VPB,19.8,20.05,19.55,20.0,21.25,18.55,3933800,HSX,stock,development,fold_2
2023-11-01,FPT,84.3,85.4,82.6,85.4,88.8,77.2,1167100,HSX,stock,development,fold_2
2023-11-01,HPG,23.0,23.95,22.95,23.95,24.6,21.4,8909000,HSX,stock,development,fold_2
2023-11-01,MBB,17.2,17.3,17.1,17.2,18.25,15.95,2781800,HSX,stock,development,fold_2
2023-11-01,MWG,37.0,37.7,35.1,35.1,40.3,35.1,9099800,HSX,stock,development,fold_2
2023-11-01,PNJ,71.5,72.1,71.1,72.0,77.0,67.0,167100,HSX,stock,development,fold_2
2023-11-01,SSI,25.75,27.15,25.75,27.15,27.55,23.95,13789300,HSX,stock,development,fold_2
2023-11-01,TCB,28.3,28.45,27.45,28.2,29.6,25.8,2486500,HSX,stock,development,fold_2
2023-11-01,VCB,86.8,87.8,86.1,87.8,92.8,80.8,850500,HSX,stock,development,fold_2
2023-11-01,VND,16.5,17.35,16.35,17.35,17.4,15.2,11423600,HSX,stock,development,fold_2
2023-11-01,VPB,20.0,20.1,19.8,19.8,21.4,18.6,3126700,HSX,stock,development,fold_2
2023-11-02,FPT,86.4,89.0,85.9,89.0,91.3,79.5,1182900,HSX,stock,development,fold_2
2023-11-02,HPG,24.2,25.6,24.1,25.25,25.6,22.3,11525200,HSX,stock,development,fold_2
2023-11-02,MBB,17.35,17.75,17.3,17.7,18.4,16.0,3340000,HSX,stock,development,fold_2
2023-11-02,MWG,35.9,37.4,33.6,37.0,37.55,32.65,9499300,HSX,stock,development,fold_2
2023-11-02,PNJ,72.2,74.0,72.2,73.8,77.0,67.0,197400,HSX,stock,development,fold_2
2023-11-02,SSI,27.6,29.0,27.5,28.9,29.05,25.25,12472000,HSX,stock,development,fold_2
2023-11-02,TCB,28.8,29.6,28.5,29.35,30.15,26.25,2206600,HSX,stock,development,fold_2
2023-11-02,VCB,88.0,89.0,86.6,89.0,93.9,81.7,500400,HSX,stock,development,fold_2
2023-11-02,VND,17.7,18.55,17.6,18.55,18.55,16.15,12149200,HSX,stock,development,fold_2
2023-11-02,VPB,19.95,20.4,19.85,20.3,21.15,18.45,3269300,HSX,stock,development,fold_2
2023-11-03,FPT,89.0,89.2,87.0,87.0,95.2,82.8,4038000,HSX,stock,development,fold_2
2023-11-03,HPG,25.4,25.5,24.75,25.1,27.0,23.5,8542600,HSX,stock,development,fold_2
2023-11-03,MBB,17.8,17.85,17.4,17.4,18.9,16.5,8912300,HSX,stock,development,fold_2
2023-11-03,MWG,37.5,39.2,37.0,38.95,39.55,34.45,5518300,HSX,stock,development,fold_2
2023-11-03,PNJ,74.8,74.9,73.8,73.8,78.9,68.7,1564100,HSX,stock,development,fold_2
2023-11-03,SSI,29.0,29.05,28.3,28.9,30.9,26.9,10941500,HSX,stock,development,fold_2
2023-11-03,TCB,29.95,31.0,29.55,31.0,31.4,27.3,5363300,HSX,stock,development,fold_2
2023-11-03,VCB,89.0,89.4,88.1,88.9,95.2,82.8,660600,HSX,stock,development,fold_2
2023-11-03,VND,18.6,18.8,18.25,18.5,19.8,17.3,9351200,HSX,stock,development,fold_2
2023-11-03,VPB,20.45,20.5,19.8,19.8,21.7,18.9,10332300,HSX,stock,development,fold_2
2023-11-06,FPT,88.2,88.9,87.8,88.5,93.0,81.0,698500,HSX,stock,development,fold_2
2023-11-06,HPG,25.35,25.9,25.2,25.75,26.85,23.35,8993500,HSX,stock,development,fold_2
2023-11-06,MBB,17.6,18.0,17.55,17.95,18.6,16.2,4021000,HSX,stock,development,fold_2
2023-11-06,MWG,39.0,39.0,37.6,38.05,41.65,36.25,5568800,HSX,stock,development,fold_2
2023-11-06,PNJ,74.0,76.8,74.0,76.6,78.9,68.7,265500,HSX,stock,development,fold_2
2023-11-06,SSI,29.15,29.3,28.8,29.0,30.9,26.9,8370800,HSX,stock,development,fold_2
2023-11-06,TCB,30.8,31.0,30.3,31.0,33.15,28.85,1717500,HSX,stock,development,fold_2
2023-11-06,VCB,88.9,89.8,88.5,89.5,95.1,82.7,353900,HSX,stock,development,fold_2
2023-11-06,VND,18.85,18.85,18.45,18.7,19.75,17.25,5719900,HSX,stock,development,fold_2
2023-11-06,VPB,20.2,20.85,20.2,20.8,21.15,18.45,5540900,HSX,stock,development,fold_2
2023-11-07,FPT,88.5,88.8,87.9,88.3,94.6,82.4,701800,HSX,stock,development,fold_2
2023-11-07,HPG,25.8,26.2,25.45,25.8,27.55,23.95,8015500,HSX,stock,development,fold_2
2023-11-07,MBB,17.95,18.0,17.7,17.8,19.2,16.7,1815600,HSX,stock,development,fold_2
2023-11-07,MWG,37.9,39.45,37.5,38.2,40.7,35.4,4740400,HSX,stock,development,fold_2
2023-11-07,PNJ,76.9,76.9,75.4,75.9,81.9,71.3,112300,HSX,stock,development,fold_2
2023-11-07,SSI,28.9,29.3,28.3,28.35,31.0,27.0,8032900,HSX,stock,development,fold_2
2023-11-07,TCB,30.6,30.95,30.45,30.6,33.15,28.85,806700,HSX,stock,development,fold_2
2023-11-07,VCB,89.0,89.3,88.3,88.3,95.7,83.3,261400,HSX,stock,development,fold_2
2023-11-07,VND,18.5,19.05,18.2,18.3,20.0,17.4,8444000,HSX,stock,development,fold_2
2023-11-07,VPB,20.9,21.1,20.7,20.7,22.25,19.35,3400500,HSX,stock,development,fold_2
2023-11-08,FPT,88.2,92.6,88.0,92.6,94.4,82.2,1544800,HSX,stock,development,fold_2
2023-11-08,HPG,25.8,26.95,25.6,26.95,27.6,24.0,16258100,HSX,stock,development,fold_2
2023-11-08,MBB,17.8,18.4,17.7,18.35,19.0,16.6,5872400,HSX,stock,development,fold_2
2023-11-08,MWG,37.9,39.6,36.7,39.6,40.85,35.55,9231700,HSX,stock,development,fold_2
2023-11-08,PNJ,75.8,77.4,74.8,77.0,81.2,70.6,215900,HSX,stock,development,fold_2
2023-11-08,SSI,28.35,30.3,28.3,30.3,30.3,26.4,10481300,HSX,stock,development,fold_2
2023-11-08,TCB,30.6,31.9,30.2,31.8,32.7,28.5,1900100,HSX,stock,development,fold_2
2023-11-08,VCB,88.0,89.7,87.9,89.5,94.4,82.2,703000,HSX,stock,development,fold_2
2023-11-08,VND,18.3,19.55,18.3,19.55,19.55,17.05,9961800,HSX,stock,development,fold_2
2023-11-08,VPB,20.8,21.35,20.6,21.35,22.1,19.3,7469500,HSX,stock,development,fold_2
2023-11-09,FPT,92.0,93.3,91.8,92.5,99.0,86.2,1098500,HSX,stock,development,fold_2
2023-11-09,HPG,26.95,27.4,26.6,26.7,28.8,25.1,12294100,HSX,stock,development,fold_2
2023-11-09,MBB,18.4,18.5,18.25,18.35,19.6,17.1,4662100,HSX,stock,development,fold_2
2023-11-09,MWG,40.5,41.35,39.9,40.3,42.35,36.85,5333800,HSX,stock,development,fold_2
2023-11-09,PNJ,77.0,77.5,76.2,76.5,82.3,71.7,249200,HSX,stock,development,fold_2
2023-11-09,SSI,30.65,31.6,30.55,30.85,32.4,28.2,14463800,HSX,stock,development,fold_2
2023-11-09,TCB,31.85,31.95,31.3,31.5,34.0,29.6,2152100,HSX,stock,development,fold_2
2023-11-09,VCB,89.5,89.5,87.9,87.9,95.7,83.3,690600,HSX,stock,development,fold_2
2023-11-09,VND,19.8,20.8,19.65,20.05,20.9,18.2,12443300,HSX,stock,development,fold_2
2023-11-09,VPB,20.5,20.55,20.0,20.0,21.75,18.95,6384600,HSX,stock,development,fold_2
2023-11-10,FPT,91.5,92.7,91.3,91.5,98.9,86.1,1424100,HSX,stock,development,fold_2
2023-11-10,HPG,26.4,27.1,26.35,26.5,28.55,24.85,13049700,HSX,stock,development,fold_2
2023-11-10,MBB,18.2,18.4,17.95,18.0,19.6,17.1,5492800,HSX,stock,development,fold_2
2023-11-10,MWG,39.75,40.3,39.0,39.4,43.1,37.5,5032200,HSX,stock,development,fold_2
2023-11-10,PNJ,76.0,76.6,75.7,76.0,81.8,71.2,145000,HSX,stock,development,fold_2
2023-11-10,SSI,30.6,31.9,30.55,30.8,33.0,28.7,14804200,HSX,stock,development,fold_2
2023-11-10,TCB,31.2,31.5,30.7,31.05,33.7,29.3,2405700,HSX,stock,development,fold_2
2023-11-10,VCB,87.1,87.5,86.0,86.0,94.0,81.8,758300,HSX,stock,development,fold_2
2023-11-10,VND,19.8,20.65,19.75,20.05,21.45,18.65,12682200,HSX,stock,development,fold_2
2023-11-10,VPB,19.9,19.9,19.55,19.55,21.4,18.6,6595400,HSX,stock,development,fold_2
2023-11-13,FPT,91.6,92.0,90.5,91.4,97.9,85.1,792500,HSX,stock,development,fold_2
2023-11-13,HPG,26.5,27.6,26.5,27.2,28.35,24.65,17639600,HSX,stock,development,fold_2
2023-11-13,MBB,18.0,18.15,17.85,18.1,19.25,16.75,3513500,HSX,stock,development,fold_2
2023-11-13,MWG,39.55,40.3,39.05,40.0,42.15,36.65,4448500,HSX,stock,development,fold_2
2023-11-13,PNJ,76.0,76.5,75.9,76.1,81.3,70.7,104000,HSX,stock,development,fold_2
2023-11-13,SSI,31.0,31.6,30.8,31.45,32.95,28.65,9625700,HSX,stock,development,fold_2
2023-11-13,TCB,31.3,31.3,30.65,30.9,33.2,28.9,1252500,HSX,stock,development,fold_2
2023-11-13,VCB,86.0,86.1,85.4,85.5,92.0,80.0,523100,HSX,stock,development,fold_2
2023-11-13,VND,20.2,20.4,19.65,20.2,21.45,18.65,7885100,HSX,stock,development,fold_2
2023-11-13,VPB,19.55,19.7,19.05,19.2,20.9,18.2,4603800,HSX,stock,development,fold_2
2023-11-14,FPT,92.0,93.4,91.3,92.6,97.7,85.1,990300,HSX,stock,development,fold_2
2023-11-14,HPG,27.4,27.5,26.7,27.0,29.1,25.3,9660800,HSX,stock,development,fold_2
2023-11-14,MBB,18.15,18.65,18.15,18.45,19.35,16.85,6637600,HSX,stock,development,fold_2
2023-11-14,MWG,41.0,42.1,40.8,41.5,42.8,37.2,6556200,HSX,stock,development,fold_2
2023-11-14,PNJ,76.2,78.3,76.2,78.1,81.4,70.8,229700,HSX,stock,development,fold_2
2023-11-14,SSI,31.95,32.2,31.35,31.75,33.65,29.25,9104900,HSX,stock,development,fold_2
2023-11-14,TCB,31.15,31.75,30.9,31.5,33.05,28.75,1829700,HSX,stock,development,fold_2
2023-11-14,VCB,86.0,86.5,85.4,86.0,91.4,79.6,551000,HSX,stock,development,fold_2
2023-11-14,VND,20.5,20.8,20.2,20.4,21.6,18.8,8765900,HSX,stock,development,fold_2
2023-11-14,VPB,19.4,20.0,19.3,19.6,20.5,17.9,5623700,HSX,stock,development,fold_2
2023-11-15,FPT,93.7,93.8,92.0,92.4,99.0,86.2,1332100,HSX,stock,development,fold_2
2023-11-15,HPG,27.55,27.8,27.0,27.0,28.85,25.15,15799500,HSX,stock,development,fold_2
2023-11-15,MBB,18.7,18.75,18.45,18.55,19.7,17.2,6864600,HSX,stock,development,fold_2
2023-11-15,MWG,42.4,42.5,41.35,41.9,44.4,38.6,4748700,HSX,stock,development,fold_2
2023-11-15,PNJ,79.0,79.3,78.0,78.3,83.5,72.7,107000,HSX,stock,development,fold_2
2023-11-15,SSI,32.8,32.8,31.9,31.95,33.95,29.55,12552700,HSX,stock,development,fold_2
2023-11-15,TCB,32.0,32.2,31.5,31.55,33.7,29.3,1904500,HSX,stock,development,fold_2
2023-11-15,VCB,86.5,87.7,86.5,87.7,92.0,80.0,1687500,HSX,stock,development,fold_2
2023-11-15,VND,21.1,21.3,20.5,20.5,21.8,19.0,11452500,HSX,stock,development,fold_2
2023-11-15,VPB,19.9,20.15,19.8,19.95,20.95,18.25,8955600,HSX,stock,development,fold_2
2023-11-16,FPT,92.2,93.0,91.6,93.0,98.8,86.0,1158600,HSX,stock,development,fold_2
2023-11-16,HPG,26.85,27.2,26.8,27.2,28.85,25.15,8077100,HSX,stock,development,fold_2
2023-11-16,MBB,18.45,18.55,18.35,18.5,19.8,17.3,3003400,HSX,stock,development,fold_2
2023-11-16,MWG,41.5,41.6,40.7,41.5,44.8,39.0,5049000,HSX,stock,development,fold_2
2023-11-16,PNJ,78.1,78.5,77.8,78.0,83.7,72.9,104700,HSX,stock,development,fold_2
2023-11-16,SSI,31.9,32.3,31.35,32.3,34.15,29.75,8435100,HSX,stock,development,fold_2
2023-11-16,TCB,31.5,31.8,31.5,31.7,33.75,29.35,1258900,HSX,stock,development,fold_2
2023-11-16,VCB,87.0,88.0,86.7,88.0,93.8,81.6,803500,HSX,stock,development,fold_2
2023-11-16,VND,20.5,21.0,20.3,21.0,21.9,19.1,7679000,HSX,stock,development,fold_2
2023-11-16,VPB,19.75,20.0,19.75,19.9,21.3,18.6,5135300,HSX,stock,development,fold_2
2023-11-17,FPT,93.4,93.5,90.6,91.0,99.5,86.5,1922400,HSX,stock,development,fold_2
2023-11-17,HPG,27.2,27.4,26.3,26.5,29.1,25.3,16677300,HSX,stock,development,fold_2
2023-11-17,MBB,18.6,18.6,17.9,18.2,19.75,17.25,5875400,HSX,stock,development,fold_2
2023-11-17,MWG,41.5,42.5,40.65,41.4,44.4,38.6,5082700,HSX,stock,development,fold_2
2023-11-17,PNJ,78.0,79.4,77.9,78.9,83.4,72.6,509400,HSX,stock,development,fold_2
2023-11-17,SSI,32.35,32.6,31.1,31.5,34.55,30.05,12359300,HSX,stock,development,fold_2
2023-11-17,TCB,31.7,31.95,30.7,31.15,33.9,29.5,2464900,HSX,stock,development,fold_2
2023-11-17,VCB,87.8,87.9,85.5,85.6,94.1,81.9,869900,HSX,stock,development,fold_2
2023-11-17,VND,21.1,21.25,20.0,20.25,22.45,19.55,12529500,HSX,stock,development,fold_2
2023-11-17,VPB,20.0,20.0,19.0,19.3,21.25,18.55,7622000,HSX,stock,development,fold_2
2023-11-20,FPT,90.1,92.6,89.1,90.7,97.3,84.7,799900,HSX,stock,development,fold_2
2023-11-20,HPG,26.1,26.9,26.1,26.65,28.35,24.65,7613600,HSX,stock,development,fold_2
2023-11-20,MBB,17.75,18.25,17.75,18.0,19.45,16.95,4173900,HSX,stock,development,fold_2
2023-11-20,MWG,40.15,41.65,40.15,40.55,44.25,38.55,3937800,HSX,stock,development,fold_2
2023-11-20,PNJ,78.6,79.7,78.3,79.0,84.4,73.4,468300,HSX,stock,development,fold_2
2023-11-20,SSI,30.7,32.7,30.65,32.4,33.7,29.3,10519900,HSX,stock,development,fold_2
2023-11-20,TCB,30.5,31.25,30.45,31.0,33.3,29.0,2215500,HSX,stock,development,fold_2
2023-11-20,VCB,85.6,87.0,85.0,86.1,91.5,79.7,495000,HSX,stock,development,fold_2
2023-11-20,VND,19.6,21.2,19.6,21.2,21.65,18.85,15298800,HSX,stock,development,fold_2
2023-11-20,VPB,18.9,19.9,18.85,19.5,20.65,17.95,6232100,HSX,stock,development,fold_2
2023-11-21,FPT,92.0,92.0,90.7,91.9,97.0,84.4,778900,HSX,stock,development,fold_2
2023-11-21,HPG,27.0,27.5,26.95,27.05,28.5,24.8,12677300,HSX,stock,development,fold_2
2023-11-21,MBB,18.2,18.25,17.95,18.1,19.25,16.75,3092200,HSX,stock,development,fold_2
2023-11-21,MWG,41.5,41.5,40.6,40.9,43.35,37.75,3153700,HSX,stock,development,fold_2
2023-11-21,PNJ,79.7,81.2,79.5,81.1,84.5,73.5,472700,HSX,stock,development,fold_2
2023-11-21,SSI,32.8,32.8,32.3,32.55,34.65,30.15,7948900,HSX,stock,development,fold_2
2023-11-21,TCB,31.35,31.35,30.8,30.8,33.15,28.85,1330500,HSX,stock,development,fold_2
2023-11-21,VCB,86.1,86.7,85.8,86.6,92.1,80.1,623400,HSX,stock,development,fold_2
2023-11-21,VND,21.5,21.9,21.35,21.7,22.65,19.75,12241200,HSX,stock,development,fold_2
2023-11-21,VPB,19.6,19.9,19.5,19.65,20.85,18.15,4696700,HSX,stock,development,fold_2
2023-11-22,FPT,91.9,93.1,91.9,93.0,98.3,85.5,1653300,HSX,stock,development,fold_2
2023-11-22,HPG,27.0,27.2,26.9,27.2,28.9,25.2,8081100,HSX,stock,development,fold_2
2023-11-22,MBB,18.15,18.15,17.95,18.05,19.35,16.85,3649000,HSX,stock,development,fold_2
2023-11-22,MWG,40.8,40.85,39.3,39.8,43.75,38.05,5881300,HSX,stock,development,fold_2
2023-11-22,PNJ,80.7,81.4,80.6,81.2,86.7,75.5,442800,HSX,stock,development,fold_2
2023-11-22,SSI,32.5,32.95,32.3,32.9,34.8,30.3,9682700,HSX,stock,development,fold_2
2023-11-22,TCB,30.9,31.0,30.65,30.95,32.95,28.65,1087400,HSX,stock,development,fold_2
2023-11-22,VCB,86.3,86.7,85.5,86.7,92.6,80.6,583400,HSX,stock,development,fold_2
2023-11-22,VND,21.75,21.95,21.5,21.9,23.2,20.2,11906300,HSX,stock,development,fold_2
2023-11-22,VPB,19.65,19.75,19.4,19.65,21.0,18.3,3835500,HSX,stock,development,fold_2
2023-11-23,FPT,93.3,93.7,90.8,90.8,99.5,86.5,1347600,HSX,stock,development,fold_2
2023-11-23,HPG,27.3,27.35,25.85,25.85,29.1,25.3,12555500,HSX,stock,development,fold_2
2023-11-23,MBB,18.1,18.15,17.9,17.9,19.3,16.8,3457600,HSX,stock,development,fold_2
2023-11-23,MWG,40.0,40.3,37.3,37.3,42.55,37.05,4441900,HSX,stock,development,fold_2
2023-11-23,PNJ,81.3,82.1,80.5,80.8,86.8,75.6,762000,HSX,stock,development,fold_2
2023-11-23,SSI,33.2,33.2,30.9,30.9,35.2,30.6,13928500,HSX,stock,development,fold_2
2023-11-23,TCB,31.2,31.3,30.4,30.4,33.1,28.8,1694500,HSX,stock,development,fold_2
2023-11-23,VCB,86.7,86.8,85.5,85.5,92.7,80.7,375700,HSX,stock,development,fold_2
2023-11-23,VND,22.0,22.35,20.6,20.6,23.4,20.4,22191700,HSX,stock,development,fold_2
2023-11-23,VPB,19.7,19.75,19.15,19.15,21.0,18.3,5251300,HSX,stock,development,fold_2
2023-11-24,FPT,90.8,92.0,90.2,91.2,97.1,84.5,1252500,HSX,stock,development,fold_2
2023-11-24,HPG,26.0,26.4,25.55,26.4,27.65,24.05,12159800,HSX,stock,development,fold_2
2023-11-24,MBB,17.9,18.0,17.6,17.85,19.15,16.65,4563100,HSX,stock,development,fold_2
2023-11-24,MWG,37.9,38.55,37.15,38.55,39.9,34.7,5033700,HSX,stock,development,fold_2
2023-11-24,PNJ,80.5,81.0,79.5,80.4,86.4,75.2,388500,HSX,stock,development,fold_2
2023-11-24,SSI,31.25,32.0,30.7,32.0,33.05,28.75,10987200,HSX,stock,development,fold_2
2023-11-24,TCB,30.35,30.6,29.45,30.05,32.5,28.3,2295800,HSX,stock,development,fold_2
2023-11-24,VCB,85.5,86.0,85.0,86.0,91.4,79.6,440000,HSX,stock,development,fold_2
2023-11-24,VND,20.95,21.3,20.2,21.3,22.0,19.2,13301800,HSX,stock,development,fold_2
2023-11-24,VPB,19.15,19.4,19.0,19.2,20.45,17.85,6423100,HSX,stock,development,fold_2
2023-11-27,FPT,91.4,91.4,90.1,90.7,97.5,84.9,741500,HSX,stock,development,fold_2
2023-11-27,HPG,26.5,26.75,26.2,26.3,28.2,24.6,9059700,HSX,stock,development,fold_2
2023-11-27,MBB,17.85,17.95,17.55,17.6,19.05,16.65,2892700,HSX,stock,development,fold_2
2023-11-27,MWG,38.5,38.55,38.0,38.0,41.2,35.9,2600500,HSX,stock,development,fold_2
2023-11-27,PNJ,80.6,80.6,79.5,79.5,86.0,74.8,336900,HSX,stock,development,fold_2
2023-11-27,SSI,31.95,32.0,31.0,31.0,34.2,29.8,7125600,HSX,stock,development,fold_2
2023-11-27,TCB,29.95,29.95,29.3,29.3,32.15,27.95,1552600,HSX,stock,development,fold_2
2023-11-27,VCB,86.0,86.0,85.1,85.8,92.0,80.0,262100,HSX,stock,development,fold_2
2023-11-27,VND,21.3,21.4,20.6,20.6,22.75,19.85,8154200,HSX,stock,development,fold_2
2023-11-27,VPB,19.25,19.45,19.15,19.2,20.5,17.9,4259200,HSX,stock,development,fold_2
2023-11-28,FPT,90.8,91.9,89.9,91.1,97.0,84.4,563000,HSX,stock,development,fold_2
2023-11-28,HPG,26.4,26.7,26.05,26.7,28.1,24.5,9444900,HSX,stock,development,fold_2
2023-11-28,MBB,17.6,17.9,17.45,17.85,18.8,16.4,2680600,HSX,stock,development,fold_2
2023-11-28,MWG,38.05,38.15,37.35,38.0,40.65,35.35,3088500,HSX,stock,development,fold_2
2023-11-28,PNJ,78.6,79.6,78.4,79.1,85.0,74.0,158700,HSX,stock,development,fold_2
2023-11-28,SSI,31.0,31.5,30.2,31.4,33.15,28.85,10217100,HSX,stock,development,fold_2
2023-11-28,TCB,29.3,29.95,28.8,29.95,31.35,27.25,1730200,HSX,stock,development,fold_2
2023-11-28,VCB,85.5,85.9,84.8,85.8,91.8,79.8,427000,HSX,stock,development,fold_2
2023-11-28,VND,20.6,20.85,19.9,20.8,22.0,19.2,9642000,HSX,stock,development,fold_2
2023-11-28,VPB,19.2,19.45,19.05,19.35,20.5,17.9,2742100,HSX,stock,development,fold_2
2023-11-29,FPT,91.6,92.0,91.1,91.7,97.4,84.8,396500,HSX,stock,development,fold_2
2023-11-29,HPG,26.7,27.1,26.65,27.0,28.55,24.85,10076900,HSX,stock,development,fold_2
2023-11-29,MBB,17.8,17.9,17.7,17.85,19.05,16.65,2575900,HSX,stock,development,fold_2
2023-11-29,MWG,38.15,39.45,38.15,38.8,40.65,35.35,3718000,HSX,stock,development,fold_2
2023-11-29,PNJ,79.8,80.3,79.0,79.9,84.6,73.6,366700,HSX,stock,development,fold_2
2023-11-29,SSI,31.5,31.95,31.3,31.6,33.55,29.25,5432900,HSX,stock,development,fold_2
2023-11-29,TCB,29.9,30.3,29.6,29.9,32.0,27.9,818500,HSX,stock,development,fold_2
2023-11-29,VCB,85.4,85.9,85.1,85.1,91.8,79.8,430500,HSX,stock,development,fold_2
2023-11-29,VND,20.8,21.2,20.8,21.05,22.25,19.35,7786200,HSX,stock,development,fold_2
2023-11-29,VPB,19.4,19.4,19.25,19.25,20.7,18.0,2997600,HSX,stock,development,fold_2
2023-11-30,FPT,91.4,93.7,91.3,91.9,98.1,85.3,894000,HSX,stock,development,fold_2
2023-11-30,HPG,27.1,27.2,26.55,26.55,28.85,25.15,11644700,HSX,stock,development,fold_2
2023-11-30,MBB,17.85,17.95,17.75,17.8,19.05,16.65,2964000,HSX,stock,development,fold_2
2023-11-30,MWG,38.85,39.1,38.5,38.5,41.5,36.1,2065800,HSX,stock,development,fold_2
2023-11-30,PNJ,79.6,81.2,79.6,80.5,85.4,74.4,329200,HSX,stock,development,fold_2
2023-11-30,SSI,31.6,32.15,31.3,31.3,33.8,29.4,7766500,HSX,stock,development,fold_2
2023-11-30,TCB,29.75,30.05,29.5,29.5,31.95,27.85,1573400,HSX,stock,development,fold_2
2023-11-30,VCB,85.1,85.4,84.7,84.7,91.0,79.2,514800,HSX,stock,development,fold_2
2023-11-30,VND,21.1,21.45,20.95,20.95,22.5,19.6,13051200,HSX,stock,development,fold_2
2023-11-30,VPB,19.2,19.45,19.1,19.1,20.55,17.95,3763000,HSX,stock,development,fold_2
2023-12-01,FPT,92.2,92.9,91.3,92.4,98.3,85.5,662700,HSX,stock,development,fold_2
2023-12-01,HPG,26.8,27.1,26.45,26.9,28.4,24.7,6586100,HSX,stock,development,fold_2
2023-12-01,MBB,17.85,17.85,17.7,17.8,19.0,16.6,2474100,HSX,stock,development,fold_2
2023-12-01,MWG,38.75,39.0,38.05,38.75,41.15,35.85,2102600,HSX,stock,development,fold_2
2023-12-01,PNJ,80.5,80.6,80.0,80.3,86.1,74.9,191100,HSX,stock,development,fold_2
2023-12-01,SSI,31.7,32.25,31.25,32.0,33.45,29.15,7775000,HSX,stock,development,fold_2
2023-12-01,TCB,29.6,29.85,29.35,29.75,31.55,27.45,1467400,HSX,stock,development,fold_2
2023-12-01,VCB,84.9,85.0,84.1,85.0,90.6,78.8,364700,HSX,stock,development,fold_2
2023-12-01,VND,21.2,21.45,20.8,21.35,22.4,19.5,8032400,HSX,stock,development,fold_2
2023-12-01,VPB,19.2,19.35,19.05,19.3,20.4,17.8,2690400,HSX,stock,development,fold_2
2023-12-04,FPT,92.6,94.0,92.6,93.6,98.8,86.0,1601700,HSX,stock,development,fold_2
2023-12-04,HPG,27.2,27.75,27.05,27.5,28.75,25.05,16150000,HSX,stock,development,fold_2
2023-12-04,MBB,17.8,18.1,17.8,18.05,19.0,16.6,6948400,HSX,stock,development,fold_2
2023-12-04,MWG,38.9,40.45,38.8,39.95,41.45,36.05,4781900,HSX,stock,development,fold_2
2023-12-04,PNJ,81.2,81.4,80.1,80.5,85.9,74.7,451400,HSX,stock,development,fold_2
2023-12-04,SSI,32.9,34.0,32.55,33.6,34.2,29.8,16771700,HSX,stock,development,fold_2
2023-12-04,TCB,29.8,30.5,29.8,30.2,31.8,27.7,2199100,HSX,stock,development,fold_2
2023-12-04,VCB,85.4,86.2,84.8,86.0,90.9,79.1,513900,HSX,stock,development,fold_2
2023-12-04,VND,21.8,22.8,21.7,22.7,22.8,19.9,20919800,HSX,stock,development,fold_2
2023-12-04,VPB,19.3,19.6,19.25,19.5,20.65,17.95,5473100,HSX,stock,development,fold_2
2023-12-05,FPT,93.8,95.8,93.7,94.8,100.1,87.1,1591400,HSX,stock,development,fold_2
2023-12-05,HPG,27.5,27.55,27.15,27.25,29.4,25.6,9668900,HSX,stock,development,fold_2
2023-12-05,MBB,18.05,18.1,17.95,18.05,19.3,16.8,3783700,HSX,stock,development,fold_2
2023-12-05,MWG,39.95,40.1,39.7,40.0,42.7,37.2,2931400,HSX,stock,development,fold_2
2023-12-05,PNJ,80.7,80.8,80.0,80.0,86.1,74.9,448900,HSX,stock,development,fold_2
2023-12-05,SSI,33.65,33.7,33.15,33.3,35.95,31.25,9793100,HSX,stock,development,fold_2
2023-12-05,TCB,30.25,30.3,29.9,30.05,32.3,28.1,1734300,HSX,stock,development,fold_2
2023-12-05,VCB,86.0,86.1,84.8,85.4,92.0,80.0,534500,HSX,stock,development,fold_2
2023-12-05,VND,22.7,22.8,22.45,22.55,24.25,21.15,11606400,HSX,stock,development,fold_2
2023-12-05,VPB,19.5,19.55,19.15,19.15,20.85,18.15,6446700,HSX,stock,development,fold_2
2023-12-06,FPT,95.0,95.4,94.1,95.0,101.4,88.2,651000,HSX,stock,development,fold_2
2023-12-06,HPG,27.25,27.6,27.2,27.6,29.15,25.35,7932400,HSX,stock,development,fold_2
2023-12-06,MBB,18.05,18.15,18.0,18.1,19.3,16.8,3497200,HSX,stock,development,fold_2
2023-12-06,MWG,40.0,41.05,39.95,40.95,42.8,37.2,3852000,HSX,stock,development,fold_2
2023-12-06,PNJ,79.7,80.3,79.4,80.1,85.6,74.4,365400,HSX,stock,development,fold_2
2023-12-06,SSI,33.35,33.85,33.25,33.6,35.6,31.0,8558200,HSX,stock,development,fold_2
2023-12-06,TCB,30.0,30.5,30.0,30.4,32.15,27.95,1150100,HSX,stock,development,fold_2
2023-12-06,VCB,85.3,86.0,85.0,85.9,91.3,79.5,407000,HSX,stock,development,fold_2
2023-12-06,VND,22.55,22.95,22.45,22.75,24.1,21.0,13422300,HSX,stock,development,fold_2
2023-12-06,VPB,19.25,19.45,19.15,19.4,20.45,17.85,5185500,HSX,stock,development,fold_2
2023-12-07,FPT,95.1,95.3,92.8,94.3,101.6,88.4,1980000,HSX,stock,development,fold_2
2023-12-07,HPG,27.65,27.9,26.95,27.6,29.5,25.7,20914400,HSX,stock,development,fold_2
2023-12-07,MBB,18.15,18.35,18.05,18.25,19.35,16.85,6668200,HSX,stock,development,fold_2
2023-12-07,MWG,41.05,41.1,39.5,40.85,43.8,38.1,5056700,HSX,stock,development,fold_2
2023-12-07,PNJ,80.5,80.5,78.5,78.5,85.7,74.5,459900,HSX,stock,development,fold_2
2023-12-07,SSI,33.6,33.7,32.05,32.85,35.95,31.25,16762400,HSX,stock,development,fold_2
2023-12-07,TCB,30.55,31.05,30.3,30.85,32.5,28.3,2885100,HSX,stock,development,fold_2
2023-12-07,VCB,85.7,86.0,85.0,85.2,91.9,79.9,544200,HSX,stock,development,fold_2
2023-12-07,VND,22.8,22.9,21.5,22.0,24.3,21.2,24521600,HSX,stock,development,fold_2
2023-12-07,VPB,19.4,19.65,19.15,19.65,20.75,18.05,8907800,HSX,stock,development,fold_2
2023-12-08,FPT,94.3,95.1,93.5,94.2,100.9,87.7,1006400,HSX,stock,development,fold_2
2023-12-08,HPG,27.8,28.25,27.5,27.7,29.5,25.7,20514500,HSX,stock,development,fold_2
2023-12-08,MBB,18.25,18.35,18.15,18.2,19.5,17.0,3745900,HSX,stock,development,fold_2
2023-12-08,MWG,40.8,43.0,40.4,42.6,43.7,38.0,6428300,HSX,stock,development,fold_2
2023-12-08,PNJ,78.7,79.5,78.1,78.6,83.9,73.1,320600,HSX,stock,development,fold_2
2023-12-08,SSI,32.7,33.0,32.3,32.6,35.1,30.6,7914600,HSX,stock,development,fold_2
2023-12-08,TCB,30.85,31.0,30.6,30.95,33.0,28.7,1467100,HSX,stock,development,fold_2
2023-12-08,VCB,85.2,85.5,85.0,85.0,91.1,79.3,603800,HSX,stock,development,fold_2
2023-12-08,VND,22.0,22.2,21.6,21.7,23.5,20.5,9064800,HSX,stock,development,fold_2
2023-12-08,VPB,19.65,19.7,19.3,19.6,21.0,18.3,4784800,HSX,stock,development,fold_2
2023-12-11,FPT,95.5,95.7,94.6,95.0,100.7,87.7,855100,HSX,stock,development,fold_2
2023-12-11,HPG,27.7,27.8,27.3,27.5,29.6,25.8,8495500,HSX,stock,development,fold_2
2023-12-11,MBB,18.2,18.25,18.05,18.15,19.45,16.95,2345800,HSX,stock,development,fold_2
2023-12-11,MWG,42.6,42.65,41.9,42.5,45.55,39.65,2880000,HSX,stock,development,fold_2
2023-12-11,PNJ,78.6,80.2,78.6,80.0,84.1,73.1,690300,HSX,stock,development,fold_2
2023-12-11,SSI,32.6,33.05,32.1,32.7,34.85,30.35,7668700,HSX,stock,development,fold_2
2023-12-11,TCB,30.95,31.0,30.65,30.85,33.1,28.8,744600,HSX,stock,development,fold_2
2023-12-11,VCB,85.0,85.3,84.1,84.2,90.9,79.1,686300,HSX,stock,development,fold_2
2023-12-11,VND,21.7,22.05,21.4,21.95,23.2,20.2,9796600,HSX,stock,development,fold_2
2023-12-11,VPB,19.5,19.6,19.2,19.4,20.95,18.25,4554100,HSX,stock,development,fold_2
2023-12-12,FPT,95.4,96.8,95.3,96.8,101.6,88.4,1892800,HSX,stock,development,fold_2
2023-12-12,HPG,27.5,28.2,27.5,27.95,29.4,25.6,13137400,HSX,stock,development,fold_2
2023-12-12,MBB,18.15,18.25,18.1,18.25,19.4,16.9,2805100,HSX,stock,development,fold_2
2023-12-12,MWG,42.5,42.6,42.1,42.5,45.45,39.55,3142100,HSX,stock,development,fold_2
2023-12-12,PNJ,80.5,80.5,79.8,80.3,85.6,74.4,302000,HSX,stock,development,fold_2
2023-12-12,SSI,32.8,33.0,32.5,32.6,34.95,30.45,5985900,HSX,stock,development,fold_2
2023-12-12,TCB,30.85,31.05,30.75,31.05,33.0,28.7,1064500,HSX,stock,development,fold_2
2023-12-12,VCB,84.7,84.7,84.0,84.2,90.0,78.4,527400,HSX,stock,development,fold_2
2023-12-12,VND,22.0,22.3,22.0,22.05,23.45,20.45,6788600,HSX,stock,development,fold_2
2023-12-12,VPB,19.4,19.45,19.2,19.45,20.75,18.05,4121900,HSX,stock,development,fold_2
2023-12-13,FPT,97.4,97.4,95.2,95.2,103.5,90.1,1198300,HSX,stock,development,fold_2
2023-12-13,HPG,28.1,28.2,27.3,27.35,29.9,26.0,14558200,HSX,stock,development,fold_2
2023-12-13,MBB,18.25,18.35,18.05,18.05,19.5,17.0,2999600,HSX,stock,development,fold_2
2023-12-13,MWG,42.8,43.6,41.55,41.7,45.45,39.55,5229700,HSX,stock,development,fold_2
2023-12-13,PNJ,80.3,81.5,80.2,80.4,85.9,74.7,835800,HSX,stock,development,fold_2
2023-12-13,SSI,32.9,32.95,32.0,32.0,34.85,30.35,9761300,HSX,stock,development,fold_2
2023-12-13,TCB,31.15,31.15,30.5,30.5,33.2,28.9,1733600,HSX,stock,development,fold_2
2023-12-13,VCB,84.2,84.5,83.7,83.7,90.0,78.4,673400,HSX,stock,development,fold_2
2023-12-13,VND,22.25,22.35,21.5,21.6,23.55,20.55,9517100,HSX,stock,development,fold_2
2023-12-13,VPB,19.35,19.4,19.1,19.2,20.8,18.1,5439300,HSX,stock,development,fold_2
2023-12-14,FPT,95.8,96.4,95.2,96.2,101.8,88.6,901500,HSX,stock,development,fold_2
2023-12-14,HPG,27.55,27.55,27.05,27.05,29.25,25.45,14713100,HSX,stock,development,fold_2
2023-12-14,MBB,18.15,18.2,18.0,18.05,19.3,16.8,2970000,HSX,stock,development,fold_2
2023-12-14,MWG,42.1,42.3,41.4,41.6,44.6,38.8,3199800,HSX,stock,development,fold_2
2023-12-14,PNJ,80.5,80.7,79.5,79.6,86.0,74.8,369700,HSX,stock,development,fold_2
2023-12-14,SSI,32.5,32.5,31.9,32.0,34.2,29.8,6897400,HSX,stock,development,fold_2
2023-12-14,TCB,30.8,30.85,30.55,30.55,32.6,28.4,1401100,HSX,stock,development,fold_2
2023-12-14,VCB,84.0,84.5,84.0,84.4,89.5,77.9,557600,HSX,stock,development,fold_2
2023-12-14,VND,21.95,21.95,21.4,21.45,23.1,20.1,8405500,HSX,stock,development,fold_2
2023-12-14,VPB,19.2,19.3,18.95,19.0,20.5,17.9,5024100,HSX,stock,development,fold_2
2023-12-15,FPT,96.2,96.3,95.0,96.2,102.9,89.5,748500,HSX,stock,development,fold_2
2023-12-15,HPG,27.1,27.2,26.75,26.8,28.9,25.2,16261200,HSX,stock,development,fold_2
2023-12-15,MBB,18.05,18.2,18.0,18.05,19.3,16.8,2366600,HSX,stock,development,fold_2
2023-12-15,MWG,41.6,41.6,40.5,40.75,44.5,38.7,4552600,HSX,stock,development,fold_2
2023-12-15,PNJ,79.6,79.7,78.8,79.2,85.1,74.1,398100,HSX,stock,development,fold_2
2023-12-15,SSI,32.1,32.5,31.7,31.8,34.2,29.8,10617400,HSX,stock,development,fold_2
2023-12-15,TCB,30.55,30.8,30.4,30.6,32.65,28.45,1269100,HSX,stock,development,fold_2
2023-12-15,VCB,84.0,84.4,82.2,82.2,90.3,78.5,2119100,HSX,stock,development,fold_2
2023-12-15,VND,21.45,22.2,21.35,21.8,22.95,19.95,19559300,HSX,stock,development,fold_2
2023-12-15,VPB,19.0,19.1,18.65,18.7,20.3,17.7,6723000,HSX,stock,development,fold_2
2023-12-18,FPT,95.9,96.2,93.7,94.0,102.9,89.5,1055700,HSX,stock,development,fold_2
2023-12-18,HPG,26.9,27.0,26.6,26.6,28.65,24.95,7622000,HSX,stock,development,fold_2
2023-12-18,MBB,18.05,18.15,17.95,18.0,19.3,16.8,2793700,HSX,stock,development,fold_2
2023-12-18,MWG,40.95,40.95,39.5,39.6,43.6,37.9,4775700,HSX,stock,development,fold_2
2023-12-18,PNJ,79.1,79.5,78.5,79.5,84.7,73.7,270200,HSX,stock,development,fold_2
2023-12-18,SSI,31.85,32.15,31.65,31.7,34.0,29.6,5540600,HSX,stock,development,fold_2
2023-12-18,TCB,30.6,30.65,30.05,30.05,32.7,28.5,1363000,HSX,stock,development,fold_2
2023-12-18,VCB,82.8,82.9,81.5,81.5,87.9,76.5,805300,HSX,stock,development,fold_2
2023-12-18,VND,21.9,21.9,21.55,21.55,23.3,20.3,5468800,HSX,stock,development,fold_2
2023-12-18,VPB,18.65,18.7,18.05,18.4,20.0,17.4,10992000,HSX,stock,development,fold_2
2023-12-19,FPT,93.9,94.6,93.6,94.6,100.5,87.5,697700,HSX,stock,development,fold_2
2023-12-19,HPG,26.6,27.2,26.55,27.2,28.45,24.75,8568300,HSX,stock,development,fold_2
2023-12-19,MBB,18.0,18.2,17.95,18.15,19.25,16.75,2211400,HSX,stock,development,fold_2
2023-12-19,MWG,39.5,40.9,39.2,40.65,42.35,36.85,2807600,HSX,stock,development,fold_2
2023-12-19,PNJ,79.5,79.6,78.2,79.4,85.0,74.0,257900,HSX,stock,development,fold_2
2023-12-19,SSI,31.75,32.15,31.35,32.15,33.9,29.5,6452300,HSX,stock,development,fold_2
2023-12-19,TCB,30.0,30.6,29.8,30.6,32.15,27.95,1152400,HSX,stock,development,fold_2
2023-12-19,VCB,81.5,81.5,80.1,81.2,87.2,75.8,1001500,HSX,stock,development,fold_2
2023-12-19,VND,21.55,21.8,21.2,21.8,23.05,20.05,7860600,HSX,stock,development,fold_2
2023-12-19,VPB,18.1,18.3,18.0,18.3,19.65,17.15,7632300,HSX,stock,development,fold_2
2023-12-20,FPT,94.3,95.0,94.1,94.7,101.2,88.0,742100,HSX,stock,development,fold_2
2023-12-20,HPG,27.2,27.35,27.1,27.2,29.1,25.3,9642200,HSX,stock,development,fold_2
2023-12-20,MBB,18.15,18.2,18.05,18.15,19.4,16.9,1485400,HSX,stock,development,fold_2
2023-12-20,MWG,40.65,42.4,40.5,42.4,43.45,37.85,5516700,HSX,stock,development,fold_2
2023-12-20,PNJ,79.4,80.4,78.8,80.3,84.9,73.9,746200,HSX,stock,development,fold_2
2023-12-20,SSI,32.15,32.6,31.95,32.3,34.4,29.9,5364900,HSX,stock,development,fold_2
2023-12-20,TCB,30.3,30.55,30.15,30.35,32.7,28.5,933600,HSX,stock,development,fold_2
2023-12-20,VCB,81.2,81.3,80.5,81.1,86.8,75.6,1015600,HSX,stock,development,fold_2
2023-12-20,VND,21.85,22.2,21.7,21.95,23.3,20.3,5584200,HSX,stock,development,fold_2
2023-12-20,VPB,18.3,18.35,18.05,18.25,19.55,17.05,5085200,HSX,stock,development,fold_2
2023-12-21,FPT,94.6,95.1,94.0,95.1,101.3,88.1,1094500,HSX,stock,development,fold_2
2023-12-21,HPG,27.1,27.3,26.95,27.2,29.1,25.3,6980400,HSX,stock,development,fold_2
2023-12-21,MBB,18.1,18.15,18.0,18.15,19.4,16.9,2560300,HSX,stock,development,fold_2
2023-12-21,MWG,42.2,42.7,41.85,42.65,45.35,39.45,3821300,HSX,stock,development,fold_2
2023-12-21,PNJ,80.5,84.3,80.4,83.9,85.9,74.7,1894400,HSX,stock,development,fold_2
2023-12-21,SSI,32.05,32.3,32.0,32.2,34.55,30.05,3901400,HSX,stock,development,fold_2
2023-12-21,TCB,30.3,30.65,30.15,30.65,32.45,28.25,1514700,HSX,stock,development,fold_2
2023-12-21,VCB,81.0,81.0,80.3,80.9,86.7,75.5,1236700,HSX,stock,development,fold_2
2023-12-21,VND,21.75,21.95,21.7,21.75,23.45,20.45,5839600,HSX,stock,development,fold_2
2023-12-21,VPB,18.2,18.25,18.0,18.2,19.5,17.0,5563500,HSX,stock,development,fold_2
2023-12-22,FPT,95.0,95.1,94.4,94.6,101.7,88.5,806100,HSX,stock,development,fold_2
2023-12-22,HPG,27.2,27.35,27.05,27.05,29.1,25.3,9254500,HSX,stock,development,fold_2
2023-12-22,MBB,18.15,18.45,18.1,18.3,19.4,16.9,3940700,HSX,stock,development,fold_2
2023-12-22,MWG,42.45,42.65,42.0,42.35,45.6,39.7,2679000,HSX,stock,development,fold_2
2023-12-22,PNJ,84.0,84.0,83.2,83.8,89.7,78.1,957800,HSX,stock,development,fold_2
2023-12-22,SSI,32.35,32.95,32.2,32.35,34.45,29.95,7483200,HSX,stock,development,fold_2
2023-12-22,TCB,30.5,30.8,30.45,30.6,32.75,28.55,1111600,HSX,stock,development,fold_2
2023-12-22,VCB,80.9,81.1,80.4,80.9,86.5,75.3,950300,HSX,stock,development,fold_2
2023-12-22,VND,21.8,22.15,21.5,21.5,23.25,20.25,9999900,HSX,stock,development,fold_2
2023-12-22,VPB,18.2,18.35,18.05,18.15,19.45,16.95,5873900,HSX,stock,development,fold_2
2023-12-25,FPT,94.9,96.2,94.8,96.0,101.2,88.0,1028300,HSX,stock,development,fold_2
2023-12-25,HPG,27.15,27.6,27.15,27.45,28.9,25.2,9695100,HSX,stock,development,fold_2
2023-12-25,MBB,18.35,18.55,18.3,18.4,19.55,17.05,2893000,HSX,stock,development,fold_2
2023-12-25,MWG,42.35,43.7,42.35,42.65,45.3,39.4,3661700,HSX,stock,development,fold_2
2023-12-25,PNJ,84.0,85.2,83.8,84.5,89.6,78.0,795100,HSX,stock,development,fold_2
2023-12-25,SSI,32.35,32.75,32.1,32.55,34.6,30.1,6326200,HSX,stock,development,fold_2
2023-12-25,TCB,30.8,31.0,30.6,30.95,32.7,28.5,1217600,HSX,stock,development,fold_2
2023-12-25,VCB,80.9,81.8,80.7,81.8,86.5,75.3,669200,HSX,stock,development,fold_2
2023-12-25,VND,21.5,21.9,21.45,21.7,23.0,20.0,5452100,HSX,stock,development,fold_2
2023-12-25,VPB,18.25,18.5,18.25,18.5,19.4,16.9,4657800,HSX,stock,development,fold_2
2023-12-26,FPT,96.5,98.6,96.4,97.2,102.7,89.3,1321500,HSX,stock,development,fold_2
2023-12-26,HPG,27.4,27.9,27.4,27.8,29.35,25.55,13451700,HSX,stock,development,fold_2
2023-12-26,MBB,18.4,18.5,18.3,18.45,19.65,17.15,2099700,HSX,stock,development,fold_2
2023-12-26,MWG,42.55,43.15,42.35,42.7,45.6,39.7,2878100,HSX,stock,development,fold_2
2023-12-26,PNJ,84.6,86.0,83.8,85.6,90.4,78.6,993500,HSX,stock,development,fold_2
2023-12-26,SSI,32.6,32.9,32.5,32.75,34.8,30.3,6324000,HSX,stock,development,fold_2
2023-12-26,TCB,30.85,31.0,30.75,30.8,33.1,28.8,754300,HSX,stock,development,fold_2
2023-12-26,VCB,82.0,82.8,82.0,82.8,87.5,76.1,525900,HSX,stock,development,fold_2
2023-12-26,VND,21.75,21.95,21.7,21.85,23.2,20.2,8695200,HSX,stock,development,fold_2
2023-12-26,VPB,18.5,18.55,18.25,18.5,19.75,17.25,4206000,HSX,stock,development,fold_2
2023-12-27,FPT,97.4,97.8,96.9,96.9,104.0,90.4,639300,HSX,stock,development,fold_2
2023-12-27,HPG,27.85,28.0,27.75,27.75,29.7,25.9,7456900,HSX,stock,development,fold_2
2023-12-27,MBB,18.5,18.5,18.35,18.4,19.7,17.2,2892800,HSX,stock,development,fold_2
2023-12-27,MWG,42.7,43.05,42.55,42.85,45.65,39.75,2411900,HSX,stock,development,fold_2
2023-12-27,PNJ,85.4,85.8,85.2,85.3,91.5,79.7,754600,HSX,stock,development,fold_2
2023-12-27,SSI,32.95,33.15,32.8,32.8,35.0,30.5,7163600,HSX,stock,development,fold_2
2023-12-27,TCB,30.85,31.15,30.85,30.85,32.95,28.65,925700,HSX,stock,development,fold_2
2023-12-27,VCB,82.9,83.2,82.5,82.7,88.5,77.1,505900,HSX,stock,development,fold_2
2023-12-27,VND,22.0,22.45,21.95,22.0,23.35,20.35,9397200,HSX,stock,development,fold_2
2023-12-27,VPB,18.5,18.6,18.35,18.5,19.75,17.25,4457300,HSX,stock,development,fold_2
2023-12-28,FPT,97.0,97.0,96.3,96.6,103.6,90.2,639900,HSX,stock,development,fold_2
2023-12-28,HPG,27.75,28.2,27.65,27.95,29.65,25.85,12259300,HSX,stock,development,fold_2
2023-12-28,MBB,18.4,18.6,18.35,18.55,19.65,17.15,4597900,HSX,stock,development,fold_2
2023-12-28,MWG,42.85,43.25,42.8,43.05,45.8,39.9,3009300,HSX,stock,development,fold_2
2023-12-28,PNJ,85.1,85.4,84.6,84.8,91.2,79.4,871400,HSX,stock,development,fold_2
2023-12-28,SSI,32.85,33.15,32.65,33.0,35.05,30.55,4943100,HSX,stock,development,fold_2
2023-12-28,TCB,30.9,31.65,30.9,31.5,33.0,28.7,2507900,HSX,stock,development,fold_2
2023-12-28,VCB,82.7,83.1,82.4,82.8,88.4,77.0,377700,HSX,stock,development,fold_2
2023-12-28,VND,22.0,22.35,21.95,22.15,23.5,20.5,6773200,HSX,stock,development,fold_2
2023-12-28,VPB,18.5,18.8,18.45,18.8,19.75,17.25,6181300,HSX,stock,development,fold_2
2023-12-29,FPT,96.6,97.0,96.1,96.1,103.3,89.9,1718000,HSX,stock,development,fold_2
2023-12-29,HPG,27.95,28.1,27.8,27.95,29.9,26.0,17013000,HSX,stock,development,fold_2
2023-12-29,MBB,18.6,18.85,18.55,18.65,19.8,17.3,9438300,HSX,stock,development,fold_2
2023-12-29,MWG,43.2,43.3,42.65,42.8,46.05,40.05,3026300,HSX,stock,development,fold_2
2023-12-29,PNJ,84.5,86.0,84.2,86.0,90.7,78.9,1666200,HSX,stock,development,fold_2
2023-12-29,SSI,32.95,33.1,32.75,32.8,35.3,30.7,8642100,HSX,stock,development,fold_2
2023-12-29,TCB,31.7,31.95,31.5,31.8,33.7,29.3,3476500,HSX,stock,development,fold_2
2023-12-29,VCB,83.5,83.9,80.3,80.3,88.5,77.1,1443500,HSX,stock,development,fold_2
2023-12-29,VND,22.2,22.35,22.1,22.25,23.7,20.6,8853000,HSX,stock,development,fold_2
2023-12-29,VPB,18.8,19.2,18.7,19.2,20.1,17.5,23200000,HSX,stock,development,fold_2
2024-01-02,FPT,96.9,96.9,95.7,95.9,102.8,89.4,845100,HSX,stock,development,fold_3
2024-01-02,HPG,28.1,28.15,27.45,27.45,29.9,26.0,10666100,HSX,stock,development,fold_3
2024-01-02,MBB,18.7,19.0,18.65,18.85,19.95,17.35,5793300,HSX,stock,development,fold_3
2024-01-02,MWG,43.1,43.3,42.15,42.45,45.75,39.85,3328200,HSX,stock,development,fold_3
2024-01-02,PNJ,87.2,87.2,85.4,86.0,92.0,80.0,546700,HSX,stock,development,fold_3
2024-01-02,SSI,33.0,33.2,32.5,32.5,35.05,30.55,8033300,HSX,stock,development,fold_3
2024-01-02,TCB,31.9,32.25,31.8,32.1,34.0,29.6,1790900,HSX,stock,development,fold_3
2024-01-02,VCB,82.9,83.6,82.2,83.5,85.9,74.7,894300,HSX,stock,development,fold_3
2024-01-02,VND,22.45,22.65,22.1,22.15,23.8,20.7,10853400,HSX,stock,development,fold_3
2024-01-02,VPB,19.2,19.2,18.85,18.85,20.5,17.9,4670700,HSX,stock,development,fold_3
2024-01-03,FPT,95.6,96.5,95.4,96.3,102.6,89.2,785400,HSX,stock,development,fold_3
2024-01-03,HPG,27.4,27.8,27.4,27.8,29.35,25.55,9784500,HSX,stock,development,fold_3
2024-01-03,MBB,18.75,19.2,18.7,19.15,20.15,17.55,5838700,HSX,stock,development,fold_3
2024-01-03,MWG,42.4,43.45,42.0,43.2,45.4,39.5,2952800,HSX,stock,development,fold_3
2024-01-03,PNJ,85.5,86.0,85.3,86.0,92.0,80.0,587000,HSX,stock,development,fold_3
2024-01-03,SSI,32.35,32.95,32.3,32.95,34.75,30.25,6087800,HSX,stock,development,fold_3
2024-01-03,TCB,31.9,32.6,31.85,32.6,34.3,29.9,2752200,HSX,stock,development,fold_3
2024-01-03,VCB,83.5,84.5,82.8,84.5,89.3,77.7,768900,HSX,stock,development,fold_3
2024-01-03,VND,22.15,22.35,21.9,22.35,23.7,20.6,6949300,HSX,stock,development,fold_3
2024-01-03,VPB,18.85,19.1,18.65,19.1,20.15,17.55,4766000,HSX,stock,development,fold_3
2024-01-04,FPT,96.3,98.4,96.2,97.2,103.0,89.6,1350500,HSX,stock,development,fold_3
2024-01-04,HPG,27.8,28.1,27.7,27.75,29.7,25.9,16384900,HSX,stock,development,fold_3
2024-01-04,MBB,19.15,20.45,19.15,20.1,20.45,17.85,17834600,HSX,stock,development,fold_3
2024-01-04,MWG,43.2,43.8,43.0,43.2,46.2,40.2,3739600,HSX,stock,development,fold_3
2024-01-04,PNJ,86.0,86.3,84.6,84.6,92.0,80.0,465100,HSX,stock,development,fold_3
2024-01-04,SSI,33.0,34.2,33.0,33.6,35.25,30.65,21675900,HSX,stock,development,fold_3
2024-01-04,TCB,32.6,33.65,32.55,33.1,34.85,30.35,4690300,HSX,stock,development,fold_3
2024-01-04,VCB,84.5,86.2,84.0,85.9,90.4,78.6,1327400,HSX,stock,development,fold_3
2024-01-04,VND,22.45,22.95,22.3,22.3,23.9,20.8,18289500,HSX,stock,development,fold_3
2024-01-04,VPB,19.15,19.65,18.95,19.35,20.4,17.8,11803900,HSX,stock,development,fold_3
2024-01-05,FPT,97.3,97.5,96.5,97.4,104.0,90.4,645300,HSX,stock,development,fold_3
2024-01-05,HPG,27.75,27.9,27.55,27.8,29.65,25.85,8513700,HSX,stock,development,fold_3
2024-01-05,MBB,20.1,20.5,20.1,20.5,21.5,18.7,10434600,HSX,stock,development,fold_3
2024-01-05,MWG,43.2,44.1,43.0,43.85,46.2,40.2,3869000,HSX,stock,development,fold_3
2024-01-05,PNJ,84.6,85.0,83.1,83.4,90.5,78.7,646000,HSX,stock,development,fold_3
2024-01-05,SSI,33.8,34.15,33.6,34.15,35.95,31.25,11302100,HSX,stock,development,fold_3
2024-01-05,TCB,33.1,33.4,33.0,33.2,35.4,30.8,1739200,HSX,stock,development,fold_3
2024-01-05,VCB,85.9,86.2,85.7,86.2,91.9,79.9,809100,HSX,stock,development,fold_3
2024-01-05,VND,22.35,22.45,22.0,22.3,23.85,20.75,9999100,HSX,stock,development,fold_3
2024-01-05,VPB,19.35,19.45,19.1,19.2,20.7,18.0,4914500,HSX,stock,development,fold_3
2024-01-08,FPT,97.4,98.3,97.1,97.3,104.2,90.6,697500,HSX,stock,development,fold_3
2024-01-08,HPG,27.95,28.25,27.85,27.85,29.7,25.9,14397000,HSX,stock,development,fold_3
2024-01-08,MBB,20.6,20.85,20.4,20.7,21.9,19.1,8969000,HSX,stock,development,fold_3
2024-01-08,MWG,44.3,44.3,43.2,43.2,46.9,40.8,3202400,HSX,stock,development,fold_3
2024-01-08,PNJ,83.6,84.3,83.5,84.3,89.2,77.6,390500,HSX,stock,development,fold_3
2024-01-08,SSI,34.45,34.5,34.0,34.1,36.5,31.8,9114100,HSX,stock,development,fold_3
2024-01-08,TCB,33.5,34.15,33.35,34.1,35.5,30.9,2767400,HSX,stock,development,fold_3
2024-01-08,VCB,86.3,86.8,86.3,86.8,92.2,80.2,952800,HSX,stock,development,fold_3
2024-01-08,VND,22.4,22.65,22.2,22.25,23.85,20.75,9567000,HSX,stock,development,fold_3
2024-01-08,VPB,19.3,19.4,19.15,19.25,20.5,17.9,3970700,HSX,stock,development,fold_3
2024-01-09,FPT,97.3,97.3,96.6,96.6,104.1,90.5,671600,HSX,stock,development,fold_3
2024-01-09,HPG,27.9,27.95,27.5,27.7,29.75,25.95,13744900,HSX,stock,development,fold_3
2024-01-09,MBB,20.75,20.9,20.5,20.85,22.1,19.3,8209900,HSX,stock,development,fold_3
2024-01-09,MWG,43.15,43.2,42.4,42.7,46.2,40.2,3489400,HSX,stock,development,fold_3
2024-01-09,PNJ,84.4,85.5,84.4,85.5,90.2,78.4,615000,HSX,stock,development,fold_3
2024-01-09,SSI,34.2,34.35,33.9,34.0,36.45,31.75,7300500,HSX,stock,development,fold_3
2024-01-09,TCB,34.0,34.5,33.8,34.5,36.45,31.75,3689700,HSX,stock,development,fold_3
2024-01-09,VCB,86.8,87.9,86.8,87.8,92.8,80.8,925500,HSX,stock,development,fold_3
2024-01-09,VND,22.3,22.4,22.1,22.15,23.8,20.7,8213500,HSX,stock,development,fold_3
2024-01-09,VPB,19.25,19.35,19.1,19.15,20.55,17.95,3134100,HSX,stock,development,fold_3
2024-01-10,FPT,96.7,96.9,94.5,94.7,103.3,89.9,1440700,HSX,stock,development,fold_3
2024-01-10,HPG,27.7,27.75,27.25,27.35,29.6,25.8,13219300,HSX,stock,development,fold_3
2024-01-10,MBB,20.85,21.15,20.65,20.9,22.3,19.4,10573800,HSX,stock,development,fold_3
2024-01-10,MWG,42.7,42.9,41.9,42.25,45.65,39.75,2951400,HSX,stock,development,fold_3
2024-01-10,PNJ,85.7,87.0,85.5,86.9,91.4,79.6,834100,HSX,stock,development,fold_3
2024-01-10,SSI,33.95,34.05,33.35,33.7,36.35,31.65,9407300,HSX,stock,development,fold_3
2024-01-10,TCB,34.55,34.7,34.25,34.4,36.9,32.1,3572300,HSX,stock,development,fold_3
2024-01-10,VCB,87.8,89.5,87.2,89.5,93.9,81.7,763900,HSX,stock,development,fold_3
2024-01-10,VND,22.15,22.2,21.7,21.75,23.7,20.6,10769100,HSX,stock,development,fold_3
2024-01-10,VPB,19.1,19.75,19.1,19.6,20.45,17.85,13104900,HSX,stock,development,fold_3
2024-01-11,FPT,94.7,95.4,94.7,95.0,101.3,88.1,680400,HSX,stock,development,fold_3
2024-01-11,HPG,27.45,27.65,27.4,27.5,29.25,25.45,8192800,HSX,stock,development,fold_3
2024-01-11,MBB,20.9,21.1,20.5,20.65,22.35,19.45,10242200,HSX,stock,development,fold_3
2024-01-11,MWG,42.25,43.15,42.2,42.45,45.2,39.3,2233200,HSX,stock,development,fold_3
2024-01-11,PNJ,86.9,87.8,85.4,86.2,92.9,80.9,699900,HSX,stock,development,fold_3
2024-01-11,SSI,33.75,34.4,33.6,33.9,36.05,31.35,11065400,HSX,stock,development,fold_3
2024-01-11,TCB,34.3,34.6,33.8,34.15,36.8,32.0,3255300,HSX,stock,development,fold_3
2024-01-11,VCB,89.5,90.0,88.6,89.3,95.7,83.3,819300,HSX,stock,development,fold_3
2024-01-11,VND,21.75,22.2,21.75,21.95,23.25,20.25,6447000,HSX,stock,development,fold_3
2024-01-11,VPB,19.8,19.85,19.55,19.65,20.95,18.25,8449700,HSX,stock,development,fold_3
2024-01-12,FPT,94.8,95.6,94.1,94.7,101.6,88.4,1361800,HSX,stock,development,fold_3
2024-01-12,HPG,27.35,27.45,27.05,27.15,29.4,25.6,13108000,HSX,stock,development,fold_3
2024-01-12,MBB,20.5,21.55,20.4,21.35,22.05,19.25,17440800,HSX,stock,development,fold_3
2024-01-12,MWG,41.85,42.6,41.8,41.9,45.4,39.5,3302300,HSX,stock,development,fold_3
2024-01-12,PNJ,86.2,86.2,84.4,85.0,92.2,80.2,554200,HSX,stock,development,fold_3
2024-01-12,SSI,33.6,34.0,33.35,33.85,36.25,31.55,9560200,HSX,stock,development,fold_3
2024-01-12,TCB,33.85,34.7,33.55,34.65,36.5,31.8,5321700,HSX,stock,development,fold_3
2024-01-12,VCB,88.1,89.5,87.4,88.7,95.5,83.1,1109300,HSX,stock,development,fold_3
2024-01-12,VND,21.75,22.0,21.5,21.8,23.45,20.45,8688500,HSX,stock,development,fold_3
2024-01-12,VPB,19.45,19.75,19.3,19.65,21.0,18.3,11461400,HSX,stock,development,fold_3
2024-01-15,FPT,95.0,95.9,94.9,95.4,101.3,88.1,692600,HSX,stock,development,fold_3
2024-01-15,HPG,27.2,27.45,27.1,27.1,29.05,25.25,6073100,HSX,stock,development,fold_3
2024-01-15,MBB,21.5,21.9,21.4,21.45,22.8,19.9,10917600,HSX,stock,development,fold_3
2024-01-15,MWG,42.55,43.3,42.25,42.9,44.8,39.0,4062900,HSX,stock,development,fold_3
2024-01-15,PNJ,85.0,85.4,84.5,84.5,90.9,79.1,640800,HSX,stock,development,fold_3
2024-01-15,SSI,34.0,34.1,33.0,33.0,36.2,31.5,10801100,HSX,stock,development,fold_3
2024-01-15,TCB,34.7,34.8,34.3,34.3,37.05,32.25,1751300,HSX,stock,development,fold_3
2024-01-15,VCB,89.0,90.1,88.9,90.0,94.9,82.5,1064500,HSX,stock,development,fold_3
2024-01-15,VND,21.85,22.0,21.5,21.5,23.3,20.3,4556300,HSX,stock,development,fold_3
2024-01-15,VPB,19.8,19.8,19.35,19.35,21.0,18.3,5970300,HSX,stock,development,fold_3
2024-01-16,FPT,94.7,95.7,94.7,95.7,102.0,88.8,460700,HSX,stock,development,fold_3
2024-01-16,HPG,27.1,27.8,27.05,27.8,28.95,25.25,9230900,HSX,stock,development,fold_3
2024-01-16,MBB,21.45,21.5,21.15,21.5,22.95,19.95,7716000,HSX,stock,development,fold_3
2024-01-16,MWG,42.9,44.4,42.8,44.3,45.9,39.9,7546900,HSX,stock,development,fold_3
2024-01-16,PNJ,84.5,86.4,84.4,86.4,90.4,78.6,612400,HSX,stock,development,fold_3
2024-01-16,SSI,33.0,33.5,32.75,33.5,35.3,30.7,8425800,HSX,stock,development,fold_3
2024-01-16,TCB,34.1,34.2,33.8,34.15,36.7,31.9,2240700,HSX,stock,development,fold_3
2024-01-16,VCB,89.0,90.1,88.9,90.0,96.3,83.7,791000,HSX,stock,development,fold_3
2024-01-16,VND,21.45,21.8,21.4,21.8,23.0,20.0,4367300,HSX,stock,development,fold_3
2024-01-16,VPB,19.3,19.45,19.2,19.45,20.7,18.0,4526900,HSX,stock,development,fold_3
2024-01-17,FPT,95.6,96.0,95.0,95.7,102.3,89.1,827600,HSX,stock,development,fold_3
2024-01-17,HPG,27.85,27.95,27.65,27.65,29.7,25.9,10987200,HSX,stock,development,fold_3
2024-01-17,MBB,21.6,21.8,21.3,21.5,23.0,20.0,10253100,HSX,stock,development,fold_3
2024-01-17,MWG,44.3,45.6,44.3,44.9,47.4,41.2,5884700,HSX,stock,development,fold_3
2024-01-17,PNJ,86.7,89.0,86.3,88.6,92.4,80.4,1258700,HSX,stock,development,fold_3
2024-01-17,SSI,33.5,34.5,33.45,33.65,35.8,31.2,10370500,HSX,stock,development,fold_3
2024-01-17,TCB,34.15,34.65,34.0,34.05,36.5,31.8,2214900,HSX,stock,development,fold_3
2024-01-17,VCB,89.0,91.0,89.0,90.9,96.3,83.7,1056300,HSX,stock,development,fold_3
2024-01-17,VND,21.8,22.5,21.7,21.95,23.3,20.3,8853400,HSX,stock,development,fold_3
2024-01-17,VPB,19.45,19.55,19.25,19.3,20.8,18.1,6139700,HSX,stock,development,fold_3
2024-01-18,FPT,95.7,96.0,95.2,95.6,102.3,89.1,636500,HSX,stock,development,fold_3
2024-01-18,HPG,27.7,27.85,27.6,27.65,29.55,25.75,6840300,HSX,stock,development,fold_3
2024-01-18,MBB,21.4,21.75,21.3,21.7,23.0,20.0,10159100,HSX,stock,development,fold_3
2024-01-18,MWG,44.9,45.85,44.6,45.85,48.0,41.8,4087800,HSX,stock,development,fold_3
2024-01-18,PNJ,88.6,89.7,88.5,89.0,94.8,82.4,1085300,HSX,stock,development,fold_3
2024-01-18,SSI,33.8,34.05,33.65,33.8,36.0,31.3,6431600,HSX,stock,development,fold_3
2024-01-18,TCB,34.25,34.6,34.05,34.4,36.4,31.7,2137800,HSX,stock,development,fold_3
2024-01-18,VCB,90.9,91.2,90.0,91.1,97.2,84.6,887800,HSX,stock,development,fold_3
2024-01-18,VND,21.9,22.15,21.85,21.9,23.45,20.45,4902400,HSX,stock,development,fold_3
2024-01-18,VPB,19.4,19.55,19.3,19.5,20.65,17.95,4456100,HSX,stock,development,fold_3
2024-01-19,FPT,96.0,96.9,95.7,96.3,102.2,89.0,724600,HSX,stock,development,fold_3
2024-01-19,HPG,27.75,27.9,27.6,27.8,29.55,25.75,8337000,HSX,stock,development,fold_3
2024-01-19,MBB,21.8,22.15,21.7,22.05,23.2,20.2,9788200,HSX,stock,development,fold_3
2024-01-19,MWG,46.0,46.7,45.3,46.05,49.05,42.65,4557300,HSX,stock,development,fold_3
2024-01-19,PNJ,89.0,89.6,87.4,88.2,95.2,82.8,499700,HSX,stock,development,fold_3
2024-01-19,SSI,34.0,34.1,33.4,33.7,36.15,31.45,9379900,HSX,stock,development,fold_3
2024-01-19,TCB,34.6,35.15,34.5,34.95,36.8,32.0,3933800,HSX,stock,development,fold_3
2024-01-19,VCB,91.0,93.0,90.4,92.6,97.4,84.8,896100,HSX,stock,development,fold_3
2024-01-19,VND,22.15,22.15,21.7,21.7,23.4,20.4,5899400,HSX,stock,development,fold_3
2024-01-19,VPB,19.55,19.75,19.55,19.7,20.85,18.15,7955300,HSX,stock,development,fold_3
2024-01-22,FPT,96.8,96.8,95.8,96.4,103.0,89.6,597400,HSX,stock,development,fold_3
2024-01-22,HPG,28.0,28.65,27.85,28.3,29.7,25.9,24844200,HSX,stock,development,fold_3
2024-01-22,MBB,22.3,22.55,22.0,22.1,23.55,20.55,12919000,HSX,stock,development,fold_3
2024-01-22,MWG,46.1,46.3,45.15,46.15,49.25,42.85,3688600,HSX,stock,development,fold_3
2024-01-22,PNJ,88.2,88.4,87.3,87.7,94.3,82.1,340100,HSX,stock,development,fold_3
2024-01-22,SSI,33.9,34.0,33.4,33.95,36.05,31.35,7562700,HSX,stock,development,fold_3
2024-01-22,TCB,35.3,35.3,34.7,34.95,37.35,32.55,2393600,HSX,stock,development,fold_3
2024-01-22,VCB,93.5,93.5,92.0,92.0,99.0,86.2,651600,HSX,stock,development,fold_3
2024-01-22,VND,22.15,22.3,21.8,21.95,23.2,20.2,7574400,HSX,stock,development,fold_3
2024-01-22,VPB,19.85,19.95,19.7,19.8,21.05,18.35,7893200,HSX,stock,development,fold_3
2024-01-23,FPT,96.1,96.4,95.4,95.6,103.1,89.7,728200,HSX,stock,development,fold_3
2024-01-23,HPG,28.45,28.5,28.25,28.35,30.25,26.35,10385300,HSX,stock,development,fold_3
2024-01-23,MBB,22.1,22.35,21.9,21.95,23.6,20.6,7146800,HSX,stock,development,fold_3
2024-01-23,MWG,46.15,46.15,45.25,45.4,49.35,42.95,2802200,HSX,stock,development,fold_3
2024-01-23,PNJ,88.2,89.9,88.0,89.8,93.8,81.6,739400,HSX,stock,development,fold_3
2024-01-23,SSI,34.0,34.1,33.65,33.8,36.3,31.6,5478700,HSX,stock,development,fold_3
2024-01-23,TCB,35.5,36.0,35.4,35.45,37.35,32.55,5427100,HSX,stock,development,fold_3
2024-01-23,VCB,92.1,92.4,90.4,91.5,98.4,85.6,790000,HSX,stock,development,fold_3
2024-01-23,VND,22.0,22.25,21.9,21.9,23.45,20.45,6720200,HSX,stock,development,fold_3
2024-01-23,VPB,19.85,19.9,19.65,19.7,21.15,18.45,5543900,HSX,stock,development,fold_3
2024-01-24,FPT,95.8,95.8,94.9,95.0,102.2,89.0,691200,HSX,stock,development,fold_3
2024-01-24,HPG,28.3,28.5,28.25,28.25,30.3,26.4,7543000,HSX,stock,development,fold_3
2024-01-24,MBB,21.85,22.15,21.8,21.9,23.45,20.45,5891000,HSX,stock,development,fold_3
2024-01-24,MWG,45.2,45.45,44.35,44.4,48.55,42.25,3679000,HSX,stock,development,fold_3
2024-01-24,PNJ,89.9,90.4,89.2,89.4,96.0,83.6,254400,HSX,stock,development,fold_3
2024-01-24,SSI,33.75,34.4,33.7,34.0,36.15,31.45,10088000,HSX,stock,development,fold_3
2024-01-24,TCB,35.25,35.55,35.25,35.25,37.9,33.0,1893100,HSX,stock,development,fold_3
2024-01-24,VCB,91.6,92.0,90.9,91.1,97.9,85.1,429900,HSX,stock,development,fold_3
2024-01-24,VND,21.95,22.3,21.95,22.05,23.4,20.4,8833100,HSX,stock,development,fold_3
2024-01-24,VPB,19.7,19.8,19.55,19.65,21.05,18.35,3491900,HSX,stock,development,fold_3
2024-01-25,FPT,95.1,95.7,94.8,95.1,101.6,88.4,427200,HSX,stock,development,fold_3
2024-01-25,HPG,28.25,28.4,28.0,28.25,30.2,26.3,6719600,HSX,stock,development,fold_3
2024-01-25,MBB,21.95,21.95,21.7,21.9,23.4,20.4,6079300,HSX,stock,development,fold_3
2024-01-25,MWG,44.25,45.2,44.1,45.2,47.5,41.3,3487200,HSX,stock,development,fold_3
2024-01-25,PNJ,89.3,89.6,88.6,89.5,95.6,83.2,319800,HSX,stock,development,fold_3
2024-01-25,SSI,34.05,34.2,33.85,33.95,36.35,31.65,4473500,HSX,stock,development,fold_3
2024-01-25,TCB,35.25,35.25,34.9,35.0,37.7,32.8,2372100,HSX,stock,development,fold_3
2024-01-25,VCB,91.1,91.6,90.7,91.0,97.4,84.8,321000,HSX,stock,development,fold_3
2024-01-25,VND,22.05,22.15,21.9,21.9,23.55,20.55,3710300,HSX,stock,development,fold_3
2024-01-25,VPB,19.65,19.7,19.55,19.65,21.0,18.3,2695600,HSX,stock,development,fold_3
2024-01-26,FPT,95.5,96.2,95.3,95.9,101.7,88.5,481800,HSX,stock,development,fold_3
2024-01-26,HPG,28.4,28.5,28.25,28.35,30.2,26.3,7363200,HSX,stock,development,fold_3
2024-01-26,MBB,21.9,22.15,21.9,22.0,23.4,20.4,4511200,HSX,stock,development,fold_3
2024-01-26,MWG,45.0,45.5,44.75,44.9,48.35,42.05,2097900,HSX,stock,development,fold_3
2024-01-26,PNJ,89.5,89.8,89.3,89.5,95.7,83.3,367500,HSX,stock,development,fold_3
2024-01-26,SSI,34.15,34.35,33.95,34.1,36.3,31.6,5963800,HSX,stock,development,fold_3
2024-01-26,TCB,35.05,35.5,35.0,35.4,37.45,32.55,1549200,HSX,stock,development,fold_3
2024-01-26,VCB,91.6,92.0,91.4,92.0,97.3,84.7,545000,HSX,stock,development,fold_3
2024-01-26,VND,21.95,22.15,21.85,21.95,23.4,20.4,4395200,HSX,stock,development,fold_3
2024-01-26,VPB,19.7,19.75,19.65,19.75,21.0,18.3,3821600,HSX,stock,development,fold_3
2024-01-29,FPT,95.9,96.1,95.3,95.9,102.6,89.2,469400,HSX,stock,development,fold_3
2024-01-29,HPG,28.35,28.4,28.0,28.0,30.3,26.4,9762400,HSX,stock,development,fold_3
2024-01-29,MBB,22.0,22.45,22.0,22.15,23.5,20.5,6867500,HSX,stock,development,fold_3
2024-01-29,MWG,44.95,45.15,44.5,44.6,48.0,41.8,2036500,HSX,stock,development,fold_3
2024-01-29,PNJ,90.0,91.5,89.5,91.3,95.7,83.3,803300,HSX,stock,development,fold_3
2024-01-29,SSI,34.2,34.4,33.85,33.95,36.45,31.75,4026100,HSX,stock,development,fold_3
2024-01-29,TCB,35.45,35.65,35.2,35.25,37.85,32.95,1628200,HSX,stock,development,fold_3
2024-01-29,VCB,91.8,92.0,90.9,91.2,98.4,85.6,386500,HSX,stock,development,fold_3
2024-01-29,VND,22.0,22.05,21.8,21.8,23.45,20.45,3821700,HSX,stock,development,fold_3
2024-01-29,VPB,19.75,19.75,19.55,19.75,21.1,18.4,2835200,HSX,stock,development,fold_3
2024-01-30,FPT,95.9,95.9,95.4,95.6,102.6,89.2,559500,HSX,stock,development,fold_3
2024-01-30,HPG,28.0,28.1,27.85,28.0,29.95,26.05,9505000,HSX,stock,development,fold_3
2024-01-30,MBB,22.15,22.25,21.85,22.1,23.7,20.6,6815200,HSX,stock,development,fold_3
2024-01-30,MWG,44.6,45.45,44.5,45.4,47.7,41.5,2940400,HSX,stock,development,fold_3
2024-01-30,PNJ,91.3,91.9,91.1,91.4,97.6,85.0,740300,HSX,stock,development,fold_3
2024-01-30,SSI,33.85,34.15,33.8,34.15,36.3,31.6,5302900,HSX,stock,development,fold_3
2024-01-30,TCB,35.1,35.25,34.7,35.2,37.7,32.8,2593600,HSX,stock,development,fold_3
2024-01-30,VCB,91.2,91.2,90.1,91.0,97.5,84.9,584100,HSX,stock,development,fold_3
2024-01-30,VND,21.8,21.9,21.7,21.85,23.3,20.3,3651800,HSX,stock,development,fold_3
2024-01-30,VPB,19.65,19.85,19.65,19.7,21.1,18.4,3711900,HSX,stock,development,fold_3
2024-01-31,FPT,95.6,96.0,95.5,95.7,102.2,89.0,769300,HSX,stock,development,fold_3
2024-01-31,HPG,27.95,28.1,27.75,27.75,29.95,26.05,12230400,HSX,stock,development,fold_3
2024-01-31,MBB,22.25,22.25,21.65,21.75,23.6,20.6,10104000,HSX,stock,development,fold_3
2024-01-31,MWG,45.7,45.9,44.65,45.0,48.55,42.25,4372800,HSX,stock,development,fold_3
2024-01-31,PNJ,91.5,92.2,90.6,91.5,97.7,85.1,1227700,HSX,stock,development,fold_3
2024-01-31,SSI,34.3,35.15,34.2,34.4,36.5,31.8,16353500,HSX,stock,development,fold_3
2024-01-31,TCB,35.2,35.25,34.4,34.55,37.65,32.75,2358500,HSX,stock,development,fold_3
2024-01-31,VCB,90.6,90.6,88.5,88.5,97.3,84.7,537800,HSX,stock,development,fold_3
2024-01-31,VND,21.95,22.35,21.8,21.8,23.35,20.35,12055000,HSX,stock,development,fold_3
2024-01-31,VPB,19.65,19.7,19.15,19.4,21.05,18.35,9691300,HSX,stock,development,fold_3
2024-02-01,FPT,95.9,99.9,95.7,99.9,102.3,89.1,3298600,HSX,stock,development,fold_3
2024-02-01,HPG,27.75,28.1,27.7,27.85,29.65,25.85,4366400,HSX,stock,development,fold_3
2024-02-01,MBB,21.7,21.95,21.6,21.9,23.25,20.25,5940900,HSX,stock,development,fold_3
2024-02-01,MWG,45.0,46.7,45.0,46.2,48.15,41.85,5350200,HSX,stock,development,fold_3
2024-02-01,PNJ,91.5,91.7,90.7,91.7,97.9,85.1,992500,HSX,stock,development,fold_3
2024-02-01,SSI,34.45,34.85,34.4,34.65,36.8,32.0,4676700,HSX,stock,development,fold_3
2024-02-01,TCB,34.45,34.65,34.0,34.15,36.95,32.15,3040400,HSX,stock,development,fold_3
2024-02-01,VCB,88.0,90.2,88.0,89.8,94.6,82.4,375400,HSX,stock,development,fold_3
2024-02-01,VND,21.8,21.95,21.7,21.75,23.3,20.3,5702200,HSX,stock,development,fold_3
2024-02-01,VPB,19.35,19.35,19.1,19.15,20.75,18.05,3411800,HSX,stock,development,fold_3
2024-02-02,FPT,100.2,102.2,100.1,102.0,106.8,93.0,1236600,HSX,stock,development,fold_3
2024-02-02,HPG,27.7,28.1,27.7,27.9,29.75,25.95,6852900,HSX,stock,development,fold_3
2024-02-02,MBB,21.9,22.0,21.75,21.75,23.4,20.4,8020400,HSX,stock,development,fold_3
2024-02-02,MWG,46.5,47.4,46.1,47.4,49.4,43.0,6314500,HSX,stock,development,fold_3
2024-02-02,PNJ,91.9,92.7,91.5,91.9,98.1,85.3,2044200,HSX,stock,development,fold_3
2024-02-02,SSI,34.9,35.45,34.8,34.8,37.05,32.25,9692200,HSX,stock,development,fold_3
2024-02-02,TCB,34.0,34.45,34.0,34.15,36.5,31.8,6130100,HSX,stock,development,fold_3
2024-02-02,VCB,89.1,90.5,89.1,90.3,96.0,83.6,472300,HSX,stock,development,fold_3
2024-02-02,VND,21.8,22.1,21.8,21.8,23.25,20.25,7165100,HSX,stock,development,fold_3
2024-02-02,VPB,19.15,19.2,18.8,18.8,20.45,17.85,8902600,HSX,stock,development,fold_3
2024-02-05,FPT,102.0,104.1,101.9,103.5,109.1,94.9,1367900,HSX,stock,development,fold_3
2024-02-05,HPG,27.9,28.3,27.9,28.0,29.85,25.95,7824900,HSX,stock,development,fold_3
2024-02-05,MBB,21.75,23.15,21.75,22.95,23.25,20.25,13547100,HSX,stock,development,fold_3
2024-02-05,MWG,47.5,47.6,46.8,47.4,50.7,44.1,3346100,HSX,stock,development,fold_3
2024-02-05,PNJ,91.9,91.9,89.7,91.0,98.3,85.5,703600,HSX,stock,development,fold_3
2024-02-05,SSI,34.8,35.15,34.5,34.95,37.2,32.4,8293500,HSX,stock,development,fold_3
2024-02-05,TCB,34.45,36.0,34.4,35.5,36.5,31.8,4448300,HSX,stock,development,fold_3
2024-02-05,VCB,90.2,90.6,89.4,90.0,96.6,84.0,1169900,HSX,stock,development,fold_3
2024-02-05,VND,21.95,22.35,21.8,22.2,23.3,20.3,8454400,HSX,stock,development,fold_3
2024-02-05,VPB,18.85,19.45,18.85,19.2,20.1,17.5,5055600,HSX,stock,development,fold_3
2024-02-06,FPT,103.6,105.0,102.9,104.1,110.7,96.3,969600,HSX,stock,development,fold_3
2024-02-06,HPG,28.15,28.25,28.0,28.05,29.95,26.05,6799800,HSX,stock,development,fold_3
2024-02-06,MBB,23.0,23.15,22.95,23.05,24.55,21.35,4801600,HSX,stock,development,fold_3
2024-02-06,MWG,47.5,47.5,46.8,47.0,50.7,44.1,2465200,HSX,stock,development,fold_3
2024-02-06,PNJ,90.9,91.0,90.0,91.0,97.3,84.7,300700,HSX,stock,development,fold_3
2024-02-06,SSI,35.15,35.45,34.9,35.0,37.35,32.55,5606400,HSX,stock,development,fold_3
2024-02-06,TCB,35.65,36.2,35.6,35.65,37.95,33.05,1940200,HSX,stock,development,fold_3
2024-02-06,VCB,90.3,90.6,89.1,89.5,96.3,83.7,744500,HSX,stock,development,fold_3
2024-02-06,VND,22.3,22.5,22.1,22.1,23.75,20.65,8129300,HSX,stock,development,fold_3
2024-02-06,VPB,19.3,19.4,19.2,19.3,20.5,17.9,3253200,HSX,stock,development,fold_3
2024-02-07,FPT,104.7,105.0,103.9,104.9,111.3,96.9,1298100,HSX,stock,development,fold_3
2024-02-07,HPG,28.05,28.3,28.05,28.15,30.0,26.1,7076600,HSX,stock,development,fold_3
2024-02-07,MBB,23.1,23.7,23.1,23.5,24.65,21.45,7805500,HSX,stock,development,fold_3
2024-02-07,MWG,46.95,47.05,46.45,46.6,50.2,43.75,2755600,HSX,stock,development,fold_3
2024-02-07,PNJ,91.1,91.5,90.6,91.2,97.3,84.7,262800,HSX,stock,development,fold_3
2024-02-07,SSI,35.0,35.35,34.9,35.1,37.45,32.55,7175700,HSX,stock,development,fold_3
2024-02-07,TCB,35.8,37.3,35.8,37.3,38.1,33.2,5030800,HSX,stock,development,fold_3
2024-02-07,VCB,90.0,90.8,89.3,90.0,95.7,83.3,707100,HSX,stock,development,fold_3
2024-02-07,VND,22.15,23.15,22.15,23.0,23.6,20.6,15145100,HSX,stock,development,fold_3
2024-02-07,VPB,19.35,19.6,19.3,19.6,20.65,17.95,5304700,HSX,stock,development,fold_3
2024-02-15,FPT,105.2,105.5,103.8,104.0,112.2,97.6,1166000,HSX,stock,development,fold_3
2024-02-15,HPG,28.3,28.9,28.25,28.7,30.1,26.2,15542800,HSX,stock,development,fold_3
2024-02-15,MBB,23.7,24.2,23.55,24.15,25.1,21.9,11265800,HSX,stock,development,fold_3
2024-02-15,MWG,46.95,47.0,45.85,45.85,49.85,43.35,3866800,HSX,stock,development,fold_3
2024-02-15,PNJ,91.7,92.2,90.0,90.9,97.5,84.9,388900,HSX,stock,development,fold_3
2024-02-15,SSI,35.2,35.5,35.0,35.1,37.55,32.65,7587700,HSX,stock,development,fold_3
2024-02-15,TCB,37.5,38.95,37.45,38.4,39.9,34.7,5790800,HSX,stock,development,fold_3
2024-02-15,VCB,90.0,90.7,89.1,89.9,96.3,83.7,560200,HSX,stock,development,fold_3
2024-02-15,VND,23.3,23.3,22.9,23.0,24.6,21.4,9515000,HSX,stock,development,fold_3
2024-02-15,VPB,19.6,20.15,19.6,19.8,20.95,18.25,7920600,HSX,stock,development,fold_3
2024-02-16,FPT,104.0,105.1,103.8,105.1,111.2,96.8,1164100,HSX,stock,development,fold_3
2024-02-16,HPG,28.75,28.8,28.6,28.6,30.7,26.7,7371300,HSX,stock,development,fold_3
2024-02-16,MBB,24.1,24.1,23.7,24.0,25.8,22.5,7638400,HSX,stock,development,fold_3
2024-02-16,MWG,46.4,46.6,45.8,46.3,49.05,42.65,2462100,HSX,stock,development,fold_3
2024-02-16,PNJ,90.9,90.9,90.1,90.5,97.2,84.6,261500,HSX,stock,development,fold_3
2024-02-16,SSI,35.35,35.4,34.9,35.0,37.55,32.65,8035800,HSX,stock,development,fold_3
2024-02-16,TCB,38.5,38.7,37.9,38.5,41.05,35.75,3486200,HSX,stock,development,fold_3
2024-02-16,VCB,89.9,90.2,89.5,89.6,96.1,83.7,447600,HSX,stock,development,fold_3
2024-02-16,VND,23.2,23.5,23.0,23.2,24.6,21.4,13069000,HSX,stock,development,fold_3
2024-02-16,VPB,19.95,19.95,19.7,19.85,21.15,18.45,3656400,HSX,stock,development,fold_3
2024-02-19,FPT,105.5,107.0,105.0,105.0,112.4,97.8,1082200,HSX,stock,development,fold_3
2024-02-19,HPG,28.65,29.4,28.45,29.2,30.6,26.6,16043200,HSX,stock,development,fold_3
2024-02-19,MBB,24.0,24.1,23.6,23.95,25.65,22.35,8897900,HSX,stock,development,fold_3
2024-02-19,MWG,46.5,47.2,46.15,46.8,49.5,43.1,3314700,HSX,stock,development,fold_3
2024-02-19,PNJ,90.6,90.9,88.7,88.7,96.8,84.2,580500,HSX,stock,development,fold_3
2024-02-19,SSI,35.0,35.2,34.4,35.2,37.45,32.55,14805900,HSX,stock,development,fold_3
2024-02-19,TCB,38.55,39.05,38.45,38.9,41.15,35.85,4642900,HSX,stock,development,fold_3
2024-02-19,VCB,89.9,90.5,89.3,90.2,95.8,83.4,531900,HSX,stock,development,fold_3
2024-02-19,VND,23.3,23.4,22.6,22.95,24.8,21.6,15410600,HSX,stock,development,fold_3
2024-02-19,VPB,19.85,19.95,19.65,19.8,21.2,18.5,5903200,HSX,stock,development,fold_3
2024-02-20,FPT,105.2,105.2,104.0,104.3,112.3,97.7,982700,HSX,stock,development,fold_3
2024-02-20,HPG,29.2,29.35,29.05,29.2,31.2,27.2,9618300,HSX,stock,development,fold_3
2024-02-20,MBB,23.85,24.1,23.65,23.85,25.6,22.3,7817400,HSX,stock,development,fold_3
2024-02-20,MWG,46.95,46.95,46.0,46.8,50.0,43.55,3550900,HSX,stock,development,fold_3
2024-02-20,PNJ,88.7,89.8,88.2,88.7,94.9,82.5,384400,HSX,stock,development,fold_3
2024-02-20,SSI,35.65,35.8,35.25,35.3,37.65,32.75,9399000,HSX,stock,development,fold_3
2024-02-20,TCB,38.8,39.0,38.5,38.9,41.6,36.2,2500200,HSX,stock,development,fold_3
2024-02-20,VCB,90.1,91.4,89.4,91.3,96.5,83.9,762900,HSX,stock,development,fold_3
2024-02-20,VND,23.2,23.45,23.0,23.0,24.55,21.35,9991500,HSX,stock,development,fold_3
2024-02-20,VPB,19.7,19.75,19.5,19.6,21.15,18.45,8487300,HSX,stock,development,fold_3
2024-02-21,FPT,104.0,106.9,103.5,105.9,111.6,97.0,1559900,HSX,stock,development,fold_3
2024-02-21,HPG,29.1,29.15,28.7,28.8,31.2,27.2,13013700,HSX,stock,development,fold_3
2024-02-21,MBB,23.85,24.2,23.7,24.0,25.5,22.2,10912400,HSX,stock,development,fold_3
2024-02-21,MWG,46.7,46.7,46.0,46.1,50.0,43.55,3233400,HSX,stock,development,fold_3
2024-02-21,PNJ,88.8,88.8,87.6,88.1,94.9,82.5,593900,HSX,stock,development,fold_3
2024-02-21,SSI,35.3,35.3,34.7,34.95,37.75,32.85,8044300,HSX,stock,development,fold_3
2024-02-21,TCB,38.75,39.35,38.6,39.0,41.6,36.2,3344500,HSX,stock,development,fold_3
2024-02-21,VCB,91.7,91.7,90.5,91.2,97.6,85.0,716100,HSX,stock,development,fold_3
2024-02-21,VND,23.0,23.05,22.5,22.6,24.6,21.4,14258500,HSX,stock,development,fold_3
2024-02-21,VPB,19.6,20.0,19.6,19.75,20.95,18.25,7232600,HSX,stock,development,fold_3
2024-02-22,FPT,105.9,106.0,104.6,104.6,113.3,98.5,894600,HSX,stock,development,fold_3
2024-02-22,HPG,28.7,28.8,28.55,28.55,30.8,26.8,9888300,HSX,stock,development,fold_3
2024-02-22,MBB,24.0,24.1,23.85,23.95,25.65,22.35,5794300,HSX,stock,development,fold_3
2024-02-22,MWG,46.3,46.3,45.2,45.3,49.3,42.9,4363800,HSX,stock,development,fold_3
2024-02-22,PNJ,88.0,89.6,88.0,89.6,94.2,82.0,483200,HSX,stock,development,fold_3
2024-02-22,SSI,34.85,34.95,34.55,34.65,37.35,32.55,6165900,HSX,stock,development,fold_3
2024-02-22,TCB,39.0,40.35,38.95,40.3,41.7,36.3,4450200,HSX,stock,development,fold_3
2024-02-22,VCB,90.6,91.0,89.5,89.5,97.5,84.9,657200,HSX,stock,development,fold_3
2024-02-22,VND,22.6,22.75,22.5,22.5,24.15,21.05,6973300,HSX,stock,development,fold_3
2024-02-22,VPB,19.8,19.9,19.6,19.7,21.1,18.4,4885700,HSX,stock,development,fold_3
2024-02-23,FPT,105.5,106.7,103.3,103.9,111.9,97.3,1983500,HSX,stock,development,fold_3
2024-02-23,HPG,28.55,28.85,28.4,28.4,30.5,26.6,13367200,HSX,stock,development,fold_3
2024-02-23,MBB,24.0,24.7,23.75,23.9,25.6,22.3,20674700,HSX,stock,development,fold_3
2024-02-23,MWG,45.3,45.55,43.95,44.0,48.45,42.15,7705900,HSX,stock,development,fold_3
2024-02-23,PNJ,89.9,89.9,87.7,87.8,95.8,83.4,566900,HSX,stock,development,fold_3
2024-02-23,SSI,34.6,34.9,34.05,34.15,37.05,32.25,10874200,HSX,stock,development,fold_3
2024-02-23,TCB,40.75,42.35,40.0,40.1,43.1,37.5,7258100,HSX,stock,development,fold_3
2024-02-23,VCB,89.5,91.4,88.9,88.9,95.7,83.3,1017100,HSX,stock,development,fold_3
2024-02-23,VND,22.55,22.75,21.9,22.05,24.05,20.95,12247500,HSX,stock,development,fold_3
2024-02-23,VPB,19.7,20.25,19.5,19.5,21.05,18.35,15992100,HSX,stock,development,fold_3
2024-02-26,FPT,103.9,108.0,103.5,108.0,111.1,96.7,2094800,HSX,stock,development,fold_3
2024-02-26,HPG,28.4,28.8,28.3,28.8,30.35,26.45,9328200,HSX,stock,development,fold_3
2024-02-26,MBB,23.9,24.05,23.65,24.0,25.55,22.25,9828400,HSX,stock,development,fold_3
2024-02-26,MWG,44.0,44.5,43.05,44.35,47.05,40.95,6491900,HSX,stock,development,fold_3
2024-02-26,PNJ,87.8,89.1,87.4,88.5,93.9,81.7,547000,HSX,stock,development,fold_3
2024-02-26,SSI,34.1,35.35,34.05,35.1,36.5,31.8,10843000,HSX,stock,development,fold_3
2024-02-26,TCB,40.2,41.5,40.2,41.2,42.9,37.3,4309900,HSX,stock,development,fold_3
2024-02-26,VCB,88.9,90.0,88.9,89.5,95.1,82.7,413100,HSX,stock,development,fold_3
2024-02-26,VND,22.05,22.8,22.0,22.65,23.55,20.55,10443000,HSX,stock,development,fold_3
2024-02-26,VPB,19.55,19.55,19.2,19.25,20.85,18.15,6161400,HSX,stock,development,fold_3
2024-02-27,FPT,108.5,109.5,107.4,107.9,115.5,100.5,1341700,HSX,stock,development,fold_3
2024-02-27,HPG,28.9,30.45,28.8,30.35,30.8,26.8,30136300,HSX,stock,development,fold_3
2024-02-27,MBB,24.05,24.45,23.85,24.25,25.65,22.35,9648600,HSX,stock,development,fold_3
2024-02-27,MWG,44.7,45.2,44.4,44.75,47.45,41.25,4483600,HSX,stock,development,fold_3
2024-02-27,PNJ,89.0,89.9,88.5,89.9,94.6,82.4,1010300,HSX,stock,development,fold_3
2024-02-27,SSI,35.25,36.45,35.1,35.9,37.55,32.65,18087800,HSX,stock,development,fold_3
2024-02-27,TCB,41.4,41.95,41.0,41.95,44.05,38.35,4336100,HSX,stock,development,fold_3
2024-02-27,VCB,89.6,91.2,89.1,91.1,95.7,83.3,787500,HSX,stock,development,fold_3
2024-02-27,VND,22.8,23.1,22.65,22.8,24.2,21.1,8893900,HSX,stock,development,fold_3
2024-02-27,VPB,19.35,19.5,19.2,19.35,20.55,17.95,8607800,HSX,stock,development,fold_3
2024-02-28,FPT,108.0,108.5,106.3,108.5,115.4,100.4,1621400,HSX,stock,development,fold_3
2024-02-28,HPG,30.4,30.95,30.15,30.6,32.45,28.25,14689900,HSX,stock,development,fold_3
2024-02-28,MBB,24.35,24.55,24.15,24.4,25.9,22.6,8580300,HSX,stock,development,fold_3
2024-02-28,MWG,45.0,45.85,44.75,45.3,47.85,41.65,6017400,HSX,stock,development,fold_3
2024-02-28,PNJ,90.1,90.8,89.5,90.2,96.1,83.7,525500,HSX,stock,development,fold_3
2024-02-28,SSI,36.1,36.25,35.65,36.1,38.4,33.4,11192700,HSX,stock,development,fold_3
2024-02-28,TCB,42.05,42.35,41.55,42.2,44.85,39.05,3671700,HSX,stock,development,fold_3
2024-02-28,VCB,91.0,97.4,90.4,97.4,97.4,84.8,1976100,HSX,stock,development,fold_3
2024-02-28,VND,23.0,23.0,22.5,22.6,24.35,21.25,9018700,HSX,stock,development,fold_3
2024-02-28,VPB,19.4,19.9,19.4,19.9,20.7,18.0,10261900,HSX,stock,development,fold_3
2024-02-29,FPT,108.2,109.4,107.7,109.0,116.0,101.0,1276500,HSX,stock,development,fold_3
2024-02-29,HPG,30.75,31.15,30.5,31.0,32.7,28.5,15387600,HSX,stock,development,fold_3
2024-02-29,MBB,24.5,24.55,23.95,24.15,26.1,22.7,9191800,HSX,stock,development,fold_3
2024-02-29,MWG,46.4,47.0,46.0,46.2,48.45,42.15,6407300,HSX,stock,development,fold_3
2024-02-29,PNJ,90.6,91.8,89.6,90.4,96.5,83.9,614200,HSX,stock,development,fold_3
2024-02-29,SSI,36.4,37.7,36.3,37.0,38.6,33.6,16997900,HSX,stock,development,fold_3
2024-02-29,TCB,42.45,42.45,41.35,42.2,45.15,39.25,4339500,HSX,stock,development,fold_3
2024-02-29,VCB,98.5,100.5,97.3,97.3,104.2,90.6,895300,HSX,stock,development,fold_3
2024-02-29,VND,22.75,23.2,22.6,22.65,24.15,21.05,12206900,HSX,stock,development,fold_3
2024-02-29,VPB,20.1,20.2,19.65,19.9,21.25,18.55,8402300,HSX,stock,development,fold_3
2024-03-01,FPT,109.2,111.4,109.1,110.8,116.6,101.4,1838700,HSX,stock,development,fold_3
2024-03-01,HPG,31.2,31.2,30.65,30.85,33.15,28.85,12376500,HSX,stock,development,fold_3
2024-03-01,MBB,24.1,24.15,23.8,24.0,25.8,22.5,8436000,HSX,stock,development,fold_3
2024-03-01,MWG,46.55,47.3,46.1,46.6,49.4,43.0,6397100,HSX,stock,development,fold_3
2024-03-01,PNJ,90.4,96.4,90.3,95.7,96.7,84.1,1894600,HSX,stock,development,fold_3
2024-03-01,SSI,37.4,37.7,37.0,37.35,39.55,34.45,9426000,HSX,stock,development,fold_3
2024-03-01,TCB,41.7,41.85,41.25,41.85,45.15,39.25,3826800,HSX,stock,development,fold_3
2024-03-01,VCB,98.2,98.2,94.9,97.3,104.1,90.5,1194700,HSX,stock,development,fold_3
2024-03-01,VND,22.9,23.45,22.85,23.2,24.2,21.1,15256300,HSX,stock,development,fold_3
2024-03-01,VPB,19.9,19.9,19.65,19.65,21.25,18.55,5571500,HSX,stock,development,fold_3
2024-03-04,FPT,111.0,111.8,110.8,111.4,118.5,103.1,1613700,HSX,stock,development,fold_3
2024-03-04,HPG,31.0,31.4,30.7,30.8,33.0,28.7,13303700,HSX,stock,development,fold_3
2024-03-04,MBB,24.1,24.45,23.75,24.2,25.65,22.35,12039600,HSX,stock,development,fold_3
2024-03-04,MWG,46.6,47.95,46.6,47.4,49.85,43.35,7517400,HSX,stock,development,fold_3
2024-03-04,PNJ,95.7,96.6,94.9,95.6,102.3,89.1,767300,HSX,stock,development,fold_3
2024-03-04,SSI,37.8,37.85,37.0,37.15,39.95,34.75,10483700,HSX,stock,development,fold_3
2024-03-04,TCB,41.75,42.2,41.35,41.85,44.75,38.95,3956700,HSX,stock,development,fold_3
2024-03-04,VCB,98.0,98.0,95.6,96.0,104.1,90.5,828800,HSX,stock,development,fold_3
2024-03-04,VND,23.6,23.65,23.25,23.45,24.8,21.6,14174300,HSX,stock,development,fold_3
2024-03-04,VPB,19.8,19.8,19.6,19.6,21.0,18.3,5981800,HSX,stock,development,fold_3
2024-03-05,FPT,111.4,111.4,109.9,110.7,119.1,103.7,1502500,HSX,stock,development,fold_3
2024-03-05,HPG,30.8,31.3,30.7,31.15,32.95,28.65,11988500,HSX,stock,development,fold_3
2024-03-05,MBB,24.2,24.65,24.1,24.6,25.85,22.55,9709300,HSX,stock,development,fold_3
2024-03-05,MWG,47.6,50.0,47.5,50.0,50.7,44.1,8636000,HSX,stock,development,fold_3
2024-03-05,PNJ,95.9,97.8,95.6,96.8,102.2,89.0,1015800,HSX,stock,development,fold_3
2024-03-05,SSI,37.15,37.45,36.65,37.4,39.75,34.55,12609900,HSX,stock,development,fold_3
2024-03-05,TCB,41.8,42.2,41.4,42.2,44.75,38.95,3186300,HSX,stock,development,fold_3
2024-03-05,VCB,96.6,96.6,95.2,95.5,102.7,89.3,823800,HSX,stock,development,fold_3
2024-03-05,VND,23.45,23.55,23.1,23.5,25.05,21.85,12460800,HSX,stock,development,fold_3
2024-03-05,VPB,19.6,19.75,19.55,19.75,20.95,18.25,3836900,HSX,stock,development,fold_3
2024-03-06,FPT,110.0,110.4,108.4,109.1,118.4,103.0,1635800,HSX,stock,development,fold_3
2024-03-06,HPG,31.1,31.15,30.5,30.8,33.3,29.0,11046000,HSX,stock,development,fold_3
2024-03-06,MBB,24.6,25.15,24.35,24.6,26.3,22.9,12389200,HSX,stock,development,fold_3
2024-03-06,MWG,50.0,50.3,48.3,48.7,53.5,46.5,6680700,HSX,stock,development,fold_3
2024-03-06,PNJ,96.8,96.8,94.0,95.0,103.5,90.1,728000,HSX,stock,development,fold_3
2024-03-06,SSI,37.4,37.8,36.7,37.1,40.0,34.8,11264600,HSX,stock,development,fold_3
2024-03-06,TCB,42.05,43.5,41.8,42.75,45.15,39.25,4911200,HSX,stock,development,fold_3
2024-03-06,VCB,95.5,96.8,95.1,95.6,102.1,88.9,1073100,HSX,stock,development,fold_3
2024-03-06,VND,23.4,23.6,22.9,23.0,25.1,21.9,11861000,HSX,stock,development,fold_3
2024-03-06,VPB,19.8,19.85,19.3,19.4,21.1,18.4,4990100,HSX,stock,development,fold_3
2024-03-07,FPT,109.1,113.9,108.2,111.3,116.7,101.5,1860800,HSX,stock,development,fold_3
2024-03-07,HPG,30.7,31.35,30.6,31.0,32.95,28.65,12423600,HSX,stock,development,fold_3
2024-03-07,MBB,24.7,24.8,24.35,24.4,26.3,22.9,9041200,HSX,stock,development,fold_3
2024-03-07,MWG,48.7,49.25,48.1,49.0,52.1,45.3,4256300,HSX,stock,development,fold_3
2024-03-07,PNJ,95.3,96.9,94.8,96.5,101.6,88.4,1019700,HSX,stock,development,fold_3
2024-03-07,SSI,37.0,37.95,36.85,37.7,39.65,34.55,12768900,HSX,stock,development,fold_3
2024-03-07,TCB,42.85,43.3,42.4,42.6,45.7,39.8,3866100,HSX,stock,development,fold_3
2024-03-07,VCB,95.9,97.4,95.5,95.8,102.2,89.0,1234900,HSX,stock,development,fold_3
2024-03-07,VND,23.0,23.6,22.85,23.5,24.6,21.4,13942300,HSX,stock,development,fold_3
2024-03-07,VPB,19.4,19.6,19.4,19.45,20.75,18.05,4222500,HSX,stock,development,fold_3
2024-03-08,FPT,111.3,112.6,109.5,110.0,119.0,103.6,1615500,HSX,stock,development,fold_3
2024-03-08,HPG,31.0,31.05,30.25,30.3,33.15,28.85,17307100,HSX,stock,development,fold_3
2024-03-08,MBB,24.5,24.5,23.6,23.6,26.1,22.7,18571600,HSX,stock,development,fold_3
2024-03-08,MWG,49.25,49.25,47.0,47.75,52.4,45.6,8209300,HSX,stock,development,fold_3
2024-03-08,PNJ,96.9,98.6,95.6,96.5,103.2,89.8,1715900,HSX,stock,development,fold_3
2024-03-08,SSI,37.9,38.1,36.8,36.8,40.3,35.1,14174100,HSX,stock,development,fold_3
2024-03-08,TCB,42.45,42.6,41.0,41.0,45.55,39.65,8785100,HSX,stock,development,fold_3
2024-03-08,VCB,95.9,96.5,95.1,95.1,102.5,89.1,1412000,HSX,stock,development,fold_3
2024-03-08,VND,23.7,24.3,23.5,23.5,25.1,21.9,25486600,HSX,stock,development,fold_3
2024-03-08,VPB,19.45,19.5,18.95,19.0,20.8,18.1,10508800,HSX,stock,development,fold_3
2024-03-11,FPT,110.0,113.5,110.0,110.0,117.7,102.3,1588900,HSX,stock,development,fold_3
2024-03-11,HPG,30.3,30.6,29.8,29.9,32.4,28.2,11351300,HSX,stock,development,fold_3
2024-03-11,MBB,23.55,23.6,22.8,22.95,25.25,21.95,13345100,HSX,stock,development,fold_3
2024-03-11,MWG,47.5,48.3,46.25,46.4,51.0,44.45,5080300,HSX,stock,development,fold_3
2024-03-11,PNJ,96.8,100.9,96.6,99.0,103.2,89.8,1481500,HSX,stock,development,fold_3
2024-03-11,SSI,36.8,37.15,36.2,36.35,39.35,34.25,10938200,HSX,stock,development,fold_3
2024-03-11,TCB,40.9,41.2,39.9,40.4,43.85,38.15,4293000,HSX,stock,development,fold_3
2024-03-11,VCB,95.1,96.0,94.1,94.1,101.7,88.5,1003800,HSX,stock,development,fold_3
2024-03-11,VND,23.5,23.65,22.8,22.9,25.1,21.9,13742500,HSX,stock,development,fold_3
2024-03-11,VPB,18.95,19.1,18.55,18.55,20.3,17.7,7080100,HSX,stock,development,fold_3
2024-03-12,FPT,110.0,113.5,110.0,111.9,117.7,102.3,1402100,HSX,stock,development,fold_3
2024-03-12,HPG,29.85,30.4,29.8,30.2,31.95,27.85,12545800,HSX,stock,development,fold_3
2024-03-12,MBB,22.9,23.25,22.75,23.1,24.55,21.35,8051400,HSX,stock,development,fold_3
2024-03-12,MWG,46.15,47.9,46.05,46.75,49.6,43.2,6709400,HSX,stock,development,fold_3
2024-03-12,PNJ,99.5,99.8,97.5,99.0,105.9,92.1,790000,HSX,stock,development,fold_3
2024-03-12,SSI,36.35,36.6,36.05,36.3,38.85,33.85,9466600,HSX,stock,development,fold_3
2024-03-12,TCB,40.35,41.3,40.1,41.2,43.2,37.6,4094500,HSX,stock,development,fold_3
2024-03-12,VCB,94.1,94.9,94.0,94.4,100.6,87.6,533200,HSX,stock,development,fold_3
2024-03-12,VND,22.8,22.95,22.55,22.6,24.5,21.3,13625300,HSX,stock,development,fold_3
2024-03-12,VPB,18.55,18.75,18.5,18.55,19.8,17.3,5329300,HSX,stock,development,fold_3
2024-03-13,FPT,112.8,117.0,112.0,117.0,119.7,104.1,2451500,HSX,stock,development,fold_3
2024-03-13,HPG,30.2,30.85,30.1,30.8,32.3,28.1,12986800,HSX,stock,development,fold_3
2024-03-13,MBB,23.1,23.85,23.1,23.85,24.7,21.5,6710000,HSX,stock,development,fold_3
2024-03-13,MWG,46.8,48.7,46.8,48.55,50.0,43.5,3868200,HSX,stock,development,fold_3
2024-03-13,PNJ,99.0,102.8,98.3,101.5,105.9,92.1,1147000,HSX,stock,development,fold_3
2024-03-13,SSI,36.4,38.1,36.3,37.95,38.8,33.8,13156500,HSX,stock,development,fold_3
2024-03-13,TCB,41.2,42.0,40.95,42.0,44.05,38.35,3691200,HSX,stock,development,fold_3
2024-03-13,VCB,94.9,96.5,94.3,96.0,101.0,87.8,1666100,HSX,stock,development,fold_3
2024-03-13,VND,22.7,23.6,22.55,23.55,24.15,21.05,13944100,HSX,stock,development,fold_3
2024-03-13,VPB,18.65,19.1,18.6,19.05,19.8,17.3,5162300,HSX,stock,development,fold_3
2024-03-14,FPT,118.5,118.5,115.7,117.0,125.1,108.9,1635700,HSX,stock,development,fold_3
2024-03-14,HPG,30.9,30.9,30.25,30.35,32.95,28.65,13461800,HSX,stock,development,fold_3
2024-03-14,MBB,23.95,23.95,23.4,23.45,25.5,22.2,8384100,HSX,stock,development,fold_3
2024-03-14,MWG,48.8,49.0,47.1,47.25,51.9,45.2,5593800,HSX,stock,development,fold_3
2024-03-14,PNJ,102.0,103.8,99.9,100.9,108.6,94.4,1042400,HSX,stock,development,fold_3
2024-03-14,SSI,38.05,39.0,37.8,37.85,40.6,35.3,15839200,HSX,stock,development,fold_3
2024-03-14,TCB,42.1,42.1,41.25,41.4,44.9,39.1,3028400,HSX,stock,development,fold_3
2024-03-14,VCB,96.0,96.1,94.6,95.0,102.7,89.3,1140000,HSX,stock,development,fold_3
2024-03-14,VND,23.75,24.15,23.2,23.3,25.15,21.95,15590600,HSX,stock,development,fold_3
2024-03-14,VPB,19.1,19.1,18.65,18.8,20.35,17.75,4017700,HSX,stock,development,fold_3
2024-03-15,FPT,116.8,116.8,114.5,116.0,125.1,108.9,1776300,HSX,stock,development,fold_3
2024-03-15,HPG,30.35,30.7,30.0,30.1,32.45,28.25,15453600,HSX,stock,development,fold_3
2024-03-15,MBB,23.45,23.85,23.15,23.8,25.05,21.85,7985600,HSX,stock,development,fold_3
2024-03-15,MWG,47.25,47.7,46.55,47.35,50.5,43.95,4048100,HSX,stock,development,fold_3
2024-03-15,PNJ,100.1,100.4,97.7,99.5,107.3,93.3,784800,HSX,stock,development,fold_3
2024-03-15,SSI,37.8,37.9,37.1,37.8,40.45,35.25,13034000,HSX,stock,development,fold_3
2024-03-15,TCB,41.25,41.65,40.4,41.4,44.25,38.55,3569000,HSX,stock,development,fold_3
2024-03-15,VCB,95.0,95.0,93.9,94.0,101.6,88.4,1563500,HSX,stock,development,fold_3
2024-03-15,VND,23.3,23.65,23.1,23.55,24.9,21.7,15275300,HSX,stock,development,fold_3
2024-03-15,VPB,18.75,18.8,18.55,18.65,20.1,17.5,7720900,HSX,stock,development,fold_3
2024-03-18,FPT,115.8,115.8,111.1,113.0,124.1,107.9,2672600,HSX,stock,development,fold_3
2024-03-18,HPG,30.15,30.2,29.0,29.6,32.2,28.0,20829500,HSX,stock,development,fold_3
2024-03-18,MBB,23.75,23.8,22.4,23.2,25.45,22.15,12785900,HSX,stock,development,fold_3
2024-03-18,MWG,47.2,47.95,45.65,45.9,50.6,44.05,5955300,HSX,stock,development,fold_3
2024-03-18,PNJ,98.5,98.5,92.8,97.3,106.4,92.6,1564500,HSX,stock,development,fold_3
2024-03-18,SSI,37.85,38.0,35.6,36.65,40.4,35.2,18196900,HSX,stock,development,fold_3
2024-03-18,TCB,41.2,41.2,39.4,40.1,44.25,38.55,5220400,HSX,stock,development,fold_3
2024-03-18,VCB,94.3,94.5,92.5,93.0,100.5,87.5,1054000,HSX,stock,development,fold_3
2024-03-18,VND,23.8,23.9,22.2,23.2,25.15,21.95,17843900,HSX,stock,development,fold_3
2024-03-18,VPB,18.65,18.7,17.95,18.2,19.95,17.35,9660200,HSX,stock,development,fold_3
2024-03-19,FPT,113.0,113.0,111.1,112.0,120.9,105.1,1640700,HSX,stock,development,fold_3
2024-03-19,HPG,29.5,30.6,29.4,29.8,31.65,27.55,10079000,HSX,stock,development,fold_3
2024-03-19,MBB,23.2,23.35,22.95,23.2,24.8,21.6,5626100,HSX,stock,development,fold_3
2024-03-19,MWG,46.0,46.4,45.35,45.5,49.1,42.7,3557800,HSX,stock,development,fold_3
2024-03-19,PNJ,96.1,97.0,94.5,96.5,104.1,90.5,1139500,HSX,stock,development,fold_3
2024-03-19,SSI,36.7,37.0,36.15,36.15,39.2,34.1,6543000,HSX,stock,development,fold_3
2024-03-19,TCB,40.2,40.4,39.6,40.3,42.9,37.3,2804100,HSX,stock,development,fold_3
2024-03-19,VCB,92.5,93.5,92.5,92.5,99.5,86.5,532300,HSX,stock,development,fold_3
2024-03-19,VND,23.35,23.4,22.7,23.05,24.8,21.6,7890500,HSX,stock,development,fold_3
2024-03-19,VPB,18.2,18.5,18.1,18.15,19.45,16.95,6677200,HSX,stock,development,fold_3
2024-03-20,FPT,112.3,115.0,111.1,114.5,119.8,104.2,1822100,HSX,stock,development,fold_3
2024-03-20,HPG,29.85,30.1,29.75,30.0,31.85,27.75,6669400,HSX,stock,development,fold_3
2024-03-20,MBB,23.2,24.4,23.1,24.15,24.8,21.6,14634700,HSX,stock,development,fold_3
2024-03-20,MWG,45.6,48.65,45.6,48.0,48.65,42.35,7572700,HSX,stock,development,fold_3
2024-03-20,PNJ,96.0,98.4,95.1,98.2,103.2,89.8,1208400,HSX,stock,development,fold_3
2024-03-20,SSI,36.4,37.2,36.25,37.2,38.65,33.65,7991000,HSX,stock,development,fold_3
2024-03-20,TCB,40.4,42.45,40.05,42.3,43.1,37.5,7793900,HSX,stock,development,fold_3
2024-03-20,VCB,92.5,94.1,92.5,93.2,98.9,86.1,492800,HSX,stock,development,fold_3
2024-03-20,VND,23.0,23.45,22.75,23.4,24.65,21.45,9053500,HSX,stock,development,fold_3
2024-03-20,VPB,18.2,18.65,18.2,18.65,19.4,16.9,5401200,HSX,stock,development,fold_3
2024-03-21,FPT,115.2,116.2,114.6,116.2,122.5,106.5,1910600,HSX,stock,development,fold_3
2024-03-21,HPG,30.35,30.55,30.1,30.25,32.1,27.9,9602900,HSX,stock,development,fold_3
2024-03-21,MBB,24.3,24.75,24.1,24.75,25.8,22.5,15229600,HSX,stock,development,fold_3
2024-03-21,MWG,48.5,48.95,48.0,48.5,51.3,44.65,4365300,HSX,stock,development,fold_3
2024-03-21,PNJ,99.2,100.4,98.1,98.7,105.0,91.4,863700,HSX,stock,development,fold_3
2024-03-21,SSI,37.95,38.0,37.5,37.65,39.8,34.6,12668900,HSX,stock,development,fold_3
2024-03-21,TCB,42.6,45.1,42.6,45.1,45.25,39.35,7263300,HSX,stock,development,fold_3
2024-03-21,VCB,94.0,95.5,94.0,95.2,99.7,86.7,719900,HSX,stock,development,fold_3
2024-03-21,VND,23.95,24.5,23.85,24.25,25.0,21.8,21906800,HSX,stock,development,fold_3
2024-03-21,VPB,18.75,18.95,18.55,18.75,19.95,17.35,7851000,HSX,stock,development,fold_3
2024-03-22,FPT,116.3,116.3,114.5,114.9,124.3,108.1,1096700,HSX,stock,development,fold_3
2024-03-22,HPG,30.35,30.7,30.2,30.55,32.35,28.15,14147400,HSX,stock,development,fold_3
2024-03-22,MBB,25.0,25.7,24.85,25.05,26.45,23.05,17049300,HSX,stock,development,fold_3
2024-03-22,MWG,48.7,49.4,48.0,49.1,51.8,45.15,5612700,HSX,stock,development,fold_3
2024-03-22,PNJ,99.0,99.0,97.0,98.5,105.6,91.8,903300,HSX,stock,development,fold_3
2024-03-22,SSI,37.8,38.45,37.6,37.8,40.25,35.05,11561000,HSX,stock,development,fold_3
2024-03-22,TCB,45.5,45.5,44.05,44.9,48.25,41.95,4786700,HSX,stock,development,fold_3
2024-03-22,VCB,95.2,96.8,95.2,96.4,101.8,88.6,990100,HSX,stock,development,fold_3
2024-03-22,VND,24.4,24.65,24.05,24.3,25.9,22.6,14861900,HSX,stock,development,fold_3
2024-03-22,VPB,18.9,19.0,18.65,18.8,20.05,17.45,7035700,HSX,stock,development,fold_3
2024-03-25,FPT,114.1,115.1,113.8,114.0,122.9,106.9,1453200,HSX,stock,development,fold_3
2024-03-25,HPG,30.55,30.95,30.05,30.2,32.65,28.45,9141200,HSX,stock,development,fold_3
2024-03-25,MBB,25.05,25.35,24.6,24.7,26.8,23.3,9322800,HSX,stock,development,fold_3
2024-03-25,MWG,49.0,50.3,48.3,48.3,52.5,45.7,5056500,HSX,stock,development,fold_3
2024-03-25,PNJ,98.3,98.3,96.0,96.0,105.3,91.7,749000,HSX,stock,development,fold_3
2024-03-25,SSI,37.85,38.3,37.3,37.5,40.4,35.2,10750000,HSX,stock,development,fold_3
2024-03-25,TCB,45.6,46.4,44.15,44.8,48.0,41.8,5195000,HSX,stock,development,fold_3
2024-03-25,VCB,95.0,96.9,94.1,95.7,103.1,89.7,737800,HSX,stock,development,fold_3
2024-03-25,VND,24.1,24.85,23.55,23.95,26.0,22.6,33516100,HSX,stock,development,fold_3
2024-03-25,VPB,18.8,19.15,18.65,18.9,20.1,17.5,8421800,HSX,stock,development,fold_3
2024-03-26,FPT,114.0,115.5,113.6,115.0,121.9,106.1,840300,HSX,stock,development,fold_3
2024-03-26,HPG,30.2,30.55,30.1,30.55,32.3,28.1,6053700,HSX,stock,development,fold_3
2024-03-26,MBB,24.7,25.25,24.6,25.25,26.4,23.0,6969500,HSX,stock,development,fold_3
2024-03-26,MWG,48.3,48.9,47.8,48.65,51.6,44.95,3496800,HSX,stock,development,fold_3
2024-03-26,PNJ,96.2,97.5,95.9,97.4,102.7,89.3,877200,HSX,stock,development,fold_3
2024-03-26,SSI,37.4,38.2,37.15,38.0,40.1,34.9,8304600,HSX,stock,development,fold_3
2024-03-26,TCB,44.8,46.2,44.5,45.95,47.9,41.7,3214600,HSX,stock,development,fold_3
2024-03-26,VCB,96.0,96.6,95.8,96.3,102.3,89.1,418700,HSX,stock,development,fold_3
2024-03-26,VND,23.05,23.5,22.75,23.45,25.6,22.3,28443500,HSX,stock,development,fold_3
2024-03-26,VPB,18.9,19.6,18.9,19.6,20.2,17.6,17662700,HSX,stock,development,fold_3
2024-03-27,FPT,114.7,115.3,114.1,115.2,123.0,107.0,653100,HSX,stock,development,fold_3
2024-03-27,HPG,30.9,31.1,30.6,30.6,32.65,28.45,11605400,HSX,stock,development,fold_3
2024-03-27,MBB,25.25,25.4,25.0,25.3,27.0,23.5,5605600,HSX,stock,development,fold_3
2024-03-27,MWG,48.8,51.4,48.55,50.7,52.0,45.25,4353500,HSX,stock,development,fold_3
2024-03-27,PNJ,98.0,98.1,96.5,97.5,104.2,90.6,870200,HSX,stock,development,fold_3
2024-03-27,SSI,38.3,38.5,37.9,38.5,40.65,35.35,11118200,HSX,stock,development,fold_3
2024-03-27,TCB,46.2,46.2,45.1,45.55,49.15,42.75,2346400,HSX,stock,development,fold_3
2024-03-27,VCB,96.2,96.2,95.6,95.8,103.0,89.6,538500,HSX,stock,development,fold_3
2024-03-27,VND,23.75,23.8,23.2,23.3,25.05,21.85,14486400,HSX,stock,development,fold_3
2024-03-27,VPB,19.65,19.75,19.35,19.6,20.95,18.25,8273200,HSX,stock,development,fold_3
2024-03-28,FPT,115.9,117.4,115.3,117.1,123.2,107.2,1274700,HSX,stock,development,fold_3
2024-03-28,HPG,30.85,30.85,30.45,30.55,32.7,28.5,10448800,HSX,stock,development,fold_3
2024-03-28,MBB,25.65,25.7,25.2,25.5,27.05,23.55,7876400,HSX,stock,development,fold_3
2024-03-28,MWG,50.8,52.2,50.4,51.0,54.2,47.2,4399400,HSX,stock,development,fold_3
2024-03-28,PNJ,97.6,97.8,96.9,97.7,104.3,90.7,550900,HSX,stock,development,fold_3
2024-03-28,SSI,39.0,39.25,38.8,39.15,41.15,35.85,12413800,HSX,stock,development,fold_3
2024-03-28,TCB,48.7,48.7,47.7,48.0,48.7,42.4,18582500,HSX,stock,development,fold_3
2024-03-28,VCB,96.2,96.4,95.6,95.7,102.5,89.1,702900,HSX,stock,development,fold_3
2024-03-28,VND,23.4,23.7,22.9,23.2,24.9,21.7,17034500,HSX,stock,development,fold_3
2024-03-28,VPB,19.65,19.8,19.5,19.65,20.95,18.25,8317000,HSX,stock,development,fold_3
2024-03-29,FPT,116.4,117.2,116.0,116.5,125.2,109.0,646800,HSX,stock,development,fold_3
2024-03-29,HPG,30.6,30.6,30.25,30.25,32.65,28.45,6011700,HSX,stock,development,fold_3
2024-03-29,MBB,25.55,25.55,25.15,25.4,27.25,23.75,5716600,HSX,stock,development,fold_3
2024-03-29,MWG,51.0,52.0,50.8,51.1,54.5,47.45,5986700,HSX,stock,development,fold_3
2024-03-29,PNJ,98.0,100.6,98.0,98.9,104.5,90.9,1410500,HSX,stock,development,fold_3
2024-03-29,SSI,39.05,39.1,38.5,38.5,41.85,36.45,8571800,HSX,stock,development,fold_3
2024-03-29,TCB,47.95,48.15,47.55,47.55,51.3,44.65,3218900,HSX,stock,development,fold_3
2024-03-29,VCB,95.9,95.9,94.9,94.9,102.3,89.1,493800,HSX,stock,development,fold_3
2024-03-29,VND,23.2,23.25,22.85,22.95,24.8,21.6,13821000,HSX,stock,development,fold_3
2024-03-29,VPB,19.7,19.8,19.45,19.75,21.0,18.3,8882100,HSX,stock,development,fold_3
2024-04-01,FPT,116.0,117.6,115.2,116.8,124.6,108.4,912100,HSX,stock,development,fold_3
2024-04-01,HPG,30.2,30.35,29.95,30.1,32.35,28.15,8635700,HSX,stock,development,fold_3
2024-04-01,MBB,25.2,25.25,24.7,24.9,27.15,23.65,7291000,HSX,stock,development,fold_3
2024-04-01,MWG,50.8,52.6,50.7,51.4,54.6,47.55,5882400,HSX,stock,development,fold_3
2024-04-01,PNJ,99.0,99.4,97.6,98.9,105.8,92.0,635500,HSX,stock,development,fold_3
2024-04-01,SSI,38.5,39.2,37.85,38.8,41.15,35.85,12560400,HSX,stock,development,fold_3
2024-04-01,TCB,47.55,47.7,46.85,47.45,50.8,44.25,3894300,HSX,stock,development,fold_3
2024-04-01,VCB,94.9,96.0,94.7,95.2,101.5,88.3,582800,HSX,stock,development,fold_3
2024-04-01,VND,22.95,23.3,22.7,22.9,24.55,21.35,12060600,HSX,stock,development,fold_3
2024-04-01,VPB,19.6,19.75,19.45,19.65,21.1,18.4,6039600,HSX,stock,development,fold_3
2024-04-02,FPT,115.4,117.0,115.4,117.0,124.9,108.7,1191100,HSX,stock,development,fold_3
2024-04-02,HPG,29.9,30.4,29.8,30.4,32.2,28.0,11652700,HSX,stock,development,fold_3
2024-04-02,MBB,24.6,24.8,24.2,24.8,26.6,23.2,10388800,HSX,stock,development,fold_3
2024-04-02,MWG,51.0,51.6,49.95,51.6,54.9,47.85,5722200,HSX,stock,development,fold_3
2024-04-02,PNJ,98.8,99.0,97.4,99.0,105.8,92.0,919100,HSX,stock,development,fold_3
2024-04-02,SSI,38.3,39.0,38.0,38.9,41.5,36.1,9488800,HSX,stock,development,fold_3
2024-04-02,TCB,47.6,48.0,47.0,47.65,50.7,44.15,7726800,HSX,stock,development,fold_3
2024-04-02,VCB,95.1,95.2,93.9,94.5,101.8,88.6,582800,HSX,stock,development,fold_3
2024-04-02,VND,22.9,23.1,22.55,23.1,24.5,21.3,11371300,HSX,stock,development,fold_3
2024-04-02,VPB,19.55,19.6,18.9,19.55,21.0,18.3,13300000,HSX,stock,development,fold_3
2024-04-03,FPT,116.1,117.0,115.1,115.1,125.1,108.9,1184600,HSX,stock,development,fold_3
2024-04-03,HPG,30.35,30.45,29.95,29.95,32.5,28.3,9097800,HSX,stock,development,fold_3
2024-04-03,MBB,24.8,24.8,24.2,24.2,26.5,23.1,10346900,HSX,stock,development,fold_3
2024-04-03,MWG,51.0,51.2,49.9,50.2,55.2,48.0,5408700,HSX,stock,development,fold_3
2024-04-03,PNJ,99.3,100.4,97.0,97.0,105.9,92.1,1125200,HSX,stock,development,fold_3
2024-04-03,SSI,38.8,39.2,38.0,38.05,41.6,36.2,11282900,HSX,stock,development,fold_3
2024-04-03,TCB,47.4,47.95,46.8,46.8,50.9,44.35,4558500,HSX,stock,development,fold_3
2024-04-03,VCB,94.4,94.8,93.8,93.8,101.1,87.9,648000,HSX,stock,development,fold_3
2024-04-03,VND,23.15,23.3,22.7,22.8,24.7,21.5,10055300,HSX,stock,development,fold_3
2024-04-03,VPB,19.35,19.5,19.25,19.35,20.9,18.2,9393400,HSX,stock,development,fold_3
2024-04-04,FPT,115.0,115.8,114.0,114.0,123.1,107.1,1192900,HSX,stock,development,fold_3
2024-04-04,HPG,29.95,30.05,29.55,29.6,32.0,27.9,11044500,HSX,stock,development,fold_3
2024-04-04,MBB,24.2,24.25,23.8,23.8,25.85,22.55,11748200,HSX,stock,development,fold_3
2024-04-04,MWG,50.0,50.7,49.0,50.7,53.7,46.7,5548400,HSX,stock,development,fold_3
2024-04-04,PNJ,96.8,97.9,96.6,97.5,103.7,90.3,460300,HSX,stock,development,fold_3
2024-04-04,SSI,38.05,38.2,37.65,37.65,40.7,35.4,9954800,HSX,stock,development,fold_3
2024-04-04,TCB,46.5,46.75,45.95,46.0,50.0,43.55,5154400,HSX,stock,development,fold_3
2024-04-04,VCB,94.9,96.0,94.4,96.0,100.3,87.3,1029100,HSX,stock,development,fold_3
2024-04-04,VND,22.75,22.85,22.45,22.5,24.35,21.25,8315200,HSX,stock,development,fold_3
2024-04-04,VPB,19.4,19.6,19.2,19.3,20.7,18.0,5935400,HSX,stock,development,fold_3
2024-04-05,FPT,113.1,114.7,112.6,113.7,121.9,106.1,1356900,HSX,stock,development,fold_3
2024-04-05,HPG,29.45,29.75,29.25,29.45,31.65,27.55,11632900,HSX,stock,development,fold_3
2024-04-05,MBB,23.55,23.75,23.3,23.35,25.45,22.15,11624000,HSX,stock,development,fold_3
2024-04-05,MWG,50.0,51.5,49.45,51.0,54.2,47.2,3676000,HSX,stock,development,fold_3
2024-04-05,PNJ,96.3,97.2,96.3,96.9,104.3,90.7,461200,HSX,stock,development,fold_3
2024-04-05,SSI,37.15,37.3,36.8,36.8,40.25,35.05,14261000,HSX,stock,development,fold_3
2024-04-05,TCB,45.5,45.9,45.15,45.2,49.2,42.8,5278800,HSX,stock,development,fold_3
2024-04-05,VCB,94.8,95.6,94.2,94.9,102.7,89.3,446100,HSX,stock,development,fold_3
2024-04-05,VND,22.2,22.3,22.05,22.05,24.05,20.95,12399000,HSX,stock,development,fold_3
2024-04-05,VPB,19.1,19.45,19.0,19.45,20.65,17.95,5469500,HSX,stock,development,fold_3
2024-04-08,FPT,113.7,113.7,112.6,112.6,121.6,105.8,872200,HSX,stock,development,fold_3
2024-04-08,HPG,29.45,29.8,29.3,29.6,31.5,27.4,7972100,HSX,stock,development,fold_3
2024-04-08,MBB,23.4,23.8,23.15,23.5,24.95,21.75,10738500,HSX,stock,development,fold_3
2024-04-08,MWG,51.0,51.0,49.8,50.0,54.5,47.45,3214900,HSX,stock,development,fold_3
2024-04-08,PNJ,97.0,97.2,95.5,95.5,103.6,90.2,414600,HSX,stock,development,fold_3
2024-04-08,SSI,36.8,37.0,36.65,36.7,39.35,34.25,6405800,HSX,stock,development,fold_3
2024-04-08,TCB,45.0,45.85,44.9,45.5,48.35,42.05,4533200,HSX,stock,development,fold_3
2024-04-08,VCB,94.9,95.3,94.2,94.9,101.5,88.3,405600,HSX,stock,development,fold_3
2024-04-08,VND,22.05,22.2,21.65,21.65,23.55,20.55,8278300,HSX,stock,development,fold_3
2024-04-08,VPB,19.45,19.45,19.1,19.4,20.8,18.1,4424000,HSX,stock,development,fold_3
2024-04-09,FPT,112.6,113.2,112.5,113.0,120.4,104.8,687800,HSX,stock,development,fold_3
2024-04-09,HPG,29.6,29.9,29.55,29.9,31.65,27.55,4779500,HSX,stock,development,fold_3
2024-04-09,MBB,23.5,24.0,23.4,24.0,25.1,21.9,8441300,HSX,stock,development,fold_3
2024-04-09,MWG,50.0,53.1,49.8,52.8,53.5,46.5,6780700,HSX,stock,development,fold_3
2024-04-09,PNJ,95.5,97.2,95.4,97.0,102.1,88.9,688900,HSX,stock,development,fold_3
2024-04-09,SSI,36.9,37.5,36.7,37.5,39.25,34.15,6054600,HSX,stock,development,fold_3
2024-04-09,TCB,45.5,45.8,45.2,45.8,48.65,42.35,3352800,HSX,stock,development,fold_3
2024-04-09,VCB,95.0,95.4,94.2,94.3,101.5,88.3,399700,HSX,stock,development,fold_3
2024-04-09,VND,21.65,22.3,21.6,22.25,23.15,20.15,6850100,HSX,stock,development,fold_3
2024-04-09,VPB,19.35,19.4,19.15,19.35,20.75,18.05,5643500,HSX,stock,development,fold_3
2024-04-10,FPT,113.5,115.6,113.3,113.8,120.9,105.1,819000,HSX,stock,development,fold_3
2024-04-10,HPG,29.95,30.1,29.65,29.65,31.95,27.85,5337700,HSX,stock,development,fold_3
2024-04-10,MBB,24.3,24.35,23.8,23.8,25.65,22.35,10161200,HSX,stock,development,fold_3
2024-04-10,MWG,52.9,53.2,51.7,52.0,56.4,49.15,4545500,HSX,stock,development,fold_3
2024-04-10,PNJ,97.6,101.0,97.2,100.6,103.7,90.3,1477500,HSX,stock,development,fold_3
2024-04-10,SSI,37.6,37.6,36.95,36.95,40.1,34.9,4302500,HSX,stock,development,fold_3
2024-04-10,TCB,46.0,46.8,45.6,45.65,49.0,42.6,3368300,HSX,stock,development,fold_3
2024-04-10,VCB,94.3,94.6,94.1,94.5,100.9,87.7,403600,HSX,stock,development,fold_3
2024-04-10,VND,22.35,22.35,22.0,22.0,23.8,20.7,4738700,HSX,stock,development,fold_3
2024-04-10,VPB,19.4,19.95,19.3,19.35,20.7,18.0,11993700,HSX,stock,development,fold_3
2024-04-11,FPT,113.5,115.4,113.3,114.9,121.7,105.9,736300,HSX,stock,development,fold_3
2024-04-11,HPG,29.45,30.15,29.45,29.9,31.7,27.6,9276800,HSX,stock,development,fold_3
2024-04-11,MBB,23.5,23.85,23.4,23.75,25.45,22.15,4477400,HSX,stock,development,fold_3
2024-04-11,MWG,51.2,52.8,51.2,52.3,55.6,48.4,3370000,HSX,stock,development,fold_3
2024-04-11,PNJ,99.9,100.1,99.0,100.0,107.6,93.6,482500,HSX,stock,development,fold_3
2024-04-11,SSI,36.55,37.4,36.55,37.15,39.5,34.4,5847100,HSX,stock,development,fold_3
2024-04-11,TCB,45.05,45.65,44.95,45.1,48.8,42.5,4823700,HSX,stock,development,fold_3
2024-04-11,VCB,94.0,94.6,93.5,94.0,101.1,87.9,484700,HSX,stock,development,fold_3
2024-04-11,VND,21.7,21.95,21.6,21.8,23.5,20.5,5134900,HSX,stock,development,fold_3
2024-04-11,VPB,19.35,19.6,19.3,19.35,20.7,18.0,5153000,HSX,stock,development,fold_3
2024-04-12,FPT,115.9,115.9,114.3,115.5,122.9,106.9,694200,HSX,stock,development,fold_3
2024-04-12,HPG,30.0,30.1,29.85,29.95,31.95,27.85,7005000,HSX,stock,development,fold_3
2024-04-12,MBB,23.85,24.7,23.75,24.65,25.4,22.1,10221300,HSX,stock,development,fold_3
2024-04-12,MWG,52.3,52.6,51.6,52.0,55.9,48.65,3160700,HSX,stock,development,fold_3
2024-04-12,PNJ,100.7,104.0,100.7,103.1,107.0,93.0,927500,HSX,stock,development,fold_3
2024-04-12,SSI,37.35,37.8,37.05,37.55,39.75,34.55,8567800,HSX,stock,development,fold_3
2024-04-12,TCB,45.45,47.45,45.1,47.4,48.25,41.95,5727200,HSX,stock,development,fold_3
2024-04-12,VCB,94.5,95.5,93.8,94.6,100.5,87.5,441600,HSX,stock,development,fold_3
2024-04-12,VND,22.0,22.2,21.8,21.95,23.3,20.3,5297000,HSX,stock,development,fold_3
2024-04-12,VPB,19.4,19.7,19.4,19.7,20.7,18.0,8848000,HSX,stock,development,fold_3
2024-04-15,FPT,115.5,115.6,111.5,111.6,123.5,107.5,2111300,HSX,stock,development,fold_3
2024-04-15,HPG,29.85,29.95,28.1,28.5,32.0,27.9,16602000,HSX,stock,development,fold_3
2024-04-15,MBB,24.45,25.05,23.0,23.4,26.35,22.95,20473100,HSX,stock,development,fold_3
2024-04-15,MWG,51.7,52.0,49.5,49.9,55.6,48.4,6345300,HSX,stock,development,fold_3
2024-04-15,PNJ,103.0,103.0,96.5,96.5,110.3,95.9,1202700,HSX,stock,development,fold_3
2024-04-15,SSI,37.3,37.65,34.95,34.95,40.15,34.95,15306000,HSX,stock,development,fold_3
2024-04-15,TCB,47.2,47.45,44.2,44.4,50.7,44.1,7320300,HSX,stock,development,fold_3
2024-04-15,VCB,94.6,96.5,92.0,92.0,101.2,88.0,1120200,HSX,stock,development,fold_3
2024-04-15,VND,21.95,22.2,20.45,20.45,23.45,20.45,12498800,HSX,stock,development,fold_3
2024-04-15,VPB,19.6,19.8,18.4,18.6,21.05,18.35,13002500,HSX,stock,development,fold_3
2024-04-16,FPT,112.0,113.2,111.5,113.0,119.4,103.8,1774200,HSX,stock,development,fold_3
2024-04-16,HPG,28.5,28.55,27.85,28.35,30.45,26.55,14368800,HSX,stock,development,fold_3
2024-04-16,MBB,23.4,23.9,23.05,23.9,25.0,21.8,15416700,HSX,stock,development,fold_3
2024-04-16,MWG,49.5,50.0,48.7,49.9,53.3,46.45,4912700,HSX,stock,development,fold_3
2024-04-16,PNJ,96.9,97.2,92.4,95.9,103.2,89.8,1093600,HSX,stock,development,fold_3
2024-04-16,SSI,35.1,35.3,34.1,35.2,37.35,32.55,14214300,HSX,stock,development,fold_3
2024-04-16,TCB,44.95,45.5,44.2,45.5,47.5,41.3,7132400,HSX,stock,development,fold_3
2024-04-16,VCB,93.8,93.8,90.5,91.0,98.4,85.6,1000500,HSX,stock,development,fold_3
2024-04-16,VND,20.3,20.5,19.25,20.1,21.85,19.05,11160200,HSX,stock,development,fold_3
2024-04-16,VPB,18.7,19.0,18.5,18.75,19.9,17.3,11177600,HSX,stock,development,fold_3
2024-04-17,FPT,113.1,113.1,111.6,111.8,120.9,105.1,1101800,HSX,stock,development,fold_3
2024-04-17,HPG,28.5,28.55,27.9,28.0,30.3,26.4,7488200,HSX,stock,development,fold_3
2024-04-17,MBB,24.0,24.05,23.1,23.1,25.55,22.25,11654300,HSX,stock,development,fold_3
2024-04-17,MWG,50.4,50.4,48.95,49.4,53.3,46.45,3904200,HSX,stock,development,fold_3
2024-04-17,PNJ,96.8,96.8,92.1,92.5,102.6,89.2,998600,HSX,stock,development,fold_3
2024-04-17,SSI,35.45,35.5,34.4,34.4,37.65,32.75,7516400,HSX,stock,development,fold_3
2024-04-17,TCB,45.5,45.6,44.65,44.85,48.65,42.35,3834400,HSX,stock,development,fold_3
2024-04-17,VCB,91.2,92.1,89.5,90.5,97.3,84.7,751900,HSX,stock,development,fold_3
2024-04-17,VND,20.1,20.25,19.35,19.35,21.5,18.7,5555500,HSX,stock,development,fold_3
2024-04-17,VPB,18.95,19.05,18.15,18.15,20.05,17.45,7194500,HSX,stock,development,fold_3
2024-04-19,FPT,110.5,111.2,109.0,109.0,119.6,104.0,2655800,HSX,stock,development,fold_3
2024-04-19,HPG,27.8,28.35,27.5,27.8,29.95,26.05,11753600,HSX,stock,development,fold_3
2024-04-19,MBB,22.6,23.3,22.6,22.7,24.7,21.5,13443500,HSX,stock,development,fold_3
2024-04-19,MWG,49.25,49.3,48.05,48.2,52.8,45.95,5410100,HSX,stock,development,fold_3
2024-04-19,PNJ,91.5,92.7,89.2,91.5,98.9,86.1,917600,HSX,stock,development,fold_3
2024-04-19,SSI,33.95,34.8,33.05,33.2,36.8,32.0,12374800,HSX,stock,development,fold_3
2024-04-19,TCB,44.0,44.65,43.35,44.5,47.95,41.75,7158700,HSX,stock,development,fold_3
2024-04-19,VCB,90.0,90.9,89.7,90.5,96.8,84.2,677500,HSX,stock,development,fold_3
2024-04-19,VND,19.0,19.8,18.3,18.9,20.7,18.0,8490700,HSX,stock,development,fold_3
2024-04-19,VPB,18.15,18.5,17.95,18.1,19.4,16.9,7344700,HSX,stock,development,fold_3
2024-04-22,FPT,110.0,111.4,108.9,110.3,116.6,101.4,1224600,HSX,stock,development,fold_3
2024-04-22,HPG,28.2,28.2,27.85,28.0,29.7,25.9,5309500,HSX,stock,development,fold_3
2024-04-22,MBB,22.8,23.05,22.55,22.6,24.25,21.15,8559600,HSX,stock,development,fold_3
2024-04-22,MWG,49.2,49.4,48.15,48.6,51.5,44.85,6099800,HSX,stock,development,fold_3
2024-04-22,PNJ,92.0,93.5,91.4,93.4,97.9,85.1,765200,HSX,stock,development,fold_3
2024-04-22,SSI,34.2,35.5,33.95,35.1,35.5,30.9,8370000,HSX,stock,development,fold_3
2024-04-22,TCB,45.35,45.7,44.9,45.25,47.6,41.4,3172900,HSX,stock,development,fold_3
2024-04-22,VCB,90.5,91.4,90.2,90.6,96.8,84.2,522000,HSX,stock,development,fold_3
2024-04-22,VND,19.8,20.2,19.45,20.2,20.2,17.6,8010100,HSX,stock,development,fold_3
2024-04-22,VPB,18.4,18.6,18.25,18.3,19.35,16.85,4328300,HSX,stock,development,fold_3
2024-04-23,FPT,110.9,113.3,109.9,112.3,118.0,102.6,1924500,HSX,stock,development,fold_3
2024-04-23,HPG,28.0,28.05,27.45,27.6,29.95,26.05,8377500,HSX,stock,development,fold_3
2024-04-23,MBB,22.6,22.7,21.75,22.0,24.15,21.05,13363800,HSX,stock,development,fold_3
2024-04-23,MWG,49.1,50.3,48.65,49.8,52.0,45.2,9218500,HSX,stock,development,fold_3
2024-04-23,PNJ,93.3,93.3,90.9,92.5,99.9,86.9,768600,HSX,stock,development,fold_3
2024-04-23,SSI,35.1,35.3,34.3,34.5,37.55,32.65,8125500,HSX,stock,development,fold_3
2024-04-23,TCB,45.5,47.5,45.5,46.2,48.4,42.1,7154300,HSX,stock,development,fold_3
2024-04-23,VCB,90.6,91.2,89.2,90.1,96.9,84.3,756100,HSX,stock,development,fold_3
2024-04-23,VND,20.4,20.5,19.6,19.7,21.6,18.8,5995500,HSX,stock,development,fold_3
2024-04-23,VPB,18.35,18.6,18.0,18.4,19.55,17.05,8887300,HSX,stock,development,fold_3
2024-04-24,FPT,113.6,120.1,113.2,120.1,120.1,104.5,3812200,HSX,stock,development,fold_3
2024-04-24,HPG,27.9,28.95,27.75,28.8,29.5,25.7,10487000,HSX,stock,development,fold_3
2024-04-24,MBB,22.2,22.65,21.95,22.55,23.5,20.5,7768300,HSX,stock,development,fold_3
2024-04-24,MWG,50.2,52.3,49.85,52.3,53.2,46.35,5102000,HSX,stock,development,fold_3
2024-04-24,PNJ,92.6,94.7,91.5,94.3,98.9,86.1,815200,HSX,stock,development,fold_3
2024-04-24,SSI,35.0,35.95,34.9,35.65,36.9,32.1,9107900,HSX,stock,development,fold_3
2024-04-24,TCB,46.8,47.05,46.4,47.0,49.4,43.0,4737300,HSX,stock,development,fold_3
2024-04-24,VCB,91.0,91.1,90.1,90.6,96.4,83.8,1128700,HSX,stock,development,fold_3
2024-04-24,VND,20.1,21.0,20.0,20.9,21.05,18.35,6156600,HSX,stock,development,fold_3
2024-04-24,VPB,18.5,18.75,18.4,18.6,19.65,17.15,7472900,HSX,stock,development,fold_3
2024-04-25,FPT,122.5,128.0,121.9,123.2,128.5,111.7,2923100,HSX,stock,development,fold_3
2024-04-25,HPG,28.7,28.7,28.3,28.55,30.8,26.8,5656000,HSX,stock,development,fold_3
2024-04-25,MBB,22.6,22.6,22.15,22.25,24.1,21.0,6261700,HSX,stock,development,fold_3
2024-04-25,MWG,52.1,53.8,51.4,53.8,55.9,48.65,8716000,HSX,stock,development,fold_3
2024-04-25,PNJ,93.5,94.2,93.0,94.2,100.9,87.7,617500,HSX,stock,development,fold_3
2024-04-25,SSI,35.65,35.65,35.1,35.35,38.1,33.2,4613900,HSX,stock,development,fold_3
2024-04-25,TCB,47.0,47.0,45.8,46.15,50.2,43.75,3528900,HSX,stock,development,fold_3
2024-04-25,VCB,90.6,92.9,90.5,91.0,96.9,84.3,710700,HSX,stock,development,fold_3
2024-04-25,VND,20.8,21.2,20.7,21.0,22.35,19.45,5351600,HSX,stock,development,fold_3
2024-04-25,VPB,18.75,18.75,18.35,18.6,19.9,17.3,6507900,HSX,stock,development,fold_3
2024-04-26,FPT,123.0,125.4,122.2,123.2,131.8,114.6,1606800,HSX,stock,development,fold_3
2024-04-26,HPG,28.3,28.55,28.05,28.4,30.5,26.6,8809400,HSX,stock,development,fold_3
2024-04-26,MBB,22.0,22.45,22.0,22.25,23.8,20.7,6098800,HSX,stock,development,fold_3
2024-04-26,MWG,53.5,55.0,53.0,54.9,57.5,50.1,5514300,HSX,stock,development,fold_3
2024-04-26,PNJ,93.8,95.1,92.5,95.0,100.7,87.7,837500,HSX,stock,development,fold_3
2024-04-26,SSI,34.85,35.35,34.7,35.2,37.8,32.9,6390700,HSX,stock,development,fold_3
2024-04-26,TCB,46.0,46.9,45.65,46.6,49.35,42.95,2861900,HSX,stock,development,fold_3
2024-04-26,VCB,91.7,93.3,91.2,91.2,97.3,84.7,891900,HSX,stock,development,fold_3
2024-04-26,VND,20.55,20.9,20.5,20.65,22.45,19.55,4879600,HSX,stock,development,fold_3
2024-04-26,VPB,18.4,18.6,18.3,18.55,19.9,17.3,4889000,HSX,stock,development,fold_3
2024-05-02,FPT,123.8,129.0,123.5,127.3,131.8,114.6,1400700,HSX,stock,development,fold_3
2024-05-02,HPG,28.4,28.4,28.05,28.35,30.35,26.45,4055200,HSX,stock,development,fold_3
2024-05-02,MBB,22.3,22.55,22.2,22.4,23.8,20.7,5016200,HSX,stock,development,fold_3
2024-05-02,MWG,56.0,56.8,54.7,55.6,58.7,51.1,7687900,HSX,stock,development,fold_3
2024-05-02,PNJ,94.9,96.2,94.2,96.1,101.6,88.4,668500,HSX,stock,development,fold_3
2024-05-02,SSI,35.2,35.3,34.3,34.7,37.65,32.75,5084300,HSX,stock,development,fold_3
2024-05-02,TCB,46.8,46.95,46.35,46.85,49.85,43.35,2229400,HSX,stock,development,fold_3
2024-05-02,VCB,92.1,92.5,91.1,91.9,97.5,84.9,466000,HSX,stock,development,fold_3
2024-05-02,VND,20.65,20.7,20.15,20.3,22.05,19.25,3502800,HSX,stock,development,fold_3
2024-05-02,VPB,18.55,18.6,18.3,18.3,19.8,17.3,3449200,HSX,stock,development,fold_3
2024-05-03,FPT,128.1,128.4,125.6,125.9,136.2,118.4,1471100,HSX,stock,development,fold_3
2024-05-03,HPG,28.35,29.1,28.35,28.65,30.3,26.4,7742100,HSX,stock,development,fold_3
2024-05-03,MBB,22.6,22.8,22.3,22.4,23.95,20.85,6169100,HSX,stock,development,fold_3
2024-05-03,MWG,55.7,57.2,55.0,55.7,59.4,51.8,22395100,HSX,stock,development,fold_3
2024-05-03,PNJ,96.6,96.8,95.3,96.5,102.8,89.4,1917300,HSX,stock,development,fold_3
2024-05-03,SSI,35.1,35.3,34.6,34.65,37.1,32.3,3936200,HSX,stock,development,fold_3
2024-05-03,TCB,47.5,48.8,47.4,48.2,50.1,43.6,6714300,HSX,stock,development,fold_3
2024-05-03,VCB,92.4,93.4,91.8,92.5,98.3,85.5,711200,HSX,stock,development,fold_3
2024-05-03,VND,20.65,20.65,20.3,20.3,21.7,18.9,3044300,HSX,stock,development,fold_3
2024-05-03,VPB,18.4,18.5,18.35,18.4,19.55,17.05,6522000,HSX,stock,development,fold_3
2024-05-06,FPT,126.5,127.6,124.5,127.6,134.7,117.1,1262000,HSX,stock,development,fold_3
2024-05-06,HPG,28.85,29.35,28.8,29.3,30.65,26.65,11300100,HSX,stock,development,fold_3
2024-05-06,MBB,22.55,22.95,22.55,22.9,23.95,20.85,6888100,HSX,stock,development,fold_3
2024-05-06,MWG,56.1,58.8,55.8,58.3,59.5,51.9,5168000,HSX,stock,development,fold_3
2024-05-06,PNJ,96.5,96.6,95.3,95.9,103.2,89.8,602700,HSX,stock,development,fold_3
2024-05-06,SSI,35.0,36.05,34.95,35.65,37.05,32.25,7317500,HSX,stock,development,fold_3
2024-05-06,TCB,48.5,48.7,47.9,48.35,51.5,44.85,3499100,HSX,stock,development,fold_3
2024-05-06,VCB,92.9,93.3,92.7,93.0,98.9,86.1,685000,HSX,stock,development,fold_3
2024-05-06,VND,20.5,21.2,20.45,21.1,21.7,18.9,5291000,HSX,stock,development,fold_3
2024-05-06,VPB,18.5,18.75,18.4,18.75,19.65,17.15,4907200,HSX,stock,development,fold_3
2024-05-07,FPT,128.0,131.6,127.2,131.3,136.5,118.7,1555600,HSX,stock,development,fold_3
2024-05-07,HPG,29.4,30.2,29.25,30.15,31.35,27.25,12819800,HSX,stock,development,fold_3
2024-05-07,MBB,23.0,23.05,22.65,22.75,24.5,21.3,4775100,HSX,stock,development,fold_3
2024-05-07,MWG,58.8,59.5,57.5,59.3,62.3,54.3,4294400,HSX,stock,development,fold_3
2024-05-07,PNJ,96.3,99.2,95.5,98.0,102.6,89.2,1459900,HSX,stock,development,fold_3
2024-05-07,SSI,35.8,36.0,35.4,35.55,38.1,33.2,3730100,HSX,stock,development,fold_3
2024-05-07,TCB,48.35,48.35,47.7,47.9,51.7,45.0,4053300,HSX,stock,development,fold_3
2024-05-07,VCB,93.4,94.1,92.9,92.9,99.5,86.5,726700,HSX,stock,development,fold_3
2024-05-07,VND,21.15,21.2,20.8,20.95,22.55,19.65,3261100,HSX,stock,development,fold_3
2024-05-07,VPB,18.75,18.85,18.55,18.8,20.05,17.45,4453500,HSX,stock,development,fold_3
2024-05-08,FPT,130.1,131.0,129.3,131.0,140.4,122.2,1406100,HSX,stock,development,fold_3
2024-05-08,HPG,30.15,31.0,29.75,30.7,32.25,28.05,14615900,HSX,stock,development,fold_3
2024-05-08,MBB,22.4,22.7,22.3,22.55,24.3,21.2,8763400,HSX,stock,development,fold_3
2024-05-08,MWG,58.6,59.3,58.2,59.1,63.4,55.2,4372800,HSX,stock,development,fold_3
2024-05-08,PNJ,98.0,98.1,96.8,97.6,104.8,91.2,493800,HSX,stock,development,fold_3
2024-05-08,SSI,35.2,35.9,35.1,35.65,38.0,33.1,6043300,HSX,stock,development,fold_3
2024-05-08,TCB,47.9,49.2,47.3,48.2,51.2,44.55,7230500,HSX,stock,development,fold_3
2024-05-08,VCB,92.7,93.2,92.1,93.0,99.4,86.4,738800,HSX,stock,development,fold_3
2024-05-08,VND,20.8,21.05,20.45,20.9,22.4,19.5,4581000,HSX,stock,development,fold_3
2024-05-08,VPB,18.65,18.8,18.5,18.55,20.1,17.5,5921500,HSX,stock,development,fold_3
2024-05-09,FPT,130.6,132.8,130.0,130.3,140.1,121.9,1156500,HSX,stock,development,fold_3
2024-05-09,HPG,30.9,30.9,30.05,30.45,32.8,28.6,8822100,HSX,stock,development,fold_3
2024-05-09,MBB,22.6,22.8,22.35,22.65,24.1,21.0,7146600,HSX,stock,development,fold_3
2024-05-09,MWG,59.0,59.2,58.4,58.9,63.2,55.0,5983500,HSX,stock,development,fold_3
2024-05-09,PNJ,97.6,98.1,96.0,96.5,104.4,90.8,574700,HSX,stock,development,fold_3
2024-05-09,SSI,35.85,35.9,35.05,35.2,38.1,33.2,5956200,HSX,stock,development,fold_3
2024-05-09,TCB,48.6,48.9,47.8,48.45,51.5,44.85,4395200,HSX,stock,development,fold_3
2024-05-09,VCB,92.9,93.4,92.3,92.5,99.5,86.5,317500,HSX,stock,development,fold_3
2024-05-09,VND,20.95,21.1,20.6,20.6,22.35,19.45,3691700,HSX,stock,development,fold_3
2024-05-09,VPB,18.65,18.85,18.5,18.75,19.8,17.3,3856600,HSX,stock,development,fold_3
2024-05-10,FPT,131.3,132.2,129.2,131.0,139.4,121.2,1757300,HSX,stock,development,fold_3
2024-05-10,HPG,30.6,30.65,29.95,30.45,32.55,28.35,8896700,HSX,stock,development,fold_3
2024-05-10,MBB,22.75,22.9,22.5,22.6,24.2,21.1,5172500,HSX,stock,development,fold_3
2024-05-10,MWG,58.8,59.0,57.4,58.9,63.0,54.8,5028800,HSX,stock,development,fold_3
2024-05-10,PNJ,97.5,98.3,96.4,97.5,103.2,89.8,1064000,HSX,stock,development,fold_3
2024-05-10,SSI,35.3,35.5,35.0,35.45,37.65,32.75,5469200,HSX,stock,development,fold_3
2024-05-10,TCB,48.8,48.8,47.9,48.5,51.8,45.1,4139400,HSX,stock,development,fold_3
2024-05-10,VCB,92.7,92.7,91.7,92.0,98.9,86.1,436400,HSX,stock,development,fold_3
2024-05-10,VND,20.7,20.8,20.5,20.8,22.0,19.2,2948900,HSX,stock,development,fold_3
2024-05-10,VPB,18.7,18.75,18.4,18.5,20.05,17.45,5432900,HSX,stock,development,fold_3
2024-05-13,FPT,131.3,131.5,128.8,129.7,140.1,121.9,883700,HSX,stock,development,fold_3
2024-05-13,HPG,30.55,30.65,30.1,30.2,32.55,28.35,6690200,HSX,stock,development,fold_3
2024-05-13,MBB,22.6,23.0,22.6,22.65,24.15,21.05,5914300,HSX,stock,development,fold_3
2024-05-13,MWG,58.9,58.9,58.0,58.3,63.0,54.8,3639900,HSX,stock,development,fold_3
2024-05-13,PNJ,98.4,98.4,96.6,97.2,104.3,90.7,316200,HSX,stock,development,fold_3
2024-05-13,SSI,35.65,35.9,35.25,35.6,37.9,33.0,4813200,HSX,stock,development,fold_3
2024-05-13,TCB,48.5,48.65,48.0,48.4,51.8,45.15,3242200,HSX,stock,development,fold_3
2024-05-13,VCB,92.1,92.4,90.5,91.0,98.4,85.6,562000,HSX,stock,development,fold_3
2024-05-13,VND,20.95,21.0,20.65,20.8,22.25,19.35,2762100,HSX,stock,development,fold_3
2024-05-13,VPB,18.55,18.9,18.45,18.8,19.75,17.25,8874800,HSX,stock,development,fold_3
2024-05-14,FPT,130.0,131.7,129.6,130.5,138.7,120.7,1084000,HSX,stock,development,fold_3
2024-05-14,HPG,30.4,30.7,30.1,30.2,32.3,28.1,7021000,HSX,stock,development,fold_3
2024-05-14,MBB,22.9,23.2,22.7,22.85,24.2,21.1,6794900,HSX,stock,development,fold_3
2024-05-14,MWG,58.5,61.0,58.0,60.1,62.3,54.3,7065000,HSX,stock,development,fold_3
2024-05-14,PNJ,97.9,97.9,95.5,96.4,104.0,90.4,614000,HSX,stock,development,fold_3
2024-05-14,SSI,35.65,35.9,35.35,35.5,38.05,33.15,3303200,HSX,stock,development,fold_3
2024-05-14,TCB,48.45,48.45,47.85,47.9,51.7,45.05,3541300,HSX,stock,development,fold_3
2024-05-14,VCB,91.1,91.6,90.5,90.6,97.3,84.7,440700,HSX,stock,development,fold_3
2024-05-14,VND,20.8,20.95,20.7,20.7,22.25,19.35,2545900,HSX,stock,development,fold_3
2024-05-14,VPB,19.0,19.3,18.9,19.1,20.1,17.5,11149600,HSX,stock,development,fold_3
2024-05-15,FPT,131.5,134.5,131.3,134.1,139.6,121.4,1508300,HSX,stock,development,fold_3
2024-05-15,HPG,30.25,31.35,30.25,31.2,32.3,28.1,15519900,HSX,stock,development,fold_3
2024-05-15,MBB,22.95,23.05,22.8,22.9,24.4,21.3,7465500,HSX,stock,development,fold_3
2024-05-15,MWG,60.6,62.1,60.0,60.8,64.3,55.9,6857300,HSX,stock,development,fold_3
2024-05-15,PNJ,97.0,97.0,95.9,96.7,103.1,89.7,606300,HSX,stock,development,fold_3
2024-05-15,SSI,35.7,36.3,35.5,35.95,37.95,33.05,7675200,HSX,stock,development,fold_3
2024-05-15,TCB,47.9,48.15,47.75,48.1,51.2,44.55,4478800,HSX,stock,development,fold_3
2024-05-15,VCB,91.0,91.3,90.8,91.0,96.9,84.3,513200,HSX,stock,development,fold_3
2024-05-15,VND,20.75,21.2,20.7,21.0,22.1,19.3,4352200,HSX,stock,development,fold_3
2024-05-15,VPB,19.25,19.25,19.05,19.05,20.4,17.8,5632800,HSX,stock,development,fold_3
2024-05-16,FPT,135.6,137.3,134.2,135.4,143.4,124.8,1576100,HSX,stock,development,fold_3
2024-05-16,HPG,31.6,31.85,31.45,31.6,33.35,29.05,12695400,HSX,stock,development,fold_3
2024-05-16,MBB,23.15,23.55,23.0,23.4,24.5,21.3,12860500,HSX,stock,development,fold_3
2024-05-16,MWG,60.9,61.1,59.7,59.9,65.0,56.6,6443600,HSX,stock,development,fold_3
2024-05-16,PNJ,97.3,97.7,96.7,97.2,103.4,90.0,596600,HSX,stock,development,fold_3
2024-05-16,SSI,36.35,36.4,36.05,36.1,38.45,33.45,5560900,HSX,stock,development,fold_3
2024-05-16,TCB,48.5,49.95,48.4,49.9,51.4,44.75,9045300,HSX,stock,development,fold_3
2024-05-16,VCB,92.0,92.7,91.5,92.6,97.3,84.7,806500,HSX,stock,development,fold_3
2024-05-16,VND,21.25,21.35,21.0,21.05,22.45,19.55,4193600,HSX,stock,development,fold_3
2024-05-16,VPB,19.2,19.45,19.1,19.4,20.35,17.75,9928100,HSX,stock,development,fold_3
2024-05-17,FPT,135.4,136.0,133.7,134.5,144.8,126.0,983700,HSX,stock,development,fold_3
2024-05-17,HPG,31.6,31.6,31.15,31.6,33.8,29.4,12480700,HSX,stock,development,fold_3
2024-05-17,MBB,23.45,23.45,23.15,23.25,25.0,21.8,6566400,HSX,stock,development,fold_3
2024-05-17,MWG,59.8,60.3,59.0,59.6,64.0,55.8,4313800,HSX,stock,development,fold_3
2024-05-17,PNJ,97.4,99.5,97.0,99.1,104.0,90.4,984400,HSX,stock,development,fold_3
2024-05-17,SSI,36.1,36.6,35.95,36.4,38.6,33.6,6111900,HSX,stock,development,fold_3
2024-05-17,TCB,49.75,50.0,49.65,49.75,53.3,46.45,3232000,HSX,stock,development,fold_3
2024-05-17,VCB,92.6,92.6,91.7,91.8,99.0,86.2,658600,HSX,stock,development,fold_3
2024-05-17,VND,21.1,22.0,21.05,21.9,22.5,19.6,8202700,HSX,stock,development,fold_3
2024-05-17,VPB,19.4,19.45,19.25,19.4,20.75,18.05,6259200,HSX,stock,development,fold_3
2024-05-20,FPT,135.2,136.1,133.0,133.0,143.9,125.1,1110100,HSX,stock,development,fold_3
2024-05-20,HPG,31.65,32.15,31.6,32.0,33.8,29.4,17655700,HSX,stock,development,fold_3
2024-05-20,MBB,23.6,23.6,23.4,23.45,24.85,21.65,8748300,HSX,stock,development,fold_3
2024-05-20,MWG,60.0,61.6,59.5,60.0,63.7,55.5,4868400,HSX,stock,development,fold_3
2024-05-20,PNJ,99.7,99.7,97.4,97.4,106.0,92.2,676200,HSX,stock,development,fold_3
2024-05-20,SSI,36.6,37.1,36.5,36.65,38.9,33.9,8828300,HSX,stock,development,fold_3
2024-05-20,TCB,49.95,50.5,49.55,49.7,53.2,46.3,4499900,HSX,stock,development,fold_3
2024-05-20,VCB,92.3,93.0,91.8,91.9,98.2,85.4,660900,HSX,stock,development,fold_3
2024-05-20,VND,22.15,22.35,21.7,21.7,23.4,20.4,6936000,HSX,stock,development,fold_3
2024-05-20,VPB,19.55,19.85,19.5,19.8,20.75,18.05,11521500,HSX,stock,development,fold_3
2024-05-21,FPT,134.0,136.0,133.5,136.0,142.3,123.7,2142900,HSX,stock,development,fold_3
2024-05-21,HPG,32.0,32.0,31.45,31.85,34.2,29.8,9117900,HSX,stock,development,fold_3
2024-05-21,MBB,23.45,23.6,23.25,23.6,25.05,21.85,6659800,HSX,stock,development,fold_3
2024-05-21,MWG,60.6,61.3,60.0,60.5,64.2,55.8,2447500,HSX,stock,development,fold_3
2024-05-21,PNJ,98.5,100.9,98.0,98.0,104.2,90.6,1210500,HSX,stock,development,fold_3
2024-05-21,SSI,36.55,36.8,36.3,36.8,39.2,34.1,6429100,HSX,stock,development,fold_3
2024-05-21,TCB,48.1,48.2,47.05,47.2,51.5,44.85,5213000,HSX,stock,development,fold_3
2024-05-21,VCB,91.9,92.0,90.7,91.1,98.3,85.5,769700,HSX,stock,development,fold_3
2024-05-21,VND,21.6,21.9,21.25,21.45,23.2,20.2,6665100,HSX,stock,development,fold_3
2024-05-21,VPB,19.8,19.85,19.6,19.8,21.15,18.45,9807300,HSX,stock,development,fold_3
2024-05-22,FPT,137.9,139.7,136.1,138.0,145.5,126.5,2469100,HSX,stock,development,fold_3
2024-05-22,HPG,31.85,31.95,31.15,31.3,34.05,29.65,16625200,HSX,stock,development,fold_3
2024-05-22,MBB,23.6,23.65,23.2,23.2,25.25,21.95,9727500,HSX,stock,development,fold_3
2024-05-22,MWG,60.6,61.6,59.6,61.0,64.7,56.3,3992100,HSX,stock,development,fold_3
2024-05-22,PNJ,98.6,98.6,96.5,98.1,104.8,91.2,677500,HSX,stock,development,fold_3
2024-05-22,SSI,36.8,37.35,36.4,36.45,39.35,34.25,9652400,HSX,stock,development,fold_3
2024-05-22,TCB,47.25,47.5,46.35,46.4,50.5,43.9,6163900,HSX,stock,development,fold_3
2024-05-22,VCB,91.5,91.7,90.7,90.7,97.4,84.8,769400,HSX,stock,development,fold_3
2024-05-22,VND,21.5,21.9,21.3,21.3,22.95,19.95,8775700,HSX,stock,development,fold_3
2024-05-22,VPB,18.8,18.8,18.25,18.3,20.1,17.5,9564900,HSX,stock,development,fold_3
2024-05-23,FPT,137.5,137.8,135.0,137.5,147.6,128.4,1832400,HSX,stock,development,fold_3
2024-05-23,HPG,28.85,29.5,28.6,29.5,30.4,26.5,18607600,HSX,stock,development,fold_3
2024-05-23,MBB,22.7,22.85,22.5,22.8,24.25,21.15,5927900,HSX,stock,development,fold_3
2024-05-23,MWG,60.7,62.0,60.0,62.0,65.2,56.8,4528600,HSX,stock,development,fold_3
2024-05-23,PNJ,98.1,98.1,96.1,98.1,104.9,91.3,647000,HSX,stock,development,fold_3
2024-05-23,SSI,36.4,36.7,35.85,36.7,39.0,33.9,7167100,HSX,stock,development,fold_3
2024-05-23,TCB,46.3,46.65,45.85,46.5,49.6,43.2,3542900,HSX,stock,development,fold_3
2024-05-23,VCB,90.7,91.5,90.5,91.0,97.0,84.4,697600,HSX,stock,development,fold_3
2024-05-23,VND,21.2,21.35,20.0,20.6,22.75,19.85,12597400,HSX,stock,development,fold_3
2024-05-23,VPB,18.3,18.5,18.15,18.5,19.55,17.05,5101700,HSX,stock,development,fold_3
2024-05-24,FPT,138.0,138.0,130.6,131.9,147.1,127.9,5139800,HSX,stock,development,fold_3
2024-05-24,HPG,29.3,29.5,28.5,28.9,31.55,27.45,13612600,HSX,stock,development,fold_3
2024-05-24,MBB,22.55,23.3,22.15,22.45,24.35,21.25,14146100,HSX,stock,development,fold_3
2024-05-24,MWG,61.2,61.7,58.9,60.5,66.3,57.7,6222000,HSX,stock,development,fold_3
2024-05-24,PNJ,97.0,97.3,94.2,94.9,104.9,91.3,1380700,HSX,stock,development,fold_3
2024-05-24,SSI,36.3,36.45,34.8,35.25,39.25,34.15,12453700,HSX,stock,development,fold_3
2024-05-24,TCB,46.15,47.25,45.8,46.4,49.75,43.25,7076600,HSX,stock,development,fold_3
2024-05-24,VCB,91.0,91.0,90.0,90.2,97.3,84.7,1163400,HSX,stock,development,fold_3
2024-05-24,VND,20.5,20.55,19.85,20.05,22.0,19.2,9556900,HSX,stock,development,fold_3
2024-05-24,VPB,18.4,18.5,18.0,18.0,19.75,17.25,9937600,HSX,stock,development,fold_3
2024-05-27,FPT,133.0,133.5,130.6,132.8,141.1,122.7,2514700,HSX,stock,development,fold_3
2024-05-27,HPG,28.9,29.3,28.65,28.9,30.9,26.9,7411000,HSX,stock,development,fold_3
2024-05-27,MBB,22.6,22.6,22.35,22.45,24.0,20.9,3882200,HSX,stock,development,fold_3
2024-05-27,MWG,60.1,60.5,59.2,60.0,64.7,56.3,3668100,HSX,stock,development,fold_3
2024-05-27,PNJ,95.0,95.2,93.5,94.2,101.5,88.3,353700,HSX,stock,development,fold_3
2024-05-27,SSI,35.25,35.5,34.8,35.1,37.7,32.8,7444000,HSX,stock,development,fold_3
2024-05-27,TCB,46.4,46.6,46.0,46.5,49.6,43.2,3111100,HSX,stock,development,fold_3
2024-05-27,VCB,90.4,90.6,89.7,90.2,96.5,83.9,639200,HSX,stock,development,fold_3
2024-05-27,VND,20.1,20.4,20.05,20.25,21.45,18.65,4232400,HSX,stock,development,fold_3
2024-05-27,VPB,18.15,18.15,17.95,18.0,19.25,16.75,3401500,HSX,stock,development,fold_3
2024-05-28,FPT,134.0,137.0,133.1,137.0,142.0,123.6,2233000,HSX,stock,development,fold_3
2024-05-28,HPG,29.0,29.2,28.8,29.15,30.9,26.9,7977700,HSX,stock,development,fold_3
2024-05-28,MBB,22.7,22.75,22.35,22.6,24.0,20.9,4935900,HSX,stock,development,fold_3
2024-05-28,MWG,60.4,62.8,60.1,61.5,64.2,55.8,4440600,HSX,stock,development,fold_3
2024-05-28,PNJ,94.2,95.0,94.1,94.9,100.7,87.7,379800,HSX,stock,development,fold_3
2024-05-28,SSI,35.3,35.6,35.15,35.6,37.55,32.65,6460100,HSX,stock,development,fold_3
2024-05-28,TCB,46.5,46.95,46.3,46.9,49.75,43.25,2903700,HSX,stock,development,fold_3
2024-05-28,VCB,89.8,90.7,89.8,90.7,96.5,83.9,727100,HSX,stock,development,fold_3
2024-05-28,VND,20.25,20.5,20.2,20.4,21.65,18.85,12298100,HSX,stock,development,fold_3
2024-05-28,VPB,18.1,18.2,18.0,18.05,19.25,16.75,4218600,HSX,stock,development,fold_3
2024-05-29,FPT,137.1,138.2,134.8,135.7,146.5,127.5,2675800,HSX,stock,development,fold_3
2024-05-29,HPG,29.1,29.25,28.6,28.6,31.15,27.15,10613500,HSX,stock,development,fold_3
2024-05-29,MBB,22.6,22.65,22.3,22.3,24.15,21.05,8261700,HSX,stock,development,fold_3
2024-05-29,MWG,61.6,62.0,60.5,60.5,65.8,57.2,4198100,HSX,stock,development,fold_3
2024-05-29,PNJ,94.9,94.9,93.3,93.3,101.5,88.3,561300,HSX,stock,development,fold_3
2024-05-29,SSI,35.75,35.9,35.1,35.2,38.05,33.15,6221900,HSX,stock,development,fold_3
2024-05-29,TCB,47.0,47.05,46.4,46.5,50.1,43.65,3440400,HSX,stock,development,fold_3
2024-05-29,VCB,90.8,91.0,89.8,89.8,97.0,84.4,574900,HSX,stock,development,fold_3
2024-05-29,VND,18.55,18.75,18.1,18.2,19.15,16.65,10305600,HSX,stock,development,fold_3
2024-05-29,VPB,18.1,18.1,17.95,18.05,19.3,16.8,4218300,HSX,stock,development,fold_3
2024-05-30,FPT,133.8,135.0,131.9,135.0,145.1,126.3,3371300,HSX,stock,development,fold_3
2024-05-30,HPG,28.5,28.55,28.0,28.25,30.6,26.6,11572900,HSX,stock,development,fold_3
2024-05-30,MBB,22.1,22.15,21.7,21.85,23.85,20.75,11023100,HSX,stock,development,fold_3
2024-05-30,MWG,59.9,62.8,59.2,62.8,64.7,56.3,6943300,HSX,stock,development,fold_3
2024-05-30,PNJ,92.7,92.9,91.5,92.9,99.8,86.8,1172300,HSX,stock,development,fold_3
2024-05-30,SSI,35.0,35.05,34.3,34.85,37.65,32.75,7842800,HSX,stock,development,fold_3
2024-05-30,TCB,46.05,46.8,45.85,46.8,49.75,43.25,3581500,HSX,stock,development,fold_3
2024-05-30,VCB,89.5,89.7,88.5,88.6,96.0,83.6,1250200,HSX,stock,development,fold_3
2024-05-30,VND,18.0,18.2,17.65,17.85,19.45,16.95,8751300,HSX,stock,development,fold_3
2024-05-30,VPB,18.0,18.0,17.7,17.95,19.3,16.8,4964700,HSX,stock,development,fold_3
2024-05-31,FPT,135.0,136.8,133.8,134.6,144.4,125.6,1210900,HSX,stock,development,fold_3
2024-05-31,HPG,28.4,28.8,28.05,28.6,30.2,26.3,8743100,HSX,stock,development,fold_3
2024-05-31,MBB,21.85,22.0,21.75,21.75,23.35,20.35,7372600,HSX,stock,development,fold_3
2024-05-31,MWG,62.8,64.4,62.4,63.6,67.1,58.5,5180500,HSX,stock,development,fold_3
2024-05-31,PNJ,92.9,93.9,92.6,93.9,99.4,86.4,811300,HSX,stock,development,fold_3
2024-05-31,SSI,34.85,35.0,34.6,34.7,37.25,32.45,4046400,HSX,stock,development,fold_3
2024-05-31,TCB,46.8,47.0,46.3,47.0,50.0,43.55,2911600,HSX,stock,development,fold_3
2024-05-31,VCB,88.7,89.0,87.2,87.2,94.8,82.4,1980100,HSX,stock,development,fold_3
2024-05-31,VND,18.0,18.0,17.8,17.8,19.05,16.65,3003300,HSX,stock,development,fold_3
2024-05-31,VPB,17.95,18.05,17.9,18.0,19.2,16.7,2736800,HSX,stock,development,fold_3
2024-06-03,FPT,135.0,137.6,134.7,136.9,144.0,125.2,3399000,HSX,stock,development,fold_3
2024-06-03,HPG,28.8,29.1,28.8,29.0,30.6,26.6,9198400,HSX,stock,development,fold_3
2024-06-03,MBB,21.95,22.8,21.95,22.6,23.25,20.25,9385300,HSX,stock,development,fold_3
2024-06-03,MWG,63.9,64.1,63.2,64.0,68.0,59.2,3438800,HSX,stock,development,fold_3
2024-06-03,PNJ,94.0,94.2,92.7,93.6,100.4,87.4,655000,HSX,stock,development,fold_3
2024-06-03,SSI,35.0,35.6,35.0,35.4,37.1,32.3,5728400,HSX,stock,development,fold_3
2024-06-03,TCB,47.5,47.7,47.1,47.15,50.2,43.75,5080600,HSX,stock,development,fold_3
2024-06-03,VCB,88.0,89.3,88.0,88.2,93.3,81.1,1196900,HSX,stock,development,fold_3
2024-06-03,VND,18.25,18.4,18.1,18.15,19.0,16.6,5855100,HSX,stock,development,fold_3
2024-06-03,VPB,18.1,18.45,18.05,18.3,19.25,16.75,6821800,HSX,stock,development,fold_3
2024-06-04,FPT,139.0,139.3,137.8,139.1,146.4,127.4,3512300,HSX,stock,development,fold_3
2024-06-04,HPG,29.0,29.8,29.0,29.3,31.0,27.0,14962700,HSX,stock,development,fold_3
2024-06-04,MBB,22.75,22.8,22.5,22.5,24.15,21.05,4241700,HSX,stock,development,fold_3
2024-06-04,MWG,64.0,64.2,63.1,63.8,68.4,59.6,3395500,HSX,stock,development,fold_3
2024-06-04,PNJ,93.6,95.3,93.5,94.8,100.1,87.1,999300,HSX,stock,development,fold_3
2024-06-04,SSI,35.4,35.9,35.35,35.4,37.85,32.95,4763800,HSX,stock,development,fold_3
2024-06-04,TCB,47.5,47.8,47.0,47.6,50.4,43.85,4996300,HSX,stock,development,fold_3
2024-06-04,VCB,88.9,89.2,88.3,88.7,94.3,82.1,1069500,HSX,stock,development,fold_3
2024-06-04,VND,18.25,18.4,18.0,18.0,19.4,16.9,5925600,HSX,stock,development,fold_3
2024-06-04,VPB,18.4,18.4,18.15,18.2,19.55,17.05,4988100,HSX,stock,development,fold_3
2024-06-05,FPT,140.0,144.9,139.7,140.1,148.8,129.4,2952200,HSX,stock,development,fold_3
2024-06-05,HPG,29.3,29.5,29.1,29.25,31.35,27.25,8566600,HSX,stock,development,fold_3
2024-06-05,MBB,22.55,22.7,22.2,22.2,24.05,20.95,5803400,HSX,stock,development,fold_3
2024-06-05,MWG,63.0,63.3,61.6,62.0,68.2,59.4,5984300,HSX,stock,development,fold_3
2024-06-05,PNJ,95.0,95.4,94.1,94.4,101.4,88.2,828800,HSX,stock,development,fold_3
2024-06-05,SSI,35.45,35.8,35.4,35.4,37.85,32.95,6307200,HSX,stock,development,fold_3
2024-06-05,TCB,47.7,47.75,47.2,47.5,50.9,44.3,4642600,HSX,stock,development,fold_3
2024-06-05,VCB,88.7,89.5,88.6,88.8,94.9,82.5,901000,HSX,stock,development,fold_3
2024-06-05,VND,18.0,18.25,18.0,18.1,19.25,16.75,3862800,HSX,stock,development,fold_3
2024-06-05,VPB,18.2,18.3,18.1,18.1,19.45,16.95,6400900,HSX,stock,development,fold_3
2024-06-06,FPT,140.3,141.7,138.8,139.6,149.9,130.3,2662200,HSX,stock,development,fold_3
2024-06-06,HPG,29.25,29.65,28.9,29.3,31.25,27.25,10874100,HSX,stock,development,fold_3
2024-06-06,MBB,22.4,22.6,22.3,22.35,23.75,20.65,4073200,HSX,stock,development,fold_3
2024-06-06,MWG,62.0,62.5,61.6,61.9,66.3,57.7,3571000,HSX,stock,development,fold_3
2024-06-06,PNJ,96.0,96.0,94.0,95.0,101.0,87.8,1045500,HSX,stock,development,fold_3
2024-06-06,SSI,35.6,35.65,35.2,35.4,37.85,32.95,4092600,HSX,stock,development,fold_3
2024-06-06,TCB,47.55,48.0,47.2,48.0,50.8,44.2,6549100,HSX,stock,development,fold_3
2024-06-06,VCB,88.9,89.7,88.8,89.0,95.0,82.6,787100,HSX,stock,development,fold_3
2024-06-06,VND,18.1,18.3,17.95,17.95,19.35,16.85,4508200,HSX,stock,development,fold_3
2024-06-06,VPB,18.15,18.25,17.95,18.1,19.35,16.85,8845700,HSX,stock,development,fold_3
2024-06-07,FPT,141.0,142.0,140.5,142.0,149.3,129.9,2078000,HSX,stock,development,fold_3
2024-06-07,HPG,29.35,29.4,29.1,29.3,31.35,27.25,7404400,HSX,stock,development,fold_3
2024-06-07,MBB,22.55,22.65,22.3,22.45,23.9,20.8,3640300,HSX,stock,development,fold_3
2024-06-07,MWG,62.3,62.8,61.8,62.1,66.2,57.6,2584400,HSX,stock,development,fold_3
2024-06-07,PNJ,95.4,95.4,93.7,94.6,101.6,88.4,684100,HSX,stock,development,fold_3
2024-06-07,SSI,35.65,35.65,35.3,35.45,37.85,32.95,3388200,HSX,stock,development,fold_3
2024-06-07,TCB,49.0,49.7,48.7,49.1,51.3,44.65,7638900,HSX,stock,development,fold_3
2024-06-07,VCB,89.1,89.7,88.5,88.5,95.2,82.8,552000,HSX,stock,development,fold_3
2024-06-07,VND,18.0,18.1,17.85,17.9,19.2,16.7,3030700,HSX,stock,development,fold_3
2024-06-07,VPB,18.25,18.25,17.95,18.0,19.35,16.85,6113400,HSX,stock,development,fold_3
2024-06-10,FPT,143.5,145.0,143.0,144.0,151.9,132.1,2224000,HSX,stock,development,fold_3
2024-06-10,HPG,29.4,29.45,29.15,29.3,31.35,27.25,10422900,HSX,stock,development,fold_3
2024-06-10,MBB,22.55,22.9,22.5,22.65,24.0,20.9,5678900,HSX,stock,development,fold_3
2024-06-10,MWG,62.2,63.3,62.0,63.0,66.4,57.8,2400800,HSX,stock,development,fold_3
2024-06-10,PNJ,94.0,94.8,94.0,94.6,101.2,88.0,399600,HSX,stock,development,fold_3
2024-06-10,SSI,35.5,35.8,35.35,35.35,37.9,33.0,6138200,HSX,stock,development,fold_3
2024-06-10,TCB,49.5,49.5,48.35,48.9,52.5,45.7,4210800,HSX,stock,development,fold_3
2024-06-10,VCB,88.9,89.2,87.9,88.0,94.6,82.4,1324200,HSX,stock,development,fold_3
2024-06-10,VND,18.0,18.1,17.85,17.85,19.15,16.65,5155900,HSX,stock,development,fold_3
2024-06-10,VPB,18.05,18.2,18.0,18.05,19.25,16.75,6191400,HSX,stock,development,fold_3
2024-06-11,FPT,144.3,146.5,143.1,146.5,154.0,134.0,3147400,HSX,stock,development,fold_3
2024-06-11,HPG,29.4,29.65,29.05,29.1,31.35,27.25,11363700,HSX,stock,development,fold_3
2024-06-11,MBB,22.65,22.7,22.45,22.55,24.2,21.1,5126400,HSX,stock,development,fold_3
2024-06-11,MWG,63.3,63.4,61.8,62.3,67.4,58.6,3042000,HSX,stock,development,fold_3
2024-06-11,PNJ,94.7,95.2,94.2,94.3,101.2,88.0,415800,HSX,stock,development,fold_3
2024-06-11,SSI,35.5,35.8,35.25,35.8,37.8,32.9,6745300,HSX,stock,development,fold_3
2024-06-11,TCB,49.5,49.85,49.15,49.35,52.3,45.5,9247300,HSX,stock,development,fold_3
2024-06-11,VCB,88.3,88.4,87.1,87.2,94.1,81.9,1200000,HSX,stock,development,fold_3
2024-06-11,VND,18.0,18.0,17.65,17.75,19.05,16.65,4466000,HSX,stock,development,fold_3
2024-06-11,VPB,18.2,18.35,18.05,18.3,19.3,16.8,15277500,HSX,stock,development,fold_3
2024-06-12,FPT,127.9,132.7,127.8,132.0,135.3,117.7,4924500,HSX,stock,development,fold_3
2024-06-12,HPG,29.0,29.6,29.0,29.6,31.1,27.1,9537100,HSX,stock,development,fold_3
2024-06-12,MBB,22.55,23.1,22.4,23.1,24.1,21.0,11782800,HSX,stock,development,fold_3
2024-06-12,MWG,62.6,63.9,62.0,63.4,66.6,58.0,2388000,HSX,stock,development,fold_3
2024-06-12,PNJ,94.3,96.9,94.2,96.9,100.9,87.7,768000,HSX,stock,development,fold_3
2024-06-12,SSI,35.85,36.6,35.8,36.6,38.3,33.3,11910000,HSX,stock,development,fold_3
2024-06-12,TCB,49.35,49.5,49.0,49.4,52.8,45.9,4412800,HSX,stock,development,fold_3
2024-06-12,VCB,87.4,89.2,87.0,88.7,93.3,81.1,1282600,HSX,stock,development,fold_3
2024-06-12,VND,17.75,18.15,17.75,18.05,18.95,16.55,4115600,HSX,stock,development,fold_3
2024-06-12,VPB,18.3,19.4,18.15,19.4,19.55,17.05,33028300,HSX,stock,development,fold_3
2024-06-13,FPT,133.7,133.8,130.0,130.0,141.2,122.8,3802300,HSX,stock,development,fold_3
2024-06-13,HPG,29.65,29.7,29.3,29.5,31.65,27.55,10987300,HSX,stock,development,fold_3
2024-06-13,MBB,23.2,23.7,23.15,23.55,24.7,21.5,15234100,HSX,stock,development,fold_3
2024-06-13,MWG,63.7,64.4,63.1,64.0,67.8,59.0,3885300,HSX,stock,development,fold_3
2024-06-13,PNJ,97.4,97.4,96.3,97.3,103.6,90.2,460300,HSX,stock,development,fold_3
2024-06-13,SSI,36.8,36.9,36.35,36.5,39.15,34.05,6229000,HSX,stock,development,fold_3
2024-06-13,TCB,49.5,49.6,49.3,49.4,52.8,45.95,4769800,HSX,stock,development,fold_3
2024-06-13,VCB,88.9,89.1,88.4,88.4,94.9,82.5,893600,HSX,stock,development,fold_3
2024-06-13,VND,18.15,18.25,18.0,18.15,19.3,16.8,5761800,HSX,stock,development,fold_3
2024-06-13,VPB,19.5,19.8,19.25,19.45,20.75,18.05,23195300,HSX,stock,development,fold_3
2024-06-14,FPT,130.1,132.6,129.0,131.0,139.1,120.9,3088500,HSX,stock,development,fold_3
2024-06-14,HPG,29.5,29.95,29.1,29.1,31.55,27.45,16472900,HSX,stock,development,fold_3
2024-06-14,MBB,24.0,24.0,23.1,23.1,25.15,21.95,11883000,HSX,stock,development,fold_3
2024-06-14,MWG,64.0,64.2,63.0,63.0,68.4,59.6,5254400,HSX,stock,development,fold_3
2024-06-14,PNJ,97.3,97.3,95.8,95.8,104.1,90.5,511200,HSX,stock,development,fold_3
2024-06-14,SSI,36.7,37.2,36.1,36.1,39.05,33.95,12780100,HSX,stock,development,fold_3
2024-06-14,TCB,49.5,49.55,49.1,49.1,52.8,45.95,5241900,HSX,stock,development,fold_3
2024-06-14,VCB,88.5,89.1,87.5,87.5,94.5,82.3,1516100,HSX,stock,development,fold_3
2024-06-14,VND,18.2,18.3,17.85,17.85,19.4,16.9,7117200,HSX,stock,development,fold_3
2024-06-14,VPB,19.45,19.5,18.7,18.7,20.8,18.1,18339500,HSX,stock,development,fold_3
2024-06-17,FPT,131.0,131.4,128.5,128.8,140.1,121.9,2258300,HSX,stock,development,fold_3
2024-06-17,HPG,29.1,29.95,29.0,29.45,31.1,27.1,13605900,HSX,stock,development,fold_3
2024-06-17,MBB,23.4,23.4,22.95,23.25,24.7,21.5,7823400,HSX,stock,development,fold_3
2024-06-17,MWG,62.8,62.8,61.0,62.0,67.4,58.6,4745200,HSX,stock,development,fold_3
2024-06-17,PNJ,95.5,96.0,94.5,96.0,102.5,89.1,560300,HSX,stock,development,fold_3
2024-06-17,SSI,36.0,36.25,35.75,35.9,38.6,33.6,6427400,HSX,stock,development,fold_3
2024-06-17,TCB,49.05,49.05,48.5,48.6,52.5,45.7,4768000,HSX,stock,development,fold_3
2024-06-17,VCB,87.6,87.8,87.1,87.1,93.6,81.4,1387500,HSX,stock,development,fold_3
2024-06-17,VND,17.85,17.9,17.5,17.5,19.05,16.65,5455500,HSX,stock,development,fold_3
2024-06-17,VPB,18.7,19.05,18.45,18.75,20.0,17.4,12813800,HSX,stock,development,fold_3
2024-06-18,FPT,128.8,129.7,128.0,128.0,137.8,119.8,3276800,HSX,stock,development,fold_3
2024-06-18,HPG,29.5,29.7,29.4,29.4,31.5,27.4,8350100,HSX,stock,development,fold_3
2024-06-18,MBB,23.5,23.55,23.25,23.25,24.85,21.65,5699800,HSX,stock,development,fold_3
2024-06-18,MWG,62.1,62.5,61.1,62.2,66.3,57.7,3909900,HSX,stock,development,fold_3
2024-06-18,PNJ,96.0,97.0,96.0,96.6,102.7,89.3,375400,HSX,stock,development,fold_3
2024-06-18,SSI,36.1,36.3,35.85,36.1,38.4,33.4,4577300,HSX,stock,development,fold_3
2024-06-18,TCB,48.6,49.1,48.2,48.8,52.0,45.2,5268800,HSX,stock,development,fold_3
2024-06-18,VCB,87.5,88.5,87.1,87.1,93.1,81.1,837400,HSX,stock,development,fold_3
2024-06-18,VND,17.5,17.7,17.2,17.2,18.7,16.3,6226500,HSX,stock,development,fold_3
2024-06-18,VPB,18.8,19.1,18.6,18.6,20.05,17.45,16796700,HSX,stock,development,fold_3
2024-06-19,FPT,128.0,132.8,126.6,131.5,136.9,119.1,4348400,HSX,stock,development,fold_3
2024-06-19,HPG,29.5,29.55,29.25,29.35,31.45,27.35,10135800,HSX,stock,development,fold_3
2024-06-19,MBB,23.4,23.45,23.05,23.3,24.85,21.65,6212300,HSX,stock,development,fold_3
2024-06-19,MWG,61.9,63.7,61.6,63.3,66.5,57.9,3804900,HSX,stock,development,fold_3
2024-06-19,PNJ,96.6,96.8,95.5,96.8,103.3,89.9,274900,HSX,stock,development,fold_3
2024-06-19,SSI,36.2,36.3,35.8,36.2,38.6,33.6,4935200,HSX,stock,development,fold_3
2024-06-19,TCB,49.0,49.0,48.15,48.3,52.2,45.4,9352600,HSX,stock,development,fold_3
2024-06-19,VCB,87.3,87.5,86.5,86.6,93.1,81.1,1253100,HSX,stock,development,fold_3
2024-06-19,VND,17.2,17.35,16.85,16.9,18.4,16.0,7645100,HSX,stock,development,fold_3
2024-06-19,VPB,18.65,19.2,18.4,19.0,19.9,17.3,22739700,HSX,stock,development,fold_3
2024-06-20,FPT,133.0,135.7,131.8,133.3,140.7,122.3,4328900,HSX,stock,development,fold_3
2024-06-20,HPG,29.25,29.4,28.95,29.35,31.4,27.3,13087800,HSX,stock,development,fold_3
2024-06-20,MBB,23.4,23.45,23.15,23.25,24.9,21.7,6879200,HSX,stock,development,fold_3
2024-06-20,MWG,63.2,63.5,62.5,63.5,67.7,58.9,3447300,HSX,stock,development,fold_3
2024-06-20,PNJ,96.5,98.7,96.5,97.8,103.5,90.1,677900,HSX,stock,development,fold_3
2024-06-20,SSI,36.2,36.3,35.4,35.9,38.7,33.7,6295700,HSX,stock,development,fold_3
2024-06-20,TCB,24.55,25.15,24.5,24.8,25.8,22.5,16150600,HSX,stock,development,fold_3
2024-06-20,VCB,86.6,86.6,85.6,86.0,92.6,80.6,1383700,HSX,stock,development,fold_3
2024-06-20,VND,16.9,17.1,16.55,16.7,18.05,15.75,5861500,HSX,stock,development,fold_3
2024-06-20,VPB,19.15,19.8,19.0,19.7,20.3,17.7,27071100,HSX,stock,development,fold_3
2024-06-21,FPT,133.9,136.1,133.3,136.1,142.6,124.0,3447700,HSX,stock,development,fold_3
2024-06-21,HPG,29.35,29.35,29.0,29.05,31.4,27.3,8438200,HSX,stock,development,fold_3
2024-06-21,MBB,23.25,23.35,23.1,23.2,24.85,21.65,4505000,HSX,stock,development,fold_3
2024-06-21,MWG,63.0,64.7,62.4,63.5,67.9,59.1,3968100,HSX,stock,development,fold_3
2024-06-21,PNJ,98.5,98.5,97.7,97.7,104.6,91.0,508000,HSX,stock,development,fold_3
2024-06-21,SSI,35.8,36.0,35.5,35.5,38.4,33.4,4906000,HSX,stock,development,fold_3
2024-06-21,TCB,24.95,24.95,24.2,24.5,26.5,23.1,5485300,HSX,stock,development,fold_3
2024-06-21,VCB,86.1,86.7,85.5,86.0,92.0,80.0,1413200,HSX,stock,development,fold_3
2024-06-21,VND,16.7,16.8,16.2,16.2,17.85,15.55,10994200,HSX,stock,development,fold_3
2024-06-21,VPB,19.7,19.85,19.35,19.6,21.05,18.35,24197500,HSX,stock,development,fold_3
2024-06-24,FPT,135.0,135.5,132.0,132.1,145.6,126.6,6020200,HSX,stock,development,fold_3
2024-06-24,HPG,29.0,29.1,28.25,28.7,31.05,27.05,16548500,HSX,stock,development,fold_3
2024-06-24,MBB,23.1,23.2,22.55,22.65,24.8,21.6,10849400,HSX,stock,development,fold_3
2024-06-24,MWG,63.5,63.5,61.5,62.0,67.9,59.1,5465400,HSX,stock,development,fold_3
2024-06-24,PNJ,97.7,97.9,94.8,97.3,104.5,90.9,770500,HSX,stock,development,fold_3
2024-06-24,SSI,35.45,35.5,34.2,34.6,37.95,33.05,11514200,HSX,stock,development,fold_3
2024-06-24,TCB,24.5,24.5,23.6,23.95,26.2,22.8,6770000,HSX,stock,development,fold_3
2024-06-24,VCB,86.0,87.4,85.5,85.5,92.0,80.0,1057000,HSX,stock,development,fold_3
2024-06-24,VND,16.2,16.8,16.15,16.35,17.3,15.1,8915200,HSX,stock,development,fold_3
2024-06-24,VPB,19.45,19.6,18.85,18.85,20.95,18.25,21922700,HSX,stock,development,fold_3
2024-06-25,FPT,131.0,131.1,128.6,130.0,141.3,122.9,6079800,HSX,stock,development,fold_3
2024-06-25,HPG,28.6,29.05,28.5,28.7,30.7,26.7,7793500,HSX,stock,development,fold_3
2024-06-25,MBB,22.7,22.85,22.5,22.6,24.2,21.1,4262200,HSX,stock,development,fold_3
2024-06-25,MWG,62.0,62.7,61.6,62.0,66.3,57.7,3732100,HSX,stock,development,fold_3
2024-06-25,PNJ,96.4,96.9,96.0,96.5,104.1,90.5,227000,HSX,stock,development,fold_3
2024-06-25,SSI,34.6,34.85,34.4,34.55,37.0,32.2,3213500,HSX,stock,development,fold_3
2024-06-25,TCB,23.95,24.0,23.4,24.0,25.6,22.3,5879600,HSX,stock,development,fold_3
2024-06-25,VCB,85.7,86.7,85.5,85.5,91.4,79.6,884200,HSX,stock,development,fold_3
2024-06-25,VND,16.35,16.6,16.3,16.4,17.45,15.25,3904900,HSX,stock,development,fold_3
2024-06-25,VPB,18.85,19.2,18.85,19.0,20.15,17.55,9181300,HSX,stock,development,fold_3
2024-06-26,FPT,131.0,131.8,129.4,131.8,139.1,120.9,3838500,HSX,stock,development,fold_3
2024-06-26,HPG,28.75,29.2,28.6,28.9,30.7,26.7,7544200,HSX,stock,development,fold_3
2024-06-26,MBB,22.6,22.65,22.35,22.5,24.15,21.05,5469700,HSX,stock,development,fold_3
2024-06-26,MWG,62.5,63.2,61.3,62.6,66.3,57.7,4296800,HSX,stock,development,fold_3
2024-06-26,PNJ,96.3,96.5,94.6,96.1,103.2,89.8,598900,HSX,stock,development,fold_3
2024-06-26,SSI,34.55,34.65,33.6,34.4,36.95,32.15,4462500,HSX,stock,development,fold_3
2024-06-26,TCB,23.95,24.0,23.55,24.0,25.65,22.35,4401700,HSX,stock,development,fold_3
2024-06-26,VCB,85.9,86.3,85.2,85.2,91.4,79.6,1057000,HSX,stock,development,fold_3
2024-06-26,VND,16.5,17.0,16.5,16.7,17.5,15.3,5369200,HSX,stock,development,fold_3
2024-06-26,VPB,19.0,19.1,18.55,19.0,20.3,17.7,13889600,HSX,stock,development,fold_3
2024-06-27,FPT,131.3,134.1,130.8,132.8,141.0,122.6,2862600,HSX,stock,development,fold_3
2024-06-27,HPG,29.0,29.05,28.7,28.85,30.9,26.9,5365100,HSX,stock,development,fold_3
2024-06-27,MBB,22.45,22.6,22.4,22.5,24.05,20.95,3319800,HSX,stock,development,fold_3
2024-06-27,MWG,62.0,63.6,62.0,63.4,66.9,58.3,4323100,HSX,stock,development,fold_3
2024-06-27,PNJ,96.0,96.0,93.8,95.5,102.8,89.4,491700,HSX,stock,development,fold_3
2024-06-27,SSI,34.3,34.55,34.1,34.3,36.8,32.0,2701000,HSX,stock,development,fold_3
2024-06-27,TCB,23.65,23.7,23.35,23.45,25.65,22.35,7079000,HSX,stock,development,fold_3
2024-06-27,VCB,85.2,86.0,85.2,85.2,91.1,79.3,987700,HSX,stock,development,fold_3
2024-06-27,VND,16.75,16.8,16.35,16.4,17.85,15.55,3401200,HSX,stock,development,fold_3
2024-06-27,VPB,19.0,19.05,18.7,19.0,20.3,17.7,14703500,HSX,stock,development,fold_3
2024-06-28,FPT,132.8,132.8,130.4,130.5,142.0,123.6,3871700,HSX,stock,development,fold_3
2024-06-28,HPG,28.75,28.9,28.3,28.3,30.85,26.85,12176500,HSX,stock,development,fold_3
2024-06-28,MBB,22.55,22.55,22.2,22.2,24.05,20.95,4831900,HSX,stock,development,fold_3
2024-06-28,MWG,63.1,63.1,61.6,62.4,67.3,58.5,3537000,HSX,stock,development,fold_3
2024-06-28,PNJ,95.4,95.5,93.5,95.5,102.1,88.9,571400,HSX,stock,development,fold_3
2024-06-28,SSI,34.3,34.45,33.75,33.95,36.7,31.9,5261500,HSX,stock,development,fold_3
2024-06-28,TCB,23.45,23.5,22.5,23.35,25.05,21.85,9781300,HSX,stock,development,fold_3
2024-06-28,VCB,86.0,86.0,85.0,85.2,91.1,79.3,717800,HSX,stock,development,fold_3
2024-06-28,VND,16.5,16.5,16.05,16.05,17.5,15.3,4499700,HSX,stock,development,fold_3
2024-06-28,VPB,18.95,19.3,18.6,18.65,20.3,17.7,21345200,HSX,stock,development,fold_3
2024-07-01,FPT,130.4,130.4,128.5,128.6,139.6,121.4,3189300,HSX,stock,development,fold_4
2024-07-01,HPG,28.3,28.5,28.05,28.35,30.25,26.35,6574100,HSX,stock,development,fold_4
2024-07-01,MBB,22.25,22.45,22.15,22.45,23.75,20.65,2040900,HSX,stock,development,fold_4
2024-07-01,MWG,62.6,65.8,62.0,65.8,66.7,58.1,9399300,HSX,stock,development,fold_4
2024-07-01,PNJ,95.0,95.4,93.5,94.0,102.1,88.9,298400,HSX,stock,development,fold_4
2024-07-01,SSI,34.05,34.1,33.45,33.9,36.3,31.6,3274300,HSX,stock,development,fold_4
2024-07-01,TCB,23.1,23.1,22.65,22.65,24.95,21.75,5030000,HSX,stock,development,fold_4
2024-07-01,VCB,85.8,86.2,85.2,86.1,91.1,79.3,615400,HSX,stock,development,fold_4
2024-07-01,VND,16.15,16.25,15.9,16.1,17.15,14.95,3895200,HSX,stock,development,fold_4
2024-07-01,VPB,18.65,19.05,18.5,19.0,19.95,17.35,7455800,HSX,stock,development,fold_4
2024-07-02,FPT,128.6,132.1,127.5,128.0,137.6,119.6,3155000,HSX,stock,development,fold_4
2024-07-02,HPG,28.35,28.85,28.25,28.7,30.3,26.4,8148300,HSX,stock,development,fold_4
2024-07-02,MBB,22.5,22.85,22.45,22.7,24.0,20.9,4736500,HSX,stock,development,fold_4
2024-07-02,MWG,65.8,66.0,64.7,66.0,70.4,61.2,4711500,HSX,stock,development,fold_4
2024-07-02,PNJ,94.2,95.6,94.0,95.0,100.5,87.5,429700,HSX,stock,development,fold_4
2024-07-02,SSI,34.05,34.35,33.9,34.35,36.25,31.55,3453000,HSX,stock,development,fold_4
2024-07-02,TCB,22.85,23.2,22.65,22.9,24.2,21.1,4197800,HSX,stock,development,fold_4
2024-07-02,VCB,86.7,88.8,86.2,88.2,92.1,80.1,1040800,HSX,stock,development,fold_4
2024-07-02,VND,16.1,16.45,16.1,16.2,17.2,15.0,3950500,HSX,stock,development,fold_4
2024-07-02,VPB,19.0,19.2,18.8,18.95,20.3,17.7,8639800,HSX,stock,development,fold_4
2024-07-03,FPT,130.5,132.8,130.1,131.0,136.9,119.1,2852700,HSX,stock,development,fold_4
2024-07-03,HPG,29.0,29.1,28.7,28.75,30.7,26.7,8421500,HSX,stock,development,fold_4
2024-07-03,MBB,22.8,22.95,22.6,22.9,24.25,21.15,3088800,HSX,stock,development,fold_4
2024-07-03,MWG,65.9,66.4,65.1,65.5,70.6,61.4,4051300,HSX,stock,development,fold_4
2024-07-03,PNJ,95.6,95.6,94.1,94.6,101.6,88.4,481300,HSX,stock,development,fold_4
2024-07-03,SSI,34.35,34.6,34.35,34.45,36.75,31.95,2962500,HSX,stock,development,fold_4
2024-07-03,TCB,22.95,23.55,22.9,23.5,24.5,21.3,4284600,HSX,stock,development,fold_4
2024-07-03,VCB,88.0,88.7,87.8,88.5,94.3,82.1,1475800,HSX,stock,development,fold_4
2024-07-03,VND,16.3,16.35,16.15,16.2,17.3,15.1,4524200,HSX,stock,development,fold_4
2024-07-03,VPB,19.0,19.2,18.75,19.0,20.25,17.65,9826500,HSX,stock,development,fold_4
2024-07-04,FPT,132.1,135.8,132.1,135.8,140.1,121.9,3459200,HSX,stock,development,fold_4
2024-07-04,HPG,28.85,29.05,28.6,28.7,30.75,26.75,4856300,HSX,stock,development,fold_4
2024-07-04,MBB,22.9,23.0,22.6,22.8,24.5,21.3,2153100,HSX,stock,development,fold_4
2024-07-04,MWG,65.7,66.3,64.9,65.1,70.0,61.0,3116300,HSX,stock,development,fold_4
2024-07-04,PNJ,95.0,96.1,94.5,94.9,101.2,88.0,549900,HSX,stock,development,fold_4
2024-07-04,SSI,34.45,34.8,34.3,34.4,36.85,32.05,2935800,HSX,stock,development,fold_4
2024-07-04,TCB,23.5,23.55,23.3,23.5,25.1,21.9,2605400,HSX,stock,development,fold_4
2024-07-04,VCB,88.6,89.7,88.0,88.0,94.6,82.4,1735300,HSX,stock,development,fold_4
2024-07-04,VND,16.25,16.95,16.2,16.6,17.3,15.1,6580800,HSX,stock,development,fold_4
2024-07-04,VPB,19.15,19.45,19.05,19.05,20.3,17.7,12615700,HSX,stock,development,fold_4
2024-07-05,FPT,136.1,139.7,136.1,138.7,145.3,126.3,3398000,HSX,stock,development,fold_4
2024-07-05,HPG,28.7,28.95,28.6,28.65,30.7,26.7,7665900,HSX,stock,development,fold_4
2024-07-05,MBB,22.8,22.85,22.6,22.8,24.35,21.25,3211100,HSX,stock,development,fold_4
2024-07-05,MWG,65.2,65.8,65.0,65.6,69.6,60.6,4052100,HSX,stock,development,fold_4
2024-07-05,PNJ,95.0,95.4,94.2,95.0,101.5,88.3,460600,HSX,stock,development,fold_4
2024-07-05,SSI,34.4,34.65,34.15,34.65,36.8,32.0,3808800,HSX,stock,development,fold_4
2024-07-05,TCB,23.35,23.5,23.2,23.5,25.1,21.9,4593900,HSX,stock,development,fold_4
2024-07-05,VCB,88.1,89.2,88.0,88.0,94.1,81.9,1149800,HSX,stock,development,fold_4
2024-07-05,VND,16.6,16.75,16.5,16.6,17.75,15.45,3592100,HSX,stock,development,fold_4
2024-07-05,VPB,19.05,19.3,19.0,19.15,20.35,17.75,10000400,HSX,stock,development,fold_4
2024-07-08,FPT,138.5,139.6,137.5,139.6,148.4,129.0,2911600,HSX,stock,development,fold_4
2024-07-08,HPG,28.7,29.05,28.65,28.8,30.65,26.65,9148100,HSX,stock,development,fold_4
2024-07-08,MBB,22.8,22.95,22.6,22.7,24.35,21.25,2786600,HSX,stock,development,fold_4
2024-07-08,MWG,65.6,67.4,65.6,67.0,70.1,61.1,4776900,HSX,stock,development,fold_4
2024-07-08,PNJ,96.1,96.1,94.6,95.4,101.6,88.4,595600,HSX,stock,development,fold_4
2024-07-08,SSI,34.8,35.05,34.4,34.55,37.05,32.25,4236200,HSX,stock,development,fold_4
2024-07-08,TCB,23.5,23.5,23.1,23.45,25.1,21.9,3588100,HSX,stock,development,fold_4
2024-07-08,VCB,88.0,88.7,87.2,87.2,94.1,81.9,746600,HSX,stock,development,fold_4
2024-07-08,VND,16.9,16.9,16.35,16.35,17.75,15.45,4900400,HSX,stock,development,fold_4
2024-07-08,VPB,19.2,19.3,19.0,19.05,20.45,17.85,7917700,HSX,stock,development,fold_4
2024-07-09,FPT,139.1,139.3,136.0,137.5,149.3,129.9,4016300,HSX,stock,development,fold_4
2024-07-09,HPG,28.8,29.2,28.75,29.0,30.8,26.8,10434200,HSX,stock,development,fold_4
2024-07-09,MBB,22.8,23.15,22.65,23.15,24.25,21.15,6037000,HSX,stock,development,fold_4
2024-07-09,MWG,67.2,67.2,66.3,66.8,71.6,62.4,4552300,HSX,stock,development,fold_4
2024-07-09,PNJ,95.4,98.9,95.1,98.7,102.0,88.8,1791700,HSX,stock,development,fold_4
2024-07-09,SSI,34.6,34.9,34.3,34.65,36.95,32.15,5095400,HSX,stock,development,fold_4
2024-07-09,TCB,23.3,23.5,23.25,23.35,25.05,21.85,5082100,HSX,stock,development,fold_4
2024-07-09,VCB,87.5,88.4,86.7,88.1,93.3,81.1,893300,HSX,stock,development,fold_4
2024-07-09,VND,16.35,16.6,16.3,16.55,17.45,15.25,4077300,HSX,stock,development,fold_4
2024-07-09,VPB,19.2,19.45,19.0,19.4,20.35,17.75,16048000,HSX,stock,development,fold_4
2024-07-10,FPT,136.0,137.0,134.0,134.0,147.1,127.9,3186500,HSX,stock,development,fold_4
2024-07-10,HPG,29.1,29.5,28.95,28.95,31.0,27.0,13141200,HSX,stock,development,fold_4
2024-07-10,MBB,23.15,23.6,23.15,23.3,24.75,21.55,8058500,HSX,stock,development,fold_4
2024-07-10,MWG,66.7,66.8,65.2,65.2,71.4,62.2,6510800,HSX,stock,development,fold_4
2024-07-10,PNJ,98.8,99.0,97.7,98.0,105.6,91.8,439000,HSX,stock,development,fold_4
2024-07-10,SSI,34.7,34.75,34.35,34.35,37.05,32.25,3051100,HSX,stock,development,fold_4
2024-07-10,TCB,23.4,23.45,23.1,23.15,24.95,21.75,5406700,HSX,stock,development,fold_4
2024-07-10,VCB,88.3,89.2,88.0,88.6,94.2,82.0,748000,HSX,stock,development,fold_4
2024-07-10,VND,16.5,16.6,16.25,16.3,17.7,15.4,3885100,HSX,stock,development,fold_4
2024-07-10,VPB,19.5,19.55,19.2,19.2,20.75,18.05,7562600,HSX,stock,development,fold_4
2024-07-11,FPT,134.1,135.4,132.5,133.0,143.3,124.7,3037300,HSX,stock,development,fold_4
2024-07-11,HPG,29.15,29.25,28.85,28.85,30.95,26.95,6093500,HSX,stock,development,fold_4
2024-07-11,MBB,23.45,23.5,23.1,23.1,24.9,21.7,3944300,HSX,stock,development,fold_4
2024-07-11,MWG,65.4,65.7,64.6,64.8,69.7,60.7,3967500,HSX,stock,development,fold_4
2024-07-11,PNJ,98.5,98.9,97.1,97.4,104.8,91.2,628100,HSX,stock,development,fold_4
2024-07-11,SSI,34.6,35.15,34.45,34.8,36.75,31.95,4509300,HSX,stock,development,fold_4
2024-07-11,TCB,23.15,23.35,22.8,22.8,24.75,21.55,6465700,HSX,stock,development,fold_4
2024-07-11,VCB,88.6,88.9,88.1,88.1,94.8,82.4,784400,HSX,stock,development,fold_4
2024-07-11,VND,16.4,16.6,16.4,16.55,17.4,15.2,3587000,HSX,stock,development,fold_4
2024-07-11,VPB,19.2,19.55,19.05,19.05,20.5,17.9,11949600,HSX,stock,development,fold_4
2024-07-12,FPT,132.2,136.0,132.2,133.8,142.3,123.7,1923700,HSX,stock,development,fold_4
2024-07-12,HPG,28.9,28.95,28.45,28.5,30.85,26.85,8400900,HSX,stock,development,fold_4
2024-07-12,MBB,22.95,23.2,22.9,23.0,24.7,21.5,3716800,HSX,stock,development,fold_4
2024-07-12,MWG,64.8,65.4,64.1,64.8,69.3,60.3,4648800,HSX,stock,development,fold_4
2024-07-12,PNJ,97.8,97.8,96.6,97.7,104.2,90.6,576700,HSX,stock,development,fold_4
2024-07-12,SSI,34.8,34.9,34.45,34.45,37.2,32.4,2589900,HSX,stock,development,fold_4
2024-07-12,TCB,22.85,23.0,22.8,22.8,24.35,21.25,2269400,HSX,stock,development,fold_4
2024-07-12,VCB,88.2,88.6,87.6,87.6,94.2,82.0,746700,HSX,stock,development,fold_4
2024-07-12,VND,16.55,16.7,16.4,16.45,17.7,15.4,3543200,HSX,stock,development,fold_4
2024-07-12,VPB,19.1,19.2,18.95,19.0,20.35,17.75,8574500,HSX,stock,development,fold_4
2024-07-15,FPT,133.5,134.8,132.3,132.7,143.1,124.5,1480000,HSX,stock,development,fold_4
2024-07-15,HPG,28.55,28.75,28.2,28.45,30.45,26.55,6266600,HSX,stock,development,fold_4
2024-07-15,MBB,23.05,23.2,22.95,23.05,24.6,21.4,2192200,HSX,stock,development,fold_4
2024-07-15,MWG,64.9,65.0,64.1,64.3,69.3,60.3,2183400,HSX,stock,development,fold_4
2024-07-15,PNJ,98.0,98.0,96.9,97.7,104.5,90.9,554300,HSX,stock,development,fold_4
2024-07-15,SSI,34.7,34.7,34.3,34.3,36.85,32.05,2159300,HSX,stock,development,fold_4
2024-07-15,TCB,22.85,22.9,22.6,22.65,24.35,21.25,2648200,HSX,stock,development,fold_4
2024-07-15,VCB,87.6,88.3,87.5,87.5,93.7,81.5,780100,HSX,stock,development,fold_4
2024-07-15,VND,16.45,16.55,16.2,16.2,17.6,15.3,4229000,HSX,stock,development,fold_4
2024-07-15,VPB,19.05,19.1,18.7,18.8,20.3,17.7,8886000,HSX,stock,development,fold_4
2024-07-16,FPT,133.6,134.5,132.3,134.0,141.9,123.5,1953900,HSX,stock,development,fold_4
2024-07-16,HPG,28.5,28.65,28.4,28.45,30.4,26.5,5675900,HSX,stock,development,fold_4
2024-07-16,MBB,23.1,23.95,23.05,23.55,24.65,21.45,9112000,HSX,stock,development,fold_4
2024-07-16,MWG,64.6,65.3,64.1,64.1,68.8,59.8,4673700,HSX,stock,development,fold_4
2024-07-16,PNJ,98.0,99.4,97.1,97.1,104.5,90.9,892300,HSX,stock,development,fold_4
2024-07-16,SSI,34.5,35.0,34.35,34.4,36.7,31.9,3233800,HSX,stock,development,fold_4
2024-07-16,TCB,22.65,22.85,22.55,22.7,24.2,21.1,4910400,HSX,stock,development,fold_4
2024-07-16,VCB,87.6,88.6,87.6,87.9,93.6,81.4,781900,HSX,stock,development,fold_4
2024-07-16,VND,16.2,16.35,15.85,15.95,17.3,15.1,6200900,HSX,stock,development,fold_4
2024-07-16,VPB,18.9,19.1,18.8,19.0,20.1,17.5,9394100,HSX,stock,development,fold_4
2024-07-17,FPT,134.0,134.1,129.9,131.9,143.3,124.7,3475100,HSX,stock,development,fold_4
2024-07-17,HPG,28.55,28.6,27.6,28.2,30.4,26.5,11825600,HSX,stock,development,fold_4
2024-07-17,MBB,23.8,25.15,23.55,24.5,25.15,21.95,26183300,HSX,stock,development,fold_4
2024-07-17,MWG,64.7,64.7,62.2,63.5,68.5,59.7,8200200,HSX,stock,development,fold_4
2024-07-17,PNJ,97.5,97.8,93.6,95.9,103.8,90.4,761900,HSX,stock,development,fold_4
2024-07-17,SSI,34.6,34.95,33.95,34.15,36.8,32.0,5640000,HSX,stock,development,fold_4
2024-07-17,TCB,22.85,24.2,22.8,23.7,24.25,21.15,12195400,HSX,stock,development,fold_4
2024-07-17,VCB,88.8,90.0,87.5,88.0,94.0,81.8,1606500,HSX,stock,development,fold_4
2024-07-17,VND,16.05,16.15,15.3,15.4,17.05,14.85,6032400,HSX,stock,development,fold_4
2024-07-17,VPB,19.0,19.4,18.8,19.0,20.3,17.7,14778800,HSX,stock,development,fold_4
2024-07-18,FPT,131.4,131.4,127.8,127.9,141.1,122.7,4551600,HSX,stock,development,fold_4
2024-07-18,HPG,28.2,28.45,28.05,28.4,30.15,26.25,9211500,HSX,stock,development,fold_4
2024-07-18,MBB,24.6,25.0,24.1,24.9,26.2,22.8,13083500,HSX,stock,development,fold_4
2024-07-18,MWG,63.5,65.0,63.4,65.0,67.9,59.1,3970300,HSX,stock,development,fold_4
2024-07-18,PNJ,95.6,96.0,93.8,96.0,102.6,89.2,534100,HSX,stock,development,fold_4
2024-07-18,SSI,34.35,34.4,33.8,34.35,36.5,31.8,4904900,HSX,stock,development,fold_4
2024-07-18,TCB,23.7,23.85,23.3,23.7,25.35,22.05,5083000,HSX,stock,development,fold_4
2024-07-18,VCB,88.3,88.8,87.9,88.0,94.1,81.9,1033000,HSX,stock,development,fold_4
2024-07-18,VND,15.45,15.65,15.0,15.5,16.45,14.35,5313800,HSX,stock,development,fold_4
2024-07-18,VPB,19.0,19.1,18.65,19.05,20.3,17.7,8426300,HSX,stock,development,fold_4
2024-07-19,FPT,128.6,129.3,126.0,126.0,136.8,119.0,3162200,HSX,stock,development,fold_4
2024-07-19,HPG,28.4,28.4,28.2,28.2,30.35,26.45,6158500,HSX,stock,development,fold_4
2024-07-19,MBB,24.9,25.65,24.8,25.4,26.6,23.2,18943300,HSX,stock,development,fold_4
2024-07-19,MWG,65.0,66.3,64.7,65.6,69.5,60.5,5162600,HSX,stock,development,fold_4
2024-07-19,PNJ,96.0,96.1,94.9,95.7,102.7,89.3,335500,HSX,stock,development,fold_4
2024-07-19,SSI,34.7,35.2,34.5,34.8,36.75,31.95,7292400,HSX,stock,development,fold_4
2024-07-19,TCB,23.75,23.75,23.1,23.4,25.35,22.05,6036400,HSX,stock,development,fold_4
2024-07-19,VCB,88.0,88.8,87.5,87.5,94.1,81.9,701500,HSX,stock,development,fold_4
2024-07-19,VND,15.65,16.15,15.5,15.9,16.55,14.45,5366200,HSX,stock,development,fold_4
2024-07-19,VPB,19.0,19.2,18.8,18.8,20.35,17.75,9526500,HSX,stock,development,fold_4
2024-07-22,FPT,126.0,126.0,123.2,124.1,134.8,117.2,2703900,HSX,stock,development,fold_4
2024-07-22,HPG,28.1,28.2,27.75,28.05,30.15,26.25,8691000,HSX,stock,development,fold_4
2024-07-22,MBB,25.3,25.75,24.65,25.2,27.15,23.65,14029400,HSX,stock,development,fold_4
2024-07-22,MWG,65.2,65.4,63.8,65.3,70.1,61.1,3074100,HSX,stock,development,fold_4
2024-07-22,PNJ,95.0,95.6,93.8,94.2,102.3,89.1,494600,HSX,stock,development,fold_4
2024-07-22,SSI,34.75,35.05,34.15,34.65,37.2,32.4,4913800,HSX,stock,development,fold_4
2024-07-22,TCB,23.3,23.8,23.0,23.65,25.0,21.8,6465500,HSX,stock,development,fold_4
2024-07-22,VCB,87.5,88.3,87.3,87.7,93.6,81.4,1000400,HSX,stock,development,fold_4
2024-07-22,VND,15.9,16.05,15.55,16.0,17.0,14.8,5578600,HSX,stock,development,fold_4
2024-07-22,VPB,18.8,19.05,18.65,18.8,20.1,17.5,8265400,HSX,stock,development,fold_4
2024-07-23,FPT,124.9,127.5,124.8,125.5,132.7,115.5,2297800,HSX,stock,development,fold_4
2024-07-23,HPG,28.05,28.2,27.8,27.8,30.0,26.1,7807100,HSX,stock,development,fold_4
2024-07-23,MBB,25.35,25.35,23.8,23.9,26.95,23.45,19253000,HSX,stock,development,fold_4
2024-07-23,MWG,65.0,65.0,62.0,62.5,69.8,60.8,4688700,HSX,stock,development,fold_4
2024-07-23,PNJ,94.3,95.5,93.6,93.8,100.7,87.7,577300,HSX,stock,development,fold_4
2024-07-23,SSI,34.65,34.75,33.85,33.85,37.05,32.25,6757400,HSX,stock,development,fold_4
2024-07-23,TCB,23.8,23.8,23.0,23.05,25.3,22.0,6502300,HSX,stock,development,fold_4
2024-07-23,VCB,87.8,88.3,87.5,87.5,93.8,81.6,872900,HSX,stock,development,fold_4
2024-07-23,VND,16.1,16.1,15.55,15.7,17.1,14.9,2591500,HSX,stock,development,fold_4
2024-07-23,VPB,18.85,18.9,18.2,18.4,20.1,17.5,8528400,HSX,stock,development,fold_4
2024-07-24,FPT,125.5,126.6,124.0,126.0,134.2,116.8,2044600,HSX,stock,development,fold_4
2024-07-24,HPG,27.75,27.95,27.1,27.7,29.7,25.9,9010300,HSX,stock,development,fold_4
2024-07-24,MBB,23.8,24.25,23.65,23.95,25.55,22.25,11469700,HSX,stock,development,fold_4
2024-07-24,MWG,61.6,62.0,58.6,61.4,66.8,58.2,7084300,HSX,stock,development,fold_4
2024-07-24,PNJ,93.8,95.4,92.5,94.8,100.3,87.3,598200,HSX,stock,development,fold_4
2024-07-24,SSI,33.65,33.9,31.95,32.9,36.2,31.5,9524500,HSX,stock,development,fold_4
2024-07-24,TCB,22.85,23.2,22.85,23.0,24.65,21.45,5291100,HSX,stock,development,fold_4
2024-07-24,VCB,87.4,88.1,87.4,87.5,93.6,81.4,930400,HSX,stock,development,fold_4
2024-07-24,VND,15.7,15.95,15.1,15.85,16.75,14.65,4874100,HSX,stock,development,fold_4
2024-07-24,VPB,18.35,18.6,18.2,18.5,19.65,17.15,6405300,HSX,stock,development,fold_4
2024-07-25,FPT,124.2,125.5,124.1,125.0,134.8,117.2,1308300,HSX,stock,development,fold_4
2024-07-25,HPG,27.6,27.65,27.3,27.35,29.6,25.8,6252100,HSX,stock,development,fold_4
2024-07-25,MBB,23.85,24.1,23.5,23.95,25.6,22.3,8411900,HSX,stock,development,fold_4
2024-07-25,MWG,60.0,61.0,59.7,61.0,65.6,57.2,2630600,HSX,stock,development,fold_4
2024-07-25,PNJ,94.1,94.9,94.1,94.8,101.4,88.2,174900,HSX,stock,development,fold_4
2024-07-25,SSI,32.3,32.65,31.8,31.9,35.2,30.6,6706000,HSX,stock,development,fold_4
2024-07-25,TCB,22.85,22.9,22.55,22.75,24.6,21.4,3572800,HSX,stock,development,fold_4
2024-07-25,VCB,87.6,87.7,87.2,87.3,93.6,81.4,451200,HSX,stock,development,fold_4
2024-07-25,VND,15.6,15.9,15.45,15.7,16.95,14.75,2305600,HSX,stock,development,fold_4
2024-07-25,VPB,18.4,18.5,18.3,18.35,19.75,17.25,6228500,HSX,stock,development,fold_4
2024-07-26,FPT,125.9,128.0,124.4,128.0,133.7,116.3,2064300,HSX,stock,development,fold_4
2024-07-26,HPG,27.35,27.65,27.35,27.45,29.25,25.45,3803300,HSX,stock,development,fold_4
2024-07-26,MBB,23.9,24.35,23.85,24.3,25.6,22.3,5738300,HSX,stock,development,fold_4
2024-07-26,MWG,60.5,61.0,60.4,61.0,65.2,56.8,2495500,HSX,stock,development,fold_4
2024-07-26,PNJ,95.3,96.2,94.9,96.2,101.4,88.2,374100,HSX,stock,development,fold_4
2024-07-26,SSI,32.1,32.3,31.9,32.1,34.1,29.7,3028800,HSX,stock,development,fold_4
2024-07-26,TCB,22.7,22.85,22.6,22.75,24.3,21.2,3083600,HSX,stock,development,fold_4
2024-07-26,VCB,87.3,87.7,87.2,87.3,93.4,81.2,621800,HSX,stock,development,fold_4
2024-07-26,VND,15.75,15.9,15.65,15.75,16.75,14.65,2308600,HSX,stock,development,fold_4
2024-07-26,VPB,18.4,18.5,18.3,18.4,19.6,17.1,3841300,HSX,stock,development,fold_4
2024-07-29,FPT,130.0,130.6,129.0,129.0,136.9,119.1,2436500,HSX,stock,development,fold_4
2024-07-29,HPG,27.65,28.1,27.6,27.9,29.35,25.55,7108600,HSX,stock,development,fold_4
2024-07-29,MBB,24.45,24.45,24.1,24.1,26.0,22.6,4308500,HSX,stock,development,fold_4
2024-07-29,MWG,61.4,62.4,61.1,62.0,65.2,56.8,2279700,HSX,stock,development,fold_4
2024-07-29,PNJ,96.7,96.8,96.0,96.8,102.9,89.5,287500,HSX,stock,development,fold_4
2024-07-29,SSI,32.35,32.55,32.2,32.2,34.3,29.9,2892500,HSX,stock,development,fold_4
2024-07-29,TCB,22.85,22.95,22.75,22.75,24.3,21.2,2818800,HSX,stock,development,fold_4
2024-07-29,VCB,87.6,87.8,87.3,87.3,93.4,81.2,301400,HSX,stock,development,fold_4
2024-07-29,VND,15.85,16.0,15.65,15.65,16.85,14.65,3031300,HSX,stock,development,fold_4
2024-07-29,VPB,18.5,18.6,18.4,18.4,19.65,17.15,3822500,HSX,stock,development,fold_4
2024-07-30,FPT,129.0,129.5,127.0,128.0,138.0,120.0,1187700,HSX,stock,development,fold_4
2024-07-30,HPG,28.0,28.2,27.9,27.9,29.85,25.95,8009200,HSX,stock,development,fold_4
2024-07-30,MBB,24.1,24.5,23.85,24.5,25.75,22.45,7972700,HSX,stock,development,fold_4
2024-07-30,MWG,62.0,63.2,61.9,63.0,66.3,57.7,2760600,HSX,stock,development,fold_4
2024-07-30,PNJ,96.5,98.0,96.0,96.9,103.5,90.1,379000,HSX,stock,development,fold_4
2024-07-30,SSI,32.2,32.4,31.9,31.95,34.45,29.95,2985600,HSX,stock,development,fold_4
2024-07-30,TCB,22.7,22.95,22.6,22.95,24.3,21.2,3328600,HSX,stock,development,fold_4
2024-07-30,VCB,87.3,88.3,87.3,87.5,93.4,81.2,612100,HSX,stock,development,fold_4
2024-07-30,VND,15.65,15.8,15.45,15.5,16.7,14.6,2861100,HSX,stock,development,fold_4
2024-07-30,VPB,18.4,18.7,18.3,18.55,19.65,17.15,6541900,HSX,stock,development,fold_4
2024-07-31,FPT,127.3,128.6,126.6,128.6,136.9,119.1,1685300,HSX,stock,development,fold_4
2024-07-31,HPG,27.9,27.9,27.1,27.2,29.85,25.95,10819600,HSX,stock,development,fold_4
2024-07-31,MBB,24.5,24.9,24.2,24.4,26.2,22.8,8503600,HSX,stock,development,fold_4
2024-07-31,MWG,63.9,64.5,63.5,63.8,67.4,58.6,4753700,HSX,stock,development,fold_4
2024-07-31,PNJ,97.3,97.3,96.3,97.1,103.6,90.2,470500,HSX,stock,development,fold_4
2024-07-31,SSI,32.2,32.3,31.7,31.8,34.15,29.75,3759600,HSX,stock,development,fold_4
2024-07-31,TCB,23.0,23.35,22.95,23.25,24.55,21.35,5548100,HSX,stock,development,fold_4
2024-07-31,VCB,87.5,89.2,87.5,89.2,93.6,81.4,1112900,HSX,stock,development,fold_4
2024-07-31,VND,15.65,15.75,15.5,15.55,16.55,14.45,2134700,HSX,stock,development,fold_4
2024-07-31,VPB,18.6,19.15,18.6,19.0,19.8,17.3,15487200,HSX,stock,development,fold_4
2024-08-01,FPT,129.6,129.7,124.1,124.8,137.6,119.6,3276900,HSX,stock,development,fold_4
2024-08-01,HPG,27.5,27.65,26.6,26.7,29.1,25.3,12770600,HSX,stock,development,fold_4
2024-08-01,MBB,24.4,24.55,23.25,23.4,26.1,22.7,13403400,HSX,stock,development,fold_4
2024-08-01,MWG,63.8,63.8,61.5,62.1,68.2,59.4,4839500,HSX,stock,development,fold_4
2024-08-01,PNJ,96.5,99.3,95.6,97.8,103.8,90.4,1157300,HSX,stock,development,fold_4
2024-08-01,SSI,32.1,32.1,30.0,30.3,34.0,29.6,11039600,HSX,stock,development,fold_4
2024-08-01,TCB,23.2,23.25,22.55,23.0,24.85,21.65,5273000,HSX,stock,development,fold_4
2024-08-01,VCB,89.3,91.4,89.2,90.7,95.4,83.0,2234500,HSX,stock,development,fold_4
2024-08-01,VND,15.6,15.65,15.0,15.0,16.6,14.5,4944800,HSX,stock,development,fold_4
2024-08-01,VPB,19.15,19.15,18.45,18.55,20.3,17.7,8450800,HSX,stock,development,fold_4
2024-08-02,FPT,122.1,124.8,121.0,123.2,133.5,116.1,6022300,HSX,stock,development,fold_4
2024-08-02,HPG,26.65,27.3,26.5,27.25,28.55,24.85,8427200,HSX,stock,development,fold_4
2024-08-02,MBB,23.0,23.8,23.0,23.8,25.0,21.8,11209000,HSX,stock,development,fold_4
2024-08-02,MWG,61.0,62.9,60.7,62.9,66.4,57.8,3787100,HSX,stock,development,fold_4
2024-08-02,PNJ,95.6,99.0,95.6,99.0,104.6,91.0,1623800,HSX,stock,development,fold_4
2024-08-02,SSI,29.85,31.35,29.75,31.25,32.4,28.2,6751200,HSX,stock,development,fold_4
2024-08-02,TCB,22.55,23.5,22.55,23.5,24.6,21.4,8466800,HSX,stock,development,fold_4
2024-08-02,VCB,90.4,90.4,88.7,88.7,97.0,84.4,844400,HSX,stock,development,fold_4
2024-08-02,VND,14.9,15.35,14.55,15.25,16.05,13.95,4233500,HSX,stock,development,fold_4
2024-08-02,VPB,18.5,18.75,18.35,18.75,19.8,17.3,7840800,HSX,stock,development,fold_4
2024-08-05,FPT,121.1,122.9,117.4,118.6,131.8,114.6,4551500,HSX,stock,development,fold_4
2024-08-05,HPG,26.8,26.85,25.8,25.95,29.15,25.35,19854000,HSX,stock,development,fold_4
2024-08-05,MBB,23.05,23.55,22.8,22.95,25.45,22.15,14451100,HSX,stock,development,fold_4
2024-08-05,MWG,61.5,62.3,60.3,61.6,67.3,58.5,6623300,HSX,stock,development,fold_4
2024-08-05,PNJ,96.9,98.0,93.5,95.2,105.9,92.1,921500,HSX,stock,development,fold_4
2024-08-05,SSI,30.65,30.8,29.6,29.6,33.4,29.1,10136200,HSX,stock,development,fold_4
2024-08-05,TCB,23.0,23.0,22.3,22.3,25.1,21.9,8445300,HSX,stock,development,fold_4
2024-08-05,VCB,88.5,88.5,86.9,86.9,94.9,82.5,1587900,HSX,stock,development,fold_4
2024-08-05,VND,14.85,15.0,14.2,14.2,16.3,14.2,6280400,HSX,stock,development,fold_4
2024-08-05,VPB,18.4,18.6,17.95,18.15,20.05,17.45,13399300,HSX,stock,development,fold_4
2024-08-06,FPT,120.0,121.9,119.8,120.8,126.9,110.3,3600000,HSX,stock,development,fold_4
2024-08-06,HPG,26.05,26.45,25.85,26.3,27.75,24.15,8586300,HSX,stock,development,fold_4
2024-08-06,MBB,23.2,23.5,23.0,23.4,24.55,21.35,7637500,HSX,stock,development,fold_4
2024-08-06,MWG,61.8,62.3,60.6,62.3,65.9,57.3,3337600,HSX,stock,development,fold_4
2024-08-06,PNJ,95.3,95.7,93.9,95.6,101.8,88.6,346500,HSX,stock,development,fold_4
2024-08-06,SSI,30.3,31.0,29.65,30.6,31.65,27.55,6652700,HSX,stock,development,fold_4
2024-08-06,TCB,22.4,22.6,22.05,22.3,23.85,20.75,7556000,HSX,stock,development,fold_4
2024-08-06,VCB,86.9,87.7,86.7,87.3,92.9,80.9,864300,HSX,stock,development,fold_4
2024-08-06,VND,14.5,14.8,14.2,14.75,15.15,13.25,3922100,HSX,stock,development,fold_4
2024-08-06,VPB,18.35,18.5,18.1,18.35,19.4,16.9,5742300,HSX,stock,development,fold_4
2024-08-07,FPT,121.0,122.0,120.2,122.0,129.2,112.4,1413400,HSX,stock,development,fold_4
2024-08-07,HPG,26.45,26.45,25.95,26.05,28.1,24.5,7364300,HSX,stock,development,fold_4
2024-08-07,MBB,23.4,23.5,23.2,23.35,25.0,21.8,4779000,HSX,stock,development,fold_4
2024-08-07,MWG,62.3,62.5,61.5,62.3,66.6,58.0,2384300,HSX,stock,development,fold_4
2024-08-07,PNJ,96.5,96.5,94.1,95.5,102.2,89.0,174500,HSX,stock,development,fold_4
2024-08-07,SSI,30.9,30.9,30.25,30.6,32.7,28.5,2647500,HSX,stock,development,fold_4
2024-08-07,TCB,22.4,22.4,21.75,21.8,23.85,20.75,7586200,HSX,stock,development,fold_4
2024-08-07,VCB,87.4,87.7,87.0,87.7,93.4,81.2,315000,HSX,stock,development,fold_4
2024-08-07,VND,14.8,14.8,14.45,14.65,15.75,13.75,2046100,HSX,stock,development,fold_4
2024-08-07,VPB,18.4,18.4,18.0,18.0,19.6,17.1,6748700,HSX,stock,development,fold_4
2024-08-08,FPT,121.6,122.4,120.9,121.4,130.5,113.5,1435100,HSX,stock,development,fold_4
2024-08-08,HPG,25.95,26.1,25.55,25.6,27.85,24.25,10501400,HSX,stock,development,fold_4
2024-08-08,MBB,23.3,23.5,23.0,23.05,24.95,21.75,4707200,HSX,stock,development,fold_4
2024-08-08,MWG,62.0,62.9,61.9,62.4,66.6,58.0,3441600,HSX,stock,development,fold_4
2024-08-08,PNJ,94.7,95.5,94.2,94.3,102.1,88.9,249700,HSX,stock,development,fold_4
2024-08-08,SSI,30.3,30.7,29.9,30.0,32.7,28.5,4315200,HSX,stock,development,fold_4
2024-08-08,TCB,21.6,21.65,20.75,20.85,23.3,20.3,15994900,HSX,stock,development,fold_4
2024-08-08,VCB,87.7,87.7,87.2,87.3,93.8,81.6,504900,HSX,stock,development,fold_4
2024-08-08,VND,14.6,15.2,14.5,14.7,15.65,13.65,4788800,HSX,stock,development,fold_4
2024-08-08,VPB,17.9,18.0,17.5,17.85,19.25,16.75,8752900,HSX,stock,development,fold_4
2024-08-09,FPT,122.4,126.9,122.0,126.9,129.8,113.0,2298000,HSX,stock,development,fold_4
2024-08-09,HPG,25.9,26.1,25.7,26.05,27.35,23.85,4959200,HSX,stock,development,fold_4
2024-08-09,MBB,23.2,23.5,23.2,23.45,24.65,21.45,3842700,HSX,stock,development,fold_4
2024-08-09,MWG,62.7,65.8,62.5,65.6,66.7,58.1,6838900,HSX,stock,development,fold_4
2024-08-09,PNJ,95.2,95.7,94.5,95.6,100.9,87.7,249400,HSX,stock,development,fold_4
2024-08-09,SSI,30.55,31.6,30.3,31.3,32.1,27.9,5607900,HSX,stock,development,fold_4
2024-08-09,TCB,21.0,21.3,21.0,21.1,22.3,19.4,6921000,HSX,stock,development,fold_4
2024-08-09,VCB,87.4,88.3,87.4,87.7,93.4,81.2,620400,HSX,stock,development,fold_4
2024-08-09,VND,15.0,15.2,14.85,15.15,15.7,13.7,4178100,HSX,stock,development,fold_4
2024-08-09,VPB,17.85,18.1,17.8,18.0,19.05,16.65,4811200,HSX,stock,development,fold_4
2024-08-12,FPT,126.9,130.2,126.2,130.0,135.7,118.1,2458800,HSX,stock,development,fold_4
2024-08-12,HPG,26.05,26.1,25.7,25.85,27.85,24.25,6123500,HSX,stock,development,fold_4
2024-08-12,MBB,23.5,23.7,23.35,23.7,25.05,21.85,5430700,HSX,stock,development,fold_4
2024-08-12,MWG,65.9,66.8,65.6,66.6,70.1,61.1,4690500,HSX,stock,development,fold_4
2024-08-12,PNJ,95.6,97.0,95.3,97.0,102.2,89.0,336800,HSX,stock,development,fold_4
2024-08-12,SSI,31.6,32.0,31.2,32.0,33.45,29.15,5390400,HSX,stock,development,fold_4
2024-08-12,TCB,21.2,21.25,21.0,21.25,22.55,19.65,4936600,HSX,stock,development,fold_4
2024-08-12,VCB,88.4,88.4,87.3,87.8,93.8,81.6,547700,HSX,stock,development,fold_4
2024-08-12,VND,15.15,15.3,15.0,15.05,16.2,14.1,3025400,HSX,stock,development,fold_4
2024-08-12,VPB,18.0,18.15,17.8,18.15,19.25,16.75,6273300,HSX,stock,development,fold_4
2024-08-13,FPT,129.7,130.2,128.0,129.7,139.1,120.9,1870300,HSX,stock,development,fold_4
2024-08-13,HPG,25.9,25.95,25.2,25.4,27.65,24.05,10448500,HSX,stock,development,fold_4
2024-08-13,MBB,23.65,23.75,23.4,23.6,25.35,22.05,2997300,HSX,stock,development,fold_4
2024-08-13,MWG,66.8,67.2,65.5,66.7,71.2,62.0,4334100,HSX,stock,development,fold_4
2024-08-13,PNJ,97.2,98.7,96.5,97.4,103.7,90.3,698000,HSX,stock,development,fold_4
2024-08-13,SSI,31.95,31.95,31.25,31.7,34.2,29.8,4767400,HSX,stock,development,fold_4
2024-08-13,TCB,21.2,21.2,20.9,21.0,22.7,19.8,5239100,HSX,stock,development,fold_4
2024-08-13,VCB,87.6,89.5,87.6,89.5,93.9,81.7,952900,HSX,stock,development,fold_4
2024-08-13,VND,15.1,15.15,14.5,14.7,16.1,14.0,5369600,HSX,stock,development,fold_4
2024-08-13,VPB,18.1,18.2,17.95,18.15,19.4,16.9,5035900,HSX,stock,development,fold_4
2024-08-14,FPT,130.7,131.5,129.5,129.5,138.7,120.7,1332900,HSX,stock,development,fold_4
2024-08-14,HPG,25.5,25.7,25.3,25.45,27.15,23.65,6850900,HSX,stock,development,fold_4
2024-08-14,MBB,23.75,23.75,23.4,23.4,25.25,21.95,3299000,HSX,stock,development,fold_4
2024-08-14,MWG,66.8,67.0,65.8,66.6,71.3,62.1,3326800,HSX,stock,development,fold_4
2024-08-14,PNJ,98.2,98.7,97.0,97.4,104.2,90.6,385100,HSX,stock,development,fold_4
2024-08-14,SSI,31.8,31.85,31.3,31.4,33.9,29.5,3549900,HSX,stock,development,fold_4
2024-08-14,TCB,21.05,21.3,20.9,21.2,22.45,19.55,5163700,HSX,stock,development,fold_4
2024-08-14,VCB,89.3,89.4,87.8,88.0,95.7,83.3,767900,HSX,stock,development,fold_4
2024-08-14,VND,14.8,14.8,14.45,14.45,15.7,13.7,3201300,HSX,stock,development,fold_4
2024-08-14,VPB,18.15,18.2,18.0,18.0,19.4,16.9,4480700,HSX,stock,development,fold_4
2024-08-15,FPT,129.1,129.5,128.2,128.7,138.5,120.5,1060000,HSX,stock,development,fold_4
2024-08-15,HPG,25.45,25.45,25.2,25.2,27.2,23.7,8759800,HSX,stock,development,fold_4
2024-08-15,MBB,23.4,23.55,23.25,23.25,25.0,21.8,3563400,HSX,stock,development,fold_4
2024-08-15,MWG,66.3,66.4,65.3,65.9,71.2,62.0,3644500,HSX,stock,development,fold_4
2024-08-15,PNJ,97.2,97.3,95.0,96.9,104.2,90.6,458100,HSX,stock,development,fold_4
2024-08-15,SSI,31.4,31.55,30.8,30.9,33.55,29.25,3524200,HSX,stock,development,fold_4
2024-08-15,TCB,21.2,21.2,20.95,21.15,22.65,19.75,4670700,HSX,stock,development,fold_4
2024-08-15,VCB,88.0,88.8,87.6,87.6,94.1,81.9,574800,HSX,stock,development,fold_4
2024-08-15,VND,14.5,14.55,14.25,14.25,15.45,13.45,2470700,HSX,stock,development,fold_4
2024-08-15,VPB,18.0,18.1,17.95,18.0,19.25,16.75,4262600,HSX,stock,development,fold_4
2024-08-16,FPT,129.1,131.0,129.1,130.6,137.7,119.7,2218200,HSX,stock,development,fold_4
2024-08-16,HPG,25.2,25.7,25.0,25.6,26.95,23.45,15771500,HSX,stock,development,fold_4
2024-08-16,MBB,23.4,24.1,23.35,24.05,24.85,21.65,9449000,HSX,stock,development,fold_4
2024-08-16,MWG,66.0,69.5,65.9,69.0,70.5,61.3,7883500,HSX,stock,development,fold_4
2024-08-16,PNJ,96.8,98.3,96.1,98.1,103.6,90.2,949400,HSX,stock,development,fold_4
2024-08-16,SSI,31.25,32.7,31.15,32.7,33.05,28.75,11168600,HSX,stock,development,fold_4
2024-08-16,TCB,21.15,21.55,21.05,21.45,22.6,19.7,9449400,HSX,stock,development,fold_4
2024-08-16,VCB,88.0,88.9,88.0,88.1,93.7,81.5,873200,HSX,stock,development,fold_4
2024-08-16,VND,14.35,15.15,14.35,15.0,15.2,13.3,6285400,HSX,stock,development,fold_4
2024-08-16,VPB,18.05,18.45,18.0,18.4,19.25,16.75,12873800,HSX,stock,development,fold_4
2024-08-19,FPT,131.1,131.4,130.0,130.5,139.7,121.5,1291500,HSX,stock,development,fold_4
2024-08-19,HPG,25.8,26.35,25.7,25.85,27.35,23.85,10725100,HSX,stock,development,fold_4
2024-08-19,MBB,24.1,24.25,23.95,24.05,25.7,22.4,3541900,HSX,stock,development,fold_4
2024-08-19,MWG,69.0,69.7,68.6,69.0,73.8,64.2,2746600,HSX,stock,development,fold_4
2024-08-19,PNJ,99.0,104.9,98.7,104.9,104.9,91.3,2293500,HSX,stock,development,fold_4
2024-08-19,SSI,33.0,33.0,32.4,32.4,34.95,30.45,4302500,HSX,stock,development,fold_4
2024-08-19,TCB,21.55,21.95,21.4,21.9,22.95,19.95,6304500,HSX,stock,development,fold_4
2024-08-19,VCB,88.8,89.3,88.3,88.8,94.2,82.0,1015700,HSX,stock,development,fold_4
2024-08-19,VND,15.1,15.3,14.95,14.95,16.05,13.95,3839200,HSX,stock,development,fold_4
2024-08-19,VPB,18.4,18.6,18.4,18.45,19.65,17.15,6759600,HSX,stock,development,fold_4
2024-08-20,FPT,130.7,132.5,130.7,131.5,139.6,121.4,1561200,HSX,stock,development,fold_4
2024-08-20,HPG,26.0,26.2,25.8,25.8,27.65,24.05,9309600,HSX,stock,development,fold_4
2024-08-20,MBB,24.1,24.5,24.05,24.25,25.7,22.4,6642600,HSX,stock,development,fold_4
2024-08-20,MWG,69.0,69.5,68.3,69.5,73.8,64.2,4106700,HSX,stock,development,fold_4
2024-08-20,PNJ,106.6,108.4,106.2,108.0,112.2,97.6,1689900,HSX,stock,development,fold_4
2024-08-20,SSI,32.4,32.95,32.3,32.65,34.65,30.15,6084700,HSX,stock,development,fold_4
2024-08-20,TCB,21.95,22.05,21.8,21.85,23.4,20.4,5442700,HSX,stock,development,fold_4
2024-08-20,VCB,88.9,90.8,88.9,90.8,95.0,82.6,1448400,HSX,stock,development,fold_4
2024-08-20,VND,14.9,15.6,14.9,15.55,15.95,13.95,7586100,HSX,stock,development,fold_4
2024-08-20,VPB,18.45,18.65,18.4,18.6,19.7,17.2,10340300,HSX,stock,development,fold_4
2024-08-21,FPT,130.6,133.8,130.6,133.5,140.7,122.3,2644600,HSX,stock,development,fold_4
2024-08-21,HPG,25.85,26.25,25.8,26.15,27.6,24.0,11911200,HSX,stock,development,fold_4
2024-08-21,MBB,24.25,24.8,24.05,24.75,25.9,22.6,9135000,HSX,stock,development,fold_4
2024-08-21,MWG,69.4,70.2,68.9,69.8,74.3,64.7,4333900,HSX,stock,development,fold_4
2024-08-21,PNJ,108.0,108.4,107.0,108.4,115.5,100.5,718100,HSX,stock,development,fold_4
2024-08-21,SSI,32.65,33.05,32.45,33.05,34.9,30.4,5651000,HSX,stock,development,fold_4
2024-08-21,TCB,21.7,22.1,21.55,22.0,23.35,20.35,7419200,HSX,stock,development,fold_4
2024-08-21,VCB,90.8,93.0,90.4,92.8,97.1,84.5,1178200,HSX,stock,development,fold_4
2024-08-21,VND,15.6,15.75,15.45,15.55,16.6,14.5,4743300,HSX,stock,development,fold_4
2024-08-21,VPB,18.5,18.85,18.45,18.75,19.9,17.3,16647200,HSX,stock,development,fold_4
2024-08-22,FPT,134.0,134.5,133.5,133.8,142.8,124.2,1323500,HSX,stock,development,fold_4
2024-08-22,HPG,26.2,26.25,25.7,25.75,27.95,24.35,11374300,HSX,stock,development,fold_4
2024-08-22,MBB,24.85,24.9,24.4,24.4,26.45,23.05,6241800,HSX,stock,development,fold_4
2024-08-22,MWG,69.7,70.2,69.1,70.0,74.6,65.0,3068700,HSX,stock,development,fold_4
2024-08-22,PNJ,108.5,110.2,108.1,109.3,115.9,100.9,850700,HSX,stock,development,fold_4
2024-08-22,SSI,33.05,33.25,32.7,33.1,35.35,30.75,5023700,HSX,stock,development,fold_4
2024-08-22,TCB,22.0,22.65,22.0,22.35,23.5,20.5,7727600,HSX,stock,development,fold_4
2024-08-22,VCB,92.9,93.2,92.1,92.4,99.2,86.4,785500,HSX,stock,development,fold_4
2024-08-22,VND,15.6,15.95,15.5,15.6,16.6,14.5,5969800,HSX,stock,development,fold_4
2024-08-22,VPB,18.75,18.85,18.6,18.75,20.05,17.45,7164100,HSX,stock,development,fold_4
2024-08-23,FPT,133.7,133.7,132.4,133.1,143.1,124.5,1373000,HSX,stock,development,fold_4
2024-08-23,HPG,25.75,26.05,25.4,26.05,27.55,23.95,10055200,HSX,stock,development,fold_4
2024-08-23,MBB,24.4,24.65,24.3,24.55,26.1,22.7,4270300,HSX,stock,development,fold_4
2024-08-23,MWG,70.0,70.2,69.3,70.0,74.9,65.1,2473200,HSX,stock,development,fold_4
2024-08-23,PNJ,109.6,109.6,107.5,108.9,116.9,101.7,783100,HSX,stock,development,fold_4
2024-08-23,SSI,33.2,33.9,32.75,33.6,35.4,30.8,6494100,HSX,stock,development,fold_4
2024-08-23,TCB,22.35,22.5,22.2,22.4,23.9,20.8,4741500,HSX,stock,development,fold_4
2024-08-23,VCB,92.5,92.8,90.5,92.4,98.8,86.0,519300,HSX,stock,development,fold_4
2024-08-23,VND,15.75,15.8,15.4,15.6,16.65,14.55,5251600,HSX,stock,development,fold_4
2024-08-23,VPB,18.8,19.0,18.7,18.75,20.05,17.45,11549900,HSX,stock,development,fold_4
2024-08-26,FPT,133.3,133.5,131.5,131.5,142.4,123.8,1279800,HSX,stock,development,fold_4
2024-08-26,HPG,26.15,26.4,25.95,26.0,27.85,24.25,10825200,HSX,stock,development,fold_4
2024-08-26,MBB,24.7,24.8,24.3,24.45,26.25,22.85,4949900,HSX,stock,development,fold_4
2024-08-26,MWG,70.0,70.8,69.6,69.8,74.9,65.1,2964900,HSX,stock,development,fold_4
2024-08-26,PNJ,107.0,107.5,102.6,102.6,116.5,101.3,2755100,HSX,stock,development,fold_4
2024-08-26,SSI,33.9,34.3,33.6,33.95,35.95,31.25,7806800,HSX,stock,development,fold_4
2024-08-26,TCB,22.5,22.65,22.4,22.5,23.95,20.85,7349400,HSX,stock,development,fold_4
2024-08-26,VCB,92.1,92.6,91.6,92.0,98.8,86.0,611800,HSX,stock,development,fold_4
2024-08-26,VND,15.75,16.0,15.65,15.7,16.65,14.55,7350800,HSX,stock,development,fold_4
2024-08-26,VPB,18.8,19.3,18.8,19.0,20.05,17.45,18547000,HSX,stock,development,fold_4
2024-08-27,FPT,131.5,132.6,130.4,132.5,140.7,122.3,1178800,HSX,stock,development,fold_4
2024-08-27,HPG,26.0,26.05,25.7,25.75,27.8,24.2,5435700,HSX,stock,development,fold_4
2024-08-27,MBB,24.35,24.5,24.3,24.4,26.15,22.75,5246900,HSX,stock,development,fold_4
2024-08-27,MWG,69.4,69.8,67.8,69.8,74.6,65.0,6043700,HSX,stock,development,fold_4
2024-08-27,PNJ,102.9,103.8,100.6,103.0,109.7,95.5,1037100,HSX,stock,development,fold_4
2024-08-27,SSI,33.55,33.9,33.4,33.4,36.3,31.6,4209400,HSX,stock,development,fold_4
2024-08-27,TCB,22.5,22.7,22.45,22.65,24.05,20.95,6477400,HSX,stock,development,fold_4
2024-08-27,VCB,92.0,92.1,90.9,91.5,98.4,85.6,462200,HSX,stock,development,fold_4
2024-08-27,VND,15.65,15.75,15.4,15.45,16.75,14.65,4857600,HSX,stock,development,fold_4
2024-08-27,VPB,19.1,19.15,18.95,19.0,20.3,17.7,7417200,HSX,stock,development,fold_4
2024-08-28,FPT,133.0,134.5,132.9,133.3,141.7,123.3,1142100,HSX,stock,development,fold_4
2024-08-28,HPG,25.85,25.95,25.65,25.7,27.55,23.95,10121900,HSX,stock,development,fold_4
2024-08-28,MBB,24.45,24.7,24.35,24.65,26.1,22.7,4926100,HSX,stock,development,fold_4
2024-08-28,MWG,69.7,69.7,68.7,69.4,74.6,65.0,3668300,HSX,stock,development,fold_4
2024-08-28,PNJ,103.2,103.5,101.2,101.6,110.2,95.8,767400,HSX,stock,development,fold_4
2024-08-28,SSI,33.5,34.25,33.15,34.05,35.7,31.1,7103100,HSX,stock,development,fold_4
2024-08-28,TCB,22.7,23.15,22.6,23.0,24.2,21.1,7800000,HSX,stock,development,fold_4
2024-08-28,VCB,91.7,91.9,91.1,91.1,97.9,85.1,526600,HSX,stock,development,fold_4
2024-08-28,VND,15.55,15.6,15.25,15.4,16.5,14.4,3695600,HSX,stock,development,fold_4
2024-08-28,VPB,19.0,19.1,18.9,18.95,20.3,17.7,5689200,HSX,stock,development,fold_4
2024-08-29,FPT,132.8,133.8,132.2,133.7,142.6,124.0,1088500,HSX,stock,development,fold_4
2024-08-29,HPG,25.8,25.95,25.6,25.6,27.45,23.95,8620000,HSX,stock,development,fold_4
2024-08-29,MBB,24.65,25.2,24.65,24.85,26.35,22.95,9474400,HSX,stock,development,fold_4
2024-08-29,MWG,68.9,69.4,68.6,69.1,74.2,64.6,2799700,HSX,stock,development,fold_4
2024-08-29,PNJ,101.8,102.7,101.0,101.0,108.7,94.5,603000,HSX,stock,development,fold_4
2024-08-29,SSI,34.1,34.2,33.75,33.95,36.4,31.7,3678100,HSX,stock,development,fold_4
2024-08-29,TCB,23.0,23.25,23.0,23.0,24.6,21.4,6543500,HSX,stock,development,fold_4
2024-08-29,VCB,91.0,92.4,91.0,91.5,97.4,84.8,787500,HSX,stock,development,fold_4
2024-08-29,VND,15.55,15.85,15.55,15.6,16.45,14.35,4282200,HSX,stock,development,fold_4
2024-08-29,VPB,18.95,19.35,18.9,18.95,20.25,17.65,10657800,HSX,stock,development,fold_4
2024-08-30,FPT,133.5,134.9,133.0,134.8,143.0,124.4,1596200,HSX,stock,development,fold_4
2024-08-30,HPG,25.7,25.75,25.5,25.5,27.35,23.85,9763800,HSX,stock,development,fold_4
2024-08-30,MBB,24.85,25.0,24.8,24.85,26.55,23.15,4078200,HSX,stock,development,fold_4
2024-08-30,MWG,69.1,69.8,68.7,69.8,73.9,64.3,3195600,HSX,stock,development,fold_4
2024-08-30,PNJ,101.3,102.7,101.3,102.2,108.0,94.0,482500,HSX,stock,development,fold_4
2024-08-30,SSI,33.85,34.0,33.65,33.7,36.3,31.6,4751100,HSX,stock,development,fold_4
2024-08-30,TCB,23.0,23.35,23.0,23.35,24.6,21.4,6541000,HSX,stock,development,fold_4
2024-08-30,VCB,91.5,92.3,91.5,91.7,97.9,85.1,1031300,HSX,stock,development,fold_4
2024-08-30,VND,15.75,15.75,15.5,15.5,16.65,14.55,3383500,HSX,stock,development,fold_4
2024-08-30,VPB,19.1,19.1,18.95,18.95,20.25,17.65,6184000,HSX,stock,development,fold_4
2024-09-04,FPT,133.0,133.0,131.5,133.0,144.2,125.4,2227400,HSX,stock,development,fold_4
2024-09-04,HPG,25.3,25.45,25.1,25.25,27.25,23.75,8136300,HSX,stock,development,fold_4
2024-09-04,MBB,24.45,24.6,24.35,24.4,26.55,23.15,6839900,HSX,stock,development,fold_4
2024-09-04,MWG,68.7,69.7,68.2,69.1,74.6,65.0,2451200,HSX,stock,development,fold_4
2024-09-04,PNJ,101.1,101.8,100.1,101.2,109.3,95.1,639500,HSX,stock,development,fold_4
2024-09-04,SSI,33.15,33.45,33.0,33.15,36.05,31.35,4903800,HSX,stock,development,fold_4
2024-09-04,TCB,23.05,23.25,22.85,23.0,24.95,21.75,6509200,HSX,stock,development,fold_4
2024-09-04,VCB,91.1,91.1,90.3,91.0,98.1,85.3,545300,HSX,stock,development,fold_4
2024-09-04,VND,15.3,15.4,15.05,15.25,16.55,14.45,5239700,HSX,stock,development,fold_4
2024-09-04,VPB,18.8,18.8,18.5,18.5,20.25,17.65,11024600,HSX,stock,development,fold_4
2024-09-05,FPT,133.0,133.0,129.7,130.6,142.3,123.7,3468300,HSX,stock,development,fold_4
2024-09-05,HPG,25.35,25.35,25.0,25.05,27.0,23.5,9056000,HSX,stock,development,fold_4
2024-09-05,MBB,24.4,24.7,23.9,23.95,26.1,22.7,6165400,HSX,stock,development,fold_4
2024-09-05,MWG,68.8,68.9,67.6,67.9,73.9,64.3,4095200,HSX,stock,development,fold_4
2024-09-05,PNJ,101.9,102.5,100.1,100.1,108.2,94.2,620400,HSX,stock,development,fold_4
2024-09-05,SSI,33.5,33.75,32.9,33.1,35.45,30.85,4245500,HSX,stock,development,fold_4
2024-09-05,TCB,22.9,23.05,22.7,22.8,24.6,21.4,4486600,HSX,stock,development,fold_4
2024-09-05,VCB,90.6,91.1,90.1,90.1,97.3,84.7,646200,HSX,stock,development,fold_4
2024-09-05,VND,15.25,15.5,15.15,15.25,16.3,14.2,3858700,HSX,stock,development,fold_4
2024-09-05,VPB,18.55,18.55,18.3,18.3,19.75,17.25,8699800,HSX,stock,development,fold_4
2024-09-06,FPT,130.5,132.9,130.3,132.1,139.7,121.5,1837600,HSX,stock,development,fold_4
2024-09-06,HPG,25.05,25.4,24.75,25.4,26.8,23.3,10559000,HSX,stock,development,fold_4
2024-09-06,MBB,23.9,24.05,23.75,24.0,25.6,22.3,6810600,HSX,stock,development,fold_4
2024-09-06,MWG,67.6,68.0,66.8,68.0,72.6,63.2,3937800,HSX,stock,development,fold_4
2024-09-06,PNJ,100.0,100.6,99.1,99.6,107.1,93.1,585300,HSX,stock,development,fold_4
2024-09-06,SSI,33.1,33.4,32.8,33.4,35.4,30.8,4874400,HSX,stock,development,fold_4
2024-09-06,TCB,22.8,22.95,22.65,22.8,24.35,21.25,6002600,HSX,stock,development,fold_4
2024-09-06,VCB,90.2,90.8,89.8,90.2,96.4,83.8,381900,HSX,stock,development,fold_4
2024-09-06,VND,15.25,15.4,15.15,15.2,16.3,14.2,3740400,HSX,stock,development,fold_4
2024-09-06,VPB,18.3,18.45,18.2,18.45,19.55,17.05,7787200,HSX,stock,development,fold_4
2024-09-09,FPT,130.8,131.9,130.1,131.3,141.3,122.9,1510700,HSX,stock,development,fold_4
2024-09-09,HPG,25.4,26.2,25.3,25.6,27.15,23.65,13894900,HSX,stock,development,fold_4
2024-09-09,MBB,23.9,23.95,23.75,23.95,25.65,22.35,3553200,HSX,stock,development,fold_4
2024-09-09,MWG,67.7,68.0,67.2,67.5,72.7,63.3,2109600,HSX,stock,development,fold_4
2024-09-09,PNJ,99.3,100.0,98.4,99.5,106.5,92.7,554100,HSX,stock,development,fold_4
2024-09-09,SSI,33.2,33.35,32.85,32.9,35.7,31.1,4358600,HSX,stock,development,fold_4
2024-09-09,TCB,22.7,22.85,22.6,22.65,24.35,21.25,6233500,HSX,stock,development,fold_4
2024-09-09,VCB,90.1,90.2,89.2,90.2,96.5,83.9,374500,HSX,stock,development,fold_4
2024-09-09,VND,15.2,15.35,15.1,15.2,16.25,14.15,3338800,HSX,stock,development,fold_4
2024-09-09,VPB,18.4,18.45,18.25,18.35,19.7,17.2,7388900,HSX,stock,development,fold_4
2024-09-10,FPT,131.0,131.0,129.6,130.0,140.4,122.2,2153600,HSX,stock,development,fold_4
2024-09-10,HPG,25.75,25.85,25.15,25.15,27.35,23.85,7330900,HSX,stock,development,fold_4
2024-09-10,MBB,24.05,24.2,23.65,23.75,25.6,22.3,4980400,HSX,stock,development,fold_4
2024-09-10,MWG,67.5,68.7,67.5,67.8,72.2,62.8,3178800,HSX,stock,development,fold_4
2024-09-10,PNJ,99.5,100.4,98.9,99.0,106.4,92.6,419800,HSX,stock,development,fold_4
2024-09-10,SSI,33.1,33.35,32.0,32.4,35.2,30.6,4568600,HSX,stock,development,fold_4
2024-09-10,TCB,22.7,22.75,22.2,22.25,24.2,21.1,6507300,HSX,stock,development,fold_4
2024-09-10,VCB,90.1,90.2,89.0,89.0,96.5,83.9,687100,HSX,stock,development,fold_4
2024-09-10,VND,14.9,14.95,14.45,14.5,15.7,13.7,4799900,HSX,stock,development,fold_4
2024-09-10,VPB,18.4,18.45,18.1,18.15,19.6,17.1,10334100,HSX,stock,development,fold_4
2024-09-11,FPT,130.0,131.3,129.8,130.6,139.1,120.9,1469500,HSX,stock,development,fold_4
2024-09-11,HPG,25.15,25.55,25.05,25.35,26.9,23.4,5606600,HSX,stock,development,fold_4
2024-09-11,MBB,23.75,24.05,23.5,23.9,25.4,22.1,4358500,HSX,stock,development,fold_4
2024-09-11,MWG,67.8,67.9,67.1,67.8,72.5,63.1,3231900,HSX,stock,development,fold_4
2024-09-11,PNJ,98.7,99.4,98.5,99.2,105.9,92.1,396500,HSX,stock,development,fold_4
2024-09-11,SSI,32.4,32.6,31.85,32.5,34.65,30.15,3589900,HSX,stock,development,fold_4
2024-09-11,TCB,22.15,22.25,21.95,22.1,23.8,20.7,4498600,HSX,stock,development,fold_4
2024-09-11,VCB,88.6,89.0,88.0,88.4,95.2,82.8,477700,HSX,stock,development,fold_4
2024-09-11,VND,14.45,14.55,14.15,14.3,15.5,13.5,3238100,HSX,stock,development,fold_4
2024-09-11,VPB,18.1,18.3,18.05,18.25,19.4,16.9,5800100,HSX,stock,development,fold_4
2024-09-12,FPT,131.0,132.5,131.0,132.3,139.7,121.5,1926900,HSX,stock,development,fold_4
2024-09-12,HPG,25.4,25.55,25.1,25.1,27.1,23.6,4368200,HSX,stock,development,fold_4
2024-09-12,MBB,24.0,24.15,23.95,24.0,25.55,22.25,2858000,HSX,stock,development,fold_4
2024-09-12,MWG,68.0,68.0,67.2,67.5,72.5,63.1,2021800,HSX,stock,development,fold_4
2024-09-12,PNJ,99.9,100.2,99.3,99.4,106.1,92.3,386800,HSX,stock,development,fold_4
2024-09-12,SSI,32.7,32.75,32.25,32.25,34.75,30.25,2645500,HSX,stock,development,fold_4
2024-09-12,TCB,22.3,22.4,22.15,22.3,23.6,20.6,5021400,HSX,stock,development,fold_4
2024-09-12,VCB,88.5,90.1,88.4,89.5,94.5,82.3,852900,HSX,stock,development,fold_4
2024-09-12,VND,14.45,14.5,14.3,14.3,15.3,13.3,1800600,HSX,stock,development,fold_4
2024-09-12,VPB,18.25,18.6,18.25,18.5,19.5,17.0,13001600,HSX,stock,development,fold_4
2024-09-13,FPT,132.2,133.4,132.0,133.0,141.5,123.1,1426200,HSX,stock,development,fold_4
2024-09-13,HPG,25.15,25.3,25.0,25.0,26.85,23.35,6094300,HSX,stock,development,fold_4
2024-09-13,MBB,24.05,24.05,23.85,23.9,25.65,22.35,2187700,HSX,stock,development,fold_4
2024-09-13,MWG,67.2,67.5,66.5,67.2,72.2,62.8,3864800,HSX,stock,development,fold_4
2024-09-13,PNJ,99.6,99.9,99.3,99.8,106.3,92.5,313800,HSX,stock,development,fold_4
2024-09-13,SSI,32.3,32.7,32.1,32.3,34.5,30.0,5080400,HSX,stock,development,fold_4
2024-09-13,TCB,22.3,22.35,22.15,22.2,23.85,20.75,4115700,HSX,stock,development,fold_4
2024-09-13,VCB,89.8,90.2,89.1,89.9,95.7,83.3,1065600,HSX,stock,development,fold_4
2024-09-13,VND,14.3,14.5,14.25,14.3,15.3,13.3,2701800,HSX,stock,development,fold_4
2024-09-13,VPB,18.5,18.55,18.3,18.45,19.75,17.25,4436400,HSX,stock,development,fold_4
2024-09-16,FPT,131.8,133.0,131.1,131.1,142.3,123.7,1015900,HSX,stock,development,fold_4
2024-09-16,HPG,25.0,25.25,24.85,24.85,26.75,23.25,6774200,HSX,stock,development,fold_4
2024-09-16,MBB,23.9,24.25,23.85,23.9,25.55,22.25,3612900,HSX,stock,development,fold_4
2024-09-16,MWG,66.9,67.0,66.0,66.1,71.9,62.5,2644700,HSX,stock,development,fold_4
2024-09-16,PNJ,100.0,101.4,99.5,99.5,106.7,92.9,483500,HSX,stock,development,fold_4
2024-09-16,SSI,32.3,32.65,32.05,32.1,34.55,30.05,4351300,HSX,stock,development,fold_4
2024-09-16,TCB,22.2,22.7,22.2,22.2,23.75,20.65,4422200,HSX,stock,development,fold_4
2024-09-16,VCB,89.6,90.0,88.8,88.9,96.1,83.7,334500,HSX,stock,development,fold_4
2024-09-16,VND,14.3,14.4,14.1,14.1,15.3,13.3,4463600,HSX,stock,development,fold_4
2024-09-16,VPB,18.4,18.55,18.25,18.35,19.7,17.2,4439700,HSX,stock,development,fold_4
2024-09-17,FPT,131.2,132.9,131.2,132.9,140.2,122.0,1249300,HSX,stock,development,fold_4
2024-09-17,HPG,24.9,25.25,24.8,25.25,26.55,23.15,6284900,HSX,stock,development,fold_4
2024-09-17,MBB,24.0,24.25,23.8,24.25,25.55,22.25,4269800,HSX,stock,development,fold_4
2024-09-17,MWG,66.2,66.8,65.5,66.8,70.7,61.5,4100400,HSX,stock,development,fold_4
2024-09-17,PNJ,99.2,100.0,99.2,100.0,106.4,92.6,311100,HSX,stock,development,fold_4
2024-09-17,SSI,32.1,32.7,32.05,32.7,34.3,29.9,4498500,HSX,stock,development,fold_4
2024-09-17,TCB,22.15,22.75,22.15,22.75,23.75,20.65,4064100,HSX,stock,development,fold_4
2024-09-17,VCB,89.0,90.5,88.6,90.5,95.1,82.7,448100,HSX,stock,development,fold_4
2024-09-17,VND,14.1,14.55,14.1,14.55,15.05,13.15,3147700,HSX,stock,development,fold_4
2024-09-17,VPB,18.35,18.65,18.3,18.65,19.6,17.1,5869900,HSX,stock,development,fold_4
2024-09-18,FPT,133.4,135.2,132.9,134.6,142.2,123.6,2080100,HSX,stock,development,fold_4
2024-09-18,HPG,25.25,25.35,25.1,25.1,27.0,23.5,6328300,HSX,stock,development,fold_4
2024-09-18,MBB,24.3,24.6,24.15,24.4,25.9,22.6,5692500,HSX,stock,development,fold_4
2024-09-18,MWG,66.9,68.6,66.8,68.2,71.4,62.2,5021200,HSX,stock,development,fold_4
2024-09-18,PNJ,100.2,100.5,99.5,100.0,107.0,93.0,532100,HSX,stock,development,fold_4
2024-09-18,SSI,32.9,33.75,32.8,33.4,34.95,30.45,11165200,HSX,stock,development,fold_4
2024-09-18,TCB,22.75,23.1,22.7,23.0,24.3,21.2,6602500,HSX,stock,development,fold_4
2024-09-18,VCB,90.6,91.9,89.7,91.0,96.8,84.2,730000,HSX,stock,development,fold_4
2024-09-18,VND,14.6,14.9,14.55,14.7,15.55,13.55,4961700,HSX,stock,development,fold_4
2024-09-18,VPB,18.65,18.8,18.5,18.65,19.95,17.35,13200300,HSX,stock,development,fold_4
2024-09-19,FPT,135.0,135.8,134.3,135.2,144.0,125.2,2215000,HSX,stock,development,fold_4
2024-09-19,HPG,25.3,25.5,25.2,25.25,26.85,23.35,6315700,HSX,stock,development,fold_4
2024-09-19,MBB,24.45,24.55,24.35,24.4,26.1,22.7,3341900,HSX,stock,development,fold_4
2024-09-19,MWG,68.5,68.5,67.7,68.2,72.9,63.5,2867500,HSX,stock,development,fold_4
2024-09-19,PNJ,100.0,100.0,98.5,98.9,107.0,93.0,699400,HSX,stock,development,fold_4
2024-09-19,SSI,33.75,33.9,33.55,33.6,35.7,31.1,9956000,HSX,stock,development,fold_4
2024-09-19,TCB,23.2,23.2,22.9,23.2,24.6,21.4,7181200,HSX,stock,development,fold_4
2024-09-19,VCB,91.0,91.7,90.9,91.5,97.3,84.7,553200,HSX,stock,development,fold_4
2024-09-19,VND,14.8,14.85,14.6,14.6,15.7,13.7,5208300,HSX,stock,development,fold_4
2024-09-19,VPB,18.65,18.8,18.65,18.75,19.95,17.35,8984500,HSX,stock,development,fold_4
2024-09-20,FPT,136.3,137.0,135.0,135.3,144.6,125.8,1746400,HSX,stock,development,fold_4
2024-09-20,HPG,25.5,26.05,25.45,25.65,27.0,23.5,18470400,HSX,stock,development,fold_4
2024-09-20,MBB,24.55,25.0,24.55,24.75,26.1,22.7,11220300,HSX,stock,development,fold_4
2024-09-20,MWG,68.6,68.7,68.0,68.0,72.9,63.5,2725000,HSX,stock,development,fold_4
2024-09-20,PNJ,99.3,99.8,98.7,98.8,105.8,92.0,791000,HSX,stock,development,fold_4
2024-09-20,SSI,33.8,33.85,33.4,33.6,35.95,31.25,16165300,HSX,stock,development,fold_4
2024-09-20,TCB,23.3,23.7,23.3,23.55,24.8,21.6,13050900,HSX,stock,development,fold_4
2024-09-20,VCB,91.8,92.0,90.6,90.6,97.9,85.1,1420500,HSX,stock,development,fold_4
2024-09-20,VND,14.75,15.2,14.75,15.0,15.6,13.6,11137400,HSX,stock,development,fold_4
2024-09-20,VPB,18.8,19.1,18.8,18.95,20.05,17.45,27403100,HSX,stock,development,fold_4
2024-09-23,FPT,135.9,135.9,133.4,134.0,144.7,125.9,1345900,HSX,stock,development,fold_4
2024-09-23,HPG,25.8,26.1,25.7,25.7,27.4,23.9,7301900,HSX,stock,development,fold_4
2024-09-23,MBB,24.8,25.4,24.8,24.8,26.45,23.05,9074100,HSX,stock,development,fold_4
2024-09-23,MWG,68.0,68.0,66.8,67.3,72.7,63.3,3970800,HSX,stock,development,fold_4
2024-09-23,PNJ,99.0,99.5,98.5,99.1,105.7,91.9,331100,HSX,stock,development,fold_4
2024-09-23,SSI,26.85,26.95,26.45,26.6,28.05,24.45,10639300,HSX,stock,development,fold_4
2024-09-23,TCB,23.55,23.75,23.35,23.35,25.15,21.95,4144900,HSX,stock,development,fold_4
2024-09-23,VCB,91.3,91.6,90.9,90.9,96.9,84.3,527700,HSX,stock,development,fold_4
2024-09-23,VND,15.0,15.1,14.8,14.85,16.05,13.95,5111600,HSX,stock,development,fold_4
2024-09-23,VPB,19.0,19.2,18.9,19.0,20.25,17.65,12834000,HSX,stock,development,fold_4
2024-09-24,FPT,134.0,134.7,133.7,134.5,143.3,124.7,1006000,HSX,stock,development,fold_4
2024-09-24,HPG,25.7,25.85,25.65,25.85,27.45,23.95,4759200,HSX,stock,development,fold_4
2024-09-24,MBB,24.9,25.3,24.8,25.25,26.5,23.1,7047100,HSX,stock,development,fold_4
2024-09-24,MWG,67.5,68.8,67.5,68.1,72.0,62.6,2867300,HSX,stock,development,fold_4
2024-09-24,PNJ,99.1,100.6,99.1,99.4,106.0,92.2,387500,HSX,stock,development,fold_4
2024-09-24,SSI,26.65,26.65,26.4,26.6,28.45,24.75,3669600,HSX,stock,development,fold_4
2024-09-24,TCB,23.3,23.6,23.3,23.55,24.95,21.75,5269600,HSX,stock,development,fold_4
2024-09-24,VCB,90.9,91.5,90.9,91.2,97.2,84.6,330400,HSX,stock,development,fold_4
2024-09-24,VND,14.8,14.85,14.65,14.8,15.85,13.85,5044200,HSX,stock,development,fold_4
2024-09-24,VPB,19.0,19.2,18.95,19.2,20.3,17.7,15119400,HSX,stock,development,fold_4
2024-09-25,FPT,134.3,134.8,133.6,134.8,143.9,125.1,2194400,HSX,stock,development,fold_4
2024-09-25,HPG,26.1,26.4,26.05,26.2,27.65,24.05,16858800,HSX,stock,development,fold_4
2024-09-25,MBB,25.4,25.9,25.35,25.75,27.0,23.5,12652400,HSX,stock,development,fold_4
2024-09-25,MWG,68.5,68.7,68.0,68.7,72.8,63.4,3003200,HSX,stock,development,fold_4
2024-09-25,PNJ,99.8,99.9,99.0,99.6,106.3,92.5,527700,HSX,stock,development,fold_4
2024-09-25,SSI,26.75,27.6,26.7,27.45,28.45,24.75,10896300,HSX,stock,development,fold_4
2024-09-25,TCB,23.75,23.95,23.6,23.8,25.15,21.95,9829100,HSX,stock,development,fold_4
2024-09-25,VCB,91.5,93.0,91.2,92.8,97.5,84.9,1344400,HSX,stock,development,fold_4
2024-09-25,VND,14.9,15.15,14.85,15.05,15.8,13.8,8582300,HSX,stock,development,fold_4
2024-09-25,VPB,19.3,19.55,19.2,19.45,20.5,17.9,21584500,HSX,stock,development,fold_4
2024-09-26,FPT,135.0,135.0,133.9,134.3,144.2,125.4,1481700,HSX,stock,development,fold_4
2024-09-26,HPG,26.3,26.45,26.05,26.05,28.0,24.4,10104300,HSX,stock,development,fold_4
2024-09-26,MBB,25.75,25.95,25.5,25.7,27.55,23.95,10689300,HSX,stock,development,fold_4
2024-09-26,MWG,68.8,69.5,68.3,68.3,73.5,63.9,3790300,HSX,stock,development,fold_4
2024-09-26,PNJ,99.8,100.4,99.3,99.3,106.5,92.7,693200,HSX,stock,development,fold_4
2024-09-26,SSI,27.45,27.7,27.35,27.5,29.35,25.55,6934800,HSX,stock,development,fold_4
2024-09-26,TCB,23.8,24.4,23.65,24.1,25.45,22.15,10297200,HSX,stock,development,fold_4
2024-09-26,VCB,92.9,93.8,92.5,92.5,99.2,86.4,964500,HSX,stock,development,fold_4
2024-09-26,VND,15.15,15.3,15.05,15.05,16.1,14.0,5866100,HSX,stock,development,fold_4
2024-09-26,VPB,19.5,19.85,19.35,19.6,20.8,18.1,24343900,HSX,stock,development,fold_4
2024-09-27,FPT,134.3,134.4,133.5,134.2,143.7,124.9,1548700,HSX,stock,development,fold_4
2024-09-27,HPG,26.15,26.3,25.9,26.05,27.85,24.25,11836500,HSX,stock,development,fold_4
2024-09-27,MBB,25.7,26.15,25.6,25.7,27.45,23.95,7397600,HSX,stock,development,fold_4
2024-09-27,MWG,68.6,68.6,66.8,67.5,73.0,63.6,5339400,HSX,stock,development,fold_4
2024-09-27,PNJ,99.6,99.6,98.6,99.0,106.2,92.4,509400,HSX,stock,development,fold_4
2024-09-27,SSI,27.5,27.75,27.4,27.6,29.4,25.6,5277900,HSX,stock,development,fold_4
2024-09-27,TCB,24.2,24.35,24.05,24.2,25.75,22.45,7670600,HSX,stock,development,fold_4
2024-09-27,VCB,92.5,93.6,92.5,92.5,98.9,86.1,654100,HSX,stock,development,fold_4
2024-09-27,VND,15.15,15.55,15.1,15.2,16.1,14.0,9209300,HSX,stock,development,fold_4
2024-09-27,VPB,19.7,20.15,19.6,19.75,20.95,18.25,25227200,HSX,stock,development,fold_4
2024-09-30,FPT,134.2,134.5,133.0,134.5,143.5,124.9,1601300,HSX,stock,development,fold_4
2024-09-30,HPG,26.2,26.6,26.15,26.35,27.85,24.25,13740700,HSX,stock,development,fold_4
2024-09-30,MBB,25.45,25.8,25.45,25.7,27.45,23.95,6112000,HSX,stock,development,fold_4
2024-09-30,MWG,67.5,68.1,66.9,68.1,72.2,62.8,3179100,HSX,stock,development,fold_4
2024-09-30,PNJ,99.1,99.2,98.5,98.8,105.9,92.1,546700,HSX,stock,development,fold_4
2024-09-30,SSI,27.5,28.15,27.25,27.9,29.5,25.7,5764300,HSX,stock,development,fold_4
2024-09-30,TCB,24.15,24.35,23.95,24.2,25.85,22.55,11315500,HSX,stock,development,fold_4
2024-09-30,VCB,92.5,92.5,92.0,92.0,98.9,86.1,719000,HSX,stock,development,fold_4
2024-09-30,VND,15.2,15.45,15.15,15.25,16.25,14.15,5639600,HSX,stock,development,fold_4
2024-09-30,VPB,19.7,20.15,19.65,20.1,21.1,18.4,10832000,HSX,stock,development,fold_4
2024-10-01,FPT,134.7,136.2,134.7,135.9,143.9,125.1,2113500,HSX,stock,development,fold_4
2024-10-01,HPG,26.8,27.0,26.65,26.75,28.15,24.55,15868300,HSX,stock,development,fold_4
2024-10-01,MBB,25.75,26.15,25.65,25.65,27.45,23.95,7465900,HSX,stock,development,fold_4
2024-10-01,MWG,68.3,68.7,67.8,67.8,72.8,63.4,4733400,HSX,stock,development,fold_4
2024-10-01,PNJ,99.0,99.2,98.4,98.4,105.7,91.9,753600,HSX,stock,development,fold_4
2024-10-01,SSI,28.0,28.35,27.8,27.8,29.85,25.95,6422600,HSX,stock,development,fold_4
2024-10-01,TCB,24.2,24.8,24.15,24.65,25.85,22.55,19085700,HSX,stock,development,fold_4
2024-10-01,VCB,92.3,93.4,92.0,92.0,98.4,85.6,849500,HSX,stock,development,fold_4
2024-10-01,VND,15.3,15.7,15.3,15.45,16.3,14.2,9339400,HSX,stock,development,fold_4
2024-10-01,VPB,20.1,20.3,19.85,19.9,21.5,18.7,14365100,HSX,stock,development,fold_4
2024-10-02,FPT,134.6,135.9,134.6,135.4,145.4,126.4,791200,HSX,stock,development,fold_4
2024-10-02,HPG,26.7,26.7,26.3,26.3,28.6,24.9,9322400,HSX,stock,development,fold_4
2024-10-02,MBB,25.55,25.85,25.5,25.7,27.4,23.9,5778700,HSX,stock,development,fold_4
2024-10-02,MWG,67.5,67.9,67.0,67.4,72.5,63.1,3041500,HSX,stock,development,fold_4
2024-10-02,PNJ,97.5,98.7,97.3,98.0,103.7,90.3,952100,HSX,stock,development,fold_4
2024-10-02,SSI,27.6,27.8,27.5,27.6,29.7,25.9,5340600,HSX,stock,development,fold_4
2024-10-02,TCB,24.55,25.15,24.35,24.9,26.35,22.95,12200500,HSX,stock,development,fold_4
2024-10-02,VCB,92.3,92.7,91.8,92.7,98.4,85.6,737000,HSX,stock,development,fold_4
2024-10-02,VND,15.35,15.4,15.1,15.1,16.5,14.4,6722100,HSX,stock,development,fold_4
2024-10-02,VPB,19.8,19.9,19.6,19.7,21.25,18.55,15394700,HSX,stock,development,fold_4
2024-10-03,FPT,135.4,136.1,134.0,134.0,144.8,126.0,1300700,HSX,stock,development,fold_4
2024-10-03,HPG,26.45,26.65,26.1,26.2,28.1,24.5,12242400,HSX,stock,development,fold_4
2024-10-03,MBB,25.65,26.1,25.4,25.5,27.45,23.95,9223400,HSX,stock,development,fold_4
2024-10-03,MWG,67.4,67.4,65.8,66.3,72.1,62.7,5604600,HSX,stock,development,fold_4
2024-10-03,PNJ,98.0,98.4,97.1,97.2,104.8,91.2,427600,HSX,stock,development,fold_4
2024-10-03,SSI,27.6,27.95,27.35,27.55,29.5,25.7,5927300,HSX,stock,development,fold_4
2024-10-03,TCB,24.95,25.2,24.35,24.35,26.6,23.2,14257400,HSX,stock,development,fold_4
2024-10-03,VCB,92.6,93.9,92.4,92.6,99.1,86.3,715500,HSX,stock,development,fold_4
2024-10-03,VND,15.15,15.3,14.8,14.8,16.15,14.05,8242200,HSX,stock,development,fold_4
2024-10-03,VPB,19.8,20.45,19.8,20.0,21.05,18.35,22697700,HSX,stock,development,fold_4
2024-10-04,FPT,134.3,134.8,133.5,134.1,143.3,124.7,759400,HSX,stock,development,fold_4
2024-10-04,HPG,26.2,26.5,26.1,26.2,28.0,24.4,8207000,HSX,stock,development,fold_4
2024-10-04,MBB,25.5,25.5,25.1,25.1,27.25,23.75,8641600,HSX,stock,development,fold_4
2024-10-04,MWG,66.5,66.8,66.2,66.4,70.9,61.7,2698300,HSX,stock,development,fold_4
2024-10-04,PNJ,97.2,97.3,95.4,95.4,104.0,90.4,783600,HSX,stock,development,fold_4
2024-10-04,SSI,27.55,27.8,27.3,27.3,29.45,25.65,4465600,HSX,stock,development,fold_4
2024-10-04,TCB,24.35,24.45,24.05,24.05,26.05,22.65,9101300,HSX,stock,development,fold_4
2024-10-04,VCB,92.5,92.8,92.3,92.3,99.0,86.2,483700,HSX,stock,development,fold_4
2024-10-04,VND,14.8,14.95,14.65,14.65,15.8,13.8,6175300,HSX,stock,development,fold_4
2024-10-04,VPB,20.0,20.45,19.95,20.0,21.4,18.6,14777900,HSX,stock,development,fold_4
2024-10-07,FPT,134.2,134.9,133.6,134.1,143.4,124.8,757000,HSX,stock,development,fold_4
2024-10-07,HPG,26.4,26.5,26.2,26.4,28.0,24.4,5789300,HSX,stock,development,fold_4
2024-10-07,MBB,25.3,25.4,25.0,25.2,26.85,23.35,4641100,HSX,stock,development,fold_4
2024-10-07,MWG,66.7,67.1,65.9,66.3,71.0,61.8,2322500,HSX,stock,development,fold_4
2024-10-07,PNJ,95.5,96.4,95.2,95.4,102.0,88.8,404000,HSX,stock,development,fold_4
2024-10-07,SSI,27.5,27.6,27.25,27.6,29.2,25.4,4490400,HSX,stock,development,fold_4
2024-10-07,TCB,24.25,24.35,24.0,24.15,25.7,22.4,5188300,HSX,stock,development,fold_4
2024-10-07,VCB,92.3,92.5,91.8,92.0,98.7,85.9,304900,HSX,stock,development,fold_4
2024-10-07,VND,14.8,15.1,14.75,14.95,15.65,13.65,4553000,HSX,stock,development,fold_4
2024-10-07,VPB,20.1,20.15,19.7,20.0,21.4,18.6,12540900,HSX,stock,development,fold_4
2024-10-08,FPT,134.1,135.1,133.6,133.8,143.4,124.8,1119500,HSX,stock,development,fold_4
2024-10-08,HPG,26.4,27.1,26.35,26.95,28.2,24.6,14242300,HSX,stock,development,fold_4
2024-10-08,MBB,25.2,25.5,25.1,25.2,26.95,23.45,5510900,HSX,stock,development,fold_4
2024-10-08,MWG,66.7,66.7,65.0,65.2,70.9,61.7,5094000,HSX,stock,development,fold_4
2024-10-08,PNJ,95.4,95.4,94.5,94.8,102.0,88.8,429100,HSX,stock,development,fold_4
2024-10-08,SSI,27.75,27.9,27.35,27.4,29.5,25.7,5938500,HSX,stock,development,fold_4
2024-10-08,TCB,24.2,24.6,24.2,24.4,25.8,22.5,7351100,HSX,stock,development,fold_4
2024-10-08,VCB,92.0,92.0,91.0,91.5,98.4,85.6,534800,HSX,stock,development,fold_4
2024-10-08,VND,14.95,15.15,14.8,14.85,15.95,13.95,4232300,HSX,stock,development,fold_4
2024-10-08,VPB,20.0,20.15,19.85,20.1,21.4,18.6,13996300,HSX,stock,development,fold_4
2024-10-09,FPT,134.3,135.8,134.3,135.4,143.1,124.5,1263200,HSX,stock,development,fold_4
2024-10-09,HPG,27.15,27.5,27.05,27.5,28.8,25.1,17213400,HSX,stock,development,fold_4
2024-10-09,MBB,25.3,25.65,25.25,25.6,26.95,23.45,6087700,HSX,stock,development,fold_4
2024-10-09,MWG,65.0,65.3,63.6,64.2,69.7,60.7,9023700,HSX,stock,development,fold_4
2024-10-09,PNJ,94.8,95.0,94.3,94.4,101.4,88.2,415500,HSX,stock,development,fold_4
2024-10-09,SSI,27.35,27.6,27.1,27.3,29.3,25.5,7512300,HSX,stock,development,fold_4
2024-10-09,TCB,24.4,24.75,24.3,24.65,26.1,22.7,8798600,HSX,stock,development,fold_4
2024-10-09,VCB,91.3,91.8,90.9,91.0,97.9,85.1,1116100,HSX,stock,development,fold_4
2024-10-09,VND,14.9,15.35,14.85,15.2,15.85,13.85,6241900,HSX,stock,development,fold_4
2024-10-09,VPB,20.0,20.3,20.0,20.25,21.5,18.7,25090000,HSX,stock,development,fold_4
2024-10-10,FPT,135.8,142.0,135.8,141.7,144.8,126.0,3484700,HSX,stock,development,fold_4
2024-10-10,HPG,27.6,27.7,27.25,27.25,29.4,25.6,10804200,HSX,stock,development,fold_4
2024-10-10,MBB,25.7,25.95,25.5,25.5,27.35,23.85,5791500,HSX,stock,development,fold_4
2024-10-10,MWG,64.5,65.4,64.1,65.0,68.6,59.8,3843000,HSX,stock,development,fold_4
2024-10-10,PNJ,94.2,96.1,94.2,95.5,101.0,87.8,505600,HSX,stock,development,fold_4
2024-10-10,SSI,27.5,27.8,27.35,27.55,29.2,25.4,6019900,HSX,stock,development,fold_4
2024-10-10,TCB,24.9,25.0,24.55,24.55,26.35,22.95,8177200,HSX,stock,development,fold_4
2024-10-10,VCB,92.3,93.0,91.2,91.9,97.3,84.7,748800,HSX,stock,development,fold_4
2024-10-10,VND,15.3,15.45,15.1,15.1,16.25,14.15,5290400,HSX,stock,development,fold_4
2024-10-10,VPB,20.35,20.7,20.3,20.55,21.65,18.85,18213500,HSX,stock,development,fold_4
2024-10-11,FPT,142.0,142.8,139.6,139.6,151.6,131.8,1965100,HSX,stock,development,fold_4
2024-10-11,HPG,27.35,27.45,27.0,27.3,29.15,25.35,6615600,HSX,stock,development,fold_4
2024-10-11,MBB,25.5,25.6,25.35,25.55,27.25,23.75,3213300,HSX,stock,development,fold_4
2024-10-11,MWG,65.0,65.3,63.5,64.5,69.5,60.5,4433900,HSX,stock,development,fold_4
2024-10-11,PNJ,95.4,95.4,94.8,95.4,102.1,88.9,299100,HSX,stock,development,fold_4
2024-10-11,SSI,27.65,27.65,27.35,27.45,29.45,25.65,4214000,HSX,stock,development,fold_4
2024-10-11,TCB,24.55,24.6,24.25,24.45,26.25,22.85,5239400,HSX,stock,development,fold_4
2024-10-11,VCB,91.9,91.9,91.2,91.5,98.3,85.5,554600,HSX,stock,development,fold_4
2024-10-11,VND,15.15,15.35,15.1,15.2,16.15,14.05,4085400,HSX,stock,development,fold_4
2024-10-11,VPB,20.5,20.7,20.35,20.7,21.95,19.15,11523100,HSX,stock,development,fold_4
2024-10-14,FPT,141.1,141.3,137.1,137.6,149.3,129.9,2435000,HSX,stock,development,fold_4
2024-10-14,HPG,27.35,27.45,27.05,27.05,29.2,25.4,8770000,HSX,stock,development,fold_4
2024-10-14,MBB,25.65,26.1,25.5,25.85,27.3,23.8,6428900,HSX,stock,development,fold_4
2024-10-14,MWG,64.9,65.0,63.6,63.6,69.0,60.0,3894200,HSX,stock,development,fold_4
2024-10-14,PNJ,95.0,95.4,94.4,94.7,102.0,88.8,475900,HSX,stock,development,fold_4
2024-10-14,SSI,27.7,28.0,27.5,27.65,29.35,25.55,4939000,HSX,stock,development,fold_4
2024-10-14,TCB,24.55,24.6,24.35,24.35,26.15,22.75,5112100,HSX,stock,development,fold_4
2024-10-14,VCB,92.2,92.2,91.3,91.4,97.9,85.1,496800,HSX,stock,development,fold_4
2024-10-14,VND,15.35,15.45,15.1,15.15,16.25,14.15,5510700,HSX,stock,development,fold_4
2024-10-14,VPB,20.8,20.8,20.4,20.65,22.1,19.3,10717300,HSX,stock,development,fold_4
2024-10-15,FPT,137.6,138.6,136.6,137.0,147.2,128.0,1390800,HSX,stock,development,fold_4
2024-10-15,HPG,27.4,27.45,27.15,27.15,28.9,25.2,9710900,HSX,stock,development,fold_4
2024-10-15,MBB,25.95,26.1,25.65,25.65,27.65,24.05,7547000,HSX,stock,development,fold_4
2024-10-15,MWG,63.9,64.8,63.7,64.4,68.0,59.2,5224000,HSX,stock,development,fold_4
2024-10-15,PNJ,94.7,94.9,94.1,94.1,101.3,88.1,275500,HSX,stock,development,fold_4
2024-10-15,SSI,27.65,27.9,27.25,27.25,29.55,25.75,6547800,HSX,stock,development,fold_4
2024-10-15,TCB,24.35,24.6,24.15,24.25,26.05,22.65,6256300,HSX,stock,development,fold_4
2024-10-15,VCB,91.3,92.1,91.3,91.4,97.7,85.1,738900,HSX,stock,development,fold_4
2024-10-15,VND,15.15,15.3,14.8,14.8,16.2,14.1,7770800,HSX,stock,development,fold_4
2024-10-15,VPB,20.5,21.05,20.5,20.85,22.05,19.25,20159600,HSX,stock,development,fold_4
2024-10-16,FPT,136.4,137.1,136.0,136.3,146.5,127.5,1369100,HSX,stock,development,fold_4
2024-10-16,HPG,27.15,27.3,27.1,27.1,29.05,25.25,5622900,HSX,stock,development,fold_4
2024-10-16,MBB,25.65,25.65,25.4,25.5,27.4,23.9,4957100,HSX,stock,development,fold_4
2024-10-16,MWG,64.4,65.7,64.3,65.5,68.9,59.9,5667500,HSX,stock,development,fold_4
2024-10-16,PNJ,94.3,94.9,94.3,94.6,100.6,87.6,279900,HSX,stock,development,fold_4
2024-10-16,SSI,27.05,27.45,27.05,27.1,29.15,25.35,4724000,HSX,stock,development,fold_4
2024-10-16,TCB,24.2,24.3,24.1,24.2,25.9,22.6,4159300,HSX,stock,development,fold_4
2024-10-16,VCB,91.4,91.8,91.3,91.5,97.7,85.1,644500,HSX,stock,development,fold_4
2024-10-16,VND,14.8,14.95,14.6,14.65,15.8,13.8,5232500,HSX,stock,development,fold_4
2024-10-16,VPB,20.8,20.9,20.65,20.85,22.3,19.4,8734600,HSX,stock,development,fold_4
2024-10-17,FPT,136.5,137.1,135.5,137.0,145.8,126.8,1147200,HSX,stock,development,fold_4
2024-10-17,HPG,27.15,27.25,26.75,27.25,28.95,25.25,8938600,HSX,stock,development,fold_4
2024-10-17,MBB,25.55,25.9,25.35,25.9,27.25,23.75,6564300,HSX,stock,development,fold_4
2024-10-17,MWG,65.8,65.8,65.2,65.8,70.0,61.0,3423800,HSX,stock,development,fold_4
2024-10-17,PNJ,94.7,95.2,94.6,95.1,101.2,88.0,191300,HSX,stock,development,fold_4
2024-10-17,SSI,27.15,27.45,26.95,27.45,28.95,25.25,5783100,HSX,stock,development,fold_4
2024-10-17,TCB,24.2,24.4,24.1,24.35,25.85,22.55,4952800,HSX,stock,development,fold_4
2024-10-17,VCB,92.0,92.3,91.7,92.2,97.9,85.1,615000,HSX,stock,development,fold_4
2024-10-17,VND,14.7,14.9,14.6,14.9,15.65,13.65,3728100,HSX,stock,development,fold_4
2024-10-17,VPB,20.85,20.95,20.7,20.9,22.3,19.4,13771200,HSX,stock,development,fold_4
2024-10-18,FPT,137.4,137.8,136.6,137.0,146.5,127.5,1119800,HSX,stock,development,fold_4
2024-10-18,HPG,27.25,27.3,26.95,26.95,29.15,25.35,7134000,HSX,stock,development,fold_4
2024-10-18,MBB,26.0,26.2,25.7,25.75,27.7,24.1,7838100,HSX,stock,development,fold_4
2024-10-18,MWG,65.9,66.1,65.2,65.7,70.4,61.2,3433100,HSX,stock,development,fold_4
2024-10-18,PNJ,95.5,95.5,94.9,94.9,101.7,88.5,234300,HSX,stock,development,fold_4
2024-10-18,SSI,27.55,27.75,27.35,27.35,29.35,25.55,5450800,HSX,stock,development,fold_4
2024-10-18,TCB,24.45,24.8,24.4,24.45,26.05,22.65,5729200,HSX,stock,development,fold_4
2024-10-18,VCB,92.7,93.1,92.0,92.4,98.6,85.8,726600,HSX,stock,development,fold_4
2024-10-18,VND,14.95,15.05,14.85,14.85,15.9,13.9,3552100,HSX,stock,development,fold_4
2024-10-18,VPB,20.85,20.95,20.55,20.55,22.35,19.45,11639000,HSX,stock,development,fold_4
2024-10-21,FPT,137.0,137.7,135.5,135.5,146.5,127.5,1615500,HSX,stock,development,fold_4
2024-10-21,HPG,26.95,27.05,26.7,26.75,28.8,25.1,6786300,HSX,stock,development,fold_4
2024-10-21,MBB,25.75,25.9,25.55,25.55,27.55,23.95,4662300,HSX,stock,development,fold_4
2024-10-21,MWG,65.3,66.0,64.9,65.8,70.2,61.2,2275900,HSX,stock,development,fold_4
2024-10-21,PNJ,95.0,95.2,94.5,94.6,101.5,88.3,208400,HSX,stock,development,fold_4
2024-10-21,SSI,27.35,27.4,26.9,26.9,29.25,25.45,5494100,HSX,stock,development,fold_4
2024-10-21,TCB,24.45,24.5,24.1,24.15,26.15,22.75,4863900,HSX,stock,development,fold_4
2024-10-21,VCB,92.5,93.3,92.0,92.0,98.8,86.0,784900,HSX,stock,development,fold_4
2024-10-21,VND,14.75,15.0,14.65,14.7,15.85,13.85,5594600,HSX,stock,development,fold_4
2024-10-21,VPB,20.55,20.75,20.4,20.65,21.95,19.15,9360500,HSX,stock,development,fold_4
2024-10-22,FPT,135.7,135.7,133.0,133.1,144.9,126.1,2610100,HSX,stock,development,fold_4
2024-10-22,HPG,26.65,26.85,26.5,26.65,28.6,24.9,9124700,HSX,stock,development,fold_4
2024-10-22,MBB,25.5,25.65,25.15,25.25,27.3,23.8,9714100,HSX,stock,development,fold_4
2024-10-22,MWG,66.3,66.8,65.5,66.3,70.4,61.2,4972400,HSX,stock,development,fold_4
2024-10-22,PNJ,94.4,94.6,92.6,93.0,101.2,88.0,527600,HSX,stock,development,fold_4
2024-10-22,SSI,26.8,27.2,26.7,26.7,28.75,25.05,7897800,HSX,stock,development,fold_4
2024-10-22,TCB,24.2,24.4,24.0,24.2,25.8,22.5,8117600,HSX,stock,development,fold_4
2024-10-22,VCB,92.0,92.2,91.4,91.4,98.4,85.6,746300,HSX,stock,development,fold_4
2024-10-22,VND,14.65,14.8,14.6,14.65,15.7,13.7,4907600,HSX,stock,development,fold_4
2024-10-22,VPB,20.6,20.65,20.3,20.6,22.05,19.25,9930100,HSX,stock,development,fold_4
2024-10-23,FPT,132.9,134.8,132.6,134.2,142.4,123.8,1352800,HSX,stock,development,fold_4
2024-10-23,HPG,26.65,26.7,26.35,26.45,28.5,24.8,6780400,HSX,stock,development,fold_4
2024-10-23,MBB,25.25,25.35,25.15,25.25,27.0,23.5,4913000,HSX,stock,development,fold_4
2024-10-23,MWG,66.1,66.3,65.1,65.7,70.9,61.7,3250300,HSX,stock,development,fold_4
2024-10-23,PNJ,93.3,93.9,93.1,93.8,99.5,86.5,386600,HSX,stock,development,fold_4
2024-10-23,SSI,26.8,27.0,26.7,26.9,28.55,24.85,3811100,HSX,stock,development,fold_4
2024-10-23,TCB,24.2,24.3,23.75,24.2,25.85,22.55,6666900,HSX,stock,development,fold_4
2024-10-23,VCB,91.2,91.8,91.2,91.5,97.7,85.1,510600,HSX,stock,development,fold_4
2024-10-23,VND,14.7,14.75,14.55,14.6,15.65,13.65,4623600,HSX,stock,development,fold_4
2024-10-23,VPB,20.5,20.55,20.3,20.45,22.0,19.2,9257100,HSX,stock,development,fold_4
2024-10-24,FPT,134.2,134.3,133.8,134.3,143.5,124.9,1240600,HSX,stock,development,fold_4
2024-10-24,HPG,26.5,26.7,26.35,26.45,28.3,24.6,7265600,HSX,stock,development,fold_4
2024-10-24,MBB,25.25,25.4,24.7,24.7,27.0,23.5,7984900,HSX,stock,development,fold_4
2024-10-24,MWG,65.4,66.0,64.9,65.4,70.2,61.2,2106600,HSX,stock,development,fold_4
2024-10-24,PNJ,93.9,94.1,93.4,94.0,100.3,87.3,470000,HSX,stock,development,fold_4
2024-10-24,SSI,26.9,27.1,26.8,26.8,28.75,25.05,5094600,HSX,stock,development,fold_4
2024-10-24,TCB,24.15,24.2,23.55,23.65,25.85,22.55,6316000,HSX,stock,development,fold_4
2024-10-24,VCB,92.2,92.3,91.4,91.7,97.9,85.1,455700,HSX,stock,development,fold_4
2024-10-24,VND,14.6,14.65,14.3,14.3,15.6,13.6,5742600,HSX,stock,development,fold_4
2024-10-24,VPB,20.4,20.45,20.0,20.0,21.85,19.05,13936600,HSX,stock,development,fold_4
2024-10-25,FPT,134.3,134.6,133.6,134.0,143.7,124.9,865300,HSX,stock,development,fold_4
2024-10-25,HPG,26.6,26.65,26.45,26.45,28.3,24.6,4950200,HSX,stock,development,fold_4
2024-10-25,MBB,24.8,24.8,24.55,24.65,26.4,23.0,5182800,HSX,stock,development,fold_4
2024-10-25,MWG,65.4,66.0,65.0,65.5,69.9,60.9,2072100,HSX,stock,development,fold_4
2024-10-25,PNJ,94.1,94.2,93.9,94.1,100.5,87.5,251200,HSX,stock,development,fold_4
2024-10-25,SSI,26.8,26.9,26.7,26.7,28.65,24.95,4081200,HSX,stock,development,fold_4
2024-10-25,TCB,23.75,23.85,23.4,23.5,25.3,22.0,5997100,HSX,stock,development,fold_4
2024-10-25,VCB,92.1,92.3,91.7,91.8,98.1,85.3,572900,HSX,stock,development,fold_4
2024-10-25,VND,14.4,14.5,14.3,14.3,15.3,13.3,3057500,HSX,stock,development,fold_4
2024-10-25,VPB,20.1,20.2,20.0,20.1,21.4,18.6,7853000,HSX,stock,development,fold_4
2024-10-28,FPT,134.1,135.0,133.6,134.9,143.3,124.7,713100,HSX,stock,development,fold_4
2024-10-28,HPG,26.5,26.95,26.5,26.75,28.3,24.6,5026100,HSX,stock,development,fold_4
2024-10-28,MBB,24.75,24.85,24.65,24.8,26.35,22.95,1914600,HSX,stock,development,fold_4
2024-10-28,MWG,65.5,65.6,64.9,65.5,70.0,61.0,1788700,HSX,stock,development,fold_4
2024-10-28,PNJ,94.2,94.9,92.6,94.9,100.6,87.6,373600,HSX,stock,development,fold_4
2024-10-28,SSI,26.65,27.0,26.65,26.8,28.55,24.85,2816500,HSX,stock,development,fold_4
2024-10-28,TCB,23.5,23.7,23.45,23.65,25.1,21.9,3020500,HSX,stock,development,fold_4
2024-10-28,VCB,91.5,92.3,91.5,92.0,98.2,85.4,547200,HSX,stock,development,fold_4
2024-10-28,VND,14.3,14.65,14.3,14.6,15.3,13.3,3834800,HSX,stock,development,fold_4
2024-10-28,VPB,20.0,20.1,19.9,20.1,21.5,18.7,5634500,HSX,stock,development,fold_4
2024-10-29,FPT,135.4,135.5,134.8,135.4,144.3,125.5,969700,HSX,stock,development,fold_4
2024-10-29,HPG,26.8,27.15,26.7,27.05,28.6,24.9,6090900,HSX,stock,development,fold_4
2024-10-29,MBB,24.9,25.1,24.85,25.0,26.5,23.1,2739300,HSX,stock,development,fold_4
2024-10-29,MWG,65.6,66.5,65.4,66.5,70.0,61.0,4461700,HSX,stock,development,fold_4
2024-10-29,PNJ,95.0,96.4,95.0,96.3,101.5,88.3,511600,HSX,stock,development,fold_4
2024-10-29,SSI,26.85,27.0,26.7,26.7,28.65,24.95,2348800,HSX,stock,development,fold_4
2024-10-29,TCB,23.7,23.85,23.7,23.75,25.3,22.0,2516700,HSX,stock,development,fold_4
2024-10-29,VCB,92.1,92.6,92.0,92.0,98.4,85.6,651800,HSX,stock,development,fold_4
2024-10-29,VND,14.7,14.8,14.6,14.7,15.6,13.6,2711800,HSX,stock,development,fold_4
2024-10-29,VPB,20.2,20.3,20.15,20.25,21.5,18.7,6870700,HSX,stock,development,fold_4
2024-10-30,FPT,135.4,135.9,135.2,135.9,144.8,126.0,946200,HSX,stock,development,fold_4
2024-10-30,HPG,27.05,27.1,26.8,27.0,28.9,25.2,5711600,HSX,stock,development,fold_4
2024-10-30,MBB,25.0,25.15,24.7,25.0,26.75,23.25,2630800,HSX,stock,development,fold_4
2024-10-30,MWG,66.5,66.5,65.7,66.0,71.1,61.9,4052600,HSX,stock,development,fold_4
2024-10-30,PNJ,96.4,96.5,95.3,95.5,103.0,89.6,120100,HSX,stock,development,fold_4
2024-10-30,SSI,26.8,26.85,26.2,26.35,28.55,24.85,4043500,HSX,stock,development,fold_4
2024-10-30,TCB,23.8,24.0,23.75,24.0,25.4,22.1,4746900,HSX,stock,development,fold_4
2024-10-30,VCB,92.0,92.4,91.6,91.7,98.4,85.6,377000,HSX,stock,development,fold_4
2024-10-30,VND,14.7,14.75,14.45,14.5,15.7,13.7,2420800,HSX,stock,development,fold_4
2024-10-30,VPB,20.25,20.35,20.15,20.25,21.65,18.85,4239600,HSX,stock,development,fold_4
2024-10-31,FPT,135.9,136.0,135.3,135.9,145.4,126.4,656200,HSX,stock,development,fold_4
2024-10-31,HPG,27.05,27.05,26.8,26.9,28.85,25.15,7343400,HSX,stock,development,fold_4
2024-10-31,MBB,25.0,25.2,24.8,25.05,26.75,23.25,3049000,HSX,stock,development,fold_4
2024-10-31,MWG,66.0,66.5,65.6,66.5,70.6,61.4,4123300,HSX,stock,development,fold_4
2024-10-31,PNJ,95.8,95.8,94.7,94.8,102.1,88.9,293500,HSX,stock,development,fold_4
2024-10-31,SSI,26.35,26.6,26.3,26.6,28.15,24.55,3295600,HSX,stock,development,fold_4
2024-10-31,TCB,24.0,24.1,23.85,23.9,25.65,22.35,4071700,HSX,stock,development,fold_4
2024-10-31,VCB,91.5,95.0,91.5,93.6,98.1,85.3,1470700,HSX,stock,development,fold_4
2024-10-31,VND,14.55,14.65,14.45,14.55,15.5,13.5,2600000,HSX,stock,development,fold_4
2024-10-31,VPB,20.25,20.45,20.15,20.45,21.65,18.85,7500300,HSX,stock,development,fold_4
2024-11-01,FPT,135.0,135.0,133.6,134.6,145.4,126.4,1305000,HSX,stock,development,fold_4
2024-11-01,HPG,26.8,26.85,26.45,26.55,28.75,25.05,6327300,HSX,stock,development,fold_4
2024-11-01,MBB,24.95,25.05,24.6,24.6,26.8,23.3,5810900,HSX,stock,development,fold_4
2024-11-01,MWG,65.9,66.1,65.5,66.0,71.1,61.9,18754800,HSX,stock,development,fold_4
2024-11-01,PNJ,94.2,94.2,91.4,91.4,101.4,88.2,3064800,HSX,stock,development,fold_4
2024-11-01,SSI,26.5,26.5,26.05,26.2,28.45,24.75,4196800,HSX,stock,development,fold_4
2024-11-01,TCB,23.85,24.0,23.7,23.7,25.55,22.25,8234800,HSX,stock,development,fold_4
2024-11-01,VCB,94.0,94.9,93.5,93.5,100.1,87.1,945200,HSX,stock,development,fold_4
2024-11-01,VND,14.45,14.5,14.35,14.35,15.55,13.55,2842800,HSX,stock,development,fold_4
2024-11-01,VPB,20.4,20.4,20.05,20.15,21.85,19.05,9889400,HSX,stock,development,fold_4
2024-11-04,FPT,134.6,134.6,132.7,132.8,144.0,125.2,1587200,HSX,stock,development,fold_4
2024-11-04,HPG,26.55,26.55,26.15,26.3,28.4,24.7,8214600,HSX,stock,development,fold_4
2024-11-04,MBB,24.7,24.75,24.4,24.45,26.3,22.9,5011200,HSX,stock,development,fold_4
2024-11-04,MWG,65.9,65.9,64.7,65.1,70.6,61.4,4756200,HSX,stock,development,fold_4
2024-11-04,PNJ,92.0,93.2,91.7,92.7,97.7,85.1,595900,HSX,stock,development,fold_4
2024-11-04,SSI,26.2,26.55,25.9,26.25,28.0,24.4,4928800,HSX,stock,development,fold_4
2024-11-04,TCB,23.75,23.75,23.4,23.45,25.35,22.05,6027200,HSX,stock,development,fold_4
2024-11-04,VCB,94.0,95.3,92.4,92.5,100.0,87.0,1055700,HSX,stock,development,fold_4
2024-11-04,VND,14.45,14.5,14.2,14.3,15.35,13.35,3495700,HSX,stock,development,fold_4
2024-11-04,VPB,20.15,20.2,19.6,19.7,21.55,18.75,14229600,HSX,stock,development,fold_4
2024-11-05,FPT,133.0,134.0,132.3,132.6,142.0,123.6,863900,HSX,stock,development,fold_4
2024-11-05,HPG,26.3,26.55,26.2,26.5,28.1,24.5,3661600,HSX,stock,development,fold_4
2024-11-05,MBB,24.55,24.6,24.4,24.45,26.15,22.75,2934800,HSX,stock,development,fold_4
2024-11-05,MWG,64.9,65.6,64.8,65.6,69.6,60.6,2354400,HSX,stock,development,fold_4
2024-11-05,PNJ,92.7,93.9,92.6,93.5,99.1,86.3,371400,HSX,stock,development,fold_4
2024-11-05,SSI,26.25,26.45,26.15,26.15,28.05,24.45,1922000,HSX,stock,development,fold_4
2024-11-05,TCB,23.5,23.65,23.45,23.45,25.05,21.85,4738600,HSX,stock,development,fold_4
2024-11-05,VCB,92.6,93.0,92.0,92.6,98.9,86.1,638000,HSX,stock,development,fold_4
2024-11-05,VND,14.35,14.4,14.3,14.35,15.3,13.3,1831500,HSX,stock,development,fold_4
2024-11-05,VPB,19.55,19.8,19.55,19.7,21.05,18.35,5255200,HSX,stock,development,fold_4
2024-11-06,FPT,133.1,134.6,133.0,134.6,141.8,123.4,860800,HSX,stock,development,fold_4
2024-11-06,HPG,26.65,27.15,26.55,26.95,28.35,24.65,9064300,HSX,stock,development,fold_4
2024-11-06,MBB,24.65,24.9,24.5,24.85,26.15,22.75,2950300,HSX,stock,development,fold_4
2024-11-06,MWG,65.7,65.7,65.0,65.6,70.1,61.1,2913000,HSX,stock,development,fold_4
2024-11-06,PNJ,93.6,94.9,93.2,94.3,100.0,87.0,343100,HSX,stock,development,fold_4
2024-11-06,SSI,26.3,26.6,26.2,26.45,27.95,24.35,5534500,HSX,stock,development,fold_4
2024-11-06,TCB,23.6,24.05,23.6,23.9,25.05,21.85,8608300,HSX,stock,development,fold_4
2024-11-06,VCB,92.8,93.4,92.8,92.9,99.0,86.2,762000,HSX,stock,development,fold_4
2024-11-06,VND,14.45,14.7,14.4,14.7,15.35,13.35,3259300,HSX,stock,development,fold_4
2024-11-06,VPB,19.75,19.95,19.7,19.85,21.05,18.35,8732300,HSX,stock,development,fold_4
2024-11-07,FPT,135.3,137.6,134.2,135.1,144.0,125.2,1628700,HSX,stock,development,fold_4
2024-11-07,HPG,27.1,27.3,26.95,26.95,28.8,25.1,7040700,HSX,stock,development,fold_4
2024-11-07,MBB,25.0,25.0,24.8,24.8,26.55,23.15,2363300,HSX,stock,development,fold_4
2024-11-07,MWG,65.8,65.8,64.8,65.4,70.1,61.1,2306500,HSX,stock,development,fold_4
2024-11-07,PNJ,94.3,94.4,92.9,93.3,100.9,87.7,371300,HSX,stock,development,fold_4
2024-11-07,SSI,26.65,26.7,26.35,26.35,28.3,24.6,2760800,HSX,stock,development,fold_4
2024-11-07,TCB,24.15,24.15,23.85,23.85,25.55,22.25,4830900,HSX,stock,development,fold_4
2024-11-07,VCB,93.2,93.9,93.2,93.2,99.4,86.4,830200,HSX,stock,development,fold_4
2024-11-07,VND,14.75,14.85,14.7,14.7,15.7,13.7,3408200,HSX,stock,development,fold_4
2024-11-07,VPB,19.9,19.95,19.6,19.7,21.2,18.5,6223800,HSX,stock,development,fold_4
2024-11-08,FPT,136.1,136.8,135.1,135.8,144.5,125.7,1130100,HSX,stock,development,fold_4
2024-11-08,HPG,27.2,27.5,27.0,27.0,28.8,25.1,9576900,HSX,stock,development,fold_4
2024-11-08,MBB,24.85,24.9,24.4,24.55,26.5,23.1,3801900,HSX,stock,development,fold_4
2024-11-08,MWG,65.4,65.4,64.5,65.0,69.9,60.9,2652800,HSX,stock,development,fold_4
2024-11-08,PNJ,93.3,93.3,92.6,93.0,99.8,86.8,343500,HSX,stock,development,fold_4
2024-11-08,SSI,26.35,26.45,26.05,26.1,28.15,24.55,3800900,HSX,stock,development,fold_4
2024-11-08,TCB,24.0,24.0,23.45,23.6,25.5,22.2,6658300,HSX,stock,development,fold_4
2024-11-08,VCB,93.5,93.9,92.2,92.2,99.7,86.7,712500,HSX,stock,development,fold_4
2024-11-08,VND,14.75,14.9,14.65,14.8,15.7,13.7,4719700,HSX,stock,development,fold_4
2024-11-08,VPB,19.8,19.8,19.3,19.5,21.05,18.35,10038100,HSX,stock,development,fold_4
2024-11-11,FPT,136.5,139.5,136.0,138.3,145.3,126.3,2448000,HSX,stock,development,fold_4
2024-11-11,HPG,27.05,27.7,26.95,27.7,28.85,25.15,15756000,HSX,stock,development,fold_4
2024-11-11,MBB,24.55,24.6,23.95,24.3,26.25,22.85,6081900,HSX,stock,development,fold_4
2024-11-11,MWG,64.5,65.0,62.9,63.0,69.5,60.5,4594300,HSX,stock,development,fold_4
2024-11-11,PNJ,92.8,93.0,91.9,92.9,99.5,86.5,368000,HSX,stock,development,fold_4
2024-11-11,SSI,26.1,26.1,25.55,25.7,27.9,24.3,5243300,HSX,stock,development,fold_4
2024-11-11,TCB,23.7,23.7,23.05,23.2,25.25,21.95,6685300,HSX,stock,development,fold_4
2024-11-11,VCB,92.8,92.8,91.9,92.0,98.6,85.8,1142100,HSX,stock,development,fold_4
2024-11-11,VND,14.75,14.8,14.45,14.5,15.8,13.8,3508700,HSX,stock,development,fold_4
2024-11-11,VPB,19.45,19.45,18.95,19.2,20.85,18.15,12844700,HSX,stock,development,fold_4
2024-11-12,FPT,138.6,138.9,135.9,136.8,147.9,128.7,1423600,HSX,stock,development,fold_4
2024-11-12,HPG,27.75,27.9,27.3,27.5,29.6,25.8,11592700,HSX,stock,development,fold_4
2024-11-12,MBB,24.3,24.35,24.1,24.1,26.0,22.6,3990700,HSX,stock,development,fold_4
2024-11-12,MWG,63.1,63.2,60.8,60.8,67.4,58.6,5074300,HSX,stock,development,fold_4
2024-11-12,PNJ,92.5,93.2,92.1,93.2,99.4,86.4,212100,HSX,stock,development,fold_4
2024-11-12,SSI,25.8,26.15,25.55,25.7,27.45,23.95,3924900,HSX,stock,development,fold_4
2024-11-12,TCB,23.4,23.4,22.9,23.05,24.8,21.6,5703700,HSX,stock,development,fold_4
2024-11-12,VCB,92.0,93.2,91.9,91.9,98.4,85.6,848400,HSX,stock,development,fold_4
2024-11-12,VND,14.6,14.7,14.35,14.4,15.5,13.5,2992700,HSX,stock,development,fold_4
2024-11-12,VPB,19.25,19.25,18.9,19.1,20.5,17.9,7053900,HSX,stock,development,fold_4
2024-11-13,FPT,136.7,138.1,136.1,137.8,146.3,127.3,1810400,HSX,stock,development,fold_4
2024-11-13,HPG,27.2,27.4,26.85,27.05,29.4,25.6,10673200,HSX,stock,development,fold_4
2024-11-13,MBB,24.1,24.25,23.85,24.15,25.75,22.45,4468800,HSX,stock,development,fold_4
2024-11-13,MWG,60.8,62.3,60.3,61.9,65.0,56.6,3173300,HSX,stock,development,fold_4
2024-11-13,PNJ,93.1,93.1,92.7,93.0,99.7,86.7,171400,HSX,stock,development,fold_4
2024-11-13,SSI,25.7,25.7,25.25,25.45,27.45,23.95,5712600,HSX,stock,development,fold_4
2024-11-13,TCB,23.0,23.15,22.7,23.15,24.65,21.45,6300100,HSX,stock,development,fold_4
2024-11-13,VCB,91.9,92.9,91.9,92.5,98.3,85.5,860200,HSX,stock,development,fold_4
2024-11-13,VND,14.3,14.45,14.2,14.35,15.4,13.4,4113200,HSX,stock,development,fold_4
2024-11-13,VPB,18.95,19.35,18.75,19.35,20.4,17.8,10237000,HSX,stock,development,fold_4
2024-11-14,FPT,137.9,139.9,136.0,136.0,147.4,128.2,2371800,HSX,stock,development,fold_4
2024-11-14,HPG,27.05,27.1,26.3,26.3,28.9,25.2,9414400,HSX,stock,development,fold_4
2024-11-14,MBB,24.1,24.1,23.8,23.8,25.8,22.5,3835600,HSX,stock,development,fold_4
2024-11-14,MWG,61.5,61.6,60.7,61.3,66.2,57.6,2209900,HSX,stock,development,fold_4
2024-11-14,PNJ,93.0,93.6,92.9,93.0,99.5,86.5,235600,HSX,stock,development,fold_4
2024-11-14,SSI,25.45,25.45,24.65,24.7,27.2,23.7,5945600,HSX,stock,development,fold_4
2024-11-14,TCB,23.0,23.05,22.75,22.8,24.75,21.55,4178500,HSX,stock,development,fold_4
2024-11-14,VCB,92.0,92.5,91.9,92.0,98.9,86.1,938500,HSX,stock,development,fold_4
2024-11-14,VND,14.3,14.35,14.0,14.0,15.35,13.35,3248800,HSX,stock,development,fold_4
2024-11-14,VPB,19.1,19.2,18.8,19.0,20.7,18.0,6977400,HSX,stock,development,fold_4
2024-11-15,FPT,135.3,135.7,132.6,133.9,145.5,126.5,3008300,HSX,stock,development,fold_4
2024-11-15,HPG,26.3,26.35,25.9,25.9,28.1,24.5,11587300,HSX,stock,development,fold_4
2024-11-15,MBB,23.7,23.8,23.5,23.5,25.45,22.15,5313800,HSX,stock,development,fold_4
2024-11-15,MWG,60.8,61.1,59.8,59.9,65.5,57.1,3636000,HSX,stock,development,fold_4
2024-11-15,PNJ,92.9,92.9,91.1,91.4,99.5,86.5,383000,HSX,stock,development,fold_4
2024-11-15,SSI,24.7,24.7,23.8,23.95,26.4,23.0,10676300,HSX,stock,development,fold_4
2024-11-15,TCB,22.8,22.8,22.4,22.45,24.35,21.25,7031000,HSX,stock,development,fold_4
2024-11-15,VCB,92.0,92.5,91.6,91.7,98.4,85.6,918300,HSX,stock,development,fold_4
2024-11-15,VND,13.9,14.1,13.7,13.7,14.95,13.05,4908600,HSX,stock,development,fold_4
2024-11-15,VPB,18.85,18.95,18.7,18.7,20.3,17.7,9802300,HSX,stock,development,fold_4
2024-11-18,FPT,134.0,134.6,132.5,134.0,143.2,124.6,1912500,HSX,stock,development,fold_4
2024-11-18,HPG,26.0,26.05,25.5,25.8,27.7,24.1,8534200,HSX,stock,development,fold_4
2024-11-18,MBB,23.5,23.65,23.1,23.4,25.1,21.9,7297400,HSX,stock,development,fold_4
2024-11-18,MWG,59.9,59.9,57.1,58.9,64.0,55.8,5206400,HSX,stock,development,fold_4
2024-11-18,PNJ,92.2,92.3,90.6,91.9,97.7,85.1,374700,HSX,stock,development,fold_4
2024-11-18,SSI,23.95,24.6,23.8,24.3,25.6,22.3,9853900,HSX,stock,development,fold_4
2024-11-18,TCB,22.4,22.7,22.2,22.45,24.0,20.9,5787900,HSX,stock,development,fold_4
2024-11-18,VCB,91.7,92.3,90.9,91.0,98.1,85.3,1164000,HSX,stock,development,fold_4
2024-11-18,VND,13.7,14.0,13.6,13.85,14.65,12.75,3360000,HSX,stock,development,fold_4
2024-11-18,VPB,18.6,18.9,18.45,18.7,20.0,17.4,10086200,HSX,stock,development,fold_4
2024-11-19,FPT,133.5,133.6,129.9,130.0,143.3,124.7,3288700,HSX,stock,development,fold_4
2024-11-19,HPG,25.85,26.0,25.45,25.45,27.6,24.0,7475100,HSX,stock,development,fold_4
2024-11-19,MBB,23.5,23.6,23.15,23.15,25.0,21.8,3925400,HSX,stock,development,fold_4
2024-11-19,MWG,59.0,59.0,57.5,57.5,63.0,54.8,3040600,HSX,stock,development,fold_4
2024-11-19,PNJ,92.2,92.2,90.8,91.7,98.3,85.5,216900,HSX,stock,development,fold_4
2024-11-19,SSI,24.35,24.5,23.8,23.85,26.0,22.6,4603600,HSX,stock,development,fold_4
2024-11-19,TCB,22.55,22.55,22.2,22.4,24.0,20.9,3952600,HSX,stock,development,fold_4
2024-11-19,VCB,91.5,91.6,90.0,90.0,97.3,84.7,1031300,HSX,stock,development,fold_4
2024-11-19,VND,13.9,13.95,13.7,13.7,14.8,12.9,1926700,HSX,stock,development,fold_4
2024-11-19,VPB,18.75,18.8,18.5,18.5,20.0,17.4,6212800,HSX,stock,development,fold_4
2024-11-20,FPT,130.0,132.4,126.7,132.4,139.1,120.9,3829000,HSX,stock,development,fold_4
2024-11-20,HPG,25.4,26.0,25.25,25.6,27.2,23.7,10382800,HSX,stock,development,fold_4
2024-11-20,MBB,23.15,23.7,23.15,23.55,24.75,21.55,4412300,HSX,stock,development,fold_4
2024-11-20,MWG,57.2,58.1,56.0,56.8,61.5,53.5,4894000,HSX,stock,development,fold_4
2024-11-20,PNJ,91.6,92.8,91.0,92.8,98.1,85.3,431200,HSX,stock,development,fold_4
2024-11-20,SSI,23.9,24.7,23.75,24.3,25.5,22.2,7738100,HSX,stock,development,fold_4
2024-11-20,TCB,22.3,22.85,22.25,22.85,23.95,20.85,5114100,HSX,stock,development,fold_4
2024-11-20,VCB,90.0,91.2,89.9,90.3,96.3,83.7,935600,HSX,stock,development,fold_4
2024-11-20,VND,13.7,14.1,13.6,13.8,14.65,12.75,2834600,HSX,stock,development,fold_4
2024-11-20,VPB,18.4,18.9,18.4,18.7,19.75,17.25,8988000,HSX,stock,development,fold_4
2024-11-21,FPT,132.4,133.0,131.0,133.0,141.6,123.2,1952600,HSX,stock,development,fold_4
2024-11-21,HPG,25.65,25.95,25.55,25.85,27.35,23.85,6798300,HSX,stock,development,fold_4
2024-11-21,MBB,23.6,24.0,23.4,24.0,25.15,21.95,3728100,HSX,stock,development,fold_4
2024-11-21,MWG,57.0,58.9,56.5,58.7,60.7,52.9,3766700,HSX,stock,development,fold_4
2024-11-21,PNJ,92.8,94.0,92.1,94.0,99.2,86.4,678900,HSX,stock,development,fold_4
2024-11-21,SSI,24.3,24.65,24.05,24.6,26.0,22.6,6088600,HSX,stock,development,fold_4
2024-11-21,TCB,22.8,23.2,22.6,23.2,24.4,21.3,5682100,HSX,stock,development,fold_4
2024-11-21,VCB,90.4,91.3,90.2,90.5,96.6,84.0,820900,HSX,stock,development,fold_4
2024-11-21,VND,13.85,13.95,13.8,13.9,14.75,12.85,1255400,HSX,stock,development,fold_4
2024-11-21,VPB,18.7,19.2,18.6,19.2,20.0,17.4,14896400,HSX,stock,development,fold_4
2024-11-22,FPT,132.9,134.4,132.5,133.9,142.3,123.7,1482800,HSX,stock,development,fold_4
2024-11-22,HPG,25.9,26.25,25.85,26.1,27.65,24.05,7377800,HSX,stock,development,fold_4
2024-11-22,MBB,23.95,24.2,23.9,24.0,25.65,22.35,3374400,HSX,stock,development,fold_4
2024-11-22,MWG,58.7,59.4,58.4,59.0,62.8,54.6,2808000,HSX,stock,development,fold_4
2024-11-22,PNJ,94.1,94.1,92.3,92.9,100.5,87.5,200500,HSX,stock,development,fold_4
2024-11-22,SSI,24.5,24.6,24.25,24.35,26.3,22.9,6709200,HSX,stock,development,fold_4
2024-11-22,TCB,23.2,23.55,23.15,23.5,24.8,21.6,6260100,HSX,stock,development,fold_4
2024-11-22,VCB,91.0,91.3,90.6,90.6,96.8,84.2,850800,HSX,stock,development,fold_4
2024-11-22,VND,13.9,14.0,13.7,13.7,14.85,12.95,2616600,HSX,stock,development,fold_4
2024-11-22,VPB,19.2,19.3,19.05,19.05,20.5,17.9,9447900,HSX,stock,development,fold_4
2024-11-25,FPT,134.0,134.0,133.2,133.9,143.2,124.6,1045300,HSX,stock,development,fold_4
2024-11-25,HPG,26.1,26.3,26.05,26.3,27.9,24.3,7682000,HSX,stock,development,fold_4
2024-11-25,MBB,24.0,24.05,23.9,23.95,25.65,22.35,2662500,HSX,stock,development,fold_4
2024-11-25,MWG,58.8,59.3,58.6,59.0,63.1,54.9,2343900,HSX,stock,development,fold_4
2024-11-25,PNJ,93.2,93.3,92.6,92.9,99.4,86.4,165800,HSX,stock,development,fold_4
2024-11-25,SSI,24.4,24.5,24.2,24.5,26.05,22.65,5606900,HSX,stock,development,fold_4
2024-11-25,TCB,23.5,23.6,23.4,23.5,25.1,21.9,3709200,HSX,stock,development,fold_4
2024-11-25,VCB,90.9,92.2,90.9,91.3,96.9,84.3,1173800,HSX,stock,development,fold_4
2024-11-25,VND,13.75,13.9,13.7,13.9,14.65,12.75,2756800,HSX,stock,development,fold_4
2024-11-25,VPB,19.05,19.2,19.05,19.05,20.35,17.75,4667100,HSX,stock,development,fold_4
2024-11-26,FPT,133.4,135.9,133.3,135.2,143.2,124.6,1871600,HSX,stock,development,fold_4
2024-11-26,HPG,26.3,26.5,26.2,26.35,28.1,24.5,6758000,HSX,stock,development,fold_4
2024-11-26,MBB,24.05,24.2,24.0,24.1,25.6,22.3,2251900,HSX,stock,development,fold_4
2024-11-26,MWG,59.3,60.1,59.0,60.0,63.1,54.9,2104500,HSX,stock,development,fold_4
2024-11-26,PNJ,92.9,93.0,92.5,92.8,99.4,86.4,194800,HSX,stock,development,fold_4
2024-11-26,SSI,24.6,24.9,24.5,24.6,26.2,22.8,4348300,HSX,stock,development,fold_4
2024-11-26,TCB,23.5,23.7,23.45,23.55,25.1,21.9,3609400,HSX,stock,development,fold_4
2024-11-26,VCB,91.4,92.9,91.4,92.4,97.6,85.0,942300,HSX,stock,development,fold_4
2024-11-26,VND,13.9,14.15,13.85,14.05,14.85,12.95,2611900,HSX,stock,development,fold_4
2024-11-26,VPB,19.05,19.4,19.05,19.05,20.35,17.75,10684200,HSX,stock,development,fold_4
2024-11-27,FPT,135.2,139.7,135.2,138.9,144.6,125.8,3268200,HSX,stock,development,fold_4
2024-11-27,HPG,26.35,26.45,26.1,26.3,28.15,24.55,3638400,HSX,stock,development,fold_4
2024-11-27,MBB,24.0,24.25,23.9,24.1,25.75,22.45,2020100,HSX,stock,development,fold_4
2024-11-27,MWG,59.9,60.9,59.5,60.2,64.2,55.8,2453900,HSX,stock,development,fold_4
2024-11-27,PNJ,92.8,93.3,92.7,93.0,99.2,86.4,196800,HSX,stock,development,fold_4
2024-11-27,SSI,24.6,24.7,24.25,24.3,26.3,22.9,4063200,HSX,stock,development,fold_4
2024-11-27,TCB,23.5,23.6,23.35,23.5,25.15,21.95,3281600,HSX,stock,development,fold_4
2024-11-27,VCB,92.3,93.2,92.3,92.7,98.8,86.0,600200,HSX,stock,development,fold_4
2024-11-27,VND,14.1,14.1,13.85,13.9,15.0,13.1,1603200,HSX,stock,development,fold_4
2024-11-27,VPB,19.05,19.2,19.0,19.05,20.35,17.75,3068300,HSX,stock,development,fold_4
2024-11-28,FPT,139.4,140.0,138.3,139.4,148.6,129.2,2211700,HSX,stock,development,fold_4
2024-11-28,HPG,26.45,26.75,26.3,26.4,28.1,24.5,6629300,HSX,stock,development,fold_4
2024-11-28,MBB,24.2,24.25,24.0,24.0,25.75,22.45,3437500,HSX,stock,development,fold_4
2024-11-28,MWG,60.3,60.6,59.7,60.0,64.4,56.0,1975900,HSX,stock,development,fold_4
2024-11-28,PNJ,93.7,93.7,92.8,92.8,99.5,86.5,142300,HSX,stock,development,fold_4
2024-11-28,SSI,24.45,24.55,24.25,24.3,26.0,22.6,4232100,HSX,stock,development,fold_4
2024-11-28,TCB,23.65,23.7,23.4,23.6,25.1,21.9,4277000,HSX,stock,development,fold_4
2024-11-28,VCB,93.1,93.5,92.5,92.6,99.1,86.3,704900,HSX,stock,development,fold_4
2024-11-28,VND,14.0,14.05,13.85,13.9,14.85,12.95,1958100,HSX,stock,development,fold_4
2024-11-28,VPB,19.2,19.35,19.05,19.05,20.35,17.75,6845500,HSX,stock,development,fold_4
2024-11-29,FPT,139.4,145.4,139.0,144.3,149.1,129.7,4136100,HSX,stock,development,fold_4
2024-11-29,HPG,26.45,26.75,26.3,26.75,28.2,24.6,6760700,HSX,stock,development,fold_4
2024-11-29,MBB,24.05,24.15,23.95,24.15,25.65,22.35,2270200,HSX,stock,development,fold_4
2024-11-29,MWG,60.0,60.5,58.9,60.5,64.2,55.8,2933700,HSX,stock,development,fold_4
2024-11-29,PNJ,93.2,93.3,92.8,92.9,99.2,86.4,681100,HSX,stock,development,fold_4
2024-11-29,SSI,24.3,24.65,24.2,24.55,26.0,22.6,3946100,HSX,stock,development,fold_4
2024-11-29,TCB,23.5,23.6,23.35,23.6,25.25,21.95,4249600,HSX,stock,development,fold_4
2024-11-29,VCB,92.6,93.3,92.5,93.3,99.0,86.2,576000,HSX,stock,development,fold_4
2024-11-29,VND,13.95,13.95,13.75,13.75,14.85,12.95,2895600,HSX,stock,development,fold_4
2024-11-29,VPB,19.15,19.2,19.0,19.15,20.35,17.75,3244300,HSX,stock,development,fold_4
2024-12-02,FPT,144.3,146.0,141.6,142.2,153.3,133.3,2936900,HSX,stock,development,fold_4
2024-12-02,HPG,26.95,27.15,26.75,26.9,28.6,24.9,9159000,HSX,stock,development,fold_4
2024-12-02,MBB,24.2,24.3,24.05,24.15,25.8,22.5,2294900,HSX,stock,development,fold_4
2024-12-02,MWG,60.7,60.7,59.9,60.4,64.7,56.3,1617000,HSX,stock,development,fold_4
2024-12-02,PNJ,93.0,94.3,93.0,94.0,99.4,86.4,647800,HSX,stock,development,fold_4
2024-12-02,SSI,24.6,24.75,24.3,24.45,26.25,22.85,3417200,HSX,stock,development,fold_4
2024-12-02,TCB,23.7,23.7,23.4,23.65,25.25,21.95,3738300,HSX,stock,development,fold_4
2024-12-02,VCB,94.9,95.1,93.9,94.2,99.8,86.8,885300,HSX,stock,development,fold_4
2024-12-02,VND,13.9,13.9,13.8,13.85,14.7,12.8,2597800,HSX,stock,development,fold_4
2024-12-02,VPB,19.3,19.3,19.1,19.2,20.45,17.85,4450000,HSX,stock,development,fold_4
2024-12-03,FPT,141.7,145.9,141.7,145.0,152.1,132.3,2012000,HSX,stock,development,fold_4
2024-12-03,HPG,26.85,27.0,26.6,27.0,28.75,25.05,7282900,HSX,stock,development,fold_4
2024-12-03,MBB,24.15,24.2,23.95,23.95,25.8,22.5,3703200,HSX,stock,development,fold_4
2024-12-03,MWG,60.1,60.3,59.6,59.8,64.6,56.2,2358200,HSX,stock,development,fold_4
2024-12-03,PNJ,94.0,94.2,93.6,93.6,100.5,87.5,195400,HSX,stock,development,fold_4
2024-12-03,SSI,24.45,24.5,24.25,24.3,26.15,22.75,7029200,HSX,stock,development,fold_4
2024-12-03,TCB,23.65,23.75,23.45,23.65,25.3,22.0,4761700,HSX,stock,development,fold_4
2024-12-03,VCB,94.4,94.4,92.6,93.0,100.7,87.7,1074600,HSX,stock,development,fold_4
2024-12-03,VND,13.85,13.9,13.7,13.75,14.8,12.9,2650900,HSX,stock,development,fold_4
2024-12-03,VPB,19.15,19.2,19.0,19.2,20.5,17.9,6097900,HSX,stock,development,fold_4
2024-12-04,FPT,145.0,146.3,142.8,143.5,155.1,134.9,2888600,HSX,stock,development,fold_4
2024-12-04,HPG,26.85,26.85,26.65,26.7,28.85,25.15,6076000,HSX,stock,development,fold_4
2024-12-04,MBB,23.9,24.0,23.8,23.85,25.6,22.3,3070000,HSX,stock,development,fold_4
2024-12-04,MWG,59.4,59.8,58.0,58.1,63.9,55.7,4634500,HSX,stock,development,fold_4
2024-12-04,PNJ,93.7,94.3,93.5,94.2,100.1,87.1,275400,HSX,stock,development,fold_4
2024-12-04,SSI,24.25,24.3,24.0,24.05,26.0,22.6,4163800,HSX,stock,development,fold_4
2024-12-04,TCB,23.45,23.6,23.4,23.45,25.3,22.0,4709400,HSX,stock,development,fold_4
2024-12-04,VCB,92.8,93.9,92.5,93.5,99.5,86.5,650900,HSX,stock,development,fold_4
2024-12-04,VND,13.75,13.75,13.2,13.25,14.7,12.8,7287200,HSX,stock,development,fold_4
2024-12-04,VPB,19.05,19.15,18.95,19.0,20.5,17.9,5130600,HSX,stock,development,fold_4
2024-12-05,FPT,144.0,148.5,143.6,148.5,153.5,133.5,2449200,HSX,stock,development,fold_4
2024-12-05,HPG,26.7,27.85,26.4,27.85,28.55,24.85,15977800,HSX,stock,development,fold_4
2024-12-05,MBB,23.85,24.6,23.8,24.55,25.5,22.2,5272500,HSX,stock,development,fold_4
2024-12-05,MWG,58.4,61.2,58.1,61.0,62.1,54.1,4112900,HSX,stock,development,fold_4
2024-12-05,PNJ,94.4,96.7,94.4,96.0,100.7,87.7,562400,HSX,stock,development,fold_4
2024-12-05,SSI,24.1,25.7,23.65,25.7,25.7,22.4,13694500,HSX,stock,development,fold_4
2024-12-05,TCB,23.45,24.2,23.35,24.2,25.05,21.85,6563000,HSX,stock,development,fold_4
2024-12-05,VCB,93.0,94.6,93.0,94.0,100.0,87.0,1295900,HSX,stock,development,fold_4
2024-12-05,VND,13.25,13.9,12.5,13.85,14.15,12.35,12524300,HSX,stock,development,fold_4
2024-12-05,VPB,19.0,19.5,18.8,19.5,20.3,17.7,19279600,HSX,stock,development,fold_4
2024-12-06,FPT,151.9,151.9,148.0,149.5,158.8,138.2,2378500,HSX,stock,development,fold_4
2024-12-06,HPG,27.85,27.9,27.5,27.6,29.75,25.95,11309500,HSX,stock,development,fold_4
2024-12-06,MBB,24.6,24.6,24.35,24.35,26.25,22.85,3007200,HSX,stock,development,fold_4
2024-12-06,MWG,60.8,61.9,60.5,61.1,65.2,56.8,3769300,HSX,stock,development,fold_4
2024-12-06,PNJ,96.4,96.5,95.7,96.4,102.7,89.3,425700,HSX,stock,development,fold_4
2024-12-06,SSI,26.0,26.45,25.8,26.35,27.45,23.95,13101100,HSX,stock,development,fold_4
2024-12-06,TCB,24.2,24.25,23.95,24.15,25.85,22.55,5811400,HSX,stock,development,fold_4
2024-12-06,VCB,94.0,95.3,93.9,94.2,100.5,87.5,914100,HSX,stock,development,fold_4
2024-12-06,VND,13.9,13.95,13.45,13.55,14.8,12.9,3717800,HSX,stock,development,fold_4
2024-12-06,VPB,19.5,19.5,19.3,19.35,20.85,18.15,6231100,HSX,stock,development,fold_4
2024-12-09,FPT,149.2,149.5,146.1,147.0,159.9,139.1,2029900,HSX,stock,development,fold_4
2024-12-09,HPG,27.65,27.9,27.5,27.65,29.5,25.7,7536100,HSX,stock,development,fold_4
2024-12-09,MBB,24.4,24.55,24.25,24.4,26.05,22.65,2599700,HSX,stock,development,fold_4
2024-12-09,MWG,61.6,61.6,60.8,61.1,65.3,56.9,2116500,HSX,stock,development,fold_4
2024-12-09,PNJ,96.7,97.4,96.6,96.8,103.1,89.7,475200,HSX,stock,development,fold_4
2024-12-09,SSI,26.3,26.4,26.0,26.2,28.15,24.55,7660200,HSX,stock,development,fold_4
2024-12-09,TCB,24.1,24.3,23.95,24.15,25.8,22.5,4052000,HSX,stock,development,fold_4
2024-12-09,VCB,94.2,95.3,93.9,95.3,100.7,87.7,1127700,HSX,stock,development,fold_4
2024-12-09,VND,13.55,13.6,13.4,13.45,14.45,12.65,4768000,HSX,stock,development,fold_4
2024-12-09,VPB,19.25,19.55,19.2,19.4,20.7,18.0,12486800,HSX,stock,development,fold_4
2024-12-10,FPT,147.1,149.5,147.0,149.5,157.2,136.8,1684300,HSX,stock,development,fold_4
2024-12-10,HPG,27.7,28.2,27.6,27.9,29.55,25.75,12441600,HSX,stock,development,fold_4
2024-12-10,MBB,24.4,24.5,24.25,24.25,26.1,22.7,2286600,HSX,stock,development,fold_4
2024-12-10,MWG,61.1,61.2,60.5,60.8,65.3,56.9,2104500,HSX,stock,development,fold_4
2024-12-10,PNJ,97.0,97.6,96.3,97.0,103.5,90.1,402300,HSX,stock,development,fold_4
2024-12-10,SSI,26.15,26.4,26.0,26.25,28.0,24.4,5922000,HSX,stock,development,fold_4
2024-12-10,TCB,24.05,24.2,24.0,24.05,25.8,22.5,3619600,HSX,stock,development,fold_4
2024-12-10,VCB,95.3,95.3,94.5,94.5,101.9,88.7,536600,HSX,stock,development,fold_4
2024-12-10,VND,13.45,13.5,13.3,13.4,14.35,12.55,3644500,HSX,stock,development,fold_4
2024-12-10,VPB,19.4,19.45,19.2,19.25,20.75,18.05,3565600,HSX,stock,development,fold_4
2024-12-11,FPT,150.0,151.7,149.7,150.5,159.9,139.1,2236200,HSX,stock,development,fold_4
2024-12-11,HPG,27.9,28.15,27.6,27.75,29.85,25.95,8312300,HSX,stock,development,fold_4
2024-12-11,MBB,24.25,24.4,24.1,24.3,25.9,22.6,2829100,HSX,stock,development,fold_4
2024-12-11,MWG,60.7,60.8,59.9,60.0,65.0,56.6,2390000,HSX,stock,development,fold_4
2024-12-11,PNJ,96.7,97.0,96.2,96.8,103.7,90.3,670300,HSX,stock,development,fold_4
2024-12-11,SSI,26.3,26.4,25.95,26.15,28.05,24.45,5326600,HSX,stock,development,fold_4
2024-12-11,TCB,24.05,24.3,24.0,24.15,25.7,22.4,4521500,HSX,stock,development,fold_4
2024-12-11,VCB,94.5,94.8,93.2,93.3,101.1,87.9,813700,HSX,stock,development,fold_4
2024-12-11,VND,13.35,13.45,13.2,13.2,14.3,12.5,3325800,HSX,stock,development,fold_4
2024-12-11,VPB,19.25,19.3,19.05,19.25,20.55,17.95,7923900,HSX,stock,development,fold_4
2024-12-12,FPT,151.9,151.9,149.2,150.2,161.0,140.0,2069700,HSX,stock,development,fold_4
2024-12-12,HPG,27.75,27.9,27.35,27.5,29.65,25.85,8798300,HSX,stock,development,fold_4
2024-12-12,MBB,24.4,24.55,24.3,24.3,26.0,22.6,2490000,HSX,stock,development,fold_4
2024-12-12,MWG,60.3,60.5,59.9,60.0,64.2,55.8,2183400,HSX,stock,development,fold_4
2024-12-12,PNJ,96.8,98.1,96.2,96.8,103.5,90.1,819700,HSX,stock,development,fold_4
2024-12-12,SSI,26.1,26.45,26.0,26.0,27.95,24.35,5292400,HSX,stock,development,fold_4
2024-12-12,TCB,24.2,24.5,24.15,24.25,25.8,22.5,7533000,HSX,stock,development,fold_4
2024-12-12,VCB,93.5,94.4,93.5,93.5,99.8,86.8,404900,HSX,stock,development,fold_4
2024-12-12,VND,13.2,13.4,13.2,13.25,14.1,12.3,2452000,HSX,stock,development,fold_4
2024-12-12,VPB,19.25,19.55,19.15,19.3,20.55,17.95,12524900,HSX,stock,development,fold_4
2024-12-13,FPT,149.5,150.9,149.4,149.5,160.7,139.7,1466000,HSX,stock,development,fold_4
2024-12-13,HPG,27.3,27.4,27.1,27.2,29.4,25.6,6733200,HSX,stock,development,fold_4
2024-12-13,MBB,24.25,24.35,24.2,24.25,26.0,22.6,2253900,HSX,stock,development,fold_4
2024-12-13,MWG,59.8,61.3,59.6,61.0,64.2,55.8,3046800,HSX,stock,development,fold_4
2024-12-13,PNJ,97.0,97.1,96.6,97.0,103.5,90.1,475300,HSX,stock,development,fold_4
2024-12-13,SSI,25.95,26.0,25.7,25.8,27.8,24.2,4820800,HSX,stock,development,fold_4
2024-12-13,TCB,24.3,24.55,24.1,24.35,25.9,22.6,5299200,HSX,stock,development,fold_4
2024-12-13,VCB,93.2,93.6,92.9,93.1,100.0,87.0,682500,HSX,stock,development,fold_4
2024-12-13,VND,13.25,13.3,13.1,13.15,14.15,12.35,2821800,HSX,stock,development,fold_4
2024-12-13,VPB,19.2,19.3,19.1,19.15,20.65,17.95,4245000,HSX,stock,development,fold_4
2024-12-16,FPT,149.6,150.6,149.5,149.9,159.9,139.1,1295000,HSX,stock,development,fold_4
2024-12-16,HPG,27.2,27.35,26.85,27.0,29.1,25.3,7779100,HSX,stock,development,fold_4
2024-12-16,MBB,24.25,24.35,24.0,24.1,25.9,22.6,2344700,HSX,stock,development,fold_4
2024-12-16,MWG,61.0,61.4,60.2,61.0,65.2,56.8,1930800,HSX,stock,development,fold_4
2024-12-16,PNJ,97.5,99.1,97.5,98.2,103.7,90.3,639100,HSX,stock,development,fold_4
2024-12-16,SSI,25.9,26.2,25.75,26.1,27.6,24.0,7430000,HSX,stock,development,fold_4
2024-12-16,TCB,24.3,24.4,24.1,24.3,26.05,22.65,3550500,HSX,stock,development,fold_4
2024-12-16,VCB,93.0,93.2,92.9,93.1,99.6,86.6,663000,HSX,stock,development,fold_4
2024-12-16,VND,13.05,13.25,13.05,13.1,14.05,12.25,2821600,HSX,stock,development,fold_4
2024-12-16,VPB,19.15,19.2,19.0,19.1,20.45,17.85,3053100,HSX,stock,development,fold_4
2024-12-17,FPT,150.1,150.5,147.7,148.0,160.3,139.5,2706400,HSX,stock,development,fold_4
2024-12-17,HPG,27.0,27.1,26.85,27.0,28.85,25.15,6395200,HSX,stock,development,fold_4
2024-12-17,MBB,24.05,24.2,24.05,24.15,25.75,22.45,1980400,HSX,stock,development,fold_4
2024-12-17,MWG,61.0,61.0,60.2,60.3,65.2,56.8,2261700,HSX,stock,development,fold_4
2024-12-17,PNJ,98.0,98.1,97.5,97.8,105.0,91.4,145300,HSX,stock,development,fold_4
2024-12-17,SSI,26.1,26.15,25.85,26.0,27.9,24.3,3003600,HSX,stock,development,fold_4
2024-12-17,TCB,24.4,24.4,24.15,24.2,26.0,22.6,3353400,HSX,stock,development,fold_4
2024-12-17,VCB,93.0,93.1,92.8,93.0,99.6,86.6,588700,HSX,stock,development,fold_4
2024-12-17,VND,13.15,13.25,13.05,13.1,14.0,12.2,1671600,HSX,stock,development,fold_4
2024-12-17,VPB,19.1,19.15,18.95,18.95,20.4,17.8,5081700,HSX,stock,development,fold_4
2024-12-18,FPT,148.0,149.8,148.0,148.7,158.3,137.7,1382200,HSX,stock,development,fold_4
2024-12-18,HPG,27.0,27.35,26.95,27.35,28.85,25.15,6982800,HSX,stock,development,fold_4
2024-12-18,MBB,24.15,24.2,24.05,24.2,25.8,22.5,1828000,HSX,stock,development,fold_4
2024-12-18,MWG,60.2,60.5,59.9,60.2,64.5,56.1,2084800,HSX,stock,development,fold_4
2024-12-18,PNJ,97.6,97.8,97.0,97.5,104.6,91.0,160100,HSX,stock,development,fold_4
2024-12-18,SSI,26.0,26.2,25.8,26.2,27.8,24.2,3930200,HSX,stock,development,fold_4
2024-12-18,TCB,24.25,24.3,24.1,24.2,25.85,22.55,2897600,HSX,stock,development,fold_4
2024-12-18,VCB,93.0,93.3,93.0,93.1,99.5,86.5,322600,HSX,stock,development,fold_4
2024-12-18,VND,13.15,13.2,13.1,13.15,14.0,12.2,1953700,HSX,stock,development,fold_4
2024-12-18,VPB,19.0,19.1,18.95,19.0,20.25,17.65,2780700,HSX,stock,development,fold_4
2024-12-19,FPT,147.3,149.0,147.2,148.1,159.1,138.3,2395700,HSX,stock,development,fold_4
2024-12-19,HPG,27.0,27.15,26.8,26.85,29.25,25.45,13060100,HSX,stock,development,fold_4
2024-12-19,MBB,23.8,24.05,23.8,23.85,25.85,22.55,5219200,HSX,stock,development,fold_4
2024-12-19,MWG,59.8,59.9,59.4,59.8,64.4,56.0,3649300,HSX,stock,development,fold_4
2024-12-19,PNJ,96.6,97.4,96.4,97.4,104.3,90.7,340400,HSX,stock,development,fold_4
2024-12-19,SSI,25.8,26.2,25.45,26.2,28.0,24.4,13294000,HSX,stock,development,fold_4
2024-12-19,TCB,24.0,24.05,23.75,23.75,25.85,22.55,7998900,HSX,stock,development,fold_4
2024-12-19,VCB,92.8,92.8,92.2,92.4,99.6,86.6,1180700,HSX,stock,development,fold_4
2024-12-19,VND,13.0,13.05,12.85,12.95,14.05,12.25,3909000,HSX,stock,development,fold_4
2024-12-19,VPB,18.95,18.95,18.6,18.8,20.3,17.7,10739100,HSX,stock,development,fold_4
2024-12-20,FPT,148.5,150.6,148.3,149.5,158.4,137.8,1431600,HSX,stock,development,fold_4
2024-12-20,HPG,26.85,26.95,26.7,26.7,28.7,25.0,8350300,HSX,stock,development,fold_4
2024-12-20,MBB,23.85,24.0,23.8,24.0,25.5,22.2,1982300,HSX,stock,development,fold_4
2024-12-20,MWG,60.0,60.8,59.6,60.6,63.9,55.7,1737600,HSX,stock,development,fold_4
2024-12-20,PNJ,97.2,97.4,96.8,97.0,104.2,90.6,101500,HSX,stock,development,fold_4
2024-12-20,SSI,26.1,26.25,25.9,26.25,28.0,24.4,7442000,HSX,stock,development,fold_4
2024-12-20,TCB,23.85,23.95,23.8,23.8,25.4,22.1,2486300,HSX,stock,development,fold_4
2024-12-20,VCB,92.4,92.9,92.3,92.5,98.8,86.0,992200,HSX,stock,development,fold_4
2024-12-20,VND,13.0,13.05,12.7,12.7,13.85,12.05,5385500,HSX,stock,development,fold_4
2024-12-20,VPB,18.8,18.9,18.65,18.9,20.1,17.5,4069800,HSX,stock,development,fold_4
2024-12-23,FPT,149.5,149.9,148.7,149.8,159.9,139.1,1460300,HSX,stock,development,fold_4
2024-12-23,HPG,26.75,27.05,26.75,27.0,28.55,24.85,6535900,HSX,stock,development,fold_4
2024-12-23,MBB,24.0,24.15,24.0,24.05,25.65,22.35,1865000,HSX,stock,development,fold_4
2024-12-23,MWG,60.6,61.1,60.5,61.0,64.8,56.4,2780700,HSX,stock,development,fold_4
2024-12-23,PNJ,97.0,97.8,96.9,97.3,103.7,90.3,204600,HSX,stock,development,fold_4
2024-12-23,SSI,26.2,26.3,25.85,25.85,28.05,24.45,4109900,HSX,stock,development,fold_4
2024-12-23,TCB,24.0,24.05,23.8,23.9,25.45,22.15,1745900,HSX,stock,development,fold_4
2024-12-23,VCB,92.6,92.8,92.4,92.4,98.9,86.1,478500,HSX,stock,development,fold_4
2024-12-23,VND,12.75,12.95,12.75,12.8,13.55,11.85,2537600,HSX,stock,development,fold_4
2024-12-23,VPB,18.95,19.15,18.9,18.95,20.2,17.6,4851600,HSX,stock,development,fold_4
2024-12-24,FPT,150.0,150.8,149.4,150.4,160.2,139.4,1079500,HSX,stock,development,fold_4
2024-12-24,HPG,26.9,26.9,26.6,26.7,28.85,25.15,5899000,HSX,stock,development,fold_4
2024-12-24,MBB,24.05,24.05,23.85,23.9,25.7,22.4,1559300,HSX,stock,development,fold_4
2024-12-24,MWG,61.2,61.3,60.7,61.3,65.2,56.8,1769800,HSX,stock,development,fold_4
2024-12-24,PNJ,97.3,97.3,96.0,97.2,104.1,90.5,241800,HSX,stock,development,fold_4
2024-12-24,SSI,25.85,25.95,25.5,25.95,27.65,24.05,5170900,HSX,stock,development,fold_4
2024-12-24,TCB,24.05,24.05,23.8,24.0,25.55,22.25,3005200,HSX,stock,development,fold_4
2024-12-24,VCB,92.7,92.8,92.0,92.1,98.8,86.0,660900,HSX,stock,development,fold_4
2024-12-24,VND,12.8,12.85,12.65,12.75,13.65,11.95,2414200,HSX,stock,development,fold_4
2024-12-24,VPB,18.95,19.0,18.75,18.95,20.25,17.65,3159000,HSX,stock,development,fold_4
2024-12-25,FPT,150.6,151.2,150.4,150.8,160.9,139.9,1349200,HSX,stock,development,fold_4
2024-12-25,HPG,26.75,27.15,26.75,27.15,28.55,24.85,9027100,HSX,stock,development,fold_4
2024-12-25,MBB,23.95,24.8,23.95,24.45,25.55,22.25,6308900,HSX,stock,development,fold_4
2024-12-25,MWG,61.3,62.3,61.3,62.2,65.5,57.1,2969400,HSX,stock,development,fold_4
2024-12-25,PNJ,97.5,97.9,97.0,97.6,104.0,90.4,293700,HSX,stock,development,fold_4
2024-12-25,SSI,26.0,26.75,25.9,26.55,27.75,24.15,11007800,HSX,stock,development,fold_4
2024-12-25,TCB,24.0,24.9,23.95,24.45,25.65,22.35,8735200,HSX,stock,development,fold_4
2024-12-25,VCB,92.2,93.8,92.2,92.4,98.5,85.7,1126800,HSX,stock,development,fold_4
2024-12-25,VND,12.8,13.2,12.8,13.0,13.6,11.9,3861400,HSX,stock,development,fold_4
2024-12-25,VPB,18.95,19.3,18.8,19.2,20.25,17.65,7122000,HSX,stock,development,fold_4
2024-12-26,FPT,151.0,151.4,149.1,149.8,161.3,140.3,1060700,HSX,stock,development,fold_4
2024-12-26,HPG,27.15,27.2,26.85,27.0,29.05,25.25,5543000,HSX,stock,development,fold_4
2024-12-26,MBB,24.5,24.9,24.45,24.9,26.15,22.75,7993100,HSX,stock,development,fold_4
2024-12-26,MWG,62.4,62.4,60.5,61.5,66.5,57.9,3084700,HSX,stock,development,fold_4
2024-12-26,PNJ,97.9,98.0,97.1,97.5,104.4,90.8,247600,HSX,stock,development,fold_4
2024-12-26,SSI,26.5,26.6,26.35,26.35,28.4,24.7,4466800,HSX,stock,development,fold_4
2024-12-26,TCB,24.5,24.55,24.3,24.35,26.15,22.75,2771800,HSX,stock,development,fold_4
2024-12-26,VCB,92.5,92.8,92.0,92.1,98.8,86.0,1385000,HSX,stock,development,fold_4
2024-12-26,VND,13.1,13.15,12.9,12.95,13.9,12.1,2074700,HSX,stock,development,fold_4
2024-12-26,VPB,19.25,19.3,19.05,19.25,20.5,17.9,4797100,HSX,stock,development,fold_4
2024-12-27,FPT,149.5,149.9,148.7,149.6,160.2,139.4,1328500,HSX,stock,development,fold_4
2024-12-27,HPG,27.0,27.0,26.8,26.85,28.85,25.15,6618900,HSX,stock,development,fold_4
2024-12-27,MBB,25.05,25.3,25.0,25.05,26.6,23.2,7768100,HSX,stock,development,fold_4
2024-12-27,MWG,60.6,61.6,60.4,61.4,65.8,57.2,4069100,HSX,stock,development,fold_4
2024-12-27,PNJ,97.6,97.6,97.0,97.6,104.3,90.7,269900,HSX,stock,development,fold_4
2024-12-27,SSI,26.4,26.7,26.3,26.6,28.15,24.55,7886500,HSX,stock,development,fold_4
2024-12-27,TCB,24.5,24.9,24.45,24.6,26.05,22.65,6817900,HSX,stock,development,fold_4
2024-12-27,VCB,92.5,93.0,92.2,92.2,98.5,85.7,1190000,HSX,stock,development,fold_4
2024-12-27,VND,12.95,13.0,12.8,12.85,13.85,12.05,2319000,HSX,stock,development,fold_4
2024-12-27,VPB,19.2,19.35,19.1,19.25,20.55,17.95,8030200,HSX,stock,development,fold_4
2024-12-30,FPT,149.4,150.8,148.5,150.5,160.0,139.2,1128900,HSX,stock,development,fold_4
2024-12-30,HPG,26.8,26.85,26.65,26.75,28.7,25.0,6405300,HSX,stock,development,fold_4
2024-12-30,MBB,25.15,25.15,24.8,24.8,26.8,23.3,4659700,HSX,stock,development,fold_4
2024-12-30,MWG,60.5,61.2,60.5,61.0,65.6,57.2,2557100,HSX,stock,development,fold_4
2024-12-30,PNJ,97.5,98.5,97.2,97.5,104.4,90.8,425600,HSX,stock,development,fold_4
2024-12-30,SSI,26.6,26.9,26.45,26.45,28.45,24.75,5760700,HSX,stock,development,fold_4
2024-12-30,TCB,24.75,24.75,24.35,24.4,26.3,22.9,4191500,HSX,stock,development,fold_4
2024-12-30,VCB,92.2,92.5,92.0,92.0,98.6,85.8,1110600,HSX,stock,development,fold_4
2024-12-30,VND,12.8,12.95,12.75,12.75,13.7,12.0,1991500,HSX,stock,development,fold_4
2024-12-30,VPB,19.2,19.25,19.1,19.25,20.55,17.95,3248800,HSX,stock,development,fold_4
2024-12-31,FPT,150.7,153.9,150.3,152.5,161.0,140.0,1780100,HSX,stock,development,fold_4
2024-12-31,HPG,26.75,26.75,26.6,26.65,28.6,24.9,5056100,HSX,stock,development,fold_4
2024-12-31,MBB,24.8,25.1,24.8,25.1,26.5,23.1,5844500,HSX,stock,development,fold_4
2024-12-31,MWG,60.9,61.0,60.5,61.0,65.2,56.8,3252600,HSX,stock,development,fold_4
2024-12-31,PNJ,97.5,97.9,97.5,97.9,104.3,90.7,367000,HSX,stock,development,fold_4
2024-12-31,SSI,26.45,26.45,26.05,26.05,28.3,24.6,4318600,HSX,stock,development,fold_4
2024-12-31,TCB,24.35,24.65,24.35,24.65,26.1,22.7,6760500,HSX,stock,development,fold_4
2024-12-31,VCB,92.2,92.4,91.2,91.2,98.4,85.6,1861200,HSX,stock,development,fold_4
2024-12-31,VND,12.8,12.8,12.6,12.6,13.6,11.9,3742900,HSX,stock,development,fold_4
2024-12-31,VPB,19.25,19.25,19.05,19.2,20.55,17.95,5362400,HSX,stock,development,fold_4
2025-01-02,FPT,152.5,152.7,150.1,152.0,163.1,141.9,1680000,HSX,stock,development,fold_5
2025-01-02,HPG,26.7,27.05,26.7,27.0,28.5,24.8,7987500,HSX,stock,development,fold_5
2025-01-02,MBB,25.15,25.45,25.05,25.2,26.85,23.35,5186100,HSX,stock,development,fold_5
2025-01-02,MWG,60.9,61.2,60.3,60.6,65.2,56.8,2038900,HSX,stock,development,fold_5
2025-01-02,PNJ,98.0,98.0,97.5,97.9,104.7,91.1,180100,HSX,stock,development,fold_5
2025-01-02,SSI,26.05,26.35,25.9,25.95,27.85,24.25,4520600,HSX,stock,development,fold_5
2025-01-02,TCB,24.65,24.7,24.3,24.35,26.35,22.95,3877300,HSX,stock,development,fold_5
2025-01-02,VCB,91.6,92.5,91.5,91.9,97.5,84.9,1130200,HSX,stock,development,fold_5
2025-01-02,VND,12.6,12.75,12.6,12.6,13.45,11.75,2684700,HSX,stock,development,fold_5
2025-01-02,VPB,19.1,19.2,18.95,19.15,20.5,17.9,5060600,HSX,stock,development,fold_5
2025-01-03,FPT,151.3,151.3,149.0,149.0,162.6,141.4,2018600,HSX,stock,development,fold_5
2025-01-03,HPG,26.9,27.0,26.6,26.6,28.85,25.15,6732700,HSX,stock,development,fold_5
2025-01-03,MBB,25.2,25.2,24.7,24.7,26.95,23.45,5842600,HSX,stock,development,fold_5
2025-01-03,MWG,60.6,60.7,58.6,58.6,64.8,56.4,2923000,HSX,stock,development,fold_5
2025-01-03,PNJ,97.5,97.9,96.2,96.6,104.7,91.1,256000,HSX,stock,development,fold_5
2025-01-03,SSI,25.9,25.95,25.35,25.35,27.75,24.15,6780300,HSX,stock,development,fold_5
2025-01-03,TCB,24.35,24.35,23.6,23.6,26.05,22.65,6640700,HSX,stock,development,fold_5
2025-01-03,VCB,91.9,92.4,91.9,92.0,98.3,85.5,711800,HSX,stock,development,fold_5
2025-01-03,VND,12.6,12.65,12.3,12.35,13.45,11.75,3645500,HSX,stock,development,fold_5
2025-01-03,VPB,19.1,19.1,18.75,18.75,20.45,17.85,5073300,HSX,stock,development,fold_5
2025-01-06,FPT,149.1,150.2,148.4,149.3,159.4,138.6,1742000,HSX,stock,development,fold_5
2025-01-06,HPG,26.6,26.7,26.05,26.05,28.45,24.75,8226100,HSX,stock,development,fold_5
2025-01-06,MBB,24.7,24.9,24.4,24.4,26.4,23.0,7134600,HSX,stock,development,fold_5
2025-01-06,MWG,58.4,59.3,57.0,57.0,62.7,54.5,3080300,HSX,stock,development,fold_5
2025-01-06,PNJ,96.9,96.9,96.1,96.8,103.3,89.9,212700,HSX,stock,development,fold_5
2025-01-06,SSI,25.35,25.5,24.85,24.9,27.1,23.6,4511500,HSX,stock,development,fold_5
2025-01-06,TCB,23.6,23.85,23.5,23.6,25.25,21.95,3814000,HSX,stock,development,fold_5
2025-01-06,VCB,92.0,93.4,91.9,92.9,98.4,85.6,984500,HSX,stock,development,fold_5
2025-01-06,VND,12.3,12.4,11.95,11.95,13.2,11.5,3783500,HSX,stock,development,fold_5
2025-01-06,VPB,18.75,18.9,18.7,18.8,20.05,17.45,3408000,HSX,stock,development,fold_5
2025-01-07,FPT,149.5,151.3,149.5,150.1,159.7,138.9,1703600,HSX,stock,development,fold_5
2025-01-07,HPG,26.15,26.4,26.05,26.05,27.85,24.25,6643800,HSX,stock,development,fold_5
2025-01-07,MBB,21.7,21.7,21.2,21.65,22.65,19.75,5711800,HSX,stock,development,fold_5
2025-01-07,MWG,57.3,57.8,56.4,57.1,60.9,53.1,2800300,HSX,stock,development,fold_5
2025-01-07,PNJ,96.2,96.6,94.6,94.6,103.5,90.1,286500,HSX,stock,development,fold_5
2025-01-07,SSI,25.35,25.35,24.5,24.55,26.6,23.2,8273800,HSX,stock,development,fold_5
2025-01-07,TCB,23.9,23.9,23.55,23.65,25.25,21.95,3091500,HSX,stock,development,fold_5
2025-01-07,VCB,93.2,93.2,92.3,92.3,99.4,86.4,666100,HSX,stock,development,fold_5
2025-01-07,VND,11.95,12.15,11.75,11.8,12.75,11.15,3313200,HSX,stock,development,fold_5
2025-01-07,VPB,18.85,18.9,18.7,18.7,20.1,17.5,3096700,HSX,stock,development,fold_5
2025-01-08,FPT,150.0,150.0,148.1,148.3,160.6,139.6,1877800,HSX,stock,development,fold_5
2025-01-08,HPG,26.05,26.25,25.95,26.25,27.85,24.25,5810500,HSX,stock,development,fold_5
2025-01-08,MBB,21.45,21.7,21.45,21.6,23.15,20.15,2977700,HSX,stock,development,fold_5
2025-01-08,MWG,57.1,58.1,56.5,58.1,61.0,53.2,1713300,HSX,stock,development,fold_5
2025-01-08,PNJ,94.6,96.6,94.3,96.0,101.2,88.0,147900,HSX,stock,development,fold_5
2025-01-08,SSI,24.5,24.8,24.45,24.7,26.25,22.85,4382200,HSX,stock,development,fold_5
2025-01-08,TCB,23.8,24.3,23.65,23.95,25.3,22.0,4928300,HSX,stock,development,fold_5
2025-01-08,VCB,92.3,92.4,91.5,92.4,98.7,85.9,497300,HSX,stock,development,fold_5
2025-01-08,VND,11.65,11.95,11.65,11.85,12.6,11.0,3173100,HSX,stock,development,fold_5
2025-01-08,VPB,18.7,18.9,18.65,18.85,20.0,17.4,1990500,HSX,stock,development,fold_5
2025-01-09,FPT,148.3,149.2,148.0,148.8,158.6,138.0,839500,HSX,stock,development,fold_5
2025-01-09,HPG,26.3,26.3,25.9,26.0,28.05,24.45,3997700,HSX,stock,development,fold_5
2025-01-09,MBB,21.6,21.7,21.45,21.5,23.1,20.1,2385900,HSX,stock,development,fold_5
2025-01-09,MWG,58.0,58.0,57.5,57.7,62.1,54.1,968700,HSX,stock,development,fold_5
2025-01-09,PNJ,96.0,96.0,95.1,95.1,102.7,89.3,93600,HSX,stock,development,fold_5
2025-01-09,SSI,24.7,24.95,24.4,24.4,26.4,23.0,4191000,HSX,stock,development,fold_5
2025-01-09,TCB,24.05,24.05,23.75,23.95,25.6,22.3,2282400,HSX,stock,development,fold_5
2025-01-09,VCB,92.0,92.2,91.7,91.9,98.8,86.0,354600,HSX,stock,development,fold_5
2025-01-09,VND,11.85,11.95,11.8,11.8,12.65,11.05,1964700,HSX,stock,development,fold_5
2025-01-09,VPB,18.9,18.9,18.65,18.7,20.15,17.55,2128600,HSX,stock,development,fold_5
2025-01-10,FPT,148.8,149.1,147.2,147.3,159.2,138.4,1232600,HSX,stock,development,fold_5
2025-01-10,HPG,26.0,26.1,25.55,25.55,27.8,24.2,7036100,HSX,stock,development,fold_5
2025-01-10,MBB,21.45,21.5,21.15,21.15,23.0,20.0,4311200,HSX,stock,development,fold_5
2025-01-10,MWG,57.5,58.0,56.9,57.5,61.7,53.7,1988800,HSX,stock,development,fold_5
2025-01-10,PNJ,95.5,95.5,93.8,93.8,101.7,88.5,164200,HSX,stock,development,fold_5
2025-01-10,SSI,24.3,24.55,23.5,23.7,26.1,22.7,7295300,HSX,stock,development,fold_5
2025-01-10,TCB,24.0,24.0,23.4,23.4,25.6,22.3,3436400,HSX,stock,development,fold_5
2025-01-10,VCB,91.9,92.4,91.4,91.4,98.3,85.5,643900,HSX,stock,development,fold_5
2025-01-10,VND,11.8,11.85,11.4,11.45,12.6,11.0,3999300,HSX,stock,development,fold_5
2025-01-10,VPB,18.7,18.75,18.45,18.5,20.0,17.4,3233700,HSX,stock,development,fold_5
2025-01-13,FPT,146.1,148.5,144.7,147.6,157.6,137.0,1652800,HSX,stock,development,fold_5
2025-01-13,HPG,25.55,26.05,25.45,25.9,27.3,23.8,6086400,HSX,stock,development,fold_5
2025-01-13,MBB,21.15,21.5,20.95,21.5,22.6,19.7,3655400,HSX,stock,development,fold_5
2025-01-13,MWG,56.6,57.7,56.5,57.3,61.5,53.5,2143800,HSX,stock,development,fold_5
2025-01-13,PNJ,93.7,94.9,93.5,94.4,100.3,87.3,173400,HSX,stock,development,fold_5
2025-01-13,SSI,23.55,24.3,23.55,24.15,25.35,22.05,4593500,HSX,stock,development,fold_5
2025-01-13,TCB,23.2,23.8,23.15,23.8,25.0,21.8,4180900,HSX,stock,development,fold_5
2025-01-13,VCB,91.3,91.9,91.1,91.9,97.7,85.1,478500,HSX,stock,development,fold_5
2025-01-13,VND,11.35,11.65,11.25,11.55,12.25,10.65,3651300,HSX,stock,development,fold_5
2025-01-13,VPB,18.45,18.5,18.25,18.3,19.75,17.25,5051700,HSX,stock,development,fold_5
2025-01-14,FPT,147.6,148.0,145.1,145.1,157.9,137.3,1428900,HSX,stock,development,fold_5
2025-01-14,HPG,25.95,26.0,25.8,25.85,27.7,24.1,4061700,HSX,stock,development,fold_5
2025-01-14,MBB,21.4,21.5,21.15,21.3,23.0,20.0,2686100,HSX,stock,development,fold_5
2025-01-14,MWG,57.3,57.5,56.6,57.2,61.3,53.3,1778500,HSX,stock,development,fold_5
2025-01-14,PNJ,95.6,95.6,94.4,95.4,101.0,87.8,270400,HSX,stock,development,fold_5
2025-01-14,SSI,24.2,24.2,23.9,23.95,25.8,22.5,3929300,HSX,stock,development,fold_5
2025-01-14,TCB,23.55,23.75,23.5,23.6,25.45,22.15,2338700,HSX,stock,development,fold_5
2025-01-14,VCB,91.9,91.9,91.2,91.7,98.3,85.5,387600,HSX,stock,development,fold_5
2025-01-14,VND,11.55,11.55,11.25,11.25,12.35,10.75,2919900,HSX,stock,development,fold_5
2025-01-14,VPB,18.25,18.35,18.05,18.15,19.55,17.05,6656700,HSX,stock,development,fold_5
2025-01-15,FPT,146.0,146.5,144.8,145.5,155.2,135.0,1433400,HSX,stock,development,fold_5
2025-01-15,HPG,26.0,26.25,25.9,26.2,27.65,24.05,5418700,HSX,stock,development,fold_5
2025-01-15,MBB,21.45,21.5,21.3,21.35,22.75,19.85,2379500,HSX,stock,development,fold_5
2025-01-15,MWG,57.4,57.9,56.8,57.3,61.2,53.2,1808000,HSX,stock,development,fold_5
2025-01-15,PNJ,95.0,95.8,93.6,94.3,102.0,88.8,226800,HSX,stock,development,fold_5
2025-01-15,SSI,24.15,24.35,24.0,24.15,25.6,22.3,5030400,HSX,stock,development,fold_5
2025-01-15,TCB,23.8,23.9,23.65,23.7,25.25,21.95,3556600,HSX,stock,development,fold_5
2025-01-15,VCB,91.9,91.9,91.4,91.4,98.1,85.3,270700,HSX,stock,development,fold_5
2025-01-15,VND,11.25,11.5,11.25,11.45,12.0,10.5,2732000,HSX,stock,development,fold_5
2025-01-15,VPB,18.3,18.5,18.2,18.4,19.4,16.9,3147600,HSX,stock,development,fold_5
2025-01-16,FPT,146.2,147.0,145.2,146.5,155.6,135.4,2067800,HSX,stock,development,fold_5
2025-01-16,HPG,26.3,26.45,26.05,26.3,28.0,24.4,5556800,HSX,stock,development,fold_5
2025-01-16,MBB,21.5,21.6,21.35,21.4,22.8,19.9,3651000,HSX,stock,development,fold_5
2025-01-16,MWG,57.2,58.0,57.0,57.8,61.3,53.3,2093600,HSX,stock,development,fold_5
2025-01-16,PNJ,94.1,95.7,94.1,95.0,100.9,87.7,184500,HSX,stock,development,fold_5
2025-01-16,SSI,24.4,25.2,24.3,24.4,25.8,22.5,8426300,HSX,stock,development,fold_5
2025-01-16,TCB,23.85,23.95,23.6,23.85,25.35,22.05,4594800,HSX,stock,development,fold_5
2025-01-16,VCB,91.9,93.2,91.8,92.7,97.7,85.1,1488600,HSX,stock,development,fold_5
2025-01-16,VND,11.7,12.25,11.6,12.25,12.25,10.65,8501300,HSX,stock,development,fold_5
2025-01-16,VPB,18.5,18.5,18.2,18.4,19.65,17.15,5731800,HSX,stock,development,fold_5
2025-01-17,FPT,146.6,150.1,146.0,149.0,156.7,136.3,1621900,HSX,stock,development,fold_5
2025-01-17,HPG,26.3,26.5,26.1,26.5,28.1,24.5,7211700,HSX,stock,development,fold_5
2025-01-17,MBB,21.5,21.5,21.35,21.5,22.85,19.95,2271300,HSX,stock,development,fold_5
2025-01-17,MWG,57.3,57.8,57.2,57.7,61.8,53.8,1739200,HSX,stock,development,fold_5
2025-01-17,PNJ,95.5,95.5,94.9,95.2,101.6,88.4,59200,HSX,stock,development,fold_5
2025-01-17,SSI,24.4,24.6,24.25,24.55,26.1,22.7,3503700,HSX,stock,development,fold_5
2025-01-17,TCB,23.85,24.4,23.75,24.4,25.5,22.2,4971500,HSX,stock,development,fold_5
2025-01-17,VCB,92.7,93.0,92.2,92.5,99.1,86.3,640800,HSX,stock,development,fold_5
2025-01-17,VND,12.25,12.25,12.05,12.15,13.1,11.4,2788100,HSX,stock,development,fold_5
2025-01-17,VPB,18.4,18.45,18.3,18.45,19.65,17.15,2495600,HSX,stock,development,fold_5
2025-01-20,FPT,149.0,150.4,148.2,150.0,159.4,138.6,1041900,HSX,stock,development,fold_5
2025-01-20,HPG,26.5,26.75,26.45,26.45,28.35,24.65,4520900,HSX,stock,development,fold_5
2025-01-20,MBB,21.5,21.95,21.5,21.85,23.0,20.0,4377800,HSX,stock,development,fold_5
2025-01-20,MWG,57.7,57.9,57.3,57.5,61.7,53.7,1119100,HSX,stock,development,fold_5
2025-01-20,PNJ,95.7,96.1,95.2,96.1,101.8,88.6,124800,HSX,stock,development,fold_5
2025-01-20,SSI,24.65,24.65,24.35,24.5,26.25,22.85,3000800,HSX,stock,development,fold_5
2025-01-20,TCB,24.4,24.5,24.25,24.4,26.1,22.7,2428100,HSX,stock,development,fold_5
2025-01-20,VCB,92.3,92.5,91.6,91.7,98.9,86.1,931700,HSX,stock,development,fold_5
2025-01-20,VND,12.2,12.3,11.9,11.95,13.0,11.3,4115800,HSX,stock,development,fold_5
2025-01-20,VPB,18.4,18.55,18.35,18.4,19.7,17.2,3167700,HSX,stock,development,fold_5
2025-01-21,FPT,150.5,151.4,149.0,149.9,160.5,139.5,1190900,HSX,stock,development,fold_5
2025-01-21,HPG,26.6,26.6,26.2,26.3,28.3,24.6,5099800,HSX,stock,development,fold_5
2025-01-21,MBB,21.95,22.05,21.75,21.85,23.35,20.35,3599500,HSX,stock,development,fold_5
2025-01-21,MWG,57.7,58.2,57.2,57.7,61.5,53.5,1711400,HSX,stock,development,fold_5
2025-01-21,PNJ,96.3,96.3,94.0,95.6,102.8,89.4,74600,HSX,stock,development,fold_5
2025-01-21,SSI,24.55,24.8,24.4,24.45,26.2,22.8,3836700,HSX,stock,development,fold_5
2025-01-21,TCB,24.4,24.5,24.15,24.2,26.1,22.7,4052000,HSX,stock,development,fold_5
2025-01-21,VCB,92.1,92.1,91.3,91.4,98.1,85.3,638600,HSX,stock,development,fold_5
2025-01-21,VND,12.0,12.2,11.95,11.95,12.75,11.15,3073600,HSX,stock,development,fold_5
2025-01-21,VPB,18.5,18.5,18.25,18.4,19.65,17.15,6705600,HSX,stock,development,fold_5
2025-01-22,FPT,149.6,150.6,149.2,149.7,160.3,139.5,1498700,HSX,stock,development,fold_5
2025-01-22,HPG,26.4,26.4,26.15,26.15,28.1,24.5,5566100,HSX,stock,development,fold_5
2025-01-22,MBB,21.95,21.95,21.75,21.8,23.35,20.35,3190800,HSX,stock,development,fold_5
2025-01-22,MWG,57.9,58.0,57.4,57.4,61.7,53.7,1583600,HSX,stock,development,fold_5
2025-01-22,PNJ,95.9,96.0,95.6,95.8,102.2,89.0,149500,HSX,stock,development,fold_5
2025-01-22,SSI,24.5,24.75,24.4,24.4,26.15,22.75,5147400,HSX,stock,development,fold_5
2025-01-22,TCB,24.45,24.45,24.15,24.2,25.85,22.55,3961400,HSX,stock,development,fold_5
2025-01-22,VCB,92.0,92.0,91.2,91.2,97.7,85.1,559300,HSX,stock,development,fold_5
2025-01-22,VND,12.0,12.05,11.7,11.7,12.75,11.15,3948300,HSX,stock,development,fold_5
2025-01-22,VPB,18.4,18.5,18.25,18.35,19.65,17.15,5588300,HSX,stock,development,fold_5
2025-01-23,FPT,150.1,156.0,150.0,154.3,160.1,139.3,2966800,HSX,stock,development,fold_5
2025-01-23,HPG,26.2,26.75,26.15,26.65,27.95,24.35,7698500,HSX,stock,development,fold_5
2025-01-23,MBB,21.9,22.25,21.8,22.2,23.3,20.3,5723900,HSX,stock,development,fold_5
2025-01-23,MWG,57.3,59.5,57.3,59.2,61.4,53.4,2835700,HSX,stock,development,fold_5
2025-01-23,PNJ,96.8,97.1,96.2,97.1,102.5,89.1,310900,HSX,stock,development,fold_5
2025-01-23,SSI,24.45,25.25,24.45,25.15,26.1,22.7,8973900,HSX,stock,development,fold_5
2025-01-23,TCB,24.35,24.85,24.25,24.6,25.85,22.55,9522600,HSX,stock,development,fold_5
2025-01-23,VCB,91.3,92.9,91.3,92.5,97.5,84.9,1033200,HSX,stock,development,fold_5
2025-01-23,VND,11.75,12.2,11.7,12.0,12.5,10.9,3817500,HSX,stock,development,fold_5
2025-01-23,VPB,18.5,18.9,18.4,18.9,19.6,17.1,12215900,HSX,stock,development,fold_5
2025-01-24,FPT,154.1,154.5,153.4,153.4,165.1,143.5,2154100,HSX,stock,development,fold_5
2025-01-24,HPG,26.65,26.65,26.45,26.55,28.5,24.8,6016800,HSX,stock,development,fold_5
2025-01-24,MBB,22.05,22.45,22.05,22.4,23.75,20.65,4792300,HSX,stock,development,fold_5
2025-01-24,MWG,59.2,60.1,58.6,60.1,63.3,55.1,3703200,HSX,stock,development,fold_5
2025-01-24,PNJ,97.3,98.0,97.2,97.6,103.8,90.4,228400,HSX,stock,development,fold_5
2025-01-24,SSI,25.1,25.25,25.0,25.25,26.9,23.4,5643400,HSX,stock,development,fold_5
2025-01-24,TCB,24.8,24.85,24.65,24.75,26.3,22.9,5626600,HSX,stock,development,fold_5
2025-01-24,VCB,92.1,93.0,92.1,92.6,98.9,86.1,540100,HSX,stock,development,fold_5
2025-01-24,VND,12.1,12.1,11.95,12.0,12.8,11.2,2880200,HSX,stock,development,fold_5
2025-01-24,VPB,18.9,19.0,18.8,18.9,20.2,17.6,6952900,HSX,stock,development,fold_5
2025-02-03,FPT,148.0,149.2,145.3,145.5,164.1,142.7,5202800,HSX,stock,development,fold_5
2025-02-03,HPG,26.5,26.6,26.25,26.4,28.4,24.7,8982800,HSX,stock,development,fold_5
2025-02-03,MBB,22.05,22.25,21.95,22.05,23.95,20.85,5194000,HSX,stock,development,fold_5
2025-02-03,MWG,59.0,59.6,58.5,59.6,64.3,55.9,2716900,HSX,stock,development,fold_5
2025-02-03,PNJ,97.9,98.6,97.6,98.1,104.4,90.8,258800,HSX,stock,development,fold_5
2025-02-03,SSI,24.85,25.05,24.75,24.8,27.0,23.5,6503300,HSX,stock,development,fold_5
2025-02-03,TCB,24.5,24.7,24.25,24.25,26.45,23.05,6175600,HSX,stock,development,fold_5
2025-02-03,VCB,92.3,92.4,91.6,91.6,99.0,86.2,740700,HSX,stock,development,fold_5
2025-02-03,VND,11.95,11.95,11.6,11.6,12.8,11.2,7079700,HSX,stock,development,fold_5
2025-02-03,VPB,18.8,18.8,18.5,18.5,20.2,17.6,5118400,HSX,stock,development,fold_5
2025-02-04,FPT,146.0,147.0,145.3,146.2,155.6,135.4,2228600,HSX,stock,development,fold_5
2025-02-04,HPG,26.5,27.0,26.45,26.85,28.2,24.6,7101600,HSX,stock,development,fold_5
2025-02-04,MBB,22.2,22.6,22.1,22.45,23.55,20.55,4785100,HSX,stock,development,fold_5
2025-02-04,MWG,59.9,59.9,59.0,59.6,63.7,55.5,2011900,HSX,stock,development,fold_5
2025-02-04,PNJ,98.3,98.5,97.9,98.2,104.9,91.3,272800,HSX,stock,development,fold_5
2025-02-04,SSI,24.9,25.45,24.8,25.3,26.5,23.1,6845200,HSX,stock,development,fold_5
2025-02-04,TCB,24.35,24.7,24.3,24.65,25.9,22.6,6013000,HSX,stock,development,fold_5
2025-02-04,VCB,92.1,92.2,91.7,92.0,98.0,85.2,460500,HSX,stock,development,fold_5
2025-02-04,VND,11.75,12.4,11.7,12.4,12.4,10.8,7690800,HSX,stock,development,fold_5
2025-02-04,VPB,18.75,18.8,18.55,18.75,19.75,17.25,6176000,HSX,stock,development,fold_5
2025-02-05,FPT,146.9,147.5,145.8,146.3,156.4,136.0,2032000,HSX,stock,development,fold_5
2025-02-05,HPG,26.85,27.0,26.75,26.8,28.7,25.0,7253500,HSX,stock,development,fold_5
2025-02-05,MBB,22.5,22.55,22.3,22.5,24.0,20.9,2809100,HSX,stock,development,fold_5
2025-02-05,MWG,59.6,59.8,59.1,59.4,63.7,55.5,1690900,HSX,stock,development,fold_5
2025-02-05,PNJ,98.1,98.3,97.9,98.2,105.0,91.4,240900,HSX,stock,development,fold_5
2025-02-05,SSI,25.45,25.45,25.05,25.05,27.05,23.55,4903400,HSX,stock,development,fold_5
2025-02-05,TCB,24.85,24.9,24.55,24.7,26.35,22.95,4704600,HSX,stock,development,fold_5
2025-02-05,VCB,92.0,92.8,92.0,92.6,98.4,85.6,835100,HSX,stock,development,fold_5
2025-02-05,VND,12.6,12.75,12.35,12.45,13.25,11.55,7891800,HSX,stock,development,fold_5
2025-02-05,VPB,18.75,19.1,18.75,19.05,20.05,17.45,6361300,HSX,stock,development,fold_5
2025-02-06,FPT,147.0,147.3,145.6,146.5,156.5,136.1,1584100,HSX,stock,development,fold_5
2025-02-06,HPG,26.8,26.95,26.75,26.8,28.65,24.95,6604200,HSX,stock,development,fold_5
2025-02-06,MBB,22.55,22.95,22.55,22.6,24.05,20.95,3786500,HSX,stock,development,fold_5
2025-02-06,MWG,59.5,59.6,58.7,59.1,63.5,55.3,2190900,HSX,stock,development,fold_5
2025-02-06,PNJ,98.4,100.0,98.3,99.6,105.0,91.4,638900,HSX,stock,development,fold_5
2025-02-06,SSI,25.2,25.4,25.05,25.05,26.8,23.3,4181800,HSX,stock,development,fold_5
2025-02-06,TCB,24.9,25.5,24.8,25.2,26.4,23.0,13647800,HSX,stock,development,fold_5
2025-02-06,VCB,92.8,93.4,92.7,92.9,99.0,86.2,712500,HSX,stock,development,fold_5
2025-02-06,VND,12.6,13.15,12.55,12.9,13.3,11.6,7874700,HSX,stock,development,fold_5
2025-02-06,VPB,19.1,19.2,18.95,19.05,20.35,17.75,5084100,HSX,stock,development,fold_5
2025-02-07,FPT,146.5,146.7,145.8,146.1,156.7,136.3,2086000,HSX,stock,development,fold_5
2025-02-07,HPG,26.8,26.8,26.6,26.65,28.65,24.95,5980900,HSX,stock,development,fold_5
2025-02-07,MBB,22.7,23.0,22.4,22.75,24.15,21.05,5757100,HSX,stock,development,fold_5
2025-02-07,MWG,58.9,59.0,57.8,58.9,63.2,55.0,3709000,HSX,stock,development,fold_5
2025-02-07,PNJ,98.8,99.5,97.8,98.3,106.5,92.7,285000,HSX,stock,development,fold_5
2025-02-07,SSI,25.05,25.2,24.95,25.0,26.8,23.3,3776400,HSX,stock,development,fold_5
2025-02-07,TCB,25.45,25.8,25.2,25.75,26.95,23.45,11338800,HSX,stock,development,fold_5
2025-02-07,VCB,92.9,93.2,92.5,93.0,99.4,86.4,1221900,HSX,stock,development,fold_5
2025-02-07,VND,13.0,13.0,12.7,12.8,13.8,12.0,3407000,HSX,stock,development,fold_5
2025-02-07,VPB,18.95,19.2,18.9,18.95,20.35,17.75,4645600,HSX,stock,development,fold_5
2025-02-10,FPT,145.5,145.5,142.0,142.0,156.3,135.9,3451300,HSX,stock,development,fold_5
2025-02-10,HPG,26.5,26.5,25.4,25.4,28.5,24.8,22927200,HSX,stock,development,fold_5
2025-02-10,MBB,22.7,23.25,22.45,22.9,24.3,21.2,8218000,HSX,stock,development,fold_5
2025-02-10,MWG,58.3,58.3,57.4,57.4,63.0,54.8,3694600,HSX,stock,development,fold_5
2025-02-10,PNJ,97.5,97.5,95.0,95.2,104.5,90.9,333600,HSX,stock,development,fold_5
2025-02-10,SSI,24.95,25.15,24.65,24.9,26.75,23.25,6850300,HSX,stock,development,fold_5
2025-02-10,TCB,25.75,26.25,25.45,25.75,27.55,23.95,9387400,HSX,stock,development,fold_5
2025-02-10,VCB,92.9,92.9,91.9,92.2,99.5,86.5,1138500,HSX,stock,development,fold_5
2025-02-10,VND,12.7,12.8,12.55,12.6,13.65,11.95,5956100,HSX,stock,development,fold_5
2025-02-10,VPB,18.9,19.1,18.75,18.85,20.25,17.65,5782900,HSX,stock,development,fold_5
2025-02-11,FPT,142.2,145.4,140.1,145.4,151.9,132.1,2317300,HSX,stock,development,fold_5
2025-02-11,HPG,25.45,26.1,25.45,26.1,27.15,23.65,12556900,HSX,stock,development,fold_5
2025-02-11,MBB,23.0,23.0,22.85,23.0,24.5,21.3,3441900,HSX,stock,development,fold_5
2025-02-11,MWG,57.4,57.4,56.4,56.4,61.4,53.4,3623700,HSX,stock,development,fold_5
2025-02-11,PNJ,95.3,95.9,94.5,94.5,101.8,88.6,183100,HSX,stock,development,fold_5
2025-02-11,SSI,24.95,25.0,24.65,24.7,26.6,23.2,6439100,HSX,stock,development,fold_5
2025-02-11,TCB,26.1,26.15,25.75,25.9,27.55,23.95,7076800,HSX,stock,development,fold_5
2025-02-11,VCB,92.2,92.3,91.7,91.9,98.6,85.8,562000,HSX,stock,development,fold_5
2025-02-11,VND,12.6,12.75,12.55,12.65,13.45,11.75,4352800,HSX,stock,development,fold_5
2025-02-11,VPB,18.85,19.15,18.8,18.9,20.15,17.55,11693500,HSX,stock,development,fold_5
2025-02-12,FPT,145.6,145.7,144.3,145.0,155.5,135.3,823200,HSX,stock,development,fold_5
2025-02-12,HPG,26.2,26.2,25.85,25.85,27.9,24.3,7245500,HSX,stock,development,fold_5
2025-02-12,MBB,23.0,23.05,22.7,22.7,24.6,21.4,3385400,HSX,stock,development,fold_5
2025-02-12,MWG,56.8,57.3,56.4,56.4,60.3,52.5,2699200,HSX,stock,development,fold_5
2025-02-12,PNJ,95.1,95.5,94.6,95.0,101.1,87.9,108500,HSX,stock,development,fold_5
2025-02-12,SSI,24.8,25.05,24.75,24.75,26.4,23.0,3347000,HSX,stock,development,fold_5
2025-02-12,TCB,26.0,26.0,25.7,25.7,27.7,24.1,5374400,HSX,stock,development,fold_5
2025-02-12,VCB,91.9,92.5,91.5,91.5,98.3,85.5,495100,HSX,stock,development,fold_5
2025-02-12,VND,12.65,12.95,12.65,12.7,13.5,11.8,3248700,HSX,stock,development,fold_5
2025-02-12,VPB,19.0,19.1,18.8,18.9,20.2,17.6,3725700,HSX,stock,development,fold_5
2025-02-13,FPT,145.0,145.0,142.7,143.1,155.1,134.9,1244400,HSX,stock,development,fold_5
2025-02-13,HPG,25.95,26.0,25.85,25.9,27.65,24.05,5327600,HSX,stock,development,fold_5
2025-02-13,MBB,22.85,22.9,22.6,22.9,24.25,21.15,3082500,HSX,stock,development,fold_5
2025-02-13,MWG,56.0,56.0,54.8,54.8,60.3,52.5,5180500,HSX,stock,development,fold_5
2025-02-13,PNJ,95.5,95.6,94.6,95.0,101.6,88.4,127200,HSX,stock,development,fold_5
2025-02-13,SSI,24.75,24.9,24.7,24.8,26.45,23.05,3902000,HSX,stock,development,fold_5
2025-02-13,TCB,25.6,26.0,25.55,25.95,27.45,23.95,5400700,HSX,stock,development,fold_5
2025-02-13,VCB,91.9,91.9,91.4,91.6,97.9,85.1,456800,HSX,stock,development,fold_5
2025-02-13,VND,12.7,12.75,12.55,12.65,13.55,11.85,3601700,HSX,stock,development,fold_5
2025-02-13,VPB,18.9,19.0,18.8,18.9,20.2,17.6,4152700,HSX,stock,development,fold_5
2025-02-14,FPT,144.0,145.0,143.6,144.9,153.1,133.1,1422900,HSX,stock,development,fold_5
2025-02-14,HPG,26.1,26.3,26.0,26.1,27.7,24.1,7683300,HSX,stock,development,fold_5
2025-02-14,MBB,23.0,23.0,22.8,22.85,24.5,21.3,4454800,HSX,stock,development,fold_5
2025-02-14,MWG,55.1,55.3,53.8,55.2,58.6,51.0,5731400,HSX,stock,development,fold_5
2025-02-14,PNJ,96.0,96.2,95.0,95.6,101.6,88.4,163400,HSX,stock,development,fold_5
2025-02-14,SSI,25.0,25.3,24.9,24.9,26.5,23.1,6711500,HSX,stock,development,fold_5
2025-02-14,TCB,26.1,26.2,25.9,26.0,27.75,24.15,5405800,HSX,stock,development,fold_5
2025-02-14,VCB,92.2,92.2,91.5,91.6,98.0,85.2,586700,HSX,stock,development,fold_5
2025-02-14,VND,12.75,12.9,12.7,12.75,13.5,11.8,4866200,HSX,stock,development,fold_5
2025-02-14,VPB,19.1,19.15,19.0,19.0,20.2,17.6,5807900,HSX,stock,development,fold_5
2025-02-17,FPT,145.0,145.0,143.4,143.6,155.0,134.8,1215100,HSX,stock,development,fold_5
2025-02-17,HPG,26.15,26.25,26.05,26.15,27.9,24.3,6947800,HSX,stock,development,fold_5
2025-02-17,MBB,22.9,22.9,22.6,22.65,24.4,21.3,3293600,HSX,stock,development,fold_5
2025-02-17,MWG,55.2,55.2,54.1,54.1,59.0,51.4,3318200,HSX,stock,development,fold_5
2025-02-17,PNJ,95.2,95.5,93.9,95.4,102.2,89.0,319600,HSX,stock,development,fold_5
2025-02-17,SSI,24.9,25.35,24.8,25.0,26.6,23.2,7733300,HSX,stock,development,fold_5
2025-02-17,TCB,26.0,26.1,25.7,25.7,27.8,24.2,5556300,HSX,stock,development,fold_5
2025-02-17,VCB,91.5,92.0,91.5,91.6,98.0,85.2,470000,HSX,stock,development,fold_5
2025-02-17,VND,12.8,13.3,12.75,13.1,13.6,11.9,9451400,HSX,stock,development,fold_5
2025-02-17,VPB,19.0,19.1,18.85,18.85,20.3,17.7,6286300,HSX,stock,development,fold_5
2025-02-18,FPT,143.8,144.4,143.1,143.9,153.6,133.6,805600,HSX,stock,development,fold_5
2025-02-18,HPG,26.35,26.6,26.3,26.55,27.95,24.35,10621400,HSX,stock,development,fold_5
2025-02-18,MBB,22.65,22.95,22.6,22.7,24.2,21.1,4765600,HSX,stock,development,fold_5
2025-02-18,MWG,54.0,55.0,53.8,54.5,57.8,50.4,2323900,HSX,stock,development,fold_5
2025-02-18,PNJ,95.2,95.2,93.6,93.6,102.0,88.8,388500,HSX,stock,development,fold_5
2025-02-18,SSI,25.1,25.3,25.0,25.15,26.75,23.25,4440200,HSX,stock,development,fold_5
2025-02-18,TCB,25.7,26.1,25.65,25.85,27.45,23.95,5148400,HSX,stock,development,fold_5
2025-02-18,VCB,91.6,92.0,91.4,91.6,98.0,85.2,539400,HSX,stock,development,fold_5
2025-02-18,VND,13.1,13.3,13.05,13.2,14.0,12.2,4419800,HSX,stock,development,fold_5
2025-02-18,VPB,18.85,19.2,18.75,18.95,20.15,17.55,9783400,HSX,stock,development,fold_5
2025-02-19,FPT,143.9,144.9,143.1,144.0,153.9,133.9,1431100,HSX,stock,development,fold_5
2025-02-19,HPG,26.6,26.6,26.4,26.5,28.4,24.7,7285700,HSX,stock,development,fold_5
2025-02-19,MBB,22.8,22.95,22.7,22.85,24.25,21.15,3513000,HSX,stock,development,fold_5
2025-02-19,MWG,54.7,56.1,54.4,55.8,58.3,50.7,3242400,HSX,stock,development,fold_5
2025-02-19,PNJ,93.6,95.0,93.6,95.0,100.1,87.1,211500,HSX,stock,development,fold_5
2025-02-19,SSI,25.25,25.4,25.05,25.35,26.9,23.4,6334600,HSX,stock,development,fold_5
2025-02-19,TCB,25.95,26.15,25.8,26.1,27.65,24.05,5806600,HSX,stock,development,fold_5
2025-02-19,VCB,91.6,91.7,91.3,91.7,98.0,85.2,784200,HSX,stock,development,fold_5
2025-02-19,VND,13.2,13.35,13.15,13.3,14.1,12.3,6466900,HSX,stock,development,fold_5
2025-02-19,VPB,19.0,19.1,18.95,19.05,20.25,17.65,4410500,HSX,stock,development,fold_5
2025-02-20,FPT,144.2,144.6,143.0,143.0,154.0,134.0,1728700,HSX,stock,development,fold_5
2025-02-20,HPG,26.55,26.6,26.5,26.55,28.35,24.65,6889800,HSX,stock,development,fold_5
2025-02-20,MBB,23.0,23.0,22.85,22.85,24.4,21.3,5663300,HSX,stock,development,fold_5
2025-02-20,MWG,55.9,56.7,55.7,56.7,59.7,51.9,2842000,HSX,stock,development,fold_5
2025-02-20,PNJ,94.8,94.9,94.0,94.1,101.6,88.4,154000,HSX,stock,development,fold_5
2025-02-20,SSI,25.45,25.55,25.25,25.25,27.1,23.6,6772700,HSX,stock,development,fold_5
2025-02-20,TCB,26.2,26.6,26.05,26.55,27.9,24.3,8671100,HSX,stock,development,fold_5
2025-02-20,VCB,92.2,92.3,91.7,91.7,98.1,85.3,842100,HSX,stock,development,fold_5
2025-02-20,VND,13.3,13.5,13.3,13.4,14.2,12.4,6711600,HSX,stock,development,fold_5
2025-02-20,VPB,19.1,19.3,19.0,19.2,20.35,17.75,9814100,HSX,stock,development,fold_5
2025-02-21,FPT,142.8,142.9,141.5,142.0,153.0,133.0,2253600,HSX,stock,development,fold_5
2025-02-21,HPG,26.55,26.6,26.4,26.45,28.4,24.7,5851900,HSX,stock,development,fold_5
2025-02-21,MBB,22.9,23.15,22.8,22.9,24.4,21.3,8190300,HSX,stock,development,fold_5
2025-02-21,MWG,56.8,58.3,56.6,58.1,60.6,52.8,4351700,HSX,stock,development,fold_5
2025-02-21,PNJ,94.1,94.9,94.1,94.3,100.6,87.6,135700,HSX,stock,development,fold_5
2025-02-21,SSI,25.2,25.4,25.15,25.35,27.0,23.5,5322300,HSX,stock,development,fold_5
2025-02-21,TCB,26.6,26.6,26.4,26.5,28.4,24.7,4753000,HSX,stock,development,fold_5
2025-02-21,VCB,92.1,93.1,92.1,93.1,98.1,85.3,1055100,HSX,stock,development,fold_5
2025-02-21,VND,13.4,13.45,13.2,13.35,14.3,12.5,5303800,HSX,stock,development,fold_5
2025-02-21,VPB,19.15,19.6,19.05,19.45,20.5,17.9,19785100,HSX,stock,development,fold_5
2025-02-24,FPT,142.0,142.0,139.5,140.5,151.9,132.1,3024800,HSX,stock,development,fold_5
2025-02-24,HPG,28.3,28.3,27.55,27.7,28.3,24.6,40750000,HSX,stock,development,fold_5
2025-02-24,MBB,22.8,23.05,22.8,23.0,24.5,21.3,7031700,HSX,stock,development,fold_5
2025-02-24,MWG,58.1,58.5,57.3,58.4,62.1,54.1,3035000,HSX,stock,development,fold_5
2025-02-24,PNJ,94.5,95.1,94.4,94.6,100.9,87.7,94200,HSX,stock,development,fold_5
2025-02-24,SSI,25.3,25.85,25.25,25.85,27.1,23.6,10870100,HSX,stock,development,fold_5
2025-02-24,TCB,26.4,26.65,26.3,26.5,28.35,24.65,5941500,HSX,stock,development,fold_5
2025-02-24,VCB,93.3,93.5,92.7,93.5,99.6,86.6,1023900,HSX,stock,development,fold_5
2025-02-24,VND,13.15,13.6,13.1,13.55,14.25,12.45,7657700,HSX,stock,development,fold_5
2025-02-24,VPB,19.4,19.55,19.2,19.55,20.8,18.1,13323400,HSX,stock,development,fold_5
2025-02-25,FPT,140.4,140.4,138.2,139.0,150.3,130.7,1980100,HSX,stock,development,fold_5
2025-02-25,HPG,27.6,27.7,27.2,27.5,29.6,25.8,10548100,HSX,stock,development,fold_5
2025-02-25,MBB,23.05,23.55,23.05,23.4,24.6,21.4,6944500,HSX,stock,development,fold_5
2025-02-25,MWG,58.1,58.4,57.4,58.3,62.4,54.4,3641100,HSX,stock,development,fold_5
2025-02-25,PNJ,94.9,95.8,94.7,95.5,101.2,88.0,132100,HSX,stock,development,fold_5
2025-02-25,SSI,25.9,26.2,25.75,25.85,27.65,24.05,8293700,HSX,stock,development,fold_5
2025-02-25,TCB,26.6,26.8,26.35,26.4,28.35,24.65,5458100,HSX,stock,development,fold_5
2025-02-25,VCB,93.5,93.6,92.5,92.6,100.0,87.0,868500,HSX,stock,development,fold_5
2025-02-25,VND,13.6,13.95,13.55,13.7,14.45,12.65,7204700,HSX,stock,development,fold_5
2025-02-25,VPB,19.55,19.6,19.25,19.35,20.9,18.2,5703300,HSX,stock,development,fold_5
2025-02-26,FPT,139.1,141.8,138.9,141.8,148.7,129.3,1531800,HSX,stock,development,fold_5
2025-02-26,HPG,27.6,27.95,27.55,27.75,29.4,25.6,13618500,HSX,stock,development,fold_5
2025-02-26,MBB,23.5,23.55,23.2,23.2,25.0,21.8,3962800,HSX,stock,development,fold_5
2025-02-26,MWG,58.3,59.1,57.8,58.7,62.3,54.3,2763800,HSX,stock,development,fold_5
2025-02-26,PNJ,95.5,95.6,94.8,95.6,102.1,88.9,273500,HSX,stock,development,fold_5
2025-02-26,SSI,25.85,26.1,25.6,25.85,27.65,24.05,10275700,HSX,stock,development,fold_5
2025-02-26,TCB,26.4,26.55,26.3,26.3,28.2,24.6,4405100,HSX,stock,development,fold_5
2025-02-26,VCB,92.6,92.9,92.2,92.3,99.0,86.2,463300,HSX,stock,development,fold_5
2025-02-26,VND,13.8,13.9,13.65,13.75,14.65,12.75,5622100,HSX,stock,development,fold_5
2025-02-26,VPB,19.35,19.4,19.25,19.25,20.7,18.0,5910300,HSX,stock,development,fold_5
2025-02-27,FPT,142.0,142.2,140.7,141.3,151.7,131.9,1559900,HSX,stock,development,fold_5
2025-02-27,HPG,27.8,28.45,27.6,28.45,29.65,25.85,20489800,HSX,stock,development,fold_5
2025-02-27,MBB,23.2,23.25,22.95,23.2,24.8,21.6,5613800,HSX,stock,development,fold_5
2025-02-27,MWG,58.7,58.8,58.2,58.6,62.8,54.6,1659700,HSX,stock,development,fold_5
2025-02-27,PNJ,95.7,95.8,94.7,94.7,102.2,89.0,127600,HSX,stock,development,fold_5
2025-02-27,SSI,25.95,26.1,25.6,26.1,27.65,24.05,8862000,HSX,stock,development,fold_5
2025-02-27,TCB,26.4,26.4,26.0,26.25,28.1,24.5,6133200,HSX,stock,development,fold_5
2025-02-27,VCB,94.9,95.4,94.0,94.0,98.7,85.9,2592600,HSX,stock,development,fold_5
2025-02-27,VND,13.8,13.8,13.4,13.65,14.7,12.8,8290600,HSX,stock,development,fold_5
2025-02-27,VPB,19.25,19.35,19.05,19.3,20.55,17.95,4412500,HSX,stock,development,fold_5
2025-02-28,FPT,140.1,141.1,139.0,140.3,151.1,131.5,2173000,HSX,stock,development,fold_5
2025-02-28,HPG,28.4,28.4,27.95,28.0,30.4,26.5,12494600,HSX,stock,development,fold_5
2025-02-28,MBB,23.1,23.15,22.95,23.0,24.8,21.6,5651400,HSX,stock,development,fold_5
2025-02-28,MWG,58.0,58.7,57.8,58.3,62.7,54.5,2822200,HSX,stock,development,fold_5
2025-02-28,PNJ,94.7,94.8,93.5,94.0,101.3,88.1,273400,HSX,stock,development,fold_5
2025-02-28,SSI,26.2,26.8,26.2,26.3,27.9,24.3,17000800,HSX,stock,development,fold_5
2025-02-28,TCB,26.25,26.3,26.05,26.1,28.05,24.45,7431000,HSX,stock,development,fold_5
2025-02-28,VCB,94.2,94.2,93.3,93.3,100.5,87.5,1069600,HSX,stock,development,fold_5
2025-02-28,VND,13.7,13.9,13.55,13.6,14.6,12.7,5019100,HSX,stock,development,fold_5
2025-02-28,VPB,19.1,19.4,19.1,19.3,20.65,17.95,4403600,HSX,stock,development,fold_5
2025-03-03,FPT,140.5,141.4,140.3,140.5,150.1,130.5,1164100,HSX,stock,development,fold_5
2025-03-03,HPG,28.05,28.25,28.0,28.05,29.95,26.05,10613600,HSX,stock,development,fold_5
2025-03-03,MBB,23.0,23.1,22.95,23.1,24.6,21.4,4677500,HSX,stock,development,fold_5
2025-03-03,MWG,58.2,59.1,57.8,58.8,62.3,54.3,2532700,HSX,stock,development,fold_5
2025-03-03,PNJ,94.0,94.7,93.8,94.1,100.5,87.5,123900,HSX,stock,development,fold_5
2025-03-03,SSI,26.3,26.8,26.15,26.6,28.1,24.5,11199500,HSX,stock,development,fold_5
2025-03-03,TCB,26.15,26.3,26.05,26.1,27.9,24.3,4915700,HSX,stock,development,fold_5
2025-03-03,VCB,93.5,93.5,93.0,93.3,99.8,86.8,693200,HSX,stock,development,fold_5
2025-03-03,VND,13.6,13.8,13.45,13.7,14.55,12.65,5480300,HSX,stock,development,fold_5
2025-03-03,VPB,19.35,19.35,19.1,19.2,20.65,17.95,5443700,HSX,stock,development,fold_5
2025-03-04,FPT,139.5,140.6,139.3,140.0,150.3,130.7,1735700,HSX,stock,development,fold_5
2025-03-04,HPG,28.05,28.05,27.65,27.85,30.0,26.1,12553800,HSX,stock,development,fold_5
2025-03-04,MBB,23.05,23.6,22.85,23.4,24.7,21.5,8964700,HSX,stock,development,fold_5
2025-03-04,MWG,58.7,59.9,58.4,59.5,62.9,54.7,2798100,HSX,stock,development,fold_5
2025-03-04,PNJ,94.1,94.6,93.9,94.2,100.6,87.6,123300,HSX,stock,development,fold_5
2025-03-04,SSI,26.45,26.6,26.1,26.35,28.45,24.75,11538000,HSX,stock,development,fold_5
2025-03-04,TCB,26.1,27.55,26.0,27.5,27.9,24.3,15901100,HSX,stock,development,fold_5
2025-03-04,VCB,93.2,93.4,92.7,93.0,99.8,86.8,1311700,HSX,stock,development,fold_5
2025-03-04,VND,13.55,13.7,13.3,13.55,14.65,12.75,5380600,HSX,stock,development,fold_5
2025-03-04,VPB,19.1,19.2,18.95,19.1,20.5,17.9,8205700,HSX,stock,development,fold_5
2025-03-05,FPT,140.0,140.1,139.1,139.1,149.8,130.2,1461400,HSX,stock,development,fold_5
2025-03-05,HPG,27.85,27.9,27.55,27.55,29.75,25.95,15162400,HSX,stock,development,fold_5
2025-03-05,MBB,23.4,24.1,23.3,23.55,25.0,21.8,12903100,HSX,stock,development,fold_5
2025-03-05,MWG,59.8,60.2,59.3,59.6,63.6,55.4,3449700,HSX,stock,development,fold_5
2025-03-05,PNJ,94.0,94.3,93.0,93.0,100.7,87.7,406500,HSX,stock,development,fold_5
2025-03-05,SSI,26.4,26.65,26.1,26.1,28.15,24.55,11003500,HSX,stock,development,fold_5
2025-03-05,TCB,27.5,27.6,27.3,27.3,29.4,25.6,7055100,HSX,stock,development,fold_5
2025-03-05,VCB,93.0,93.8,93.0,93.0,99.5,86.5,946500,HSX,stock,development,fold_5
2025-03-05,VND,13.5,13.75,13.4,13.4,14.45,12.65,5611200,HSX,stock,development,fold_5
2025-03-05,VPB,19.1,19.35,19.0,19.0,20.4,17.8,9141100,HSX,stock,development,fold_5
2025-03-06,FPT,139.5,143.5,139.5,141.6,148.8,129.4,3087500,HSX,stock,development,fold_5
2025-03-06,HPG,27.6,27.95,27.6,27.95,29.45,25.65,19175900,HSX,stock,development,fold_5
2025-03-06,MBB,23.7,24.1,23.5,24.1,25.15,21.95,14078500,HSX,stock,development,fold_5
2025-03-06,MWG,59.8,61.9,59.6,61.9,63.7,55.5,5606700,HSX,stock,development,fold_5
2025-03-06,PNJ,94.6,94.6,93.5,93.7,99.5,86.5,216800,HSX,stock,development,fold_5
2025-03-06,SSI,26.2,26.95,26.2,26.9,27.9,24.3,18283000,HSX,stock,development,fold_5
2025-03-06,TCB,27.45,27.7,27.35,27.7,29.2,25.4,5501800,HSX,stock,development,fold_5
2025-03-06,VCB,93.5,94.2,93.2,93.5,99.5,86.5,1286200,HSX,stock,development,fold_5
2025-03-06,VND,13.45,13.8,13.4,13.8,14.3,12.5,7731600,HSX,stock,development,fold_5
2025-03-06,VPB,19.05,19.35,19.05,19.15,20.3,17.7,11466000,HSX,stock,development,fold_5
2025-03-07,FPT,141.7,142.7,141.1,141.4,151.5,131.7,1462600,HSX,stock,development,fold_5
2025-03-07,HPG,28.0,28.1,27.75,28.05,29.9,26.0,14353100,HSX,stock,development,fold_5
2025-03-07,MBB,24.25,24.9,24.1,24.5,25.75,22.45,20309300,HSX,stock,development,fold_5
2025-03-07,MWG,61.8,62.0,61.3,61.9,66.2,57.6,2985600,HSX,stock,development,fold_5
2025-03-07,PNJ,93.5,94.2,93.1,93.9,100.2,87.2,160100,HSX,stock,development,fold_5
2025-03-07,SSI,27.1,27.15,26.8,26.9,28.75,25.05,9905300,HSX,stock,development,fold_5
2025-03-07,TCB,27.7,27.9,27.45,27.75,29.6,25.8,6987800,HSX,stock,development,fold_5
2025-03-07,VCB,93.6,95.3,93.5,95.1,100.0,87.0,1768900,HSX,stock,development,fold_5
2025-03-07,VND,13.8,13.9,13.65,13.7,14.75,12.85,6166100,HSX,stock,development,fold_5
2025-03-07,VPB,19.2,19.45,19.15,19.25,20.45,17.85,9461300,HSX,stock,development,fold_5
2025-03-10,FPT,141.5,141.5,139.2,139.3,151.2,131.6,2244300,HSX,stock,development,fold_5
2025-03-10,HPG,28.1,28.2,27.95,27.95,30.0,26.1,11814400,HSX,stock,development,fold_5
2025-03-10,MBB,24.75,24.9,24.45,24.5,26.2,22.8,8203300,HSX,stock,development,fold_5
2025-03-10,MWG,62.0,62.3,61.4,62.2,66.2,57.6,3659800,HSX,stock,development,fold_5
2025-03-10,PNJ,93.9,93.9,93.3,93.3,100.4,87.4,179500,HSX,stock,development,fold_5
2025-03-10,SSI,27.0,27.25,26.5,26.65,28.75,25.05,17710200,HSX,stock,development,fold_5
2025-03-10,TCB,27.75,28.3,27.7,27.8,29.65,25.85,6510600,HSX,stock,development,fold_5
2025-03-10,VCB,96.4,97.4,96.1,96.8,101.7,88.5,2301900,HSX,stock,development,fold_5
2025-03-10,VND,13.9,14.45,13.85,14.1,14.65,12.75,10706200,HSX,stock,development,fold_5
2025-03-10,VPB,19.4,19.65,19.3,19.4,20.55,17.95,16502000,HSX,stock,development,fold_5
2025-03-11,FPT,138.0,138.5,137.0,137.5,149.0,129.6,2716500,HSX,stock,development,fold_5
2025-03-11,HPG,27.6,28.15,27.6,28.15,29.9,26.0,11782000,HSX,stock,development,fold_5
2025-03-11,MBB,24.2,24.8,24.15,24.8,26.2,22.8,12753900,HSX,stock,development,fold_5
2025-03-11,MWG,61.4,63.2,61.4,63.0,66.5,57.9,4307200,HSX,stock,development,fold_5
2025-03-11,PNJ,93.4,93.4,92.8,93.4,99.8,86.8,132200,HSX,stock,development,fold_5
2025-03-11,SSI,26.35,26.7,26.35,26.7,28.5,24.8,13503300,HSX,stock,development,fold_5
2025-03-11,TCB,27.5,28.0,27.45,28.0,29.7,25.9,6665100,HSX,stock,development,fold_5
2025-03-11,VCB,96.0,96.8,95.6,96.8,103.5,90.1,1872600,HSX,stock,development,fold_5
2025-03-11,VND,13.85,14.5,13.85,14.35,15.05,13.15,11806600,HSX,stock,development,fold_5
2025-03-11,VPB,19.25,19.75,19.2,19.7,20.75,18.05,17358200,HSX,stock,development,fold_5
2025-03-12,FPT,137.7,138.7,135.9,135.9,147.1,127.9,2521100,HSX,stock,development,fold_5
2025-03-12,HPG,28.2,28.2,27.8,27.8,30.1,26.2,9799900,HSX,stock,development,fold_5
2025-03-12,MBB,24.9,25.0,24.6,24.6,26.5,23.1,14208200,HSX,stock,development,fold_5
2025-03-12,MWG,63.0,63.0,61.9,62.7,67.4,58.6,4985400,HSX,stock,development,fold_5
2025-03-12,PNJ,93.4,93.4,91.0,91.0,99.9,86.9,640300,HSX,stock,development,fold_5
2025-03-12,SSI,26.85,26.95,26.55,26.7,28.55,24.85,12170600,HSX,stock,development,fold_5
2025-03-12,TCB,28.1,28.25,27.8,27.85,29.95,26.05,5245800,HSX,stock,development,fold_5
2025-03-12,VCB,66.0,68.6,65.6,66.7,69.2,60.2,3762800,HSX,stock,development,fold_5
2025-03-12,VND,14.5,15.2,14.35,15.1,15.35,13.35,22518400,HSX,stock,development,fold_5
2025-03-12,VPB,19.8,19.8,19.5,19.6,21.05,18.35,14006200,HSX,stock,development,fold_5
2025-03-13,FPT,136.1,138.0,136.1,136.5,145.4,126.4,1616200,HSX,stock,development,fold_5
2025-03-13,HPG,27.85,28.05,27.7,27.7,29.7,25.9,12167400,HSX,stock,development,fold_5
2025-03-13,MBB,24.65,24.7,24.2,24.3,26.3,22.9,11069300,HSX,stock,development,fold_5
2025-03-13,MWG,62.7,62.8,61.2,61.5,67.0,58.4,4195700,HSX,stock,development,fold_5
2025-03-13,PNJ,91.7,91.8,90.0,90.0,97.3,84.7,509900,HSX,stock,development,fold_5
2025-03-13,SSI,26.75,27.4,26.45,26.95,28.55,24.85,17769100,HSX,stock,development,fold_5
2025-03-13,TCB,27.8,27.8,27.25,27.3,29.75,25.95,8015600,HSX,stock,development,fold_5
2025-03-13,VCB,67.2,67.2,65.2,65.5,71.3,62.1,1989800,HSX,stock,development,fold_5
2025-03-13,VND,15.0,15.3,14.85,14.95,16.15,14.05,15265200,HSX,stock,development,fold_5
2025-03-13,VPB,19.65,19.65,19.2,19.25,20.95,18.25,8857800,HSX,stock,development,fold_5
2025-03-14,FPT,135.6,136.3,130.8,131.4,146.0,127.0,5133600,HSX,stock,development,fold_5
2025-03-14,HPG,27.7,27.85,27.55,27.55,29.6,25.8,8924500,HSX,stock,development,fold_5
2025-03-14,MBB,24.25,24.45,24.15,24.3,26.0,22.6,9391800,HSX,stock,development,fold_5
2025-03-14,MWG,61.5,62.3,61.2,61.5,65.8,57.2,4262300,HSX,stock,development,fold_5
2025-03-14,PNJ,90.1,91.0,87.0,87.4,96.3,83.7,714700,HSX,stock,development,fold_5
2025-03-14,SSI,27.0,27.2,26.8,26.95,28.8,25.1,13846700,HSX,stock,development,fold_5
2025-03-14,TCB,27.1,27.4,27.1,27.3,29.2,25.4,4994900,HSX,stock,development,fold_5
2025-03-14,VCB,65.4,66.8,65.4,66.0,70.0,61.0,2120900,HSX,stock,development,fold_5
2025-03-14,VND,14.9,15.15,14.9,14.95,15.95,13.95,11067900,HSX,stock,development,fold_5
2025-03-14,VPB,19.3,19.6,19.2,19.6,20.55,17.95,7975600,HSX,stock,development,fold_5
2025-03-17,FPT,131.6,132.1,129.6,130.0,140.5,122.3,2509900,HSX,stock,development,fold_5
2025-03-17,HPG,27.9,28.15,27.75,27.85,29.45,25.65,8829400,HSX,stock,development,fold_5
2025-03-17,MBB,24.4,24.45,24.1,24.3,26.0,22.6,10142200,HSX,stock,development,fold_5
2025-03-17,MWG,61.7,62.0,61.4,62.0,65.8,57.2,1930900,HSX,stock,development,fold_5
2025-03-17,PNJ,87.9,88.4,85.9,87.9,93.5,81.3,510800,HSX,stock,development,fold_5
2025-03-17,SSI,27.1,27.15,26.85,27.0,28.8,25.1,7651800,HSX,stock,development,fold_5
2025-03-17,TCB,27.35,27.45,27.15,27.45,29.2,25.4,4106300,HSX,stock,development,fold_5
2025-03-17,VCB,66.0,67.3,66.0,67.3,70.6,61.4,2020900,HSX,stock,development,fold_5
2025-03-17,VND,15.0,15.1,14.65,14.9,15.95,13.95,7580800,HSX,stock,development,fold_5
2025-03-17,VPB,19.75,20.4,19.6,20.2,20.95,18.25,34835700,HSX,stock,development,fold_5
2025-03-18,FPT,130.1,132.2,130.0,130.0,139.1,120.9,2348300,HSX,stock,development,fold_5
2025-03-18,HPG,27.9,28.05,27.6,27.6,29.75,25.95,9298900,HSX,stock,development,fold_5
2025-03-18,MBB,24.4,24.4,23.9,23.9,26.0,22.6,8653000,HSX,stock,development,fold_5
2025-03-18,MWG,62.2,62.5,61.4,61.8,66.3,57.7,2550200,HSX,stock,development,fold_5
2025-03-18,PNJ,87.9,89.0,87.9,88.2,94.0,81.8,234800,HSX,stock,development,fold_5
2025-03-18,SSI,27.1,27.45,26.8,26.8,28.85,25.15,12812500,HSX,stock,development,fold_5
2025-03-18,TCB,27.5,27.6,27.3,27.4,29.35,25.55,3443500,HSX,stock,development,fold_5
2025-03-18,VCB,67.8,67.8,66.8,66.8,72.0,62.6,2010100,HSX,stock,development,fold_5
2025-03-18,VND,15.0,15.25,14.75,15.2,15.9,13.9,11719900,HSX,stock,development,fold_5
2025-03-18,VPB,20.25,20.3,19.8,19.8,21.6,18.8,12782400,HSX,stock,development,fold_5
2025-03-19,FPT,130.1,130.6,123.5,124.6,139.1,120.9,6393600,HSX,stock,development,fold_5
2025-03-19,HPG,27.6,27.6,27.1,27.25,29.5,25.7,16652000,HSX,stock,development,fold_5
2025-03-19,MBB,23.9,24.0,23.7,23.85,25.55,22.25,9334100,HSX,stock,development,fold_5
2025-03-19,MWG,61.2,61.4,59.0,59.5,66.1,57.5,6253700,HSX,stock,development,fold_5
2025-03-19,PNJ,88.7,89.8,88.1,88.2,94.3,82.1,222800,HSX,stock,development,fold_5
2025-03-19,SSI,26.7,26.85,26.5,26.55,28.65,24.95,11216300,HSX,stock,development,fold_5
2025-03-19,TCB,27.3,27.35,27.15,27.25,29.3,25.5,5865800,HSX,stock,development,fold_5
2025-03-19,VCB,67.2,67.2,66.5,66.5,71.4,62.2,1669400,HSX,stock,development,fold_5
2025-03-19,VND,15.15,15.2,14.9,15.1,16.25,14.15,9461800,HSX,stock,development,fold_5
2025-03-19,VPB,19.75,19.75,19.4,19.45,21.15,18.45,13289900,HSX,stock,development,fold_5
2025-03-20,FPT,124.6,126.8,124.5,125.0,133.3,115.9,3638300,HSX,stock,development,fold_5
2025-03-20,HPG,27.3,27.45,27.05,27.15,29.15,25.35,10321700,HSX,stock,development,fold_5
2025-03-20,MBB,24.0,24.35,23.9,24.25,25.5,22.2,9424900,HSX,stock,development,fold_5
2025-03-20,MWG,59.8,60.0,59.0,60.0,63.6,55.4,2470100,HSX,stock,development,fold_5
2025-03-20,PNJ,89.6,90.3,88.5,89.8,94.3,82.1,528600,HSX,stock,development,fold_5
2025-03-20,SSI,26.65,26.85,26.4,26.55,28.4,24.7,8906100,HSX,stock,development,fold_5
2025-03-20,TCB,27.5,27.55,27.1,27.45,29.15,25.35,6646300,HSX,stock,development,fold_5
2025-03-20,VCB,66.5,67.0,66.2,66.8,71.1,61.9,907200,HSX,stock,development,fold_5
2025-03-20,VND,15.0,15.25,14.95,15.15,16.15,14.05,10324100,HSX,stock,development,fold_5
2025-03-20,VPB,19.6,19.7,19.4,19.6,20.8,18.1,9499900,HSX,stock,development,fold_5
2025-03-21,FPT,125.0,129.0,125.0,128.0,133.7,116.3,2868400,HSX,stock,development,fold_5
2025-03-21,HPG,27.1,27.25,27.05,27.15,29.05,25.25,10370000,HSX,stock,development,fold_5
2025-03-21,MBB,24.3,24.5,24.2,24.3,25.9,22.6,6704400,HSX,stock,development,fold_5
2025-03-21,MWG,60.0,60.3,59.4,60.3,64.2,55.8,1820300,HSX,stock,development,fold_5
2025-03-21,PNJ,89.8,89.8,88.8,89.6,96.0,83.6,106000,HSX,stock,development,fold_5
2025-03-21,SSI,26.6,26.85,26.5,26.6,28.4,24.7,11223300,HSX,stock,development,fold_5
2025-03-21,TCB,27.35,27.55,27.3,27.35,29.35,25.55,3563300,HSX,stock,development,fold_5
2025-03-21,VCB,67.0,67.0,66.0,66.0,71.4,62.2,1149800,HSX,stock,development,fold_5
2025-03-21,VND,15.15,15.65,15.1,15.35,16.2,14.1,16037300,HSX,stock,development,fold_5
2025-03-21,VPB,19.6,19.65,19.4,19.5,20.95,18.25,5125700,HSX,stock,development,fold_5
2025-03-24,FPT,128.5,129.3,127.3,129.0,136.9,119.1,2112200,HSX,stock,development,fold_5
2025-03-24,HPG,27.15,27.25,26.9,27.15,29.05,25.25,7408100,HSX,stock,development,fold_5
2025-03-24,MBB,24.3,24.4,23.95,24.4,26.0,22.6,7556500,HSX,stock,development,fold_5
2025-03-24,MWG,59.8,60.3,59.5,60.3,64.5,56.1,1762100,HSX,stock,development,fold_5
2025-03-24,PNJ,89.9,89.9,88.3,88.5,95.8,83.4,121300,HSX,stock,development,fold_5
2025-03-24,SSI,26.75,27.15,26.5,27.15,28.45,24.75,11943300,HSX,stock,development,fold_5
2025-03-24,TCB,27.35,28.2,27.2,28.0,29.25,25.45,8389500,HSX,stock,development,fold_5
2025-03-24,VCB,66.3,66.5,65.5,66.5,70.6,61.4,967200,HSX,stock,development,fold_5
2025-03-24,VND,15.35,15.6,15.3,15.6,16.4,14.3,9807100,HSX,stock,development,fold_5
2025-03-24,VPB,19.5,19.65,19.25,19.6,20.85,18.15,7837900,HSX,stock,development,fold_5
2025-03-25,FPT,129.8,129.9,126.5,126.5,138.0,120.0,2754400,HSX,stock,development,fold_5
2025-03-25,HPG,27.25,27.4,27.1,27.2,29.05,25.25,9607600,HSX,stock,development,fold_5
2025-03-25,MBB,24.5,24.55,24.15,24.2,26.1,22.7,5616900,HSX,stock,development,fold_5
2025-03-25,MWG,60.4,61.3,59.9,60.5,64.5,56.1,3272200,HSX,stock,development,fold_5
2025-03-25,PNJ,88.5,88.6,87.0,87.8,94.6,82.4,309300,HSX,stock,development,fold_5
2025-03-25,SSI,27.3,27.45,26.9,26.9,29.05,25.25,10829800,HSX,stock,development,fold_5
2025-03-25,TCB,28.1,28.2,27.85,27.9,29.95,26.05,3840000,HSX,stock,development,fold_5
2025-03-25,VCB,66.5,66.6,66.2,66.2,71.1,61.9,926000,HSX,stock,development,fold_5
2025-03-25,VND,15.7,15.75,15.3,15.35,16.65,14.55,10991800,HSX,stock,development,fold_5
2025-03-25,VPB,19.65,19.7,19.45,19.5,20.95,18.25,5532900,HSX,stock,development,fold_5
2025-03-26,FPT,126.5,126.5,122.7,123.0,135.3,117.7,3971700,HSX,stock,development,fold_5
2025-03-26,HPG,27.2,27.95,27.15,27.55,29.1,25.3,18827900,HSX,stock,development,fold_5
2025-03-26,MBB,24.15,24.4,24.0,24.0,25.85,22.55,8974200,HSX,stock,development,fold_5
2025-03-26,MWG,60.6,61.2,60.5,60.8,64.7,56.3,1296200,HSX,stock,development,fold_5
2025-03-26,PNJ,87.8,88.3,86.6,86.6,93.9,81.7,240800,HSX,stock,development,fold_5
2025-03-26,SSI,26.9,27.05,26.4,26.5,28.75,25.05,10876100,HSX,stock,development,fold_5
2025-03-26,TCB,27.9,28.5,27.8,28.0,29.85,25.95,10309100,HSX,stock,development,fold_5
2025-03-26,VCB,66.4,66.6,65.8,65.8,70.8,61.6,728400,HSX,stock,development,fold_5
2025-03-26,VND,15.25,15.5,15.15,15.25,16.4,14.3,9363500,HSX,stock,development,fold_5
2025-03-26,VPB,19.5,19.65,19.3,19.35,20.85,18.15,3881500,HSX,stock,development,fold_5
2025-03-27,FPT,122.0,126.5,121.1,126.2,131.6,114.4,2691200,HSX,stock,development,fold_5
2025-03-27,HPG,27.7,27.7,27.45,27.5,29.45,25.65,5570400,HSX,stock,development,fold_5
2025-03-27,MBB,24.0,24.1,23.9,23.9,25.65,22.35,5954100,HSX,stock,development,fold_5
2025-03-27,MWG,60.8,60.8,60.0,60.4,65.0,56.6,1653600,HSX,stock,development,fold_5
2025-03-27,PNJ,86.6,86.8,84.9,84.9,92.6,80.6,588300,HSX,stock,development,fold_5
2025-03-27,SSI,26.5,26.6,26.3,26.3,28.35,24.65,7190900,HSX,stock,development,fold_5
2025-03-27,TCB,28.0,28.15,27.75,27.75,29.95,26.05,3647900,HSX,stock,development,fold_5
2025-03-27,VCB,65.8,65.9,65.5,65.5,70.4,61.2,407400,HSX,stock,development,fold_5
2025-03-27,VND,15.1,15.65,15.1,15.55,16.3,14.2,9815000,HSX,stock,development,fold_5
2025-03-27,VPB,19.25,19.45,19.25,19.25,20.7,18.0,2778600,HSX,stock,development,fold_5
2025-03-28,FPT,126.1,126.4,124.0,124.0,135.0,117.4,1462800,HSX,stock,development,fold_5
2025-03-28,HPG,27.45,27.5,27.1,27.15,29.4,25.6,8026400,HSX,stock,development,fold_5
2025-03-28,MBB,24.0,24.1,23.8,23.9,25.55,22.25,6675800,HSX,stock,development,fold_5
2025-03-28,MWG,60.1,60.7,58.9,59.8,64.6,56.2,3255100,HSX,stock,development,fold_5
2025-03-28,PNJ,84.9,85.0,82.0,82.0,90.8,79.0,1756700,HSX,stock,development,fold_5
2025-03-28,SSI,26.35,26.55,26.05,26.35,28.1,24.5,7234100,HSX,stock,development,fold_5
2025-03-28,TCB,27.75,27.8,27.45,27.55,29.65,25.85,6059800,HSX,stock,development,fold_5
2025-03-28,VCB,65.5,65.7,64.8,64.8,70.0,61.0,790200,HSX,stock,development,fold_5
2025-03-28,VND,15.6,15.9,15.55,15.7,16.6,14.5,11777100,HSX,stock,development,fold_5
2025-03-28,VPB,19.25,19.4,19.2,19.25,20.55,17.95,5989400,HSX,stock,development,fold_5
2025-03-31,FPT,123.4,123.4,121.0,121.0,132.6,115.4,2633200,HSX,stock,development,fold_5
2025-03-31,HPG,27.05,27.1,26.75,26.75,29.05,25.25,11841000,HSX,stock,development,fold_5
2025-03-31,MBB,23.85,24.1,23.8,24.1,25.55,22.25,8710500,HSX,stock,development,fold_5
2025-03-31,MWG,59.0,59.2,58.1,59.0,63.9,55.7,3517600,HSX,stock,development,fold_5
2025-03-31,PNJ,82.0,83.3,82.0,83.3,87.7,76.3,593600,HSX,stock,development,fold_5
2025-03-31,SSI,26.15,26.35,26.0,26.0,28.15,24.55,9051500,HSX,stock,development,fold_5
2025-03-31,TCB,27.4,27.5,27.2,27.5,29.45,25.65,6152200,HSX,stock,development,fold_5
2025-03-31,VCB,64.7,65.2,64.0,64.0,69.3,60.3,1153900,HSX,stock,development,fold_5
2025-03-31,VND,15.45,15.6,15.15,15.3,16.75,14.65,6366500,HSX,stock,development,fold_5
2025-03-31,VPB,19.15,19.25,19.0,19.0,20.55,17.95,7413200,HSX,stock,development,fold_5
2025-04-01,FPT,122.0,122.2,118.8,120.5,129.4,112.6,3032200,HSX,stock,development,fold_5
2025-04-01,HPG,26.8,27.05,26.75,27.0,28.6,24.9,6474600,HSX,stock,development,fold_5
2025-04-01,MBB,24.15,24.6,24.0,24.6,25.75,22.45,6449300,HSX,stock,development,fold_5
2025-04-01,MWG,58.6,58.9,57.7,58.6,63.1,54.9,2721500,HSX,stock,development,fold_5
2025-04-01,PNJ,83.3,83.7,82.6,83.4,89.1,77.5,190400,HSX,stock,development,fold_5
2025-04-01,SSI,26.2,26.25,25.8,26.05,27.8,24.2,8045300,HSX,stock,development,fold_5
2025-04-01,TCB,27.5,28.0,27.4,27.95,29.4,25.6,4504900,HSX,stock,development,fold_5
2025-04-01,VCB,64.7,65.3,64.0,64.5,68.4,59.6,848900,HSX,stock,development,fold_5
2025-04-01,VND,15.4,15.6,15.25,15.4,16.35,14.25,6386000,HSX,stock,development,fold_5
2025-04-01,VPB,19.15,19.2,19.0,19.15,20.3,17.7,4718900,HSX,stock,development,fold_5
2025-04-02,FPT,121.2,122.3,120.8,122.0,128.9,112.1,1828700,HSX,stock,development,fold_5
2025-04-02,HPG,27.15,27.4,27.1,27.25,28.85,25.15,9171200,HSX,stock,development,fold_5
2025-04-02,MBB,24.6,24.65,24.35,24.35,26.3,22.9,4758900,HSX,stock,development,fold_5
2025-04-02,MWG,58.6,59.7,58.0,58.8,62.7,54.5,4072100,HSX,stock,development,fold_5
2025-04-02,PNJ,83.5,84.3,82.5,82.5,89.2,77.6,315700,HSX,stock,development,fold_5
2025-04-02,SSI,26.15,26.5,26.1,26.45,27.85,24.25,7759400,HSX,stock,development,fold_5
2025-04-02,TCB,28.0,28.15,27.85,27.9,29.9,26.0,3133500,HSX,stock,development,fold_5
2025-04-02,VCB,65.0,66.0,64.6,64.8,69.0,60.0,1368300,HSX,stock,development,fold_5
2025-04-02,VND,15.4,16.0,15.35,15.9,16.45,14.35,11497600,HSX,stock,development,fold_5
2025-04-02,VPB,19.15,19.35,19.1,19.15,20.45,17.85,6231200,HSX,stock,development,fold_5
2025-04-03,FPT,114.7,117.6,113.5,113.5,130.5,113.5,4999900,HSX,stock,development,fold_5
2025-04-03,HPG,25.8,26.45,25.35,25.35,29.15,25.35,29298900,HSX,stock,development,fold_5
2025-04-03,MBB,23.6,23.7,22.65,22.65,26.05,22.65,32543400,HSX,stock,development,fold_5
2025-04-03,MWG,55.1,56.3,54.7,54.7,62.9,54.7,7766100,HSX,stock,development,fold_5
2025-04-03,PNJ,80.0,81.1,76.8,76.8,88.2,76.8,1484800,HSX,stock,development,fold_5
2025-04-03,SSI,25.2,25.8,24.6,24.6,28.3,24.6,21182500,HSX,stock,development,fold_5
2025-04-03,TCB,26.95,27.2,25.95,25.95,29.85,25.95,21921300,HSX,stock,development,fold_5
2025-04-03,VCB,64.0,64.4,60.3,60.3,69.3,60.3,4012400,HSX,stock,development,fold_5
2025-04-03,VND,15.15,15.25,14.8,14.8,17.0,14.8,18132600,HSX,stock,development,fold_5
2025-04-03,VPB,18.2,18.55,17.85,17.85,20.45,17.85,16952500,HSX,stock,development,fold_5
2025-04-04,FPT,105.6,113.9,105.6,113.0,121.4,105.6,9236100,HSX,stock,development,fold_5
2025-04-04,HPG,23.6,24.85,23.6,24.6,27.1,23.6,31275300,HSX,stock,development,fold_5
2025-04-04,MBB,21.1,22.45,21.1,22.45,24.2,21.1,32623900,HSX,stock,development,fold_5
2025-04-04,MWG,50.9,53.5,50.9,52.8,58.5,50.9,13953400,HSX,stock,development,fold_5
2025-04-04,PNJ,71.5,73.0,71.5,72.5,82.1,71.5,2107300,HSX,stock,development,fold_5
2025-04-04,SSI,22.9,23.85,22.9,23.75,26.3,22.9,33282500,HSX,stock,development,fold_5
2025-04-04,TCB,24.15,25.75,24.15,25.7,27.75,24.15,26842500,HSX,stock,development,fold_5
2025-04-04,VCB,56.7,60.0,56.2,60.0,64.5,56.1,5655900,HSX,stock,development,fold_5
2025-04-04,VND,13.8,14.6,13.8,14.6,15.8,13.8,18982200,HSX,stock,development,fold_5
2025-04-04,VPB,16.8,17.45,16.65,17.45,19.05,16.65,20930300,HSX,stock,development,fold_5
2025-04-08,FPT,106.0,108.0,105.1,105.1,120.9,105.1,5842900,HSX,stock,development,fold_5
2025-04-08,HPG,23.5,24.0,22.9,22.9,26.3,22.9,14612500,HSX,stock,development,fold_5
2025-04-08,MBB,21.15,21.9,20.9,20.9,24.0,20.9,22086200,HSX,stock,development,fold_5
2025-04-08,MWG,49.2,50.0,49.15,49.15,56.4,49.15,4304100,HSX,stock,development,fold_5
2025-04-08,PNJ,69.5,71.2,67.5,67.5,77.5,67.5,660500,HSX,stock,development,fold_5
2025-04-08,SSI,23.0,23.1,22.1,22.1,25.4,22.1,12375100,HSX,stock,development,fold_5
2025-04-08,TCB,25.0,25.0,23.95,23.95,27.45,23.95,12826700,HSX,stock,development,fold_5
2025-04-08,VCB,59.8,59.8,55.8,55.8,64.2,55.8,2601400,HSX,stock,development,fold_5
2025-04-08,VND,14.2,14.3,13.6,13.6,15.6,13.6,7517300,HSX,stock,development,fold_5
2025-04-08,VPB,17.0,17.2,16.25,16.25,18.65,16.25,10251300,HSX,stock,development,fold_5
2025-04-09,FPT,97.8,108.0,97.8,105.3,112.4,97.8,8867500,HSX,stock,development,fold_5
2025-04-09,HPG,21.3,22.3,21.3,21.3,24.5,21.3,29448600,HSX,stock,development,fold_5
2025-04-09,MBB,19.45,21.4,19.45,20.65,22.35,19.45,27875100,HSX,stock,development,fold_5
2025-04-09,MWG,45.75,49.2,45.75,46.25,52.5,45.75,12634300,HSX,stock,development,fold_5
2025-04-09,PNJ,62.8,66.6,62.8,62.8,72.2,62.8,2308700,HSX,stock,development,fold_5
2025-04-09,SSI,20.6,22.05,20.6,20.6,23.6,20.6,31797400,HSX,stock,development,fold_5
2025-04-09,TCB,22.3,24.9,22.3,23.6,25.6,22.3,20204400,HSX,stock,development,fold_5
2025-04-09,VCB,52.0,59.7,52.0,52.5,59.7,51.9,3863900,HSX,stock,development,fold_5
2025-04-09,VND,12.65,13.75,12.65,12.65,14.55,12.65,16666700,HSX,stock,development,fold_5
2025-04-09,VPB,15.2,16.5,15.15,15.95,17.35,15.15,28225900,HSX,stock,development,fold_5
2025-04-10,FPT,112.6,112.6,112.6,112.6,112.6,98.0,978800,HSX,stock,development,fold_5
2025-04-10,HPG,22.75,22.75,22.75,22.75,22.75,19.85,2965000,HSX,stock,development,fold_5
2025-04-10,MBB,22.05,22.05,22.05,22.05,22.05,19.25,1637300,HSX,stock,development,fold_5
2025-04-10,MWG,49.45,49.45,49.45,49.45,49.45,43.05,353100,HSX,stock,development,fold_5
2025-04-10,PNJ,67.1,67.1,67.1,67.1,67.1,58.5,53300,HSX,stock,development,fold_5
2025-04-10,SSI,22.0,22.0,22.0,22.0,22.0,19.2,5177600,HSX,stock,development,fold_5
2025-04-10,TCB,25.25,25.25,25.25,25.25,25.25,21.95,1174800,HSX,stock,development,fold_5
2025-04-10,VCB,56.1,56.1,56.1,56.1,56.1,48.85,167600,HSX,stock,development,fold_5
2025-04-10,VND,13.5,13.5,13.5,13.5,13.5,11.8,1610700,HSX,stock,development,fold_5
2025-04-10,VPB,17.05,17.05,17.05,17.05,17.05,14.85,1582500,HSX,stock,development,fold_5
2025-04-11,FPT,117.0,118.5,114.3,118.5,120.4,104.8,9329600,HSX,stock,development,fold_5
2025-04-11,HPG,24.2,24.3,23.5,24.3,24.3,21.2,35295000,HSX,stock,development,fold_5
2025-04-11,MBB,22.5,23.5,22.4,23.45,23.55,20.55,36593300,HSX,stock,development,fold_5
2025-04-11,MWG,51.0,52.9,50.6,52.9,52.9,46.0,6983400,HSX,stock,development,fold_5
2025-04-11,PNJ,71.7,71.7,71.3,71.7,71.7,62.5,2114700,HSX,stock,development,fold_5
2025-04-11,SSI,23.0,23.45,22.4,23.45,23.5,20.5,32048200,HSX,stock,development,fold_5
2025-04-11,TCB,26.5,26.6,25.6,26.6,27.0,23.5,24615100,HSX,stock,development,fold_5
2025-04-11,VCB,59.8,59.9,58.0,59.8,60.0,52.2,4603600,HSX,stock,development,fold_5
2025-04-11,VND,14.0,14.4,13.8,14.4,14.4,12.6,13888200,HSX,stock,development,fold_5
2025-04-11,VPB,17.0,17.65,16.8,17.45,18.2,15.9,27229700,HSX,stock,development,fold_5
2025-04-14,FPT,120.0,120.0,114.0,118.5,126.7,110.3,3869000,HSX,stock,development,fold_5
2025-04-14,HPG,24.8,25.75,24.75,25.35,26.0,22.6,21782600,HSX,stock,development,fold_5
2025-04-14,MBB,23.5,23.55,23.15,23.45,25.05,21.85,13929100,HSX,stock,development,fold_5
2025-04-14,MWG,55.0,56.6,54.3,56.6,56.6,49.2,6575300,HSX,stock,development,fold_5
2025-04-14,PNJ,73.9,75.8,73.0,73.7,76.7,66.7,1178000,HSX,stock,development,fold_5
2025-04-14,SSI,23.7,24.1,23.4,24.1,25.05,21.85,14853900,HSX,stock,development,fold_5
2025-04-14,TCB,26.6,26.7,26.1,26.55,28.45,24.75,8299400,HSX,stock,development,fold_5
2025-04-14,VCB,60.0,60.0,58.7,59.3,63.9,55.7,1701900,HSX,stock,development,fold_5
2025-04-14,VND,14.7,15.4,14.65,15.35,15.4,13.4,8274700,HSX,stock,development,fold_5
2025-04-14,VPB,17.5,17.7,17.25,17.3,18.65,16.25,11983900,HSX,stock,development,fold_5
2025-04-15,FPT,116.1,117.0,113.7,116.0,126.7,110.3,3527400,HSX,stock,development,fold_5
2025-04-15,HPG,25.15,26.15,25.05,25.85,27.1,23.6,21499600,HSX,stock,development,fold_5
2025-04-15,MBB,23.0,23.4,22.9,23.0,25.05,21.85,13893800,HSX,stock,development,fold_5
2025-04-15,MWG,56.0,57.6,55.1,57.1,60.5,52.7,5704100,HSX,stock,development,fold_5
2025-04-15,PNJ,73.3,73.4,70.0,71.5,78.8,68.6,1057400,HSX,stock,development,fold_5
2025-04-15,SSI,23.8,24.0,23.2,23.3,25.75,22.45,11782600,HSX,stock,development,fold_5
2025-04-15,TCB,26.05,26.35,25.8,26.0,28.4,24.7,9588600,HSX,stock,development,fold_5
2025-04-15,VCB,59.1,60.9,58.3,60.0,63.4,55.2,3090900,HSX,stock,development,fold_5
2025-04-15,VND,15.25,15.6,14.95,15.0,16.4,14.3,10186400,HSX,stock,development,fold_5
2025-04-15,VPB,17.2,17.25,16.85,16.9,18.5,16.1,9017200,HSX,stock,development,fold_5
2025-04-16,FPT,114.5,115.9,107.9,107.9,124.1,107.9,6936500,HSX,stock,development,fold_5
2025-04-16,HPG,25.9,26.0,25.05,25.5,27.65,24.05,11131700,HSX,stock,development,fold_5
2025-04-16,MBB,23.0,23.25,22.75,22.9,24.6,21.4,9573300,HSX,stock,development,fold_5
2025-04-16,MWG,56.6,57.7,55.6,56.8,61.0,53.2,4512500,HSX,stock,development,fold_5
2025-04-16,PNJ,71.2,71.2,68.2,68.6,76.5,66.5,879600,HSX,stock,development,fold_5
2025-04-16,SSI,23.4,23.6,23.0,23.0,24.9,21.7,9400200,HSX,stock,development,fold_5
2025-04-16,TCB,26.15,26.45,25.75,25.8,27.8,24.2,8720600,HSX,stock,development,fold_5
2025-04-16,VCB,59.7,60.3,59.0,59.3,64.2,55.8,1200900,HSX,stock,development,fold_5
2025-04-16,VND,15.0,15.45,15.0,15.2,16.05,13.95,8700900,HSX,stock,development,fold_5
2025-04-16,VPB,16.85,17.0,16.7,16.8,18.05,15.75,7421500,HSX,stock,development,fold_5
2025-04-17,FPT,105.0,111.3,104.9,109.4,115.4,100.4,4275500,HSX,stock,development,fold_5
2025-04-17,HPG,25.2,25.6,24.8,25.5,27.25,23.75,11127400,HSX,stock,development,fold_5
2025-04-17,MBB,22.7,23.0,22.6,23.0,24.5,21.3,11782700,HSX,stock,development,fold_5
2025-04-17,MWG,55.9,56.8,55.6,56.8,60.7,52.9,3049300,HSX,stock,development,fold_5
2025-04-17,PNJ,68.1,70.0,67.7,69.8,73.4,63.8,927500,HSX,stock,development,fold_5
2025-04-17,SSI,22.8,23.35,22.8,23.1,24.6,21.4,9493200,HSX,stock,development,fold_5
2025-04-17,TCB,25.6,26.0,25.55,26.0,27.6,24.0,7222100,HSX,stock,development,fold_5
2025-04-17,VCB,59.3,59.3,58.1,58.1,63.4,55.2,1675600,HSX,stock,development,fold_5
2025-04-17,VND,14.95,15.45,14.95,15.4,16.25,14.15,9298000,HSX,stock,development,fold_5
2025-04-17,VPB,16.8,16.8,16.35,16.55,17.95,15.65,10610100,HSX,stock,development,fold_5
2025-04-18,FPT,110.5,115.0,110.5,111.6,117.0,101.8,3130700,HSX,stock,development,fold_5
2025-04-18,HPG,25.65,25.75,25.45,25.45,27.25,23.75,10518800,HSX,stock,development,fold_5
2025-04-18,MBB,23.1,23.45,23.05,23.25,24.6,21.4,14399600,HSX,stock,development,fold_5
2025-04-18,MWG,56.9,57.6,56.2,56.2,60.7,52.9,3355100,HSX,stock,development,fold_5
2025-04-18,PNJ,70.5,72.9,70.3,72.5,74.6,65.0,548700,HSX,stock,development,fold_5
2025-04-18,SSI,23.3,23.95,23.25,23.35,24.7,21.5,11923400,HSX,stock,development,fold_5
2025-04-18,TCB,26.5,26.5,26.0,26.0,27.8,24.2,9799900,HSX,stock,development,fold_5
2025-04-18,VCB,58.7,59.6,58.1,58.1,62.1,54.1,1361700,HSX,stock,development,fold_5
2025-04-18,VND,15.5,16.2,15.35,15.65,16.45,14.35,17585700,HSX,stock,development,fold_5
2025-04-18,VPB,16.65,17.25,16.65,16.95,17.7,15.4,7008600,HSX,stock,development,fold_5
2025-04-21,FPT,112.0,112.5,110.0,111.7,119.4,103.8,1696700,HSX,stock,development,fold_5
2025-04-21,HPG,25.45,25.45,24.95,24.95,27.2,23.7,6928000,HSX,stock,development,fold_5
2025-04-21,MBB,23.5,23.5,22.8,22.95,24.85,21.65,14030900,HSX,stock,development,fold_5
2025-04-21,MWG,56.3,56.6,55.3,55.6,60.1,52.3,1967200,HSX,stock,development,fold_5
2025-04-21,PNJ,72.5,73.5,69.5,69.5,77.5,67.5,394200,HSX,stock,development,fold_5
2025-04-21,SSI,23.4,23.5,22.85,22.9,24.95,21.75,6965500,HSX,stock,development,fold_5
2025-04-21,TCB,26.0,26.3,25.6,25.75,27.8,24.2,5009100,HSX,stock,development,fold_5
2025-04-21,VCB,58.5,58.9,58.1,58.2,62.1,54.1,621400,HSX,stock,development,fold_5
2025-04-21,VND,15.5,15.6,15.0,15.35,16.7,14.6,12463100,HSX,stock,development,fold_5
2025-04-21,VPB,16.9,17.05,16.7,16.7,18.1,15.8,5020800,HSX,stock,development,fold_5
2025-04-22,FPT,111.0,111.2,104.0,110.4,119.5,103.9,3299900,HSX,stock,development,fold_5
2025-04-22,HPG,24.8,25.1,23.4,25.05,26.65,23.25,18818700,HSX,stock,development,fold_5
2025-04-22,MBB,22.85,23.15,21.55,23.1,24.55,21.35,19358000,HSX,stock,development,fold_5
2025-04-22,MWG,55.4,57.3,52.0,57.3,59.4,51.8,7075300,HSX,stock,development,fold_5
2025-04-22,PNJ,69.5,69.6,64.7,67.1,74.3,64.7,1018600,HSX,stock,development,fold_5
2025-04-22,SSI,22.5,22.9,21.3,22.25,24.5,21.3,17168100,HSX,stock,development,fold_5
2025-04-22,TCB,25.25,25.65,23.95,25.15,27.55,23.95,12896700,HSX,stock,development,fold_5
2025-04-22,VCB,58.1,58.8,54.7,58.5,62.2,54.2,1883100,HSX,stock,development,fold_5
2025-04-22,VND,15.15,15.15,14.3,15.0,16.4,14.3,25290900,HSX,stock,development,fold_5
2025-04-22,VPB,16.6,16.8,15.55,16.6,17.85,15.55,13537700,HSX,stock,development,fold_5
2025-04-23,FPT,111.7,111.7,107.7,110.4,118.1,102.7,2327000,HSX,stock,development,fold_5
2025-04-23,HPG,25.5,25.7,25.35,25.55,26.8,23.3,10314700,HSX,stock,development,fold_5
2025-04-23,MBB,23.45,23.7,23.1,23.4,24.7,21.5,16761600,HSX,stock,development,fold_5
2025-04-23,MWG,58.5,59.3,58.2,58.8,61.3,53.3,4204400,HSX,stock,development,fold_5
2025-04-23,PNJ,69.0,69.7,68.0,68.8,71.7,62.5,606900,HSX,stock,development,fold_5
2025-04-23,SSI,22.95,22.95,22.6,22.75,23.8,20.7,5568200,HSX,stock,development,fold_5
2025-04-23,TCB,25.75,26.3,25.15,26.1,26.9,23.4,8720200,HSX,stock,development,fold_5
2025-04-23,VCB,59.4,59.4,58.0,58.0,62.5,54.5,1085700,HSX,stock,development,fold_5
2025-04-23,VND,15.4,15.4,15.05,15.1,16.05,13.95,5535300,HSX,stock,development,fold_5
2025-04-23,VPB,17.0,17.0,16.7,16.7,17.75,15.45,6043500,HSX,stock,development,fold_5
2025-04-24,FPT,111.5,113.7,110.6,112.0,118.1,102.7,3224600,HSX,stock,development,fold_5
2025-04-24,HPG,25.7,25.7,25.2,25.6,27.3,23.8,8854600,HSX,stock,development,fold_5
2025-04-24,MBB,23.4,23.4,23.05,23.25,25.0,21.8,8108100,HSX,stock,development,fold_5
2025-04-24,MWG,58.8,59.9,58.4,59.7,62.9,54.7,3967800,HSX,stock,development,fold_5
2025-04-24,PNJ,69.0,71.4,69.0,71.0,73.6,64.0,692600,HSX,stock,development,fold_5
2025-04-24,SSI,22.9,23.15,22.65,23.0,24.3,21.2,7098100,HSX,stock,development,fold_5
2025-04-24,TCB,26.0,26.1,25.7,25.75,27.9,24.3,4418600,HSX,stock,development,fold_5
2025-04-24,VCB,58.2,58.6,58.0,58.2,62.0,54.0,919400,HSX,stock,development,fold_5
2025-04-24,VND,15.1,15.25,14.7,14.9,16.15,14.05,5955000,HSX,stock,development,fold_5
2025-04-24,VPB,16.8,16.95,16.65,16.65,17.85,15.55,6433900,HSX,stock,development,fold_5
2025-04-25,FPT,112.0,112.4,110.2,112.4,119.8,104.2,3191100,HSX,stock,development,fold_5
2025-04-25,HPG,25.45,25.7,25.25,25.7,27.35,23.85,16151800,HSX,stock,development,fold_5
2025-04-25,MBB,23.5,23.75,23.3,23.55,24.85,21.65,20057300,HSX,stock,development,fold_5
2025-04-25,MWG,59.5,60.5,59.4,60.5,63.8,55.6,6533300,HSX,stock,development,fold_5
2025-04-25,PNJ,71.4,71.4,69.6,70.1,75.9,66.1,874300,HSX,stock,development,fold_5
2025-04-25,SSI,23.2,23.2,22.8,22.8,24.6,21.4,8008600,HSX,stock,development,fold_5
2025-04-25,TCB,25.95,26.05,25.4,25.95,27.55,23.95,12809800,HSX,stock,development,fold_5
2025-04-25,VCB,58.2,59.0,57.5,57.5,62.2,54.2,2358000,HSX,stock,development,fold_5
2025-04-25,VND,15.05,15.05,14.7,14.7,15.9,13.9,4193600,HSX,stock,development,fold_5
2025-04-25,VPB,16.7,16.75,16.45,16.5,17.8,15.5,16845100,HSX,stock,development,fold_5
2025-04-28,FPT,112.0,112.4,109.2,109.5,120.2,104.6,1669200,HSX,stock,development,fold_5
2025-04-28,HPG,25.7,25.7,25.35,25.65,27.45,23.95,5058200,HSX,stock,development,fold_5
2025-04-28,MBB,23.8,23.85,23.55,23.7,25.15,21.95,9975000,HSX,stock,development,fold_5
2025-04-28,MWG,60.9,62.0,59.6,60.9,64.7,56.3,3819700,HSX,stock,development,fold_5
2025-04-28,PNJ,70.1,71.0,70.0,70.8,75.0,65.2,393300,HSX,stock,development,fold_5
2025-04-28,SSI,22.9,23.15,22.8,23.05,24.35,21.25,5355600,HSX,stock,development,fold_5
2025-04-28,TCB,26.0,26.1,25.8,26.0,27.75,24.15,4706200,HSX,stock,development,fold_5
2025-04-28,VCB,57.7,58.3,57.5,57.5,61.5,53.5,1065600,HSX,stock,development,fold_5
2025-04-28,VND,14.8,14.9,14.65,14.8,15.7,13.7,3590500,HSX,stock,development,fold_5
2025-04-28,VPB,16.7,16.7,16.5,16.55,17.65,15.35,4501200,HSX,stock,development,fold_5
2025-04-29,FPT,109.6,110.5,109.1,109.4,117.1,101.9,1540600,HSX,stock,development,fold_5
2025-04-29,HPG,25.65,25.7,25.4,25.5,27.4,23.9,8234900,HSX,stock,development,fold_5
2025-04-29,MBB,23.7,23.75,23.55,23.55,25.35,22.05,6423000,HSX,stock,development,fold_5
2025-04-29,MWG,60.8,61.1,60.5,60.8,65.1,56.7,2877300,HSX,stock,development,fold_5
2025-04-29,PNJ,70.5,71.1,70.4,71.1,75.7,65.9,240700,HSX,stock,development,fold_5
2025-04-29,SSI,23.15,23.15,22.95,22.95,24.65,21.45,5226900,HSX,stock,development,fold_5
2025-04-29,TCB,26.0,26.6,26.0,26.3,27.8,24.2,7640200,HSX,stock,development,fold_5
2025-04-29,VCB,57.7,58.5,57.3,57.3,61.5,53.5,1213000,HSX,stock,development,fold_5
2025-04-29,VND,14.8,14.85,14.6,14.6,15.8,13.8,4900800,HSX,stock,development,fold_5
2025-04-29,VPB,16.6,16.7,16.5,16.55,17.7,15.4,7115600,HSX,stock,development,fold_5
2025-05-05,FPT,109.5,109.7,106.9,108.6,117.0,101.8,9318400,HSX,stock,development,fold_5
2025-05-05,HPG,25.65,25.75,25.35,25.7,27.25,23.75,65713000,HSX,stock,development,fold_5
2025-05-05,MBB,23.7,23.75,23.45,23.55,25.15,21.95,32099500,HSX,stock,development,fold_5
2025-05-05,MWG,60.8,61.4,60.0,61.0,65.0,56.6,7669400,HSX,stock,development,fold_5
2025-05-05,PNJ,71.6,72.2,70.3,70.8,76.0,66.2,593400,HSX,stock,development,fold_5
2025-05-05,SSI,23.4,23.45,23.0,23.1,24.55,21.35,65091700,HSX,stock,development,fold_5
2025-05-05,TCB,26.65,26.65,26.15,26.5,28.1,24.5,40747400,HSX,stock,development,fold_5
2025-05-05,VCB,57.5,58.0,57.0,57.1,61.3,53.3,3013900,HSX,stock,development,fold_5
2025-05-05,VND,14.9,14.9,14.45,14.85,15.6,13.6,15555000,HSX,stock,development,fold_5
2025-05-05,VPB,16.7,16.75,16.5,16.6,17.7,15.4,36852000,HSX,stock,development,fold_5
2025-05-06,FPT,108.6,111.0,108.6,109.7,,,7438700,HSX,stock,development,fold_5
2025-05-06,HPG,25.75,26.05,25.45,25.45,,,94909700,HSX,stock,development,fold_5
2025-05-06,MBB,23.6,23.7,23.5,23.55,,,46641900,HSX,stock,development,fold_5
2025-05-06,MWG,61.0,61.2,60.1,60.5,,,24414100,HSX,stock,development,fold_5
2025-05-06,PNJ,70.9,73.6,70.9,73.6,,,4907600,HSX,stock,development,fold_5
2025-05-06,SSI,23.2,23.5,23.1,23.15,,,46076700,HSX,stock,development,fold_5
2025-05-06,TCB,26.5,27.2,26.4,26.85,,,28908000,HSX,stock,development,fold_5
2025-05-06,VCB,57.3,58.0,57.0,57.0,,,2323000,HSX,stock,development,fold_5
2025-05-06,VND,14.95,15.1,14.65,14.65,,,18188400,HSX,stock,development,fold_5
2025-05-06,VPB,16.7,17.2,16.65,16.9,,,58548500,HSX,stock,development,fold_5
2025-05-07,FPT,109.6,111.2,108.9,109.7,117.3,102.1,14362200,HSX,stock,development,fold_5
2025-05-07,HPG,25.35,25.5,25.35,25.4,27.2,23.7,28954200,HSX,stock,development,fold_5
2025-05-07,MBB,23.55,23.6,23.2,23.25,25.15,21.95,143951600,HSX,stock,development,fold_5
2025-05-07,MWG,59.9,60.5,59.1,60.1,64.7,56.3,26286400,HSX,stock,development,fold_5
2025-05-07,PNJ,73.2,73.3,72.3,72.8,78.7,68.5,1125700,HSX,stock,development,fold_5
2025-05-07,SSI,23.15,23.15,22.75,22.85,24.75,21.55,21066000,HSX,stock,development,fold_5
2025-05-07,TCB,26.85,27.1,26.6,27.0,28.7,25.0,24014000,HSX,stock,development,fold_5
2025-05-07,VCB,57.1,57.5,57.0,57.0,60.9,53.1,8752300,HSX,stock,development,fold_5
2025-05-07,VND,14.65,14.75,14.45,14.55,15.65,13.65,13674800,HSX,stock,development,fold_5
2025-05-07,VPB,16.95,17.0,16.8,17.0,18.05,15.75,78180100,HSX,stock,development,fold_5
2025-05-08,FPT,110.4,114.6,109.0,114.3,117.3,102.1,30585700,HSX,stock,development,fold_5
2025-05-08,HPG,25.4,25.85,25.3,25.7,27.15,23.65,81957600,HSX,stock,development,fold_5
2025-05-08,MBB,23.3,23.6,23.2,23.55,24.85,21.65,36061900,HSX,stock,development,fold_5
2025-05-08,MWG,60.1,60.3,58.9,60.3,64.3,55.9,47040800,HSX,stock,development,fold_5
2025-05-08,PNJ,72.0,74.4,72.0,74.0,77.8,67.8,3353400,HSX,stock,development,fold_5
2025-05-08,SSI,22.95,23.3,22.75,23.1,24.4,21.3,33843100,HSX,stock,development,fold_5
2025-05-08,TCB,27.0,27.45,26.85,27.4,28.85,25.15,39880100,HSX,stock,development,fold_5
2025-05-08,VCB,57.4,57.7,56.9,57.1,60.9,53.1,9114800,HSX,stock,development,fold_5
2025-05-08,VND,14.65,14.9,14.5,14.85,15.55,13.55,16042400,HSX,stock,development,fold_5
2025-05-08,VPB,17.05,17.2,16.95,17.0,18.15,15.85,43824400,HSX,stock,development,fold_5
2025-05-09,FPT,114.3,116.4,113.5,116.0,122.3,106.3,27763700,HSX,stock,development,fold_5
2025-05-09,HPG,25.7,25.75,25.5,25.65,27.45,23.95,43166700,HSX,stock,development,fold_5
2025-05-09,MBB,23.7,23.7,23.4,23.5,25.15,21.95,57199300,HSX,stock,development,fold_5
2025-05-09,MWG,60.3,61.0,60.1,60.4,64.5,56.1,13227700,HSX,stock,development,fold_5
2025-05-09,PNJ,74.2,76.5,74.2,76.4,79.1,68.9,3036700,HSX,stock,development,fold_5
2025-05-09,SSI,23.2,23.3,22.9,22.95,24.7,21.5,60145700,HSX,stock,development,fold_5
2025-05-09,TCB,27.3,28.0,27.25,27.6,29.3,25.5,29317700,HSX,stock,development,fold_5
2025-05-09,VCB,57.3,57.6,56.6,56.6,61.0,53.2,16579100,HSX,stock,development,fold_5
2025-05-09,VND,14.9,15.2,14.85,14.9,15.85,13.85,25624300,HSX,stock,development,fold_5
2025-05-09,VPB,17.1,17.25,16.9,17.0,18.15,15.85,19280000,HSX,stock,development,fold_5
2025-05-12,FPT,117.0,118.7,116.7,118.3,124.1,107.9,41613600,HSX,stock,development,fold_5
2025-05-12,HPG,25.55,25.75,24.75,25.4,27.4,23.9,114142000,HSX,stock,development,fold_5
2025-05-12,MBB,23.4,23.9,23.35,23.8,25.1,21.9,115210700,HSX,stock,development,fold_5
2025-05-12,MWG,60.7,60.9,60.1,60.8,64.6,56.2,16190800,HSX,stock,development,fold_5
2025-05-12,PNJ,77.0,78.6,76.0,78.6,81.7,71.1,2124300,HSX,stock,development,fold_5
2025-05-12,SSI,23.1,23.2,22.85,23.2,24.55,21.35,185253300,HSX,stock,development,fold_5
2025-05-12,TCB,27.65,29.45,27.6,29.4,29.5,25.7,217345700,HSX,stock,development,fold_5
2025-05-12,VCB,57.0,57.3,56.2,56.6,60.5,52.7,10381300,HSX,stock,development,fold_5
2025-05-12,VND,14.9,15.05,14.8,15.05,15.9,13.9,56722100,HSX,stock,development,fold_5
2025-05-12,VPB,17.1,17.45,16.95,17.35,18.15,15.85,84578100,HSX,stock,development,fold_5
2025-05-13,FPT,120.0,120.3,118.6,119.5,126.5,110.1,78987000,HSX,stock,development,fold_5
2025-05-13,HPG,25.6,26.0,25.6,25.8,27.15,23.65,173728900,HSX,stock,development,fold_5
2025-05-13,MBB,24.05,24.5,24.0,24.5,25.45,22.15,371652400,HSX,stock,development,fold_5
2025-05-13,MWG,61.2,63.7,61.0,63.5,65.0,56.6,69290500,HSX,stock,development,fold_5
2025-05-13,PNJ,79.5,84.1,79.5,82.2,84.1,73.1,3209100,HSX,stock,development,fold_5
2025-05-13,SSI,23.55,23.9,23.35,23.4,24.8,21.6,177741800,HSX,stock,development,fold_5
2025-05-13,TCB,29.5,29.7,29.15,29.4,31.45,27.35,71867700,HSX,stock,development,fold_5
2025-05-13,VCB,57.1,57.3,56.6,56.8,60.5,52.7,14321100,HSX,stock,development,fold_5
2025-05-13,VND,15.25,15.45,15.05,15.15,16.1,14.0,48446100,HSX,stock,development,fold_5
2025-05-13,VPB,17.65,17.7,17.45,17.7,18.55,16.15,92571400,HSX,stock,development,fold_5
2025-05-14,FPT,120.0,126.3,120.0,126.3,127.8,111.2,55301400,HSX,stock,development,fold_5
2025-05-14,HPG,25.9,26.55,25.85,26.15,27.6,24.0,74159700,HSX,stock,development,fold_5
2025-05-14,MBB,24.5,24.7,24.35,24.5,26.2,22.8,132472900,HSX,stock,development,fold_5
2025-05-14,MWG,63.8,64.3,63.6,64.0,67.9,59.1,23745200,HSX,stock,development,fold_5
2025-05-14,PNJ,82.2,86.4,82.1,86.0,87.9,76.5,2600200,HSX,stock,development,fold_5
2025-05-14,SSI,23.45,24.2,23.3,23.9,25.0,21.8,85647200,HSX,stock,development,fold_5
2025-05-14,TCB,29.35,30.5,29.3,29.85,31.45,27.35,26254600,HSX,stock,development,fold_5
2025-05-14,VCB,57.2,58.8,57.2,58.7,60.7,52.9,33665700,HSX,stock,development,fold_5
2025-05-14,VND,15.25,15.5,15.0,15.3,16.2,14.1,40508600,HSX,stock,development,fold_5
2025-05-14,VPB,17.8,18.9,17.75,18.9,18.9,16.5,277433500,HSX,stock,development,fold_5
2025-05-15,FPT,126.5,126.9,123.6,125.0,135.1,117.5,28807800,HSX,stock,development,fold_5
2025-05-15,HPG,26.2,26.2,25.85,26.15,27.95,24.35,70828500,HSX,stock,development,fold_5
2025-05-15,MBB,24.6,25.45,24.6,25.05,26.2,22.8,133271400,HSX,stock,development,fold_5
2025-05-15,MWG,64.0,64.6,63.0,64.3,68.4,59.6,26917800,HSX,stock,development,fold_5
2025-05-15,PNJ,87.0,87.0,84.0,84.4,92.0,80.0,2374800,HSX,stock,development,fold_5
2025-05-15,SSI,24.15,24.25,23.85,23.9,25.55,22.25,174756800,HSX,stock,development,fold_5
2025-05-15,TCB,29.9,30.2,29.55,29.9,31.9,27.8,41402400,HSX,stock,development,fold_5
2025-05-15,VCB,59.3,59.8,58.7,58.7,62.8,54.6,25753800,HSX,stock,development,fold_5
2025-05-15,VND,15.45,15.6,15.2,15.4,16.35,14.25,23959700,HSX,stock,development,fold_5
2025-05-15,VPB,18.65,18.8,18.25,18.55,19.65,17.15,245945900,HSX,stock,development,fold_5
2025-05-16,FPT,124.5,124.7,120.9,121.0,133.7,116.3,51259000,HSX,stock,development,fold_5
2025-05-16,HPG,26.15,26.2,25.8,25.8,27.95,24.35,77528900,HSX,stock,development,fold_5
2025-05-16,MBB,25.15,25.15,24.65,24.65,26.8,23.3,225213300,HSX,stock,development,fold_5
2025-05-16,MWG,63.8,64.5,63.5,63.8,68.8,59.8,16601200,HSX,stock,development,fold_5
2025-05-16,PNJ,84.0,84.3,81.0,81.0,90.3,78.5,3434100,HSX,stock,development,fold_5
2025-05-16,SSI,23.95,24.4,23.7,23.7,25.55,22.25,157694000,HSX,stock,development,fold_5
2025-05-16,TCB,29.9,29.9,29.25,29.45,31.95,27.85,138615000,HSX,stock,development,fold_5
2025-05-16,VCB,58.8,59.0,57.5,57.5,62.8,54.6,32389300,HSX,stock,development,fold_5
2025-05-16,VND,15.4,15.7,15.2,15.2,16.45,14.35,51334200,HSX,stock,development,fold_5
2025-05-16,VPB,18.35,18.7,18.05,18.05,19.8,17.3,182669800,HSX,stock,development,fold_5
2025-05-19,FPT,118.8,120.5,116.6,118.2,129.4,112.6,70361900,HSX,stock,development,fold_5
2025-05-19,HPG,25.75,25.95,25.55,25.65,27.6,24.0,94812600,HSX,stock,development,fold_5
2025-05-19,MBB,24.5,24.9,24.35,24.6,26.35,22.95,113410500,HSX,stock,development,fold_5
2025-05-19,MWG,63.5,64.4,63.1,63.7,68.2,59.4,29365600,HSX,stock,development,fold_5
2025-05-19,PNJ,80.9,83.1,79.9,81.6,86.6,75.4,858900,HSX,stock,development,fold_5
2025-05-19,SSI,23.55,23.7,23.35,23.35,25.35,22.05,119423200,HSX,stock,development,fold_5
2025-05-19,TCB,29.2,29.95,29.1,29.5,31.5,27.4,35758900,HSX,stock,development,fold_5
2025-05-19,VCB,57.4,57.6,57.0,57.0,61.5,53.5,7918200,HSX,stock,development,fold_5
2025-05-19,VND,15.25,15.25,14.8,14.8,16.25,14.15,59923800,HSX,stock,development,fold_5
2025-05-19,VPB,18.0,18.85,17.8,18.2,19.3,16.8,168697100,HSX,stock,development,fold_5
2025-05-20,FPT,116.8,119.3,116.8,119.2,126.4,110.0,32689400,HSX,stock,development,fold_5
2025-05-20,HPG,25.6,25.8,25.6,25.65,27.4,23.9,39988800,HSX,stock,development,fold_5
2025-05-20,MBB,24.7,25.1,24.5,24.85,26.3,22.9,38892900,HSX,stock,development,fold_5
2025-05-20,MWG,63.5,65.2,63.3,64.7,68.1,59.3,29746000,HSX,stock,development,fold_5
2025-05-20,PNJ,81.9,82.6,81.0,82.3,87.3,75.9,604800,HSX,stock,development,fold_5
2025-05-20,SSI,23.4,23.65,23.3,23.5,24.95,21.75,31874400,HSX,stock,development,fold_5
2025-05-20,TCB,29.5,31.1,29.5,30.95,31.55,27.45,62666700,HSX,stock,development,fold_5
2025-05-20,VCB,57.0,57.4,56.8,57.1,60.9,53.1,6492500,HSX,stock,development,fold_5
2025-05-20,VND,14.95,15.2,14.6,15.15,15.8,13.8,21439700,HSX,stock,development,fold_5
2025-05-20,VPB,18.2,18.55,18.15,18.2,19.45,16.95,106181800,HSX,stock,development,fold_5
2025-05-21,FPT,120.0,120.0,117.0,118.3,127.5,110.9,13900800,HSX,stock,development,fold_5
2025-05-21,HPG,25.75,26.1,25.65,25.75,27.4,23.9,81238800,HSX,stock,development,fold_5
2025-05-21,MBB,25.2,25.55,24.85,25.05,26.55,23.15,114716800,HSX,stock,development,fold_5
2025-05-21,MWG,64.9,64.9,63.6,64.3,69.2,60.2,29244000,HSX,stock,development,fold_5
2025-05-21,PNJ,82.6,82.6,80.1,80.7,88.0,76.6,374100,HSX,stock,development,fold_5
2025-05-21,SSI,23.55,23.7,23.25,23.35,25.1,21.9,34141800,HSX,stock,development,fold_5
2025-05-21,TCB,31.0,31.4,30.7,30.9,33.1,28.8,28433800,HSX,stock,development,fold_5
2025-05-21,VCB,57.5,57.9,57.0,57.1,61.0,53.2,7888800,HSX,stock,development,fold_5
2025-05-21,VND,15.2,15.45,15.0,15.4,16.2,14.1,102224600,HSX,stock,development,fold_5
2025-05-21,VPB,18.3,18.8,18.25,18.45,19.45,16.95,81908100,HSX,stock,development,fold_5
2025-05-22,FPT,117.1,117.6,115.6,116.8,126.5,110.1,24196900,HSX,stock,development,fold_5
2025-05-22,HPG,25.75,25.95,25.55,25.65,27.55,23.95,101563800,HSX,stock,development,fold_5
2025-05-22,MBB,25.35,25.35,24.5,24.65,26.8,23.3,473109500,HSX,stock,development,fold_5
2025-05-22,MWG,63.9,64.8,63.6,64.3,68.8,59.8,40371300,HSX,stock,development,fold_5
2025-05-22,PNJ,80.0,80.5,78.5,78.9,86.3,75.1,923400,HSX,stock,development,fold_5
2025-05-22,SSI,23.35,23.9,23.25,23.35,24.95,21.75,94620600,HSX,stock,development,fold_5
2025-05-22,TCB,30.65,31.2,30.3,30.5,33.05,28.75,257364000,HSX,stock,development,fold_5
2025-05-22,VCB,57.1,57.4,56.9,56.9,61.0,53.2,14843000,HSX,stock,development,fold_5
2025-05-22,VND,15.4,16.15,15.3,15.65,16.45,14.35,93135700,HSX,stock,development,fold_5
2025-05-22,VPB,18.5,18.7,18.2,18.3,19.7,17.2,252025700,HSX,stock,development,fold_5
2025-05-23,FPT,116.7,117.8,116.0,117.1,124.9,108.7,12559400,HSX,stock,development,fold_5
2025-05-23,HPG,25.75,25.85,25.55,25.6,27.4,23.9,78323800,HSX,stock,development,fold_5
2025-05-23,MBB,24.9,24.9,24.55,24.65,26.35,22.95,172636700,HSX,stock,development,fold_5
2025-05-23,MWG,64.2,64.3,63.3,64.2,68.8,59.8,51501400,HSX,stock,development,fold_5
2025-05-23,PNJ,79.0,80.0,78.0,79.0,84.4,73.4,748400,HSX,stock,development,fold_5
2025-05-23,SSI,23.4,23.55,23.25,23.35,24.95,21.75,25199700,HSX,stock,development,fold_5
2025-05-23,TCB,30.55,30.6,29.8,30.15,32.6,28.4,31477700,HSX,stock,development,fold_5
2025-05-23,VCB,56.9,57.5,56.7,56.8,60.8,53.0,4435500,HSX,stock,development,fold_5
2025-05-23,VND,15.7,15.8,15.5,15.55,16.7,14.6,43424900,HSX,stock,development,fold_5
2025-05-23,VPB,18.25,18.35,18.1,18.1,19.55,17.05,76469000,HSX,stock,development,fold_5
2025-05-26,FPT,116.7,117.8,115.0,117.3,125.2,109.0,16333000,HSX,stock,development,fold_5
2025-05-26,HPG,25.65,25.65,25.05,25.55,27.35,23.85,111219300,HSX,stock,development,fold_5
2025-05-26,MBB,24.7,24.8,24.0,24.8,26.35,22.95,44229900,HSX,stock,development,fold_5
2025-05-26,MWG,64.2,65.0,62.4,64.5,68.6,59.8,13560600,HSX,stock,development,fold_5
2025-05-26,PNJ,80.0,80.5,78.0,80.5,84.5,73.5,969400,HSX,stock,development,fold_5
2025-05-26,SSI,23.45,23.6,22.8,23.6,24.95,21.75,43423600,HSX,stock,development,fold_5
2025-05-26,TCB,30.15,30.35,29.5,30.35,32.25,28.05,49857000,HSX,stock,development,fold_5
2025-05-26,VCB,56.9,57.0,56.0,57.0,60.7,52.9,8652300,HSX,stock,development,fold_5
2025-05-26,VND,15.55,15.75,15.05,15.75,16.6,14.5,28052400,HSX,stock,development,fold_5
2025-05-26,VPB,18.1,18.2,17.3,18.15,19.35,16.85,38604300,HSX,stock,development,fold_5
2025-05-27,FPT,117.4,119.4,117.4,119.0,125.5,109.1,16601300,HSX,stock,development,fold_5
2025-05-27,HPG,25.55,26.15,25.55,25.55,27.3,23.8,93860000,HSX,stock,development,fold_5
2025-05-27,MBB,25.0,25.0,24.65,24.75,26.5,23.1,29533100,HSX,stock,development,fold_5
2025-05-27,MWG,64.8,64.9,63.5,64.3,69.0,60.0,32532100,HSX,stock,development,fold_5
2025-05-27,PNJ,81.0,81.0,80.0,80.3,86.1,74.9,375200,HSX,stock,development,fold_5
2025-05-27,SSI,23.7,24.0,23.5,23.7,25.25,21.95,41776300,HSX,stock,development,fold_5
2025-05-27,TCB,30.6,31.25,30.35,30.6,32.45,28.25,60645100,HSX,stock,development,fold_5
2025-05-27,VCB,56.8,57.2,56.7,56.8,60.9,53.1,5063900,HSX,stock,development,fold_5
2025-05-27,VND,15.85,16.35,15.75,16.2,16.85,14.65,64172900,HSX,stock,development,fold_5
2025-05-27,VPB,18.15,18.3,18.05,18.1,19.4,16.9,46560700,HSX,stock,development,fold_5
2025-05-28,FPT,119.2,119.4,117.5,118.4,127.3,110.7,9105800,HSX,stock,development,fold_5
2025-05-28,HPG,25.75,25.9,25.55,25.6,27.3,23.8,28112000,HSX,stock,development,fold_5
2025-05-28,MBB,24.85,24.85,24.55,24.6,26.45,23.05,46389600,HSX,stock,development,fold_5
2025-05-28,MWG,64.3,65.5,64.0,64.4,68.8,59.8,14755700,HSX,stock,development,fold_5
2025-05-28,PNJ,80.8,80.9,78.9,79.3,85.9,74.7,619400,HSX,stock,development,fold_5
2025-05-28,SSI,23.95,24.2,23.55,23.7,25.35,22.05,60048800,HSX,stock,development,fold_5
2025-05-28,TCB,30.7,30.8,30.25,30.5,32.7,28.5,39010900,HSX,stock,development,fold_5
2025-05-28,VCB,57.1,57.6,56.8,56.8,60.7,52.9,6198000,HSX,stock,development,fold_5
2025-05-28,VND,16.35,16.5,16.0,16.15,17.3,15.1,67723100,HSX,stock,development,fold_5
2025-05-28,VPB,18.2,18.3,18.0,18.0,19.35,16.85,24774200,HSX,stock,development,fold_5
2025-05-29,FPT,119.0,119.0,117.1,117.1,126.6,110.2,22186600,HSX,stock,development,fold_5
2025-05-29,HPG,25.7,25.8,25.5,25.55,27.35,23.85,61539600,HSX,stock,development,fold_5
2025-05-29,MBB,24.75,24.75,24.45,24.5,26.3,22.9,35115300,HSX,stock,development,fold_5
2025-05-29,MWG,64.5,64.6,63.4,64.3,68.9,59.9,45148800,HSX,stock,development,fold_5
2025-05-29,PNJ,84.7,84.7,82.6,84.0,84.8,73.8,17977500,HSX,stock,development,fold_5
2025-05-29,SSI,23.85,23.9,23.5,23.5,25.35,22.05,75440600,HSX,stock,development,fold_5
2025-05-29,TCB,30.5,30.8,30.3,30.8,32.6,28.4,94581800,HSX,stock,development,fold_5
2025-05-29,VCB,57.2,57.2,56.7,56.7,60.7,52.9,7906000,HSX,stock,development,fold_5
2025-05-29,VND,16.15,16.3,15.75,15.75,17.25,15.05,151233300,HSX,stock,development,fold_5
2025-05-29,VPB,18.1,18.55,18.0,18.15,19.25,16.75,38627200,HSX,stock,development,fold_5
2025-05-30,FPT,118.0,118.2,116.5,116.5,125.2,109.0,68075200,HSX,stock,development,fold_5
2025-05-30,HPG,25.65,26.65,25.65,25.75,27.3,23.8,232304000,HSX,stock,development,fold_5
2025-05-30,MBB,24.65,24.65,24.35,24.35,26.2,22.8,118480300,HSX,stock,development,fold_5
2025-05-30,MWG,63.8,63.9,62.1,62.1,68.8,59.8,441571300,HSX,stock,development,fold_5
2025-05-30,PNJ,86.0,86.0,81.8,82.5,89.8,78.2,9221600,HSX,stock,development,fold_5
2025-05-30,SSI,23.5,23.95,23.4,23.45,25.1,21.9,106274000,HSX,stock,development,fold_5
2025-05-30,TCB,30.8,30.8,30.45,30.45,32.95,28.65,49762300,HSX,stock,development,fold_5
2025-05-30,VCB,56.8,56.9,56.4,56.4,60.6,52.8,16919100,HSX,stock,development,fold_5
2025-05-30,VND,15.7,16.15,15.55,15.7,16.85,14.65,80252700,HSX,stock,development,fold_5
2025-05-30,VPB,18.25,18.3,17.9,17.95,19.4,16.9,41682100,HSX,stock,development,fold_5
2025-06-02,FPT,116.5,117.1,115.6,116.1,124.6,108.4,6761500,HSX,stock,development,fold_5
2025-06-02,HPG,25.6,25.65,25.35,25.55,27.55,23.95,117977100,HSX,stock,development,fold_5
2025-06-02,MBB,24.45,24.7,24.15,24.6,26.05,22.65,69187700,HSX,stock,development,fold_5
2025-06-02,MWG,62.0,62.0,60.0,61.0,66.4,57.8,44046300,HSX,stock,development,fold_5
2025-06-02,PNJ,77.0,79.6,77.0,78.2,88.2,76.8,79781700,HSX,stock,development,fold_5
2025-06-02,SSI,23.35,23.7,23.35,23.7,25.05,21.85,66866300,HSX,stock,development,fold_5
2025-06-02,TCB,30.4,30.95,30.2,30.85,32.55,28.35,39389200,HSX,stock,development,fold_5
2025-06-02,VCB,56.5,56.5,56.1,56.2,60.3,52.5,3855600,HSX,stock,development,fold_5
2025-06-02,VND,15.75,16.35,15.6,16.35,16.75,14.65,454622500,HSX,stock,development,fold_5
2025-06-02,VPB,17.95,18.15,17.8,18.0,19.2,16.7,31219400,HSX,stock,development,fold_5
2025-06-03,FPT,116.7,118.0,116.3,117.4,124.2,108.0,7301800,HSX,stock,development,fold_5
2025-06-03,HPG,25.8,26.2,25.75,26.0,27.3,23.8,235696900,HSX,stock,development,fold_5
2025-06-03,MBB,24.65,24.8,24.65,24.7,26.3,22.9,34272700,HSX,stock,development,fold_5
2025-06-03,MWG,61.0,62.8,61.0,62.4,65.2,56.8,12334300,HSX,stock,development,fold_5
2025-06-03,PNJ,78.0,79.2,77.7,77.8,83.6,72.8,1400600,HSX,stock,development,fold_5
2025-06-03,SSI,24.1,24.85,24.1,24.5,25.35,22.05,159362900,HSX,stock,development,fold_5
2025-06-03,TCB,30.9,31.9,30.9,31.6,33.0,28.7,36326100,HSX,stock,development,fold_5
2025-06-03,VCB,56.7,56.9,56.4,56.8,60.1,52.3,5798500,HSX,stock,development,fold_5
2025-06-03,VND,16.65,17.45,16.55,17.45,17.45,15.25,432828700,HSX,stock,development,fold_5
2025-06-03,VPB,18.1,18.4,18.0,18.3,19.25,16.75,25656400,HSX,stock,development,fold_5
2025-06-04,FPT,118.0,118.2,116.5,117.1,125.6,109.2,10982600,HSX,stock,development,fold_5
2025-06-04,HPG,26.1,26.4,25.95,25.95,27.8,24.2,58535000,HSX,stock,development,fold_5
2025-06-04,MBB,24.75,24.8,24.5,24.55,26.4,23.0,18197600,HSX,stock,development,fold_5
2025-06-04,MWG,62.8,62.8,61.1,61.3,66.7,58.1,24818200,HSX,stock,development,fold_5
2025-06-04,PNJ,78.4,78.9,77.7,78.9,83.2,72.4,992100,HSX,stock,development,fold_5
2025-06-04,SSI,24.7,24.7,24.15,24.2,26.2,22.8,58881300,HSX,stock,development,fold_5
2025-06-04,TCB,31.7,31.7,31.2,31.35,33.8,29.4,40240100,HSX,stock,development,fold_5
2025-06-04,VCB,56.9,57.0,56.5,56.6,60.7,52.9,4836100,HSX,stock,development,fold_5
2025-06-04,VND,17.45,17.7,17.3,17.3,18.65,16.25,69535600,HSX,stock,development,fold_5
2025-06-04,VPB,18.3,18.55,18.2,18.25,19.55,17.05,35573200,HSX,stock,development,fold_5
2025-06-05,FPT,117.1,117.3,116.5,116.8,125.2,109.0,5572100,HSX,stock,development,fold_5
2025-06-05,HPG,26.0,26.05,25.7,25.75,27.75,24.15,72433900,HSX,stock,development,fold_5
2025-06-05,MBB,24.55,24.65,24.4,24.4,26.25,22.85,60034200,HSX,stock,development,fold_5
2025-06-05,MWG,61.0,62.2,61.0,61.7,65.5,57.1,11532100,HSX,stock,development,fold_5
2025-06-05,PNJ,78.6,78.8,77.8,77.9,84.4,73.4,698400,HSX,stock,development,fold_5
2025-06-05,SSI,24.2,24.3,23.9,23.95,25.85,22.55,76128200,HSX,stock,development,fold_5
2025-06-05,TCB,31.35,31.6,31.05,31.1,33.5,29.2,50474600,HSX,stock,development,fold_5
2025-06-05,VCB,56.7,56.8,56.3,56.3,60.5,52.7,11042600,HSX,stock,development,fold_5
2025-06-05,VND,17.3,17.4,16.95,17.1,18.5,16.1,66226400,HSX,stock,development,fold_5
2025-06-05,VPB,18.2,18.4,18.05,18.1,19.5,17.0,22243300,HSX,stock,development,fold_5
2025-06-06,FPT,116.8,116.8,115.0,115.0,124.9,108.7,66916900,HSX,stock,development,fold_5
2025-06-06,HPG,26.05,26.5,25.9,26.05,27.55,23.95,203575000,HSX,stock,development,fold_5
2025-06-06,MBB,24.35,24.4,24.15,24.15,26.1,22.7,83651100,HSX,stock,development,fold_5
2025-06-06,MWG,61.2,61.3,60.4,60.5,66.0,57.4,66147400,HSX,stock,development,fold_5
2025-06-06,PNJ,77.9,77.9,75.7,75.7,83.3,72.5,5525400,HSX,stock,development,fold_5
2025-06-06,SSI,23.9,24.0,23.6,23.6,25.6,22.3,227449000,HSX,stock,development,fold_5
2025-06-06,TCB,31.0,31.0,30.3,30.3,33.25,28.95,253321000,HSX,stock,development,fold_5
2025-06-06,VCB,56.3,56.6,56.1,56.1,60.2,52.4,18129100,HSX,stock,development,fold_5
2025-06-06,VND,17.0,17.0,16.35,16.45,18.25,15.95,243864000,HSX,stock,development,fold_5
2025-06-06,VPB,18.1,18.1,17.8,17.8,19.35,16.85,89397000,HSX,stock,development,fold_5
2025-06-09,FPT,115.5,116.9,115.0,116.2,123.0,107.0,4537100,HSX,stock,development,fold_5
2025-06-09,HPG,26.1,26.4,25.95,26.3,27.85,24.25,301542000,HSX,stock,development,fold_5
2025-06-09,MBB,24.15,24.3,24.1,24.25,25.8,22.5,27255700,HSX,stock,development,fold_5
2025-06-09,MWG,60.5,60.7,59.9,60.5,64.7,56.3,26431400,HSX,stock,development,fold_5
2025-06-09,PNJ,75.7,75.9,74.2,74.6,80.9,70.5,509600,HSX,stock,development,fold_5
2025-06-09,SSI,23.65,23.7,23.35,23.35,25.25,21.95,131375100,HSX,stock,development,fold_5
2025-06-09,TCB,30.3,30.45,29.75,29.75,32.4,28.2,302053500,HSX,stock,development,fold_5
2025-06-09,VCB,56.2,56.4,55.9,55.9,60.0,52.2,4587800,HSX,stock,development,fold_5
2025-06-09,VND,16.4,16.6,16.15,16.2,17.6,15.3,112245200,HSX,stock,development,fold_5
2025-06-09,VPB,17.75,17.9,17.65,17.85,19.0,16.6,29601700,HSX,stock,development,fold_5
2025-06-10,FPT,117.0,117.4,115.7,115.7,124.3,108.1,16722700,HSX,stock,development,fold_5
2025-06-10,HPG,26.5,26.85,26.2,26.2,28.1,24.5,118057400,HSX,stock,development,fold_5
2025-06-10,MBB,24.3,24.55,24.1,24.2,25.9,22.6,22665500,HSX,stock,development,fold_5
2025-06-10,MWG,61.0,62.9,60.6,61.5,64.7,56.3,15005000,HSX,stock,development,fold_5
2025-06-10,PNJ,74.5,76.6,74.5,76.1,79.8,69.4,543100,HSX,stock,development,fold_5
2025-06-10,SSI,23.4,23.55,23.3,23.35,24.95,21.75,34870700,HSX,stock,development,fold_5
2025-06-10,TCB,29.95,30.5,29.85,30.05,31.8,27.7,27779700,HSX,stock,development,fold_5
2025-06-10,VCB,56.0,56.2,55.9,55.9,59.8,52.0,3068900,HSX,stock,development,fold_5
2025-06-10,VND,16.2,16.6,16.1,16.3,17.3,15.1,41173800,HSX,stock,development,fold_5
2025-06-10,VPB,17.9,18.2,17.85,17.95,19.05,16.65,23114500,HSX,stock,development,fold_5
2025-06-11,FPT,116.1,118.2,116.1,117.9,123.7,107.7,29053400,HSX,stock,development,fold_5
2025-06-11,HPG,26.3,26.35,26.0,26.1,28.0,24.4,46581100,HSX,stock,development,fold_5
2025-06-11,MBB,24.2,24.3,24.15,24.25,25.85,22.55,16180000,HSX,stock,development,fold_5
2025-06-11,MWG,61.5,62.2,61.5,61.9,65.8,57.2,4533300,HSX,stock,development,fold_5
2025-06-11,PNJ,76.8,76.8,75.7,76.0,81.4,70.8,341400,HSX,stock,development,fold_5
2025-06-11,SSI,23.4,23.6,23.35,23.5,24.95,21.75,42333200,HSX,stock,development,fold_5
2025-06-11,TCB,30.35,30.35,29.95,30.1,32.15,27.95,23987800,HSX,stock,development,fold_5
2025-06-11,VCB,56.2,56.2,55.7,55.7,59.8,52.0,8598700,HSX,stock,development,fold_5
2025-06-11,VND,16.35,16.35,15.95,16.1,17.4,15.2,51419000,HSX,stock,development,fold_5
2025-06-11,VPB,18.05,18.05,17.9,18.0,19.2,16.7,21256300,HSX,stock,development,fold_5
2025-06-12,FPT,117.6,117.7,116.5,117.0,125.0,108.8,47136800,HSX,stock,development,fold_5
2025-06-12,HPG,26.15,27.1,26.15,26.8,27.9,24.3,143835800,HSX,stock,development,fold_5
2025-06-12,MBB,24.3,24.7,24.3,24.7,25.9,22.6,173463600,HSX,stock,development,fold_5
2025-06-12,MWG,62.5,63.5,62.1,63.5,66.2,57.6,64253300,HSX,stock,development,fold_5
2025-06-12,PNJ,77.2,78.6,77.1,78.3,81.3,70.7,1474300,HSX,stock,development,fold_5
2025-06-12,SSI,23.6,23.85,23.55,23.65,25.1,21.9,31973100,HSX,stock,development,fold_5
2025-06-12,TCB,30.35,31.15,30.25,30.95,32.2,28.0,33527100,HSX,stock,development,fold_5
2025-06-12,VCB,56.0,56.1,55.7,56.0,59.5,51.9,3965200,HSX,stock,development,fold_5
2025-06-12,VND,16.3,16.7,16.25,16.5,17.2,15.0,34588500,HSX,stock,development,fold_5
2025-06-12,VPB,18.05,18.3,18.05,18.2,19.25,16.75,36459400,HSX,stock,development,fold_5
2025-06-13,FPT,116.0,116.5,114.9,115.4,125.1,108.9,17286800,HSX,stock,development,fold_5
2025-06-13,HPG,26.6,26.75,26.3,26.4,28.65,24.95,122976100,HSX,stock,development,fold_5
2025-06-13,MBB,24.45,25.0,24.4,24.85,26.4,23.0,364026800,HSX,stock,development,fold_5
2025-06-13,MWG,62.7,63.4,61.8,63.2,67.9,59.1,31495300,HSX,stock,development,fold_5
2025-06-13,PNJ,78.0,79.4,77.2,78.0,83.7,72.9,722600,HSX,stock,development,fold_5
2025-06-13,SSI,23.5,23.55,23.05,23.15,25.3,22.0,119588700,HSX,stock,development,fold_5
2025-06-13,TCB,30.7,31.5,30.5,31.2,33.1,28.8,154267900,HSX,stock,development,fold_5
2025-06-13,VCB,55.9,57.1,55.6,56.2,59.9,52.1,12707900,HSX,stock,development,fold_5
2025-06-13,VND,16.15,16.4,15.9,16.15,17.65,15.35,68427200,HSX,stock,development,fold_5
2025-06-13,VPB,18.05,18.4,17.9,18.15,19.45,16.95,66266800,HSX,stock,development,fold_5
2025-06-16,FPT,115.1,119.8,115.0,119.0,123.4,107.4,34380500,HSX,stock,development,fold_5
2025-06-16,HPG,26.35,27.0,26.35,26.75,28.2,24.6,137120600,HSX,stock,development,fold_5
2025-06-16,MBB,24.85,25.2,24.8,25.1,26.55,23.15,63568600,HSX,stock,development,fold_5
2025-06-16,MWG,63.0,64.3,62.6,64.3,67.6,58.8,32024300,HSX,stock,development,fold_5
2025-06-16,PNJ,78.0,82.5,77.8,82.0,83.4,72.6,814200,HSX,stock,development,fold_5
2025-06-16,SSI,23.1,23.85,23.1,23.85,24.75,21.55,104090700,HSX,stock,development,fold_5
2025-06-16,TCB,31.0,32.35,30.95,32.3,33.35,29.05,87126600,HSX,stock,development,fold_5
2025-06-16,VCB,56.2,56.7,56.2,56.6,60.1,52.3,5735600,HSX,stock,development,fold_5
2025-06-16,VND,16.05,16.8,16.05,16.8,17.25,15.05,221867600,HSX,stock,development,fold_5
2025-06-16,VPB,18.15,18.8,18.15,18.8,19.4,16.9,182328100,HSX,stock,development,fold_5
2025-06-17,FPT,119.0,119.3,118.2,118.8,127.3,110.7,17967700,HSX,stock,development,fold_5
2025-06-17,HPG,26.9,27.1,26.75,26.85,28.6,24.9,99822500,HSX,stock,development,fold_5
2025-06-17,MBB,25.25,25.4,24.85,25.0,26.85,23.35,93224900,HSX,stock,development,fold_5
2025-06-17,MWG,64.4,64.5,63.8,64.4,68.8,59.8,25614100,HSX,stock,development,fold_5
2025-06-17,PNJ,82.0,82.2,80.6,81.1,87.7,76.3,473600,HSX,stock,development,fold_5
2025-06-17,SSI,23.9,23.95,23.65,23.85,25.5,22.2,50626100,HSX,stock,development,fold_5
2025-06-17,TCB,32.55,32.6,32.05,32.4,34.55,30.05,44198600,HSX,stock,development,fold_5
2025-06-17,VCB,56.9,57.5,56.8,57.2,60.5,52.7,7240400,HSX,stock,development,fold_5
2025-06-17,VND,16.9,16.95,16.5,16.75,17.95,15.65,48184600,HSX,stock,development,fold_5
2025-06-17,VPB,18.9,19.0,18.6,18.8,20.1,17.5,128738400,HSX,stock,development,fold_5
2025-06-18,FPT,118.8,119.5,116.4,117.0,127.1,110.5,29273600,HSX,stock,development,fold_5
2025-06-18,HPG,26.9,27.2,26.8,27.15,28.7,25.0,78186900,HSX,stock,development,fold_5
2025-06-18,MBB,25.1,25.3,24.9,25.05,26.75,23.25,48389500,HSX,stock,development,fold_5
2025-06-18,MWG,64.3,65.3,63.6,63.7,68.9,59.9,31939300,HSX,stock,development,fold_5
2025-06-18,PNJ,80.6,81.1,79.3,80.0,86.7,75.5,785500,HSX,stock,development,fold_5
2025-06-18,SSI,23.85,23.95,23.6,23.6,25.5,22.2,59644800,HSX,stock,development,fold_5
2025-06-18,TCB,32.4,33.35,32.2,32.8,34.65,30.15,37910400,HSX,stock,development,fold_5
2025-06-18,VCB,57.2,57.3,56.5,56.7,61.2,53.2,7117600,HSX,stock,development,fold_5
2025-06-18,VND,16.7,16.9,16.5,16.5,17.9,15.6,67099200,HSX,stock,development,fold_5
2025-06-18,VPB,18.8,18.95,18.5,18.5,20.1,17.5,115583500,HSX,stock,development,fold_5
2025-06-19,FPT,117.0,117.1,115.7,116.0,125.1,108.9,6503800,HSX,stock,development,fold_5
2025-06-19,HPG,27.15,27.2,26.8,26.9,29.05,25.25,69915000,HSX,stock,development,fold_5
2025-06-19,MBB,25.2,25.2,24.95,25.1,26.8,23.3,65936700,HSX,stock,development,fold_5
2025-06-19,MWG,63.6,64.3,63.1,64.0,68.1,59.3,27444500,HSX,stock,development,fold_5
2025-06-19,PNJ,80.0,80.7,79.5,80.3,85.6,74.4,316300,HSX,stock,development,fold_5
2025-06-19,SSI,23.6,23.95,23.5,23.9,25.25,21.95,219248200,HSX,stock,development,fold_5
2025-06-19,TCB,32.8,34.0,32.8,34.0,35.05,30.55,319751600,HSX,stock,development,fold_5
2025-06-19,VCB,56.7,57.0,56.5,56.6,60.6,52.8,6017000,HSX,stock,development,fold_5
2025-06-19,VND,16.45,16.65,16.3,16.6,17.65,15.35,62272800,HSX,stock,development,fold_5
2025-06-19,VPB,18.5,18.75,18.5,18.5,19.75,17.25,82043700,HSX,stock,development,fold_5
2025-06-20,FPT,116.1,116.9,115.8,116.1,124.1,107.9,13639000,HSX,stock,development,fold_5
2025-06-20,HPG,27.0,27.1,26.85,27.0,28.75,25.05,436499700,HSX,stock,development,fold_5
2025-06-20,MBB,25.2,26.15,25.15,25.8,26.85,23.35,92629800,HSX,stock,development,fold_5
2025-06-20,MWG,64.0,64.6,63.7,64.1,68.4,59.6,28972100,HSX,stock,development,fold_5
2025-06-20,PNJ,80.2,80.5,79.5,79.6,85.9,74.7,607000,HSX,stock,development,fold_5
2025-06-20,SSI,24.05,24.35,23.85,24.0,25.55,22.25,235618900,HSX,stock,development,fold_5
2025-06-20,TCB,34.2,34.85,33.9,34.0,36.35,31.65,77268800,HSX,stock,development,fold_5
2025-06-20,VCB,56.7,57.2,56.5,57.1,60.5,52.7,85450900,HSX,stock,development,fold_5
2025-06-20,VND,16.7,16.9,16.5,16.65,17.75,15.45,60076800,HSX,stock,development,fold_5
2025-06-20,VPB,18.6,18.85,18.45,18.45,19.75,17.25,162701800,HSX,stock,development,fold_5
2025-06-23,FPT,115.5,116.3,114.5,115.9,124.2,108.0,15135300,HSX,stock,development,fold_5
2025-06-23,HPG,26.85,27.0,26.6,26.85,28.85,25.15,111766700,HSX,stock,development,fold_5
2025-06-23,MBB,25.55,26.1,25.5,25.9,27.6,24.0,109245700,HSX,stock,development,fold_5
2025-06-23,MWG,63.9,65.0,63.2,65.0,68.5,59.7,336220900,HSX,stock,development,fold_5
2025-06-23,PNJ,79.5,80.5,78.6,80.5,85.1,74.1,1243800,HSX,stock,development,fold_5
2025-06-23,SSI,23.7,23.85,23.55,23.75,25.65,22.35,64981300,HSX,stock,development,fold_5
2025-06-23,TCB,33.6,34.0,33.4,33.8,36.35,31.65,63667500,HSX,stock,development,fold_5
2025-06-23,VCB,56.7,56.9,56.5,56.6,61.0,53.2,6795600,HSX,stock,development,fold_5
2025-06-23,VND,16.35,16.5,16.25,16.35,17.8,15.5,96066700,HSX,stock,development,fold_5
2025-06-23,VPB,18.35,18.5,18.25,18.4,19.7,17.2,47639400,HSX,stock,development,fold_5
2025-06-24,FPT,116.3,117.0,116.3,116.5,124.0,107.8,9740200,HSX,stock,development,fold_5
2025-06-24,HPG,27.05,27.2,26.95,27.0,28.7,25.0,180555800,HSX,stock,development,fold_5
2025-06-24,MBB,26.1,26.4,25.9,25.9,27.7,24.1,103473500,HSX,stock,development,fold_5
2025-06-24,MWG,65.8,65.9,64.9,64.9,69.5,60.5,46585400,HSX,stock,development,fold_5
2025-06-24,PNJ,80.6,81.0,80.0,80.2,86.1,74.9,253800,HSX,stock,development,fold_5
2025-06-24,SSI,24.15,24.55,24.0,24.3,25.4,22.1,228671600,HSX,stock,development,fold_5
2025-06-24,TCB,34.05,34.75,33.7,34.0,36.15,31.45,93766700,HSX,stock,development,fold_5
2025-06-24,VCB,56.9,57.1,56.6,56.6,60.5,52.7,6010700,HSX,stock,development,fold_5
2025-06-24,VND,16.2,16.95,16.1,16.85,16.95,14.75,102590000,HSX,stock,development,fold_5
2025-06-24,VPB,18.55,18.75,18.45,18.55,19.65,17.15,61332200,HSX,stock,development,fold_5
2025-06-25,FPT,117.0,119.4,117.0,117.1,124.6,108.4,13091500,HSX,stock,development,fold_5
2025-06-25,HPG,27.1,27.45,26.95,27.2,28.85,25.15,502769900,HSX,stock,development,fold_5
2025-06-25,MBB,26.0,26.05,25.6,25.6,27.7,24.1,254643400,HSX,stock,development,fold_5
2025-06-25,MWG,64.8,65.2,64.5,65.0,69.4,60.4,60761600,HSX,stock,development,fold_5
2025-06-25,PNJ,80.3,80.6,79.5,79.6,85.8,74.6,365400,HSX,stock,development,fold_5
2025-06-25,SSI,24.35,24.8,24.2,24.5,26.0,22.6,90654300,HSX,stock,development,fold_5
2025-06-25,TCB,34.15,34.25,33.8,33.8,36.35,31.65,76808700,HSX,stock,development,fold_5
2025-06-25,VCB,56.8,56.9,56.6,56.6,60.5,52.7,4423400,HSX,stock,development,fold_5
2025-06-25,VND,16.85,17.3,16.65,16.95,18.0,15.7,65018700,HSX,stock,development,fold_5
2025-06-25,VPB,18.6,18.7,18.4,18.4,19.8,17.3,62400600,HSX,stock,development,fold_5
2025-06-26,FPT,118.0,118.3,116.6,117.0,125.2,109.0,10321600,HSX,stock,development,fold_5
2025-06-26,HPG,23.05,23.15,22.75,22.8,24.2,21.1,564499500,HSX,stock,development,fold_5
2025-06-26,MBB,25.7,25.9,25.5,25.9,27.35,23.85,116105100,HSX,stock,development,fold_5
2025-06-26,MWG,65.0,65.3,64.2,64.5,69.5,60.5,28910300,HSX,stock,development,fold_5
2025-06-26,PNJ,79.6,81.4,79.5,80.9,85.1,74.1,622200,HSX,stock,development,fold_5
2025-06-26,SSI,24.5,24.6,24.15,24.5,26.2,22.8,133406000,HSX,stock,development,fold_5
2025-06-26,TCB,34.0,34.45,33.8,34.05,36.15,31.45,43371400,HSX,stock,development,fold_5
2025-06-26,VCB,56.7,56.8,56.4,56.4,60.5,52.7,5030400,HSX,stock,development,fold_5
2025-06-26,VND,16.9,17.15,16.5,17.15,18.1,15.8,219260600,HSX,stock,development,fold_5
2025-06-26,VPB,18.5,18.55,18.35,18.35,19.65,17.15,52059100,HSX,stock,development,fold_5
2025-06-27,FPT,117.0,118.3,116.9,117.3,125.1,108.9,11951300,HSX,stock,development,fold_5
2025-06-27,HPG,22.95,22.95,22.75,22.85,24.35,21.25,72546900,HSX,stock,development,fold_5
2025-06-27,MBB,25.9,26.1,25.7,25.7,27.7,24.1,127770700,HSX,stock,development,fold_5
2025-06-27,MWG,64.7,66.3,64.6,65.8,69.0,60.0,40605200,HSX,stock,development,fold_5
2025-06-27,PNJ,81.5,82.3,80.9,81.9,86.5,75.3,488100,HSX,stock,development,fold_5
2025-06-27,SSI,24.6,24.85,24.45,24.65,26.2,22.8,164578100,HSX,stock,development,fold_5
2025-06-27,TCB,34.1,34.25,33.85,33.95,36.4,31.7,64926800,HSX,stock,development,fold_5
2025-06-27,VCB,56.6,57.3,56.4,56.7,60.3,52.5,8653200,HSX,stock,development,fold_5
2025-06-27,VND,17.2,17.25,16.9,17.2,18.35,15.95,279225200,HSX,stock,development,fold_5
2025-06-27,VPB,18.5,18.75,18.45,18.5,19.6,17.1,65561500,HSX,stock,development,fold_5
2025-06-30,FPT,117.9,119.5,117.6,118.2,125.5,109.1,22565500,HSX,stock,development,fold_5
2025-06-30,HPG,22.9,22.95,22.7,22.7,24.4,21.3,166167500,HSX,stock,development,fold_5
2025-06-30,MBB,25.75,25.9,25.7,25.8,27.45,23.95,27791800,HSX,stock,development,fold_5
2025-06-30,MWG,66.2,66.3,65.4,65.5,70.4,61.2,42476400,HSX,stock,development,fold_5
2025-06-30,PNJ,82.3,83.3,82.2,83.1,87.6,76.2,1009100,HSX,stock,development,fold_5
2025-06-30,SSI,25.0,25.15,24.7,24.7,26.35,22.95,221434100,HSX,stock,development,fold_5
2025-06-30,TCB,34.1,34.7,34.0,34.2,36.3,31.6,51435100,HSX,stock,development,fold_5
2025-06-30,VCB,57.0,57.2,56.9,57.0,60.6,52.8,5237600,HSX,stock,development,fold_5
2025-06-30,VND,17.35,17.45,17.05,17.2,18.4,16.0,93504700,HSX,stock,development,fold_5
2025-06-30,VPB,18.55,18.65,18.5,18.5,19.75,17.25,70426100,HSX,stock,development,fold_5
2025-07-01,FPT,119.0,119.5,118.2,118.8,126.4,110.0,7558900,HSX,stock,development,fold_5
2025-07-01,HPG,22.75,22.9,22.6,22.65,24.25,21.15,130549500,HSX,stock,development,fold_5
2025-07-01,MBB,25.9,26.15,25.8,26.0,27.6,24.0,30156100,HSX,stock,development,fold_5
2025-07-01,MWG,65.5,65.8,64.3,64.5,70.0,61.0,37883500,HSX,stock,development,fold_5
2025-07-01,PNJ,83.2,83.4,82.0,83.4,88.9,77.3,685100,HSX,stock,development,fold_5
2025-07-01,SSI,24.75,24.8,24.35,24.45,26.4,23.0,57415000,HSX,stock,development,fold_5
2025-07-01,TCB,34.2,34.55,34.05,34.4,36.55,31.85,21694200,HSX,stock,development,fold_5
2025-07-01,VCB,57.2,58.8,57.1,58.2,60.9,53.1,13848100,HSX,stock,development,fold_5
2025-07-01,VND,17.2,17.25,16.75,16.8,18.4,16.0,47364900,HSX,stock,development,fold_5
2025-07-01,VPB,18.5,18.6,18.4,18.45,19.75,17.25,45010700,HSX,stock,development,fold_5
2025-07-02,FPT,118.5,118.7,117.6,118.6,127.1,110.5,9811100,HSX,stock,development,fold_5
2025-07-02,HPG,22.65,22.9,22.55,22.9,24.2,21.1,146166600,HSX,stock,development,fold_5
2025-07-02,MBB,26.05,26.3,26.0,26.05,27.8,24.2,24922700,HSX,stock,development,fold_5
2025-07-02,MWG,64.5,65.1,64.3,64.8,69.0,60.0,13087600,HSX,stock,development,fold_5
2025-07-02,PNJ,83.3,84.1,82.9,82.9,89.2,77.6,578500,HSX,stock,development,fold_5
2025-07-02,SSI,24.4,25.8,24.35,25.5,26.15,22.75,315730400,HSX,stock,development,fold_5
2025-07-02,TCB,34.5,35.1,34.45,35.0,36.8,32.0,15046400,HSX,stock,development,fold_5
2025-07-02,VCB,58.3,58.6,57.7,58.0,62.2,54.2,3948100,HSX,stock,development,fold_5
2025-07-02,VND,16.8,17.65,16.75,17.5,17.95,15.65,140238800,HSX,stock,development,fold_5
2025-07-02,VPB,18.45,18.6,18.35,18.6,19.7,17.2,95378000,HSX,stock,development,fold_5
2025-07-03,FPT,118.5,119.8,117.8,118.0,126.9,110.3,17469800,HSX,stock,development,fold_5
2025-07-03,HPG,23.0,23.65,23.0,23.1,24.5,21.3,222059000,HSX,stock,development,fold_5
2025-07-03,MBB,26.15,26.35,25.95,25.95,27.85,24.25,139266200,HSX,stock,development,fold_5
2025-07-03,MWG,64.7,66.6,64.7,65.4,69.3,60.3,29002000,HSX,stock,development,fold_5
2025-07-03,PNJ,82.9,84.1,82.2,82.5,88.7,77.1,583900,HSX,stock,development,fold_5
2025-07-03,SSI,25.5,26.3,25.15,25.75,27.25,23.75,241123000,HSX,stock,development,fold_5
2025-07-03,TCB,35.15,35.3,34.8,34.85,37.45,32.55,79501200,HSX,stock,development,fold_5
2025-07-03,VCB,58.1,58.8,57.7,57.9,62.0,54.0,16200200,HSX,stock,development,fold_5
2025-07-03,VND,17.55,17.8,17.0,17.35,18.7,16.3,244281000,HSX,stock,development,fold_5
2025-07-03,VPB,18.55,18.85,18.5,18.65,19.9,17.3,153007200,HSX,stock,development,fold_5
2025-07-04,FPT,118.5,123.4,118.4,122.5,126.2,109.8,31203500,HSX,stock,development,fold_5
2025-07-04,HPG,23.15,23.25,23.1,23.25,24.7,21.5,129110600,HSX,stock,development,fold_5
2025-07-04,MBB,26.0,26.05,25.85,26.0,27.75,24.15,34670100,HSX,stock,development,fold_5
2025-07-04,MWG,65.9,66.5,65.5,66.3,69.9,60.9,20460200,HSX,stock,development,fold_5
2025-07-04,PNJ,82.5,83.6,82.5,82.7,88.2,76.8,217500,HSX,stock,development,fold_5
2025-07-04,SSI,25.9,26.15,25.6,25.9,27.55,23.95,77395000,HSX,stock,development,fold_5
2025-07-04,TCB,34.85,35.0,34.65,34.95,37.25,32.45,38381800,HSX,stock,development,fold_5
2025-07-04,VCB,57.9,58.8,57.8,58.4,61.9,53.9,3921800,HSX,stock,development,fold_5
2025-07-04,VND,17.35,17.45,17.1,17.2,18.55,16.15,51645000,HSX,stock,development,fold_5
2025-07-04,VPB,18.7,18.85,18.6,18.75,19.95,17.35,104345800,HSX,stock,development,fold_5
2025-07-07,FPT,123.3,124.7,123.0,123.8,131.0,114.0,22236400,HSX,stock,development,fold_5
2025-07-07,HPG,23.7,23.7,23.4,23.6,24.85,21.65,502339000,HSX,stock,development,fold_5
2025-07-07,MBB,26.1,26.5,26.1,26.4,27.8,24.2,60655400,HSX,stock,development,fold_5
2025-07-07,MWG,66.6,66.8,65.8,66.5,70.9,61.7,12433800,HSX,stock,development,fold_5
2025-07-07,PNJ,83.0,83.3,82.0,82.5,88.4,77.0,271000,HSX,stock,development,fold_5
2025-07-07,SSI,26.2,26.45,26.05,26.3,27.7,24.1,178814100,HSX,stock,development,fold_5
2025-07-07,TCB,35.2,35.45,35.1,35.3,37.35,32.55,23721500,HSX,stock,development,fold_5
2025-07-07,VCB,58.5,58.9,58.2,58.6,62.4,54.4,17842800,HSX,stock,development,fold_5
2025-07-07,VND,17.35,17.6,17.3,17.45,18.4,16.0,71286600,HSX,stock,development,fold_5
2025-07-07,VPB,18.9,19.35,18.9,19.3,20.05,17.45,234320600,HSX,stock,development,fold_5
2025-07-08,FPT,124.1,125.7,124.0,124.5,132.4,115.2,18960500,HSX,stock,development,fold_5
2025-07-08,HPG,23.65,24.8,23.55,24.7,25.25,21.95,201236300,HSX,stock,development,fold_5
2025-07-08,MBB,26.5,26.7,26.35,26.4,28.2,24.6,28034600,HSX,stock,development,fold_5
2025-07-08,MWG,66.6,67.3,66.0,67.2,71.1,61.9,25750400,HSX,stock,development,fold_5
2025-07-08,PNJ,82.7,82.9,82.3,82.3,88.2,76.8,466800,HSX,stock,development,fold_5
2025-07-08,SSI,26.4,27.15,26.25,27.05,28.1,24.5,308233100,HSX,stock,development,fold_5
2025-07-08,TCB,35.3,35.55,35.1,35.3,37.75,32.85,29751800,HSX,stock,development,fold_5
2025-07-08,VCB,58.8,59.5,58.6,59.0,62.7,54.5,26836500,HSX,stock,development,fold_5
2025-07-08,VND,17.6,18.15,17.5,17.8,18.65,16.25,53969700,HSX,stock,development,fold_5
2025-07-08,VPB,19.35,19.6,19.05,19.6,20.65,17.95,606608100,HSX,stock,development,fold_5
2025-07-09,FPT,124.8,124.9,122.3,122.8,133.2,115.8,53309500,HSX,stock,development,fold_5
2025-07-09,HPG,24.8,25.1,24.6,24.75,26.4,23.0,160459700,HSX,stock,development,fold_5
2025-07-09,MBB,26.55,26.8,26.4,26.6,28.2,24.6,40323700,HSX,stock,development,fold_5
2025-07-09,MWG,67.5,67.7,66.8,67.7,71.9,62.5,25192500,HSX,stock,development,fold_5
2025-07-09,PNJ,83.0,83.4,82.1,82.8,88.0,76.6,611400,HSX,stock,development,fold_5
2025-07-09,SSI,27.25,28.85,27.25,28.55,28.9,25.2,227108000,HSX,stock,development,fold_5
2025-07-09,TCB,35.45,35.6,34.7,34.9,37.75,32.85,212204100,HSX,stock,development,fold_5
2025-07-09,VCB,59.4,61.8,59.4,61.5,63.1,54.9,33453000,HSX,stock,development,fold_5
2025-07-09,VND,17.9,18.4,17.8,18.05,19.0,16.6,69298100,HSX,stock,development,fold_5
2025-07-09,VPB,19.8,20.15,19.7,20.05,20.95,18.25,213955400,HSX,stock,development,fold_5
2025-07-10,FPT,123.8,125.3,123.5,123.9,131.3,114.3,14959900,HSX,stock,development,fold_5
2025-07-10,HPG,24.85,25.2,24.55,25.15,26.45,23.05,223836000,HSX,stock,development,fold_5
2025-07-10,MBB,26.7,26.7,26.4,26.45,28.45,24.75,74998100,HSX,stock,development,fold_5
2025-07-10,MWG,68.0,68.4,67.3,68.0,72.4,63.0,65179800,HSX,stock,development,fold_5
2025-07-10,PNJ,83.0,83.1,82.0,82.3,88.5,77.1,610500,HSX,stock,development,fold_5
2025-07-10,SSI,28.9,29.15,28.6,28.95,30.5,26.6,213265400,HSX,stock,development,fold_5
2025-07-10,TCB,34.9,35.0,34.65,34.8,37.3,32.5,87183500,HSX,stock,development,fold_5
2025-07-10,VCB,61.8,61.8,61.0,61.4,65.8,57.2,18324400,HSX,stock,development,fold_5
2025-07-10,VND,18.2,18.2,17.75,17.8,19.3,16.8,168476600,HSX,stock,development,fold_5
2025-07-10,VPB,20.15,20.25,19.9,20.15,21.45,18.65,218617600,HSX,stock,development,fold_5
2025-07-11,FPT,125.0,128.0,124.6,126.6,132.5,115.3,28783900,HSX,stock,development,fold_5
2025-07-11,HPG,25.25,26.25,25.05,26.0,26.9,23.4,272085400,HSX,stock,development,fold_5
2025-07-11,MBB,26.5,26.9,26.45,26.7,28.3,24.6,31078500,HSX,stock,development,fold_5
2025-07-11,MWG,68.0,68.1,67.3,67.9,72.7,63.3,31238700,HSX,stock,development,fold_5
2025-07-11,PNJ,82.3,83.5,82.3,83.2,88.0,76.6,725200,HSX,stock,development,fold_5
2025-07-11,SSI,28.95,30.0,28.95,29.65,30.95,26.95,249284800,HSX,stock,development,fold_5
2025-07-11,TCB,34.8,35.5,34.8,34.95,37.2,32.4,48888900,HSX,stock,development,fold_5
2025-07-11,VCB,61.5,63.1,61.5,62.7,65.6,57.2,24106200,HSX,stock,development,fold_5
2025-07-11,VND,17.8,18.2,17.6,17.9,19.0,16.6,94174200,HSX,stock,development,fold_5
2025-07-11,VPB,20.2,20.35,19.9,20.15,21.55,18.75,133514000,HSX,stock,development,fold_5
