period_id,tickersymbol,start_date,end_date,sessions,start_close,end_close,efficiency_ratio,period_return,range_pct,regime,reference_reset_detected
1,FPT,2022-01-05,2022-01-18,10,93.600000,88.100000,0.51401869,-0.05876068,0.06623932,downtrend,False
1,HPG,2022-01-05,2022-01-18,10,46.800000,44.000000,0.46666667,-0.05982906,0.09294872,downtrend,False
1,MBB,2022-01-05,2022-01-18,10,28.700000,29.900000,0.32432432,0.04181185,0.10278746,oscillating_sideways,False
1,MWG,2022-01-05,2022-01-18,10,137.100000,130.100000,0.42682927,-0.05105762,0.07804522,downtrend,False
1,PNJ,2022-01-05,2022-01-18,10,95.100000,93.300000,0.28125000,-0.01892744,0.05152471,oscillating_sideways,False
1,SSI,2022-01-05,2022-01-18,10,52.800000,42.300000,0.68627451,-0.19886364,0.22253788,downtrend,False
1,TCB,2022-01-05,2022-01-18,10,50.500000,48.750000,0.28455285,-0.03465347,0.06732673,oscillating_sideways,False
1,VCB,2022-01-05,2022-01-18,10,78.000000,87.600000,0.92307692,0.12307692,0.12948718,uptrend,False
1,VND,2022-01-05,2022-01-18,10,82.100000,62.400000,0.74339623,-0.23995128,0.27283800,downtrend,False
1,VPB,2022-01-05,2022-01-18,10,35.500000,33.250000,0.46391753,-0.06338028,0.09154930,downtrend,False
2,FPT,2022-01-12,2022-01-25,10,89.600000,86.500000,0.26050420,-0.03459821,0.09709821,oscillating_sideways,False
2,HPG,2022-01-12,2022-01-25,10,46.200000,43.250000,0.29353234,-0.06385281,0.15367965,oscillating_sideways,False
2,MBB,2022-01-12,2022-01-25,10,29.200000,32.600000,0.77272727,0.11643836,0.16952055,uptrend,False
2,MWG,2022-01-12,2022-01-25,10,136.000000,131.000000,0.32894737,-0.03676471,0.06544118,oscillating_sideways,False
2,PNJ,2022-01-12,2022-01-25,10,92.700000,97.000000,0.72881356,0.04638619,0.07119741,uptrend,False
2,SSI,2022-01-12,2022-01-25,10,50.500000,42.800000,0.44767442,-0.15247525,0.20198020,downtrend,False
2,TCB,2022-01-12,2022-01-25,10,50.400000,51.900000,0.28301887,0.02976190,0.07341270,oscillating_sideways,False
2,VCB,2022-01-12,2022-01-25,10,80.000000,95.800000,0.90804598,0.19750000,0.22500000,uptrend,False
2,VND,2022-01-12,2022-01-25,10,76.400000,62.700000,0.49818182,-0.17931937,0.23952880,downtrend,False
2,VPB,2022-01-12,2022-01-25,10,35.400000,34.900000,0.08474576,-0.01412429,0.09180791,oscillating_sideways,False
3,FPT,2022-01-19,2022-02-08,10,88.300000,90.600000,0.21904762,0.02604757,0.08833522,oscillating_sideways,False
3,HPG,2022-01-19,2022-02-08,10,43.500000,45.550000,0.18222222,0.04712644,0.12298851,oscillating_sideways,False
3,MBB,2022-01-19,2022-02-08,10,29.600000,33.800000,0.87500000,0.14189189,0.17736486,uptrend,False
3,MWG,2022-01-19,2022-02-08,10,133.500000,136.300000,0.23728814,0.02097378,0.06891386,oscillating_sideways,False
3,PNJ,2022-01-19,2022-02-08,10,93.600000,105.000000,0.71250000,0.12179487,0.17094017,uptrend,False
3,SSI,2022-01-19,2022-02-08,10,45.200000,45.650000,0.04477612,0.00995575,0.13274336,oscillating_sideways,False
3,TCB,2022-01-19,2022-02-08,10,48.850000,53.800000,0.83193277,0.10133060,0.11668373,uptrend,False
3,VCB,2022-01-19,2022-02-08,10,86.800000,92.000000,0.26530612,0.05990783,0.14861751,oscillating_sideways,False
3,VND,2022-01-19,2022-02-08,10,66.700000,70.000000,0.19075145,0.04947526,0.19040480,oscillating_sideways,False
3,VPB,2022-01-19,2022-02-08,10,33.500000,37.300000,0.53521127,0.11343284,0.14626866,uptrend,False
4,FPT,2022-01-26,2022-02-15,10,86.000000,91.100000,0.69863014,0.05930233,0.08139535,uptrend,False
4,HPG,2022-01-26,2022-02-15,10,43.450000,46.000000,0.31677019,0.05868815,0.15189873,oscillating_sideways,False
4,MBB,2022-01-26,2022-02-15,10,33.300000,32.700000,0.12244898,-0.01801802,0.07657658,oscillating_sideways,False
4,MWG,2022-01-26,2022-02-15,10,131.900000,133.300000,0.11475410,0.01061410,0.06444276,oscillating_sideways,False
4,PNJ,2022-01-26,2022-02-15,10,101.000000,105.500000,0.34883721,0.04455446,0.11089109,oscillating_sideways,False
4,SSI,2022-01-26,2022-02-15,10,42.450000,44.200000,0.27559055,0.04122497,0.11307420,oscillating_sideways,False
4,TCB,2022-01-26,2022-02-15,10,52.400000,51.800000,0.11538462,-0.01145038,0.06870229,oscillating_sideways,False
4,VCB,2022-01-26,2022-02-15,10,94.500000,87.000000,0.43352601,-0.07936508,0.12698413,downtrend,False
4,VND,2022-01-26,2022-02-15,10,62.900000,70.300000,0.43023256,0.11764706,0.18124006,uptrend,False
4,VPB,2022-01-26,2022-02-15,10,35.900000,35.950000,0.00800000,0.00139276,0.08913649,oscillating_sideways,False
5,FPT,2022-02-09,2022-02-22,10,90.700000,92.900000,0.33333333,0.02425579,0.04189636,oscillating_sideways,False
5,HPG,2022-02-09,2022-02-22,10,47.300000,46.400000,0.27272727,-0.01902748,0.06131078,oscillating_sideways,False
5,MBB,2022-02-09,2022-02-22,10,33.300000,34.400000,0.17741935,0.03303303,0.07657658,oscillating_sideways,False
5,MWG,2022-02-09,2022-02-22,10,137.000000,137.700000,0.05511811,0.00510949,0.05620438,oscillating_sideways,False
5,PNJ,2022-02-09,2022-02-22,10,103.300000,110.000000,0.67676768,0.06485963,0.11035818,uptrend,False
5,SSI,2022-02-09,2022-02-22,10,45.700000,45.000000,0.12727273,-0.01531729,0.06673961,oscillating_sideways,False
5,TCB,2022-02-09,2022-02-22,10,53.600000,51.400000,0.52380952,-0.04104478,0.08022388,downtrend,False
5,VCB,2022-02-09,2022-02-22,10,90.800000,86.800000,0.47619048,-0.04405286,0.10572687,downtrend,False
5,VND,2022-02-09,2022-02-22,10,72.000000,73.500000,0.10344828,0.02083333,0.11805556,oscillating_sideways,False
5,VPB,2022-02-09,2022-02-22,10,37.100000,35.550000,0.32631579,-0.04177898,0.08086253,oscillating_sideways,False
6,FPT,2022-02-16,2022-03-01,10,91.300000,93.400000,0.32307692,0.02300110,0.04381161,oscillating_sideways,False
6,HPG,2022-02-16,2022-03-01,10,46.000000,46.900000,0.20454545,0.01956522,0.06521739,oscillating_sideways,False
6,MBB,2022-02-16,2022-03-01,10,32.650000,34.000000,0.33333333,0.04134763,0.09341501,oscillating_sideways,False
6,MWG,2022-02-16,2022-03-01,10,132.900000,136.000000,0.32631579,0.02332581,0.06772009,oscillating_sideways,False
6,PNJ,2022-02-16,2022-03-01,10,106.300000,105.000000,0.08387097,-0.01222954,0.10724365,oscillating_sideways,False
6,SSI,2022-02-16,2022-03-01,10,44.900000,46.000000,0.24444444,0.02449889,0.07015590,oscillating_sideways,False
6,TCB,2022-02-16,2022-03-01,10,51.600000,50.300000,0.37142857,-0.02519380,0.05232558,downtrend,False
6,VCB,2022-02-16,2022-03-01,10,87.000000,85.000000,0.43478261,-0.02298851,0.04367816,downtrend,False
6,VND,2022-02-16,2022-03-01,10,71.500000,78.500000,0.60344828,0.09790210,0.15664336,uptrend,False
6,VPB,2022-02-16,2022-03-01,10,35.650000,37.750000,0.46666667,0.05890603,0.10098177,uptrend,False
7,FPT,2022-02-23,2022-03-08,10,93.000000,94.800000,0.40909091,0.01935484,0.05806452,uptrend,False
7,HPG,2022-02-23,2022-03-08,10,46.700000,49.450000,0.31073446,0.05888651,0.15845824,oscillating_sideways,False
7,MBB,2022-02-23,2022-03-08,10,34.350000,31.000000,0.62616822,-0.09752547,0.11353712,downtrend,False
7,MWG,2022-02-23,2022-03-08,10,137.800000,134.200000,0.39130435,-0.02612482,0.05950653,downtrend,False
7,PNJ,2022-02-23,2022-03-08,10,109.600000,106.000000,0.21428571,-0.03284672,0.11587591,oscillating_sideways,False
7,SSI,2022-02-23,2022-03-08,10,45.300000,47.000000,0.30909091,0.03752759,0.10485651,oscillating_sideways,False
7,TCB,2022-02-23,2022-03-08,10,51.700000,49.000000,0.58695652,-0.05222437,0.06576402,downtrend,False
7,VCB,2022-02-23,2022-03-08,10,86.900000,81.500000,0.72972973,-0.06214039,0.06329114,downtrend,False
7,VND,2022-02-23,2022-03-08,10,74.400000,75.000000,0.05769231,0.00806452,0.12096774,oscillating_sideways,False
7,VPB,2022-02-23,2022-03-08,10,35.900000,37.000000,0.16417910,0.03064067,0.09610028,oscillating_sideways,False
8,FPT,2022-03-02,2022-03-15,10,93.100000,91.000000,0.30434783,-0.02255639,0.07196563,oscillating_sideways,False
8,HPG,2022-03-02,2022-03-15,10,46.900000,46.150000,0.06666667,-0.01599147,0.15031983,oscillating_sideways,False
8,MBB,2022-03-02,2022-03-15,10,32.500000,31.600000,0.23076923,-0.02769231,0.10923077,oscillating_sideways,False
8,MWG,2022-03-02,2022-03-15,10,134.500000,131.400000,0.43661972,-0.02304833,0.05650558,downtrend,False
8,PNJ,2022-03-02,2022-03-15,10,103.400000,102.900000,0.01818182,-0.00483559,0.13056093,oscillating_sideways,False
8,SSI,2022-03-02,2022-03-15,10,44.800000,43.300000,0.24590164,-0.03348214,0.11830357,oscillating_sideways,False
8,TCB,2022-03-02,2022-03-15,10,49.200000,48.600000,0.21428571,-0.01219512,0.04268293,oscillating_sideways,False
8,VCB,2022-03-02,2022-03-15,10,85.000000,81.100000,0.37864078,-0.04588235,0.05411765,downtrend,False
8,VND,2022-03-02,2022-03-15,10,75.900000,32.600000,0.89278351,-0.57048748,0.62648221,excluded_reference_reset,True
8,VPB,2022-03-02,2022-03-15,10,36.500000,36.900000,0.08695652,0.01095890,0.09178082,oscillating_sideways,False
9,FPT,2022-03-09,2022-03-22,10,95.500000,96.400000,0.09090909,0.00942408,0.07539267,oscillating_sideways,False
9,HPG,2022-03-09,2022-03-22,10,49.850000,46.900000,0.52212389,-0.05917753,0.09729188,downtrend,False
9,MBB,2022-03-09,2022-03-22,10,30.750000,32.450000,0.80952381,0.05528455,0.08130081,uptrend,False
9,MWG,2022-03-09,2022-03-22,10,133.800000,135.200000,0.18918919,0.01046338,0.05231689,oscillating_sideways,False
9,PNJ,2022-03-09,2022-03-22,10,110.500000,107.000000,0.16908213,-0.03167421,0.12217195,oscillating_sideways,False
9,SSI,2022-03-09,2022-03-22,10,46.600000,44.350000,0.49450549,-0.04828326,0.10515021,downtrend,False
9,TCB,2022-03-09,2022-03-22,10,49.100000,49.900000,0.33333333,0.01629328,0.04073320,oscillating_sideways,False
9,VCB,2022-03-09,2022-03-22,10,83.000000,84.900000,0.23456790,0.02289157,0.05421687,oscillating_sideways,False
9,VND,2022-03-09,2022-03-22,10,73.500000,32.150000,0.92402235,-0.56258503,0.60340136,excluded_reference_reset,True
9,VPB,2022-03-09,2022-03-22,10,36.850000,36.850000,0.00000000,0.00000000,0.05427408,oscillating_sideways,False
10,FPT,2022-03-16,2022-03-29,10,91.600000,104.900000,0.89261745,0.14519651,0.15720524,uptrend,False
10,HPG,2022-03-16,2022-03-29,10,46.200000,45.850000,0.15555556,-0.00757576,0.03571429,oscillating_sideways,False
10,MBB,2022-03-16,2022-03-29,10,32.100000,32.000000,0.04761905,-0.00311526,0.05140187,oscillating_sideways,False
10,MWG,2022-03-16,2022-03-29,10,131.400000,146.500000,0.80748663,0.11491629,0.14687976,uptrend,False
10,PNJ,2022-03-16,2022-03-29,10,102.800000,110.500000,0.66956522,0.07490272,0.11089494,uptrend,False
10,SSI,2022-03-16,2022-03-29,10,43.800000,42.650000,0.37704918,-0.02625571,0.06849315,downtrend,False
10,TCB,2022-03-16,2022-03-29,10,49.050000,48.900000,0.06976744,-0.00305810,0.03975535,oscillating_sideways,False
10,VCB,2022-03-16,2022-03-29,10,82.500000,81.900000,0.11111111,-0.00727273,0.05212121,oscillating_sideways,False
10,VND,2022-03-16,2022-03-29,10,32.550000,30.900000,0.47826087,-0.05069124,0.10445469,downtrend,False
10,VPB,2022-03-16,2022-03-29,10,36.800000,36.400000,0.14814815,-0.01086957,0.04347826,oscillating_sideways,False
11,FPT,2022-03-23,2022-04-05,10,96.500000,109.000000,0.69060773,0.12953368,0.18963731,uptrend,False
11,HPG,2022-03-23,2022-04-05,10,46.800000,46.100000,0.25925926,-0.01495726,0.06303419,oscillating_sideways,False
11,MBB,2022-03-23,2022-04-05,10,32.150000,32.650000,0.16129032,0.01555210,0.08242613,oscillating_sideways,False
11,MWG,2022-03-23,2022-04-05,10,135.000000,155.200000,0.71126761,0.14962963,0.19037037,uptrend,False
11,PNJ,2022-03-23,2022-04-05,10,105.100000,117.800000,0.69398907,0.12083730,0.15128449,uptrend,False
11,SSI,2022-03-23,2022-04-05,10,44.200000,44.300000,0.01492537,0.00226244,0.09049774,oscillating_sideways,False
11,TCB,2022-03-23,2022-04-05,10,49.600000,49.050000,0.15492958,-0.01108871,0.04536290,oscillating_sideways,False
11,VCB,2022-03-23,2022-04-05,10,84.900000,83.000000,0.42222222,-0.02237927,0.05300353,downtrend,False
11,VND,2022-03-23,2022-04-05,10,31.950000,34.600000,0.37588652,0.08294210,0.19718310,uptrend,False
11,VPB,2022-03-23,2022-04-05,10,36.650000,38.300000,0.35483871,0.04502046,0.10641201,uptrend,False
12,FPT,2022-03-30,2022-04-13,10,106.000000,115.100000,0.40088106,0.08584906,0.11698113,uptrend,False
12,HPG,2022-03-30,2022-04-13,10,45.500000,45.200000,0.06250000,-0.00659341,0.07582418,oscillating_sideways,False
12,MBB,2022-03-30,2022-04-13,10,32.650000,32.600000,0.01204819,-0.00153139,0.07963247,oscillating_sideways,False
12,MWG,2022-03-30,2022-04-13,10,144.400000,156.200000,0.37579618,0.08171745,0.15166205,uptrend,False
12,PNJ,2022-03-30,2022-04-13,10,108.300000,116.000000,0.37931034,0.07109880,0.11819021,uptrend,False
12,SSI,2022-03-30,2022-04-13,10,42.300000,42.550000,0.03184713,0.00591017,0.10638298,oscillating_sideways,False
12,TCB,2022-03-30,2022-04-13,10,49.150000,48.000000,0.22330097,-0.02339776,0.05493388,oscillating_sideways,False
12,VCB,2022-03-30,2022-04-13,10,82.000000,82.400000,0.07692308,0.00487805,0.05000000,oscillating_sideways,False
12,VND,2022-03-30,2022-04-13,10,30.950000,35.300000,0.41626794,0.14054927,0.22294023,uptrend,False
12,VPB,2022-03-30,2022-04-13,10,36.800000,39.000000,0.37288136,0.05978261,0.13179348,uptrend,False
13,FPT,2022-04-06,2022-04-20,10,113.000000,112.000000,0.05319149,-0.00884956,0.10884956,oscillating_sideways,False
13,HPG,2022-04-06,2022-04-20,10,47.250000,43.200000,0.72972973,-0.08571429,0.11216931,downtrend,False
13,MBB,2022-04-06,2022-04-20,10,33.350000,29.500000,0.68141593,-0.11544228,0.15742129,downtrend,False
13,MWG,2022-04-06,2022-04-20,10,158.800000,156.000000,0.12068966,-0.01763224,0.10579345,oscillating_sideways,False
13,PNJ,2022-04-06,2022-04-20,10,118.100000,118.900000,0.03738318,0.00677392,0.10160881,oscillating_sideways,False
13,SSI,2022-04-06,2022-04-20,10,44.600000,35.200000,0.83185841,-0.21076233,0.23878924,downtrend,False
13,TCB,2022-04-06,2022-04-20,10,49.900000,43.050000,1.00000000,-0.13727455,0.14529058,downtrend,False
13,VCB,2022-04-06,2022-04-20,10,84.600000,78.400000,0.81578947,-0.07328605,0.08983452,downtrend,False
13,VND,2022-04-06,2022-04-20,10,35.500000,30.300000,0.49056604,-0.14647887,0.20845070,downtrend,False
13,VPB,2022-04-06,2022-04-20,10,39.950000,35.200000,0.77235772,-0.11889862,0.14643304,downtrend,False
14,FPT,2022-04-14,2022-04-27,10,116.600000,103.000000,0.82926829,-0.11663808,0.18782161,downtrend,False
14,HPG,2022-04-14,2022-04-27,10,44.900000,42.500000,0.28571429,-0.05345212,0.13251670,oscillating_sideways,False
14,MBB,2022-04-14,2022-04-27,10,32.300000,29.700000,0.36111111,-0.08049536,0.18266254,downtrend,False
14,MWG,2022-04-14,2022-04-27,10,159.500000,147.200000,0.55656109,-0.07711599,0.14921630,downtrend,False
14,PNJ,2022-04-14,2022-04-27,10,117.000000,107.000000,0.41666667,-0.08547009,0.19658120,downtrend,False
14,SSI,2022-04-14,2022-04-27,10,42.000000,34.400000,0.65517241,-0.18095238,0.27619048,downtrend,False
14,TCB,2022-04-14,2022-04-27,10,47.300000,41.600000,0.64044944,-0.12050740,0.20084567,downtrend,False
14,VCB,2022-04-14,2022-04-27,10,81.000000,81.500000,0.04761905,0.00617284,0.07407407,oscillating_sideways,False
14,VND,2022-04-14,2022-04-27,10,34.550000,31.200000,0.27572016,-0.09696093,0.24602026,oscillating_sideways,False
14,VPB,2022-04-14,2022-04-27,10,39.500000,35.950000,0.32126697,-0.08987342,0.18987342,oscillating_sideways,False
15,FPT,2022-04-21,2022-05-06,10,112.000000,100.200000,0.62105263,-0.10535714,0.16875000,downtrend,False
15,HPG,2022-04-21,2022-05-06,10,43.350000,41.800000,0.20261438,-0.03575548,0.10380623,oscillating_sideways,False
15,MBB,2022-04-21,2022-05-06,10,30.000000,28.000000,0.32786885,-0.06666667,0.12666667,oscillating_sideways,False
15,MWG,2022-04-21,2022-05-06,10,155.500000,146.600000,0.33840304,-0.05723473,0.11897106,oscillating_sideways,False
15,PNJ,2022-04-21,2022-05-06,10,119.000000,106.500000,0.59808612,-0.10504202,0.17478992,downtrend,False
15,SSI,2022-04-21,2022-05-06,10,36.050000,28.850000,0.78260870,-0.19972261,0.22052705,downtrend,False
15,TCB,2022-04-21,2022-05-06,10,43.600000,41.500000,0.20588235,-0.04816514,0.13532110,oscillating_sideways,False
15,VCB,2022-04-21,2022-05-06,10,78.400000,79.400000,0.09259259,0.01275510,0.07653061,oscillating_sideways,False
15,VND,2022-04-21,2022-05-06,10,32.350000,27.000000,0.50234742,-0.16537867,0.19629057,downtrend,False
15,VPB,2022-04-21,2022-05-06,10,35.500000,34.150000,0.13846154,-0.03802817,0.11549296,oscillating_sideways,False
16,FPT,2022-04-28,2022-05-13,10,105.500000,93.600000,0.42348754,-0.11279621,0.14312796,downtrend,False
16,HPG,2022-04-28,2022-05-13,10,43.100000,35.900000,0.72000000,-0.16705336,0.17865429,downtrend,False
16,MBB,2022-04-28,2022-05-13,10,29.450000,24.100000,0.60451977,-0.18166384,0.19694397,downtrend,False
16,MWG,2022-04-28,2022-05-13,10,145.000000,125.100000,0.52230971,-0.13724138,0.18206897,downtrend,False
16,PNJ,2022-04-28,2022-05-13,10,106.200000,97.500000,0.27102804,-0.08192090,0.16478343,oscillating_sideways,False
16,SSI,2022-04-28,2022-05-13,10,33.500000,25.800000,0.77777778,-0.22985075,0.28656716,downtrend,False
16,TCB,2022-04-28,2022-05-13,10,42.300000,33.800000,0.61151079,-0.20094563,0.24113475,downtrend,False
16,VCB,2022-04-28,2022-05-13,10,81.500000,73.000000,0.57046980,-0.10429448,0.11411043,downtrend,False
16,VND,2022-04-28,2022-05-13,10,30.400000,21.950000,0.80861244,-0.27796053,0.31578947,downtrend,False
16,VPB,2022-04-28,2022-05-13,10,36.500000,29.000000,0.67567568,-0.20547945,0.21643836,downtrend,False
17,FPT,2022-05-09,2022-05-20,10,94.000000,97.500000,0.13307985,0.03723404,0.10531915,oscillating_sideways,False
17,HPG,2022-05-09,2022-05-20,10,39.950000,37.650000,0.25000000,-0.05757196,0.15394243,oscillating_sideways,False
17,MBB,2022-05-09,2022-05-20,10,26.200000,27.000000,0.10526316,0.03053435,0.14122137,oscillating_sideways,False
17,MWG,2022-05-09,2022-05-20,10,136.400000,134.000000,0.06936416,-0.01759531,0.16935484,oscillating_sideways,False
17,PNJ,2022-05-09,2022-05-20,10,99.100000,106.000000,0.24731183,0.06962664,0.13824420,oscillating_sideways,False
17,SSI,2022-05-09,2022-05-20,10,26.850000,28.450000,0.22222222,0.05959032,0.18249534,oscillating_sideways,False
17,TCB,2022-05-09,2022-05-20,10,38.600000,35.700000,0.27358491,-0.07512953,0.22927461,oscillating_sideways,False
17,VCB,2022-05-09,2022-05-20,10,77.900000,75.300000,0.18571429,-0.03337612,0.09499358,oscillating_sideways,False
17,VND,2022-05-09,2022-05-20,10,25.150000,24.600000,0.07006369,-0.02186879,0.17892644,oscillating_sideways,False
17,VPB,2022-05-09,2022-05-20,10,31.800000,30.600000,0.13793103,-0.03773585,0.15723270,oscillating_sideways,False
18,FPT,2022-05-16,2022-05-27,10,93.200000,111.800000,0.71538462,0.19957082,0.20922747,uptrend,False
18,HPG,2022-05-16,2022-05-27,10,36.300000,35.450000,0.12781955,-0.02341598,0.15564738,oscillating_sideways,False
18,MBB,2022-05-16,2022-05-27,10,24.600000,28.000000,0.60714286,0.13821138,0.15447154,uptrend,False
18,MWG,2022-05-16,2022-05-27,10,123.000000,146.700000,0.76205788,0.19268293,0.20894309,uptrend,False
18,PNJ,2022-05-16,2022-05-27,10,98.000000,122.300000,0.77142857,0.24795918,0.26020408,uptrend,False
18,SSI,2022-05-16,2022-05-27,10,27.300000,29.900000,0.32911392,0.09523810,0.19413919,oscillating_sideways,False
18,TCB,2022-05-16,2022-05-27,10,32.600000,37.450000,0.66896552,0.14877301,0.15030675,uptrend,False
18,VCB,2022-05-16,2022-05-27,10,74.200000,77.400000,0.39024390,0.04312668,0.05795148,uptrend,False
18,VND,2022-05-16,2022-05-27,10,22.650000,24.450000,0.27692308,0.07947020,0.18101545,excluded_reference_reset,True
18,VPB,2022-05-16,2022-05-27,10,29.000000,31.100000,0.31343284,0.07241379,0.11034483,oscillating_sideways,False
19,FPT,2022-05-23,2022-06-03,10,96.500000,114.000000,0.79908676,0.18134715,0.19481865,uptrend,False
19,HPG,2022-05-23,2022-06-03,10,36.750000,33.400000,0.57264957,-0.09115646,0.14013605,downtrend,False
19,MBB,2022-05-23,2022-06-03,10,26.300000,27.400000,0.29729730,0.04182510,0.08365019,oscillating_sideways,False
19,MWG,2022-05-23,2022-06-03,10,130.800000,153.200000,0.86153846,0.17125382,0.18730887,uptrend,False
19,PNJ,2022-05-23,2022-06-03,10,104.500000,123.200000,0.52380952,0.17894737,0.21435407,uptrend,False
19,SSI,2022-05-23,2022-06-03,10,26.500000,29.250000,0.60439560,0.10377358,0.20943396,uptrend,False
19,TCB,2022-05-23,2022-06-03,10,34.850000,36.450000,0.37209302,0.04591105,0.10329986,uptrend,False
19,VCB,2022-05-23,2022-06-03,10,74.400000,77.500000,0.31958763,0.04166667,0.09946237,oscillating_sideways,False
19,VND,2022-05-23,2022-06-03,10,23.300000,24.350000,0.25301205,0.04506438,0.18240343,excluded_reference_reset,True
19,VPB,2022-05-23,2022-06-03,10,29.300000,30.750000,0.28712871,0.04948805,0.08703072,oscillating_sideways,False
20,FPT,2022-05-30,2022-06-10,10,111.300000,110.000000,0.08176101,-0.01168014,0.09074573,oscillating_sideways,False
20,HPG,2022-05-30,2022-06-10,10,35.450000,33.600000,0.44578313,-0.05218618,0.09026798,downtrend,False
20,MBB,2022-05-30,2022-06-10,10,28.100000,27.500000,0.20000000,-0.02135231,0.06583630,oscillating_sideways,False
20,MWG,2022-05-30,2022-06-10,10,145.200000,150.000000,0.30769231,0.03305785,0.10261708,oscillating_sideways,False
20,PNJ,2022-05-30,2022-06-10,10,120.500000,120.700000,0.00740741,0.00165975,0.14190871,oscillating_sideways,False
20,SSI,2022-05-30,2022-06-10,10,29.900000,27.850000,0.43157895,-0.06856187,0.11538462,downtrend,False
20,TCB,2022-05-30,2022-06-10,10,37.750000,37.950000,0.05405405,0.00529801,0.10331126,oscillating_sideways,False
20,VCB,2022-05-30,2022-06-10,10,78.000000,77.700000,0.02439024,-0.00384615,0.08846154,oscillating_sideways,False
20,VND,2022-05-30,2022-06-10,10,24.950000,24.000000,0.23456790,-0.03807615,0.13827655,oscillating_sideways,False
20,VPB,2022-05-30,2022-06-10,10,31.600000,30.900000,0.15909091,-0.02215190,0.06803797,oscillating_sideways,False
21,FPT,2022-06-06,2022-06-17,10,113.000000,92.000000,0.54687500,-0.18584071,0.28407080,excluded_reference_reset,True
21,HPG,2022-06-06,2022-06-17,10,33.300000,23.200000,0.66887417,-0.30330330,0.37837838,excluded_reference_reset,True
21,MBB,2022-06-06,2022-06-17,10,27.250000,23.300000,0.66386555,-0.14495413,0.18165138,downtrend,False
21,MWG,2022-06-06,2022-06-17,10,154.700000,77.700000,0.82618026,-0.49773756,0.52747253,excluded_reference_reset,True
21,PNJ,2022-06-06,2022-06-17,10,125.000000,122.000000,0.10204082,-0.02400000,0.15920000,oscillating_sideways,False
21,SSI,2022-06-06,2022-06-17,10,29.000000,20.600000,0.79245283,-0.28965517,0.32068966,downtrend,False
21,TCB,2022-06-06,2022-06-17,10,36.050000,34.500000,0.25619835,-0.04299584,0.14008322,oscillating_sideways,False
21,VCB,2022-06-06,2022-06-17,10,79.700000,76.100000,0.28571429,-0.04516939,0.10037641,oscillating_sideways,False
21,VND,2022-06-06,2022-06-17,10,24.100000,16.900000,0.77419355,-0.29875519,0.35269710,downtrend,False
21,VPB,2022-06-06,2022-06-17,10,30.600000,27.900000,0.45762712,-0.08823529,0.15196078,downtrend,False
22,FPT,2022-06-13,2022-06-24,10,86.200000,85.500000,0.04895105,-0.00812065,0.12529002,excluded_reference_reset,True
22,HPG,2022-06-13,2022-06-24,10,31.800000,21.800000,0.65789474,-0.31446541,0.40880503,excluded_reference_reset,True
22,MBB,2022-06-13,2022-06-24,10,25.650000,23.700000,0.37864078,-0.07602339,0.19298246,downtrend,False
22,MWG,2022-06-13,2022-06-24,10,140.000000,71.900000,0.76602925,-0.48642857,0.56071429,excluded_reference_reset,True
22,PNJ,2022-06-13,2022-06-24,10,112.300000,122.000000,0.38339921,0.08637578,0.11398041,uptrend,False
22,SSI,2022-06-13,2022-06-24,10,25.950000,18.600000,0.80327869,-0.28323699,0.36608863,excluded_reference_reset,True
22,TCB,2022-06-13,2022-06-24,10,36.000000,35.500000,0.07042254,-0.01388889,0.12361111,oscillating_sideways,False
22,VCB,2022-06-13,2022-06-24,10,76.400000,75.000000,0.12500000,-0.01832461,0.07853403,oscillating_sideways,False
22,VND,2022-06-13,2022-06-24,10,22.350000,17.200000,0.63190184,-0.23042506,0.37807606,downtrend,False
22,VPB,2022-06-13,2022-06-24,10,28.750000,28.150000,0.15789474,-0.02086957,0.13739130,oscillating_sideways,False
23,FPT,2022-06-20,2022-07-01,10,92.000000,88.000000,0.21505376,-0.04347826,0.11739130,oscillating_sideways,False
23,HPG,2022-06-20,2022-07-01,10,21.600000,22.400000,0.19512195,0.03703704,0.13425926,oscillating_sideways,False
23,MBB,2022-06-20,2022-07-01,10,22.500000,24.200000,0.48571429,0.07555556,0.14888889,uptrend,False
23,MWG,2022-06-20,2022-07-01,10,73.900000,70.300000,0.30000000,-0.04871448,0.12449256,oscillating_sideways,False
23,PNJ,2022-06-20,2022-07-01,10,118.000000,128.200000,0.50000000,0.08644068,0.13559322,uptrend,False
23,SSI,2022-06-20,2022-07-01,10,19.200000,19.700000,0.08474576,0.02604167,0.19791667,excluded_reference_reset,True
23,TCB,2022-06-20,2022-07-01,10,33.000000,36.000000,0.47619048,0.09090909,0.13181818,uptrend,False
23,VCB,2022-06-20,2022-07-01,10,76.000000,74.000000,0.24390244,-0.02631579,0.08684211,oscillating_sideways,False
23,VND,2022-06-20,2022-07-01,10,15.750000,18.600000,0.52293578,0.18095238,0.27619048,uptrend,False
23,VPB,2022-06-20,2022-07-01,10,27.100000,29.100000,0.43478261,0.07380074,0.14206642,uptrend,False
24,FPT,2022-06-27,2022-07-08,10,86.500000,83.600000,0.20000000,-0.03352601,0.08208092,oscillating_sideways,False
24,HPG,2022-06-27,2022-07-08,10,22.900000,22.450000,0.14285714,-0.01965066,0.09170306,oscillating_sideways,False
24,MBB,2022-06-27,2022-07-08,10,24.100000,25.050000,0.30158730,0.03941909,0.09751037,oscillating_sideways,False
24,MWG,2022-06-27,2022-07-08,10,71.500000,65.000000,0.56521739,-0.09090909,0.14125874,downtrend,False
24,PNJ,2022-06-27,2022-07-08,10,129.500000,116.000000,0.62790698,-0.10424710,0.15444015,downtrend,False
24,SSI,2022-06-27,2022-07-08,10,19.850000,20.400000,0.10280374,0.02770781,0.13350126,oscillating_sideways,False
24,TCB,2022-06-27,2022-07-08,10,35.550000,37.550000,0.38461538,0.05625879,0.09985935,uptrend,False
24,VCB,2022-06-27,2022-07-08,10,74.900000,74.000000,0.09677419,-0.01201602,0.10814419,oscillating_sideways,False
24,VND,2022-06-27,2022-07-08,10,18.400000,18.350000,0.00884956,-0.00271739,0.16304348,oscillating_sideways,False
24,VPB,2022-06-27,2022-07-08,10,28.900000,28.600000,0.08108108,-0.01038062,0.07785467,oscillating_sideways,False
25,FPT,2022-07-04,2022-07-15,10,86.700000,82.200000,0.60000000,-0.05190311,0.07266436,downtrend,False
25,HPG,2022-07-04,2022-07-15,10,22.000000,23.200000,0.36363636,0.05454545,0.10000000,uptrend,False
25,MBB,2022-07-04,2022-07-15,10,24.600000,25.450000,0.24637681,0.03455285,0.06910569,oscillating_sideways,False
25,MWG,2022-07-04,2022-07-15,10,67.800000,61.500000,0.75903614,-0.09292035,0.12684366,downtrend,False
25,PNJ,2022-07-04,2022-07-15,10,123.800000,113.500000,0.47031963,-0.08319871,0.15993538,downtrend,False
25,SSI,2022-07-04,2022-07-15,10,20.200000,21.100000,0.20000000,0.04455446,0.16336634,oscillating_sideways,False
25,TCB,2022-07-04,2022-07-15,10,36.350000,36.100000,0.05263158,-0.00687758,0.07977992,oscillating_sideways,False
25,VCB,2022-07-04,2022-07-15,10,74.100000,72.300000,0.21428571,-0.02429150,0.08906883,oscillating_sideways,False
25,VND,2022-07-04,2022-07-15,10,19.200000,18.900000,0.06382979,-0.01562500,0.13281250,oscillating_sideways,False
25,VPB,2022-07-04,2022-07-15,10,29.200000,28.250000,0.29230769,-0.03253425,0.08219178,oscillating_sideways,False
26,FPT,2022-07-11,2022-07-22,10,82.800000,85.100000,0.41818182,0.02777778,0.05193237,uptrend,False
26,HPG,2022-07-11,2022-07-22,10,22.050000,22.200000,0.04347826,0.00680272,0.07029478,oscillating_sideways,False
26,MBB,2022-07-11,2022-07-22,10,24.400000,25.550000,0.62162162,0.04713115,0.06557377,uptrend,False
26,MWG,2022-07-11,2022-07-22,10,64.500000,64.500000,0.00000000,0.00000000,0.13333333,oscillating_sideways,False
26,PNJ,2022-07-11,2022-07-22,10,115.500000,114.500000,0.07936508,-0.00865801,0.05800866,oscillating_sideways,False
26,SSI,2022-07-11,2022-07-22,10,20.650000,20.900000,0.07936508,0.01210654,0.09927361,oscillating_sideways,False
26,TCB,2022-07-11,2022-07-22,10,35.600000,37.100000,0.68181818,0.04213483,0.06741573,uptrend,False
26,VCB,2022-07-11,2022-07-22,10,72.000000,72.500000,0.16129032,0.00694444,0.03333333,oscillating_sideways,False
26,VND,2022-07-11,2022-07-22,10,17.850000,18.950000,0.37931034,0.06162465,0.12044818,uptrend,False
26,VPB,2022-07-11,2022-07-22,10,27.500000,28.150000,0.52000000,0.02363636,0.04363636,uptrend,False
27,FPT,2022-07-18,2022-07-29,10,83.000000,83.500000,0.09803922,0.00602410,0.05783133,oscillating_sideways,False
27,HPG,2022-07-18,2022-07-29,10,22.600000,21.500000,0.40740741,-0.04867257,0.09955752,downtrend,False
27,MBB,2022-07-18,2022-07-29,10,25.400000,25.650000,0.12195122,0.00984252,0.04527559,oscillating_sideways,False
27,MWG,2022-07-18,2022-07-29,10,61.000000,61.000000,0.00000000,0.00000000,0.14098361,oscillating_sideways,False
27,PNJ,2022-07-18,2022-07-29,10,113.500000,114.000000,0.04347826,0.00440529,0.04669604,oscillating_sideways,False
27,SSI,2022-07-18,2022-07-29,10,20.900000,21.350000,0.14754098,0.02153110,0.08851675,oscillating_sideways,False
27,TCB,2022-07-18,2022-07-29,10,36.300000,37.900000,0.53333333,0.04407713,0.05922865,uptrend,False
27,VCB,2022-07-18,2022-07-29,10,72.000000,74.700000,0.50943396,0.03750000,0.06250000,uptrend,False
27,VND,2022-07-18,2022-07-29,10,19.000000,19.100000,0.03846154,0.00526316,0.09736842,oscillating_sideways,False
27,VPB,2022-07-18,2022-07-29,10,28.150000,28.700000,0.28205128,0.01953819,0.04795737,oscillating_sideways,False
28,FPT,2022-07-25,2022-08-05,10,85.400000,85.800000,0.06666667,0.00468384,0.04800937,oscillating_sideways,False
28,HPG,2022-07-25,2022-08-05,10,21.900000,23.300000,0.38888889,0.06392694,0.13242009,uptrend,False
28,MBB,2022-07-25,2022-08-05,10,25.250000,26.950000,0.70833333,0.06732673,0.09702970,uptrend,False
28,MWG,2022-07-25,2022-08-05,10,63.300000,62.700000,0.13636364,-0.00947867,0.09162717,oscillating_sideways,False
28,PNJ,2022-07-25,2022-08-05,10,113.200000,114.900000,0.20481928,0.01501767,0.05830389,oscillating_sideways,False
28,SSI,2022-07-25,2022-08-05,10,20.450000,24.800000,0.91578947,0.21271394,0.25916870,uptrend,False
28,TCB,2022-07-25,2022-08-05,10,36.800000,38.400000,0.55172414,0.04347826,0.06657609,uptrend,False
28,VCB,2022-07-25,2022-08-05,10,72.900000,82.000000,0.80530973,0.12482853,0.14403292,uptrend,False
28,VND,2022-07-25,2022-08-05,10,18.750000,22.000000,0.74712644,0.17333333,0.24266667,uptrend,False
28,VPB,2022-07-25,2022-08-05,10,27.650000,29.350000,0.85000000,0.06148282,0.09041591,uptrend,False
29,FPT,2022-08-01,2022-08-12,10,84.000000,86.500000,0.64102564,0.02976190,0.05238095,uptrend,False
29,HPG,2022-08-01,2022-08-12,10,22.800000,23.950000,0.33333333,0.05043860,0.12280702,oscillating_sideways,False
29,MBB,2022-08-01,2022-08-12,10,26.500000,27.050000,0.33333333,0.02075472,0.07358491,oscillating_sideways,False
29,MWG,2022-08-01,2022-08-12,10,61.300000,63.000000,0.51515152,0.02773246,0.07014682,uptrend,False
29,PNJ,2022-08-01,2022-08-12,10,117.000000,113.400000,0.50000000,-0.03076923,0.04615385,downtrend,False
29,SSI,2022-08-01,2022-08-12,10,22.800000,24.900000,0.65625000,0.09210526,0.17543860,uptrend,False
29,TCB,2022-08-01,2022-08-12,10,38.600000,38.800000,0.08000000,0.00518135,0.05310881,oscillating_sideways,False
29,VCB,2022-08-01,2022-08-12,10,77.000000,81.600000,0.53488372,0.05974026,0.10519481,uptrend,False
29,VND,2022-08-01,2022-08-12,10,20.400000,22.500000,0.63636364,0.10294118,0.18137255,uptrend,False
29,VPB,2022-08-01,2022-08-12,10,29.100000,29.900000,0.33333333,0.02749141,0.07731959,oscillating_sideways,False
30,FPT,2022-08-08,2022-08-19,10,86.000000,86.900000,0.16981132,0.01046512,0.05116279,oscillating_sideways,False
30,HPG,2022-08-08,2022-08-19,10,23.600000,23.750000,0.04761905,0.00635593,0.06144068,oscillating_sideways,False
30,MBB,2022-08-08,2022-08-19,10,27.100000,27.600000,0.23809524,0.01845018,0.04243542,oscillating_sideways,False
30,MWG,2022-08-08,2022-08-19,10,62.900000,64.100000,0.19354839,0.01907790,0.07631161,oscillating_sideways,False
30,PNJ,2022-08-08,2022-08-19,10,116.700000,114.000000,0.45762712,-0.02313625,0.04627249,downtrend,False
30,SSI,2022-08-08,2022-08-19,10,24.650000,25.150000,0.25000000,0.02028398,0.06896552,oscillating_sideways,False
30,TCB,2022-08-08,2022-08-19,10,39.200000,39.000000,0.10000000,-0.00510204,0.03571429,oscillating_sideways,False
30,VCB,2022-08-08,2022-08-19,10,82.000000,80.900000,0.29729730,-0.01341463,0.03170732,oscillating_sideways,False
30,VND,2022-08-08,2022-08-19,10,22.150000,22.650000,0.22727273,0.02257336,0.05869074,oscillating_sideways,False
30,VPB,2022-08-08,2022-08-19,10,30.000000,31.250000,0.39682540,0.04166667,0.08666667,uptrend,False
31,FPT,2022-08-15,2022-08-26,10,88.900000,87.200000,0.41463415,-0.01912261,0.04274466,downtrend,False
31,HPG,2022-08-15,2022-08-26,10,24.000000,23.500000,0.17241379,-0.02083333,0.06666667,oscillating_sideways,False
31,MBB,2022-08-15,2022-08-26,10,27.350000,23.600000,0.64102564,-0.13711152,0.18464351,excluded_reference_reset,True
31,MWG,2022-08-15,2022-08-26,10,65.000000,72.200000,0.64285714,0.11076923,0.15538462,uptrend,False
31,PNJ,2022-08-15,2022-08-26,10,114.700000,117.800000,0.44927536,0.02702703,0.05928509,uptrend,False
31,SSI,2022-08-15,2022-08-26,10,24.750000,24.800000,0.01639344,0.00202020,0.08888889,oscillating_sideways,False
31,TCB,2022-08-15,2022-08-26,10,39.100000,39.500000,0.21052632,0.01023018,0.04092072,oscillating_sideways,False
31,VCB,2022-08-15,2022-08-26,10,81.800000,82.500000,0.16279070,0.00855746,0.04645477,oscillating_sideways,False
31,VND,2022-08-15,2022-08-26,10,22.450000,22.400000,0.01886792,-0.00222717,0.07126949,oscillating_sideways,False
31,VPB,2022-08-15,2022-08-26,10,30.350000,31.600000,0.47169811,0.04118616,0.08731466,uptrend,False
32,FPT,2022-08-22,2022-09-06,10,86.800000,85.800000,0.26315789,-0.01152074,0.03571429,oscillating_sideways,False
32,HPG,2022-08-22,2022-09-06,10,23.350000,23.550000,0.06666667,0.00856531,0.06638116,oscillating_sideways,False
32,MBB,2022-08-22,2022-09-06,10,23.100000,23.650000,0.40740741,0.02380952,0.04978355,excluded_reference_reset,True
32,MWG,2022-08-22,2022-09-06,10,66.500000,72.900000,0.58181818,0.09624060,0.15789474,uptrend,False
32,PNJ,2022-08-22,2022-09-06,10,114.800000,114.000000,0.08510638,-0.00696864,0.05662021,oscillating_sideways,False
32,SSI,2022-08-22,2022-09-06,10,24.700000,23.750000,0.31147541,-0.03846154,0.10121457,oscillating_sideways,False
32,TCB,2022-08-22,2022-09-06,10,38.700000,38.650000,0.02222222,-0.00129199,0.04134367,oscillating_sideways,False
32,VCB,2022-08-22,2022-09-06,10,80.000000,82.700000,0.28421053,0.03375000,0.08250000,oscillating_sideways,False
32,VND,2022-08-22,2022-09-06,10,22.200000,21.400000,0.30769231,-0.03603604,0.10810811,oscillating_sideways,False
32,VPB,2022-08-22,2022-09-06,10,31.250000,31.400000,0.05454545,0.00480000,0.06720000,oscillating_sideways,False
33,FPT,2022-08-29,2022-09-13,10,86.500000,84.600000,0.54285714,-0.02196532,0.03699422,downtrend,False
33,HPG,2022-08-29,2022-09-13,10,23.000000,23.700000,0.25000000,0.03043478,0.07173913,oscillating_sideways,False
33,MBB,2022-08-29,2022-09-13,10,23.400000,22.550000,0.51515152,-0.03632479,0.07264957,downtrend,False
33,MWG,2022-08-29,2022-09-13,10,74.000000,74.100000,0.01123596,0.00135135,0.06621622,oscillating_sideways,False
33,PNJ,2022-08-29,2022-09-13,10,116.500000,113.000000,0.36082474,-0.03004292,0.05579399,downtrend,False
33,SSI,2022-08-29,2022-09-13,10,24.400000,21.650000,0.84615385,-0.11270492,0.14754098,downtrend,False
33,TCB,2022-08-29,2022-09-13,10,38.750000,37.300000,0.59183673,-0.03741935,0.05548387,downtrend,False
33,VCB,2022-08-29,2022-09-13,10,82.500000,78.600000,0.29323308,-0.04727273,0.10303030,oscillating_sideways,False
33,VND,2022-08-29,2022-09-13,10,22.200000,19.850000,0.74603175,-0.10585586,0.14414414,downtrend,False
33,VPB,2022-08-29,2022-09-13,10,31.200000,30.500000,0.20588235,-0.02243590,0.06730769,oscillating_sideways,False
34,FPT,2022-09-07,2022-09-20,10,84.000000,83.400000,0.16666667,-0.00714286,0.04761905,oscillating_sideways,False
34,HPG,2022-09-07,2022-09-20,10,23.000000,23.000000,0.00000000,0.00000000,0.08043478,oscillating_sideways,False
34,MBB,2022-09-07,2022-09-20,10,23.000000,21.350000,0.70212766,-0.07173913,0.12391304,downtrend,False
34,MWG,2022-09-07,2022-09-20,10,70.700000,71.700000,0.11627907,0.01414427,0.08910891,oscillating_sideways,False
34,PNJ,2022-09-07,2022-09-20,10,111.000000,113.000000,0.23809524,0.01801802,0.04864865,oscillating_sideways,False
34,SSI,2022-09-07,2022-09-20,10,22.550000,20.700000,0.42528736,-0.08203991,0.17960089,downtrend,False
34,TCB,2022-09-07,2022-09-20,10,37.550000,35.050000,0.83333333,-0.06657790,0.10252996,downtrend,False
34,VCB,2022-09-07,2022-09-20,10,80.000000,79.200000,0.11111111,-0.01000000,0.06875000,oscillating_sideways,False
34,VND,2022-09-07,2022-09-20,10,20.000000,18.800000,0.28571429,-0.06000000,0.18750000,oscillating_sideways,False
34,VPB,2022-09-07,2022-09-20,10,30.300000,30.000000,0.13043478,-0.00990099,0.06270627,oscillating_sideways,False
35,FPT,2022-09-14,2022-09-27,10,84.000000,80.500000,0.53846154,-0.04166667,0.05000000,downtrend,False
35,HPG,2022-09-14,2022-09-27,10,23.700000,22.400000,0.59090909,-0.05485232,0.08649789,downtrend,False
35,MBB,2022-09-14,2022-09-27,10,22.400000,20.200000,0.68750000,-0.09821429,0.11830357,downtrend,False
35,MWG,2022-09-14,2022-09-27,10,73.700000,67.100000,0.68750000,-0.08955224,0.12483039,downtrend,False
35,PNJ,2022-09-14,2022-09-27,10,111.700000,111.100000,0.07894737,-0.00537153,0.04655327,oscillating_sideways,False
35,SSI,2022-09-14,2022-09-27,10,21.950000,19.550000,0.46153846,-0.10933941,0.13211845,downtrend,False
35,TCB,2022-09-14,2022-09-27,10,36.800000,33.500000,0.84615385,-0.08967391,0.11141304,downtrend,False
35,VCB,2022-09-14,2022-09-27,10,78.300000,74.300000,0.48780488,-0.05108557,0.07790549,downtrend,False
35,VND,2022-09-14,2022-09-27,10,20.000000,17.500000,0.45454545,-0.12500000,0.14750000,downtrend,False
35,VPB,2022-09-14,2022-09-27,10,30.300000,27.400000,0.80555556,-0.09570957,0.13696370,downtrend,False
36,FPT,2022-09-21,2022-10-04,10,82.300000,77.500000,0.34285714,-0.05832321,0.08383961,oscillating_sideways,False
36,HPG,2022-09-21,2022-10-04,10,22.900000,18.850000,0.95294118,-0.17685590,0.19868996,downtrend,False
36,MBB,2022-09-21,2022-10-04,10,21.200000,18.800000,0.72727273,-0.11320755,0.13443396,downtrend,False
36,MWG,2022-09-21,2022-10-04,10,70.000000,61.000000,0.75000000,-0.12857143,0.16285714,downtrend,False
36,PNJ,2022-09-21,2022-10-04,10,113.900000,98.500000,0.98717949,-0.13520632,0.14047410,downtrend,False
36,SSI,2022-09-21,2022-10-04,10,20.550000,17.800000,0.51401869,-0.13381995,0.18004866,downtrend,False
36,TCB,2022-09-21,2022-10-04,10,34.500000,30.300000,0.85714286,-0.12173913,0.14782609,downtrend,False
36,VCB,2022-09-21,2022-10-04,10,78.900000,71.300000,0.73076923,-0.09632446,0.12801014,downtrend,False
36,VND,2022-09-21,2022-10-04,10,18.500000,15.400000,0.62000000,-0.16756757,0.20540541,downtrend,False
36,VPB,2022-09-21,2022-10-04,10,29.500000,16.800000,1.00000000,-0.43050847,0.47457627,excluded_reference_reset,True
37,FPT,2022-09-28,2022-10-11,10,78.000000,71.000000,0.41666667,-0.08974359,0.12564103,downtrend,False
37,HPG,2022-09-28,2022-10-11,10,21.800000,17.500000,0.66153846,-0.19724771,0.24770642,downtrend,False
37,MBB,2022-09-28,2022-10-11,10,19.950000,16.050000,0.66101695,-0.19548872,0.21052632,downtrend,False
37,MWG,2022-09-28,2022-10-11,10,65.000000,55.400000,0.45714286,-0.14769231,0.21538462,downtrend,False
37,PNJ,2022-09-28,2022-10-11,10,111.000000,104.600000,0.32989691,-0.05765766,0.13513514,oscillating_sideways,False
37,SSI,2022-09-28,2022-10-11,10,19.750000,16.200000,0.47651007,-0.17974684,0.20253165,downtrend,False
37,TCB,2022-09-28,2022-10-11,10,33.250000,24.000000,0.94871795,-0.27819549,0.29172932,downtrend,False
37,VCB,2022-09-28,2022-10-11,10,75.000000,62.000000,0.87837838,-0.17333333,0.18666667,downtrend,False
37,VND,2022-09-28,2022-10-11,10,17.800000,13.650000,0.58041958,-0.23314607,0.27247191,downtrend,False
37,VPB,2022-09-28,2022-10-11,10,18.500000,15.350000,0.88732394,-0.17027027,0.24324324,excluded_reference_reset,True
38,FPT,2022-10-05,2022-10-18,10,78.400000,74.900000,0.29914530,-0.04464286,0.10841837,oscillating_sideways,False
38,HPG,2022-10-05,2022-10-18,10,19.200000,18.850000,0.05982906,-0.01822917,0.14843750,oscillating_sideways,False
38,MBB,2022-10-05,2022-10-18,10,19.200000,17.550000,0.28205128,-0.08593750,0.17708333,oscillating_sideways,False
38,MWG,2022-10-05,2022-10-18,10,62.200000,59.000000,0.17204301,-0.05144695,0.16237942,oscillating_sideways,False
38,PNJ,2022-10-05,2022-10-18,10,102.400000,106.000000,0.64285714,0.03515625,0.10351562,uptrend,False
38,SSI,2022-10-05,2022-10-18,10,18.650000,17.800000,0.15044248,-0.04557641,0.13941019,oscillating_sideways,False
38,TCB,2022-10-05,2022-10-18,10,30.500000,25.300000,0.57777778,-0.17049180,0.24590164,downtrend,False
38,VCB,2022-10-05,2022-10-18,10,71.500000,67.700000,0.20212766,-0.05314685,0.13986014,oscillating_sideways,False
38,VND,2022-10-05,2022-10-18,10,16.400000,14.600000,0.39130435,-0.10975610,0.19207317,downtrend,False
38,VPB,2022-10-05,2022-10-18,10,17.000000,15.950000,0.39622642,-0.06176471,0.18529412,downtrend,False
39,FPT,2022-10-12,2022-10-25,10,72.400000,73.200000,0.05479452,0.01104972,0.10359116,oscillating_sideways,False
39,HPG,2022-10-12,2022-10-25,10,18.700000,17.100000,0.34782609,-0.08556150,0.20588235,oscillating_sideways,False
39,MBB,2022-10-12,2022-10-25,10,17.150000,16.400000,0.20000000,-0.04373178,0.16618076,oscillating_sideways,False
39,MWG,2022-10-12,2022-10-25,10,57.500000,52.000000,0.41353383,-0.09565217,0.20000000,downtrend,False
39,PNJ,2022-10-12,2022-10-25,10,105.000000,101.600000,0.34000000,-0.03238095,0.09142857,oscillating_sideways,False
39,SSI,2022-10-12,2022-10-25,10,17.250000,15.050000,0.59459459,-0.12753623,0.24347826,downtrend,False
39,TCB,2022-10-12,2022-10-25,10,24.800000,21.300000,0.61403509,-0.14112903,0.26209677,downtrend,False
39,VCB,2022-10-12,2022-10-25,10,64.000000,69.900000,0.49579832,0.09218750,0.13281250,uptrend,False
39,VND,2022-10-12,2022-10-25,10,13.950000,11.450000,0.64102564,-0.17921147,0.26523297,downtrend,False
39,VPB,2022-10-12,2022-10-25,10,16.000000,15.450000,0.57894737,-0.03437500,0.10625000,downtrend,False
40,FPT,2022-10-19,2022-11-01,10,75.500000,75.500000,0.00000000,0.00000000,0.09933775,oscillating_sideways,False
40,HPG,2022-10-19,2022-11-01,10,18.400000,15.000000,0.58620690,-0.18478261,0.22010870,downtrend,False
40,MBB,2022-10-19,2022-11-01,10,17.500000,18.000000,0.11627907,0.02857143,0.16857143,oscillating_sideways,False
40,MWG,2022-10-19,2022-11-01,10,59.000000,50.100000,0.61379310,-0.15084746,0.17796610,downtrend,False
40,PNJ,2022-10-19,2022-11-01,10,107.500000,101.600000,0.56190476,-0.05488372,0.08930233,downtrend,False
40,SSI,2022-10-19,2022-11-01,10,17.650000,16.950000,0.14285714,-0.03966006,0.20963173,oscillating_sideways,False
40,TCB,2022-10-19,2022-11-01,10,25.200000,25.650000,0.05454545,0.01785714,0.23809524,oscillating_sideways,False
40,VCB,2022-10-19,2022-11-01,10,67.900000,75.000000,0.73195876,0.10456554,0.13549337,uptrend,False
40,VND,2022-10-19,2022-11-01,10,14.550000,11.800000,0.50458716,-0.18900344,0.30240550,downtrend,False
40,VPB,2022-10-19,2022-11-01,10,15.950000,17.200000,0.45454545,0.07836991,0.16614420,uptrend,False
41,FPT,2022-10-26,2022-11-08,10,73.800000,73.300000,0.06849315,-0.00677507,0.07317073,oscillating_sideways,False
41,HPG,2022-10-26,2022-11-08,10,16.900000,13.150000,0.68807339,-0.22189349,0.27514793,downtrend,False
41,MBB,2022-10-26,2022-11-08,10,16.400000,17.200000,0.23529412,0.04878049,0.13109756,oscillating_sideways,False
41,MWG,2022-10-26,2022-11-08,10,51.900000,44.600000,0.43975904,-0.14065511,0.25240848,downtrend,False
41,PNJ,2022-10-26,2022-11-08,10,103.400000,96.900000,0.50387597,-0.06286267,0.09477756,downtrend,False
41,SSI,2022-10-26,2022-11-08,10,14.850000,15.000000,0.02752294,0.01010101,0.21885522,oscillating_sideways,False
41,TCB,2022-10-26,2022-11-08,10,21.400000,24.150000,0.35031847,0.12850467,0.23130841,uptrend,False
41,VCB,2022-10-26,2022-11-08,10,70.000000,72.600000,0.28260870,0.03714286,0.09285714,oscillating_sideways,False
41,VND,2022-10-26,2022-11-08,10,10.650000,10.650000,0.00000000,0.00000000,0.24037559,oscillating_sideways,False
41,VPB,2022-10-26,2022-11-08,10,15.550000,17.200000,0.52380952,0.10610932,0.17684887,uptrend,False
42,FPT,2022-11-02,2022-11-15,10,74.000000,65.900000,0.72972973,-0.10945946,0.13648649,downtrend,False
42,HPG,2022-11-02,2022-11-15,10,15.350000,12.500000,0.74025974,-0.18566775,0.25081433,downtrend,False
42,MBB,2022-11-02,2022-11-15,10,17.900000,14.150000,0.72815534,-0.20949721,0.22625698,downtrend,False
42,MWG,2022-11-02,2022-11-15,10,48.000000,37.850000,0.51392405,-0.21145833,0.25937500,downtrend,False
42,PNJ,2022-11-02,2022-11-15,10,101.100000,94.100000,0.50000000,-0.06923838,0.13748764,downtrend,False
42,SSI,2022-11-02,2022-11-15,10,16.500000,13.900000,0.55319149,-0.15757576,0.23333333,downtrend,False
42,TCB,2022-11-02,2022-11-15,10,25.200000,20.700000,0.63380282,-0.17857143,0.20634921,downtrend,False
42,VCB,2022-11-02,2022-11-15,10,73.600000,75.000000,0.16666667,0.01902174,0.10326087,oscillating_sideways,False
42,VND,2022-11-02,2022-11-15,10,12.100000,9.900000,0.56994819,-0.18181818,0.26694215,downtrend,False
42,VPB,2022-11-02,2022-11-15,10,17.500000,14.650000,0.72151899,-0.16285714,0.18000000,downtrend,False
43,FPT,2022-11-09,2022-11-22,10,74.000000,70.500000,0.22580645,-0.04729730,0.17567568,oscillating_sideways,False
43,HPG,2022-11-09,2022-11-22,10,13.000000,14.800000,0.40909091,0.13846154,0.28076923,uptrend,False
43,MBB,2022-11-09,2022-11-22,10,16.950000,15.800000,0.23711340,-0.06784661,0.25663717,oscillating_sideways,False
43,MWG,2022-11-09,2022-11-22,10,45.500000,40.200000,0.34868421,-0.11648352,0.24615385,oscillating_sideways,False
43,PNJ,2022-11-09,2022-11-22,10,97.300000,103.000000,0.45600000,0.05858171,0.16135663,uptrend,False
43,SSI,2022-11-09,2022-11-22,10,14.900000,16.350000,0.32584270,0.09731544,0.26510067,oscillating_sideways,False
43,TCB,2022-11-09,2022-11-22,10,24.350000,21.850000,0.35211268,-0.10266940,0.23819302,downtrend,False
43,VCB,2022-11-09,2022-11-22,10,74.000000,73.500000,0.05617978,-0.00675676,0.10405405,oscillating_sideways,False
43,VND,2022-11-09,2022-11-22,10,10.450000,11.300000,0.26479751,0.08133971,0.27559809,oscillating_sideways,False
43,VPB,2022-11-09,2022-11-22,10,17.500000,15.500000,0.54054054,-0.11428571,0.22857143,downtrend,False
44,FPT,2022-11-16,2022-11-29,10,69.300000,74.300000,0.64102564,0.07215007,0.19624820,uptrend,False
44,HPG,2022-11-16,2022-11-29,10,13.350000,17.400000,0.60902256,0.30337079,0.42322097,uptrend,False
44,MBB,2022-11-16,2022-11-29,10,15.100000,17.200000,0.91304348,0.13907285,0.28145695,uptrend,False
44,MWG,2022-11-16,2022-11-29,10,40.450000,42.800000,0.19831224,0.05809642,0.18912237,oscillating_sideways,False
44,PNJ,2022-11-16,2022-11-29,10,97.000000,112.800000,1.00000000,0.16288660,0.23711340,uptrend,False
44,SSI,2022-11-16,2022-11-29,10,14.850000,18.950000,0.74545455,0.27609428,0.41077441,uptrend,False
44,TCB,2022-11-16,2022-11-29,10,22.100000,25.200000,0.58490566,0.14027149,0.28506787,uptrend,False
44,VCB,2022-11-16,2022-11-29,10,75.100000,79.800000,0.40170940,0.06258322,0.12649800,uptrend,False
44,VND,2022-11-16,2022-11-29,10,10.550000,12.800000,0.60000000,0.21327014,0.33838863,uptrend,False
44,VPB,2022-11-16,2022-11-29,10,15.500000,16.150000,0.41935484,0.04193548,0.18064516,uptrend,False
45,FPT,2022-11-23,2022-12-06,10,70.500000,76.000000,0.54455446,0.07801418,0.13617021,uptrend,False
45,HPG,2022-11-23,2022-12-06,10,13.800000,18.600000,0.60000000,0.34782609,0.49275362,uptrend,False
45,MBB,2022-11-23,2022-12-06,10,15.700000,17.700000,0.43478261,0.12738854,0.24840764,uptrend,False
45,MWG,2022-11-23,2022-12-06,10,40.500000,44.350000,0.23987539,0.09506173,0.30493827,oscillating_sideways,False
45,PNJ,2022-11-23,2022-12-06,10,105.700000,111.100000,0.33333333,0.05108798,0.12771996,oscillating_sideways,False
45,SSI,2022-11-23,2022-12-06,10,15.800000,19.550000,0.44910180,0.23734177,0.36075949,uptrend,False
45,TCB,2022-11-23,2022-12-06,10,22.000000,27.050000,0.56424581,0.22954545,0.37727273,uptrend,False
45,VCB,2022-11-23,2022-12-06,10,73.500000,80.000000,0.33333333,0.08843537,0.19863946,oscillating_sideways,False
45,VND,2022-11-23,2022-12-06,10,10.600000,14.300000,0.60655738,0.34905660,0.50471698,uptrend,False
45,VPB,2022-11-23,2022-12-06,10,15.050000,16.900000,0.42528736,0.12292359,0.26910299,uptrend,False
46,FPT,2022-11-30,2022-12-13,10,74.600000,77.200000,0.28260870,0.03485255,0.07372654,oscillating_sideways,False
46,HPG,2022-11-30,2022-12-13,10,18.400000,19.000000,0.10526316,0.03260870,0.17391304,oscillating_sideways,False
46,MBB,2022-11-30,2022-12-13,10,17.400000,18.000000,0.12000000,0.03448276,0.13505747,oscillating_sideways,False
46,MWG,2022-11-30,2022-12-13,10,44.100000,46.400000,0.24210526,0.05215420,0.13832200,oscillating_sideways,False
46,PNJ,2022-11-30,2022-12-13,10,113.500000,112.500000,0.06756757,-0.00881057,0.08370044,oscillating_sideways,False
46,SSI,2022-11-30,2022-12-13,10,19.250000,20.400000,0.12568306,0.05974026,0.14805195,oscillating_sideways,False
46,TCB,2022-11-30,2022-12-13,10,25.900000,28.800000,0.28431373,0.11196911,0.18725869,oscillating_sideways,False
46,VCB,2022-11-30,2022-12-13,10,81.000000,78.200000,0.18421053,-0.03456790,0.12345679,oscillating_sideways,False
46,VND,2022-11-30,2022-12-13,10,13.600000,15.450000,0.29600000,0.13602941,0.24264706,oscillating_sideways,False
46,VPB,2022-11-30,2022-12-13,10,16.800000,17.100000,0.06122449,0.01785714,0.16369048,oscillating_sideways,False
47,FPT,2022-12-07,2022-12-20,10,76.500000,76.600000,0.01538462,0.00130719,0.05228758,oscillating_sideways,False
47,HPG,2022-12-07,2022-12-20,10,18.250000,19.000000,0.15789474,0.04109589,0.19452055,oscillating_sideways,False
47,MBB,2022-12-07,2022-12-20,10,17.300000,17.600000,0.07500000,0.01734104,0.11560694,oscillating_sideways,False
47,MWG,2022-12-07,2022-12-20,10,44.850000,46.500000,0.33333333,0.03678930,0.11817168,oscillating_sideways,False
47,PNJ,2022-12-07,2022-12-20,10,108.700000,110.500000,0.25714286,0.01655934,0.06439742,oscillating_sideways,False
47,SSI,2022-12-07,2022-12-20,10,19.250000,19.800000,0.10280374,0.02857143,0.15584416,oscillating_sideways,False
47,TCB,2022-12-07,2022-12-20,10,26.400000,27.700000,0.18055556,0.04924242,0.17803030,oscillating_sideways,False
47,VCB,2022-12-07,2022-12-20,10,78.500000,79.000000,0.10204082,0.00636943,0.07515924,oscillating_sideways,False
47,VND,2022-12-07,2022-12-20,10,14.300000,15.200000,0.19148936,0.06293706,0.21328671,oscillating_sideways,False
47,VPB,2022-12-07,2022-12-20,10,16.200000,17.300000,0.25581395,0.06790123,0.18518519,oscillating_sideways,False
48,FPT,2022-12-14,2022-12-27,10,76.300000,76.500000,0.03333333,0.00262123,0.03800786,oscillating_sideways,False
48,HPG,2022-12-14,2022-12-27,10,19.200000,18.250000,0.16814159,-0.04947917,0.21614583,oscillating_sideways,False
48,MBB,2022-12-14,2022-12-27,10,18.150000,17.250000,0.21428571,-0.04958678,0.13774105,oscillating_sideways,False
48,MWG,2022-12-14,2022-12-27,10,46.450000,43.800000,0.32919255,-0.05705059,0.15715823,oscillating_sideways,False
48,PNJ,2022-12-14,2022-12-27,10,113.000000,108.000000,1.00000000,-0.04424779,0.06194690,downtrend,False
48,SSI,2022-12-14,2022-12-27,10,20.100000,18.200000,0.38000000,-0.09452736,0.24129353,downtrend,False
48,TCB,2022-12-14,2022-12-27,10,28.800000,26.300000,0.47169811,-0.08680556,0.18229167,downtrend,False
48,VCB,2022-12-14,2022-12-27,10,78.800000,79.100000,0.09677419,0.00380711,0.05583756,oscillating_sideways,False
48,VND,2022-12-14,2022-12-27,10,15.600000,13.950000,0.37931034,-0.10576923,0.25000000,downtrend,False
48,VPB,2022-12-14,2022-12-27,10,17.050000,17.900000,0.14782609,0.04985337,0.11436950,oscillating_sideways,False
49,FPT,2022-12-21,2023-01-04,10,77.200000,80.000000,0.40000000,0.03626943,0.06865285,uptrend,False
49,HPG,2022-12-21,2023-01-04,10,18.900000,19.400000,0.10869565,0.02645503,0.14285714,oscillating_sideways,False
49,MBB,2022-12-21,2023-01-04,10,17.700000,17.950000,0.07246377,0.01412429,0.08757062,oscillating_sideways,False
49,MWG,2022-12-21,2023-01-04,10,46.400000,43.500000,0.38157895,-0.06250000,0.11314655,downtrend,False
49,PNJ,2022-12-21,2023-01-04,10,109.600000,89.000000,0.63580247,-0.18795620,0.28740876,excluded_reference_reset,True
49,SSI,2022-12-21,2023-01-04,10,19.300000,19.000000,0.05555556,-0.01554404,0.16580311,oscillating_sideways,False
49,TCB,2022-12-21,2023-01-04,10,27.700000,27.300000,0.08333333,-0.01444043,0.10830325,oscillating_sideways,False
49,VCB,2022-12-21,2023-01-04,10,78.700000,82.800000,0.65079365,0.05209657,0.05590851,uptrend,False
49,VND,2022-12-21,2023-01-04,10,14.650000,14.350000,0.07142857,-0.02047782,0.17406143,oscillating_sideways,False
49,VPB,2022-12-21,2023-01-04,10,17.650000,18.900000,0.28089888,0.07082153,0.13031161,oscillating_sideways,False
50,FPT,2022-12-28,2023-01-11,10,76.700000,80.900000,0.72413793,0.05475880,0.07301173,uptrend,False
50,HPG,2022-12-28,2023-01-11,10,18.200000,20.200000,0.62500000,0.10989011,0.14835165,uptrend,False
50,MBB,2022-12-28,2023-01-11,10,17.450000,18.250000,0.47058824,0.04584527,0.09742120,uptrend,False
50,MWG,2022-12-28,2023-01-11,10,43.000000,42.550000,0.11688312,-0.01046512,0.05581395,oscillating_sideways,False
50,PNJ,2022-12-28,2023-01-11,10,110.000000,86.800000,0.72500000,-0.21090909,0.28636364,excluded_reference_reset,True
50,SSI,2022-12-28,2023-01-11,10,18.150000,19.300000,0.35384615,0.06336088,0.11845730,uptrend,False
50,TCB,2022-12-28,2023-01-11,10,26.150000,27.650000,0.50000000,0.05736138,0.10133843,uptrend,False
50,VCB,2022-12-28,2023-01-11,10,80.000000,85.100000,0.46788991,0.06375000,0.13000000,uptrend,False
50,VND,2022-12-28,2023-01-11,10,14.100000,14.750000,0.25490196,0.04609929,0.12056738,oscillating_sideways,False
50,VPB,2022-12-28,2023-01-11,10,18.150000,18.450000,0.15000000,0.01652893,0.11845730,oscillating_sideways,False
51,FPT,2023-01-05,2023-01-18,10,80.600000,83.400000,0.53846154,0.03473945,0.04590571,uptrend,False
51,HPG,2023-01-05,2023-01-18,10,19.800000,21.700000,0.59375000,0.09595960,0.14646465,uptrend,False
51,MBB,2023-01-05,2023-01-18,10,18.200000,19.550000,0.93103448,0.07417582,0.09615385,uptrend,False
51,MWG,2023-01-05,2023-01-18,10,43.600000,44.950000,0.23076923,0.03096330,0.08027523,oscillating_sideways,False
51,PNJ,2023-01-05,2023-01-18,10,89.500000,88.500000,0.16666667,-0.01117318,0.05363128,oscillating_sideways,False
51,SSI,2023-01-05,2023-01-18,10,19.300000,20.550000,0.51020408,0.06476684,0.13212435,uptrend,False
51,TCB,2023-01-05,2023-01-18,10,27.650000,29.100000,0.67441860,0.05244123,0.07775769,uptrend,False
51,VCB,2023-01-05,2023-01-18,10,84.000000,90.000000,0.54545455,0.07142857,0.10119048,uptrend,False
51,VND,2023-01-05,2023-01-18,10,14.600000,16.150000,0.68888889,0.10616438,0.16095890,uptrend,False
51,VPB,2023-01-05,2023-01-18,10,18.950000,19.650000,0.41176471,0.03693931,0.07387863,uptrend,False
52,FPT,2023-01-12,2023-02-01,10,80.700000,82.000000,0.19402985,0.01610905,0.07187113,oscillating_sideways,False
52,HPG,2023-01-12,2023-02-01,10,20.050000,21.100000,0.24137931,0.05236908,0.13715711,oscillating_sideways,False
52,MBB,2023-01-12,2023-02-01,10,18.250000,18.900000,0.22807018,0.03561644,0.10684932,oscillating_sideways,False
52,MWG,2023-01-12,2023-02-01,10,42.100000,47.100000,0.92592593,0.11876485,0.12945368,uptrend,False
52,PNJ,2023-01-12,2023-02-01,10,86.000000,86.700000,0.04575163,0.00813953,0.11046512,oscillating_sideways,False
52,SSI,2023-01-12,2023-02-01,10,19.300000,20.150000,0.19101124,0.04404145,0.14248705,oscillating_sideways,False
52,TCB,2023-01-12,2023-02-01,10,27.850000,28.200000,0.09589041,0.01256732,0.07540395,oscillating_sideways,False
52,VCB,2023-01-12,2023-02-01,10,84.800000,89.100000,0.26708075,0.05070755,0.14386792,oscillating_sideways,False
52,VND,2023-01-12,2023-02-01,10,14.700000,15.400000,0.17500000,0.04761905,0.15306122,oscillating_sideways,False
52,VPB,2023-01-12,2023-02-01,10,18.700000,18.300000,0.12903226,-0.02139037,0.11497326,oscillating_sideways,False
53,FPT,2023-01-19,2023-02-08,10,83.900000,81.200000,0.52941176,-0.03218117,0.06912992,downtrend,False
53,HPG,2023-01-19,2023-02-08,10,21.150000,20.850000,0.06122449,-0.01418440,0.13947991,oscillating_sideways,False
53,MBB,2023-01-19,2023-02-08,10,19.600000,18.400000,0.50000000,-0.06122449,0.09438776,downtrend,False
53,MWG,2023-01-19,2023-02-08,10,45.600000,44.500000,0.11340206,-0.02412281,0.11842105,oscillating_sideways,False
53,PNJ,2023-01-19,2023-02-08,10,88.900000,82.900000,0.30612245,-0.06749156,0.14623172,oscillating_sideways,False
53,SSI,2023-01-19,2023-02-08,10,21.200000,19.500000,0.38636364,-0.08018868,0.14858491,downtrend,False
53,TCB,2023-01-19,2023-02-08,10,29.100000,27.850000,0.23809524,-0.04295533,0.09106529,oscillating_sideways,False
53,VCB,2023-01-19,2023-02-08,10,93.000000,94.200000,0.05714286,0.01290323,0.09462366,oscillating_sideways,False
53,VND,2023-01-19,2023-02-08,10,16.750000,14.600000,0.64179104,-0.12835821,0.16417910,downtrend,False
53,VPB,2023-01-19,2023-02-08,10,19.500000,17.950000,0.50819672,-0.07948718,0.12307692,downtrend,False
54,FPT,2023-02-02,2023-02-15,10,81.900000,81.600000,0.06976744,-0.00366300,0.03296703,oscillating_sideways,False
54,HPG,2023-02-02,2023-02-15,10,21.300000,20.800000,0.12500000,-0.02347418,0.09389671,oscillating_sideways,False
54,MBB,2023-02-02,2023-02-15,10,18.950000,18.000000,0.57575758,-0.05013193,0.07124011,downtrend,False
54,MWG,2023-02-02,2023-02-15,10,49.900000,42.750000,0.84615385,-0.14328657,0.16833667,downtrend,False
54,PNJ,2023-02-02,2023-02-15,10,85.500000,82.000000,0.43209877,-0.04093567,0.07485380,downtrend,False
54,SSI,2023-02-02,2023-02-15,10,20.150000,19.100000,0.28767123,-0.05210918,0.11166253,oscillating_sideways,False
54,TCB,2023-02-02,2023-02-15,10,28.000000,27.400000,0.12500000,-0.02142857,0.07321429,oscillating_sideways,False
54,VCB,2023-02-02,2023-02-15,10,90.600000,93.000000,0.14285714,0.02649007,0.08498896,oscillating_sideways,False
54,VND,2023-02-02,2023-02-15,10,15.100000,14.000000,0.39285714,-0.07284768,0.16556291,downtrend,False
54,VPB,2023-02-02,2023-02-15,10,18.400000,17.200000,0.42857143,-0.06521739,0.11413043,downtrend,False
55,FPT,2023-02-09,2023-02-22,10,80.700000,81.800000,0.35483871,0.01363073,0.04584882,uptrend,False
55,HPG,2023-02-09,2023-02-22,10,20.600000,21.200000,0.17647059,0.02912621,0.12378641,oscillating_sideways,False
55,MBB,2023-02-09,2023-02-22,10,18.450000,18.250000,0.07692308,-0.01084011,0.07317073,oscillating_sideways,False
55,MWG,2023-02-09,2023-02-22,10,44.000000,43.000000,0.16949153,-0.02272727,0.08977273,oscillating_sideways,False
55,PNJ,2023-02-09,2023-02-22,10,82.900000,83.000000,0.01639344,0.00120627,0.05428227,oscillating_sideways,False
55,SSI,2023-02-09,2023-02-22,10,19.350000,19.300000,0.01075269,-0.00258398,0.14470284,oscillating_sideways,False
55,TCB,2023-02-09,2023-02-22,10,27.300000,27.500000,0.05000000,0.00732601,0.09523810,oscillating_sideways,False
55,VCB,2023-02-09,2023-02-22,10,93.000000,93.000000,0.00000000,0.00000000,0.04516129,oscillating_sideways,False
55,VND,2023-02-09,2023-02-22,10,14.400000,14.300000,0.02272727,-0.00694444,0.18055556,oscillating_sideways,False
55,VPB,2023-02-09,2023-02-22,10,18.000000,17.450000,0.13253012,-0.03055556,0.10833333,oscillating_sideways,False
56,FPT,2023-02-16,2023-03-01,10,81.600000,80.500000,0.28205128,-0.01348039,0.06127451,oscillating_sideways,False
56,HPG,2023-02-16,2023-03-01,10,21.300000,20.900000,0.08695652,-0.01877934,0.11737089,oscillating_sideways,False
56,MBB,2023-02-16,2023-03-01,10,18.250000,17.650000,0.20000000,-0.03287671,0.11506849,oscillating_sideways,False
56,MWG,2023-02-16,2023-03-01,10,43.300000,40.800000,0.37878788,-0.05773672,0.13856813,downtrend,False
56,PNJ,2023-02-16,2023-03-01,10,82.600000,77.600000,0.42372881,-0.06053269,0.11743341,downtrend,False
56,SSI,2023-02-16,2023-03-01,10,19.500000,18.950000,0.10280374,-0.02820513,0.14358974,oscillating_sideways,False
56,TCB,2023-02-16,2023-03-01,10,27.900000,27.300000,0.12765957,-0.02150538,0.10394265,oscillating_sideways,False
56,VCB,2023-02-16,2023-03-01,10,92.400000,93.000000,0.11111111,0.00649351,0.05303030,oscillating_sideways,False
56,VND,2023-02-16,2023-03-01,10,14.600000,14.250000,0.07865169,-0.02397260,0.17123288,oscillating_sideways,False
56,VPB,2023-02-16,2023-03-01,10,17.500000,17.450000,0.01587302,-0.00285714,0.10571429,oscillating_sideways,False
57,FPT,2023-02-23,2023-03-08,10,81.400000,79.500000,0.38775510,-0.02334152,0.04422604,downtrend,False
57,HPG,2023-02-23,2023-03-08,10,21.500000,21.200000,0.07894737,-0.01395349,0.07906977,oscillating_sideways,False
57,MBB,2023-02-23,2023-03-08,10,18.150000,17.600000,0.24444444,-0.03030303,0.06887052,oscillating_sideways,False
57,MWG,2023-02-23,2023-03-08,10,43.000000,39.400000,0.62068966,-0.08372093,0.10116279,downtrend,False
57,PNJ,2023-02-23,2023-03-08,10,82.100000,80.000000,0.15555556,-0.02557856,0.08404385,oscillating_sideways,False
57,SSI,2023-02-23,2023-03-08,10,19.700000,19.800000,0.02500000,0.00507614,0.08375635,oscillating_sideways,False
57,TCB,2023-02-23,2023-03-08,10,27.950000,27.300000,0.18840580,-0.02325581,0.06797853,oscillating_sideways,False
57,VCB,2023-02-23,2023-03-08,10,93.300000,92.200000,0.18644068,-0.01178992,0.04287245,oscillating_sideways,False
57,VND,2023-02-23,2023-03-08,10,14.500000,14.700000,0.05405405,0.01379310,0.10344828,oscillating_sideways,False
57,VPB,2023-02-23,2023-03-08,10,17.550000,18.150000,0.23076923,0.03418803,0.09116809,oscillating_sideways,False
58,FPT,2023-03-02,2023-03-15,10,80.000000,80.500000,0.06329114,0.00625000,0.03250000,oscillating_sideways,False
58,HPG,2023-03-02,2023-03-15,10,20.600000,21.300000,0.21875000,0.03398058,0.06553398,oscillating_sideways,False
58,MBB,2023-03-02,2023-03-15,10,17.400000,17.800000,0.19047619,0.02298851,0.04597701,oscillating_sideways,False
58,MWG,2023-03-02,2023-03-15,10,40.300000,40.000000,0.06122449,-0.00744417,0.06699752,oscillating_sideways,False
58,PNJ,2023-03-02,2023-03-15,10,80.300000,80.800000,0.08196721,0.00622665,0.05230386,oscillating_sideways,False
58,SSI,2023-03-02,2023-03-15,10,18.650000,20.350000,0.47222222,0.09115282,0.10187668,uptrend,False
58,TCB,2023-03-02,2023-03-15,10,27.200000,27.200000,0.00000000,0.00000000,0.05698529,oscillating_sideways,False
58,VCB,2023-03-02,2023-03-15,10,93.200000,91.400000,0.26470588,-0.01931330,0.03540773,oscillating_sideways,False
58,VND,2023-03-02,2023-03-15,10,13.900000,14.950000,0.34426230,0.07553957,0.09712230,oscillating_sideways,False
58,VPB,2023-03-02,2023-03-15,10,17.300000,19.800000,0.80645161,0.14450867,0.17052023,uptrend,False
59,FPT,2023-03-09,2023-03-22,10,80.600000,78.500000,0.28000000,-0.02605459,0.04466501,oscillating_sideways,False
59,HPG,2023-03-09,2023-03-22,10,21.200000,20.300000,0.22500000,-0.04245283,0.08018868,oscillating_sideways,False
59,MBB,2023-03-09,2023-03-22,10,17.800000,17.400000,0.22222222,-0.02247191,0.04213483,oscillating_sideways,False
59,MWG,2023-03-09,2023-03-22,10,40.000000,37.950000,0.36283186,-0.05125000,0.07625000,downtrend,False
59,PNJ,2023-03-09,2023-03-22,10,79.900000,78.900000,0.15151515,-0.01251564,0.04005006,oscillating_sideways,False
59,SSI,2023-03-09,2023-03-22,10,19.800000,19.850000,0.01298701,0.00252525,0.08333333,oscillating_sideways,False
59,TCB,2023-03-09,2023-03-22,10,27.800000,26.200000,0.44444444,-0.05755396,0.06294964,downtrend,False
59,VCB,2023-03-09,2023-03-22,10,93.000000,89.000000,0.31746032,-0.04301075,0.08924731,oscillating_sideways,False
59,VND,2023-03-09,2023-03-22,10,14.700000,14.800000,0.03225806,0.00680272,0.08163265,oscillating_sideways,False
59,VPB,2023-03-09,2023-03-22,10,18.200000,21.000000,0.80000000,0.15384615,0.18131868,uptrend,False
60,FPT,2023-03-16,2023-03-29,10,79.200000,79.000000,0.04545455,-0.00252525,0.03661616,oscillating_sideways,False
60,HPG,2023-03-16,2023-03-29,10,20.850000,20.800000,0.02325581,-0.00239808,0.05995204,oscillating_sideways,False
60,MBB,2023-03-16,2023-03-29,10,17.450000,18.300000,0.73913043,0.04871060,0.06876791,uptrend,False
60,MWG,2023-03-16,2023-03-29,10,39.400000,38.700000,0.17073171,-0.01776650,0.06345178,oscillating_sideways,False
60,PNJ,2023-03-16,2023-03-29,10,80.500000,77.000000,0.53846154,-0.04347826,0.06086957,downtrend,False
60,SSI,2023-03-16,2023-03-29,10,20.150000,21.050000,0.28125000,0.04466501,0.10173697,oscillating_sideways,False
60,TCB,2023-03-16,2023-03-29,10,26.750000,28.000000,0.49019608,0.04672897,0.09158879,uptrend,False
60,VCB,2023-03-16,2023-03-29,10,91.000000,92.300000,0.07878788,0.01428571,0.08571429,oscillating_sideways,False
60,VND,2023-03-16,2023-03-29,10,14.800000,15.400000,0.26086957,0.04054054,0.10472973,oscillating_sideways,False
60,VPB,2023-03-16,2023-03-29,10,19.450000,20.900000,0.67441860,0.07455013,0.12596401,uptrend,False
61,FPT,2023-03-23,2023-04-05,10,78.000000,80.600000,0.68421053,0.03333333,0.04487179,uptrend,False
61,HPG,2023-03-23,2023-04-05,10,20.400000,21.500000,0.84615385,0.05392157,0.07107843,uptrend,False
61,MBB,2023-03-23,2023-04-05,10,17.400000,18.800000,0.93333333,0.08045977,0.08908046,uptrend,False
61,MWG,2023-03-23,2023-04-05,10,37.800000,39.750000,0.61904762,0.05158730,0.06481481,uptrend,False
61,PNJ,2023-03-23,2023-04-05,10,78.500000,77.300000,0.24000000,-0.01528662,0.03694268,oscillating_sideways,False
61,SSI,2023-03-23,2023-04-05,10,20.350000,22.500000,0.78181818,0.10565111,0.14987715,uptrend,False
61,TCB,2023-03-23,2023-04-05,10,26.200000,29.500000,0.84615385,0.12595420,0.14312977,uptrend,False
61,VCB,2023-03-23,2023-04-05,10,90.700000,92.100000,0.15555556,0.01543550,0.06504961,oscillating_sideways,False
61,VND,2023-03-23,2023-04-05,10,15.150000,16.200000,0.60000000,0.06930693,0.11881188,uptrend,False
61,VPB,2023-03-23,2023-04-05,10,21.050000,21.200000,0.12000000,0.00712589,0.04988124,oscillating_sideways,False
62,FPT,2023-03-30,2023-04-12,10,79.100000,80.300000,0.40000000,0.01517067,0.03413401,uptrend,False
62,HPG,2023-03-30,2023-04-12,10,20.800000,20.750000,0.03030303,-0.00240385,0.07451923,oscillating_sideways,False
62,MBB,2023-03-30,2023-04-12,10,18.250000,18.700000,0.39130435,0.02465753,0.04657534,uptrend,False
62,MWG,2023-03-30,2023-04-12,10,38.600000,40.750000,0.48314607,0.05569948,0.09196891,uptrend,False
62,PNJ,2023-03-30,2023-04-12,10,77.700000,77.900000,0.03703704,0.00257400,0.03861004,oscillating_sideways,False
62,SSI,2023-03-30,2023-04-12,10,20.950000,22.000000,0.28000000,0.05011933,0.11217184,oscillating_sideways,False
62,TCB,2023-03-30,2023-04-12,10,27.700000,30.700000,0.96774194,0.10830325,0.11732852,uptrend,False
62,VCB,2023-03-30,2023-04-12,10,92.700000,88.300000,0.57894737,-0.04746494,0.05609493,downtrend,False
62,VND,2023-03-30,2023-04-12,10,15.250000,15.600000,0.17073171,0.02295082,0.09180328,oscillating_sideways,False
62,VPB,2023-03-30,2023-04-12,10,20.900000,20.650000,0.17241379,-0.01196172,0.04066986,oscillating_sideways,False
63,FPT,2023-04-06,2023-04-19,10,80.300000,79.300000,0.71428571,-0.01245330,0.03113325,downtrend,False
63,HPG,2023-04-06,2023-04-19,10,21.500000,20.800000,0.36842105,-0.03255814,0.07209302,downtrend,False
63,MBB,2023-04-06,2023-04-19,10,18.500000,18.100000,0.44444444,-0.02162162,0.05135135,downtrend,False
63,MWG,2023-04-06,2023-04-19,10,39.100000,40.500000,0.30434783,0.03580563,0.08184143,oscillating_sideways,False
63,PNJ,2023-04-06,2023-04-19,10,76.800000,78.000000,0.22222222,0.01562500,0.04166667,oscillating_sideways,False
63,SSI,2023-04-06,2023-04-19,10,21.850000,21.300000,0.16417910,-0.02517162,0.09382151,oscillating_sideways,False
63,TCB,2023-04-06,2023-04-19,10,29.600000,29.000000,0.15000000,-0.02027027,0.07432432,oscillating_sideways,False
63,VCB,2023-04-06,2023-04-19,10,91.200000,88.500000,0.62790698,-0.02960526,0.05043860,downtrend,False
63,VND,2023-04-06,2023-04-19,10,15.650000,14.900000,0.38461538,-0.04792332,0.11501597,downtrend,False
63,VPB,2023-04-06,2023-04-19,10,20.900000,19.700000,0.85714286,-0.05741627,0.08612440,downtrend,False
64,FPT,2023-04-13,2023-04-26,10,79.600000,78.300000,0.86666667,-0.01633166,0.03768844,downtrend,False
64,HPG,2023-04-13,2023-04-26,10,20.450000,22.000000,0.72093023,0.07579462,0.08068460,uptrend,False
64,MBB,2023-04-13,2023-04-26,10,18.550000,18.350000,0.22222222,-0.01078167,0.04043127,oscillating_sideways,False
64,MWG,2023-04-13,2023-04-26,10,41.050000,38.400000,0.49532710,-0.06455542,0.09500609,downtrend,False
64,PNJ,2023-04-13,2023-04-26,10,77.000000,75.600000,0.35000000,-0.01818182,0.07142857,downtrend,False
64,SSI,2023-04-13,2023-04-26,10,21.750000,21.350000,0.12903226,-0.01839080,0.07126437,oscillating_sideways,False
64,TCB,2023-04-13,2023-04-26,10,30.200000,30.000000,0.04081633,-0.00662252,0.07947020,oscillating_sideways,False
64,VCB,2023-04-13,2023-04-26,10,88.200000,89.400000,0.30000000,0.01360544,0.02834467,oscillating_sideways,False
64,VND,2023-04-13,2023-04-26,10,15.200000,14.650000,0.31428571,-0.03618421,0.09210526,oscillating_sideways,False
64,VPB,2023-04-13,2023-04-26,10,20.600000,19.350000,0.75757576,-0.06067961,0.07766990,downtrend,False
65,FPT,2023-04-20,2023-05-08,10,79.400000,78.500000,0.29032258,-0.01133501,0.03904282,oscillating_sideways,False
65,HPG,2023-04-20,2023-05-08,10,20.800000,21.600000,0.32000000,0.03846154,0.06971154,oscillating_sideways,False
65,MBB,2023-04-20,2023-05-08,10,18.150000,18.250000,0.10000000,0.00550964,0.03030303,oscillating_sideways,False
65,MWG,2023-04-20,2023-05-08,10,40.400000,37.850000,0.45132743,-0.06311881,0.07425743,downtrend,False
65,PNJ,2023-04-20,2023-05-08,10,77.300000,75.900000,0.30434783,-0.01811125,0.05821475,oscillating_sideways,False
65,SSI,2023-04-20,2023-05-08,10,21.100000,22.300000,0.36363636,0.05687204,0.07582938,uptrend,False
65,TCB,2023-04-20,2023-05-08,10,28.850000,29.400000,0.12359551,0.01906412,0.06065858,oscillating_sideways,False
65,VCB,2023-04-20,2023-05-08,10,88.300000,93.000000,0.45631068,0.05322763,0.07021518,uptrend,False
65,VND,2023-04-20,2023-05-08,10,14.850000,15.150000,0.15789474,0.02020202,0.06734007,oscillating_sideways,False
65,VPB,2023-04-20,2023-05-08,10,19.350000,19.450000,0.07142857,0.00516796,0.04909561,oscillating_sideways,False
66,FPT,2023-04-27,2023-05-15,10,78.300000,81.000000,0.60000000,0.03448276,0.05491699,uptrend,False
66,HPG,2023-04-27,2023-05-15,10,21.700000,22.100000,0.21052632,0.01843318,0.06451613,oscillating_sideways,False
66,MBB,2023-04-27,2023-05-15,10,18.400000,18.850000,0.39130435,0.02445652,0.05434783,uptrend,False
66,MWG,2023-04-27,2023-05-15,10,38.650000,38.900000,0.06493506,0.00646831,0.04527814,oscillating_sideways,False
66,PNJ,2023-04-27,2023-05-15,10,75.700000,75.200000,0.13513514,-0.00660502,0.03434610,oscillating_sideways,False
66,SSI,2023-04-27,2023-05-15,10,21.150000,22.900000,0.52238806,0.08274232,0.11820331,uptrend,False
66,TCB,2023-04-27,2023-05-15,10,29.900000,29.900000,0.00000000,0.00000000,0.05852843,oscillating_sideways,False
66,VCB,2023-04-27,2023-05-15,10,90.000000,91.700000,0.14285714,0.01888889,0.06333333,oscillating_sideways,False
66,VND,2023-04-27,2023-05-15,10,14.550000,15.500000,0.40425532,0.06529210,0.10996564,uptrend,False
66,VPB,2023-04-27,2023-05-15,10,19.400000,19.800000,0.28571429,0.02061856,0.04381443,oscillating_sideways,False
67,FPT,2023-05-09,2023-05-22,10,78.900000,82.500000,0.81818182,0.04562738,0.05956907,uptrend,False
67,HPG,2023-05-09,2023-05-22,10,21.800000,21.900000,0.05882353,0.00458716,0.04587156,oscillating_sideways,False
67,MBB,2023-05-09,2023-05-22,10,18.300000,18.850000,0.40740741,0.03005464,0.04918033,uptrend,False
67,MWG,2023-05-09,2023-05-22,10,37.950000,38.550000,0.20000000,0.01581028,0.04216074,oscillating_sideways,False
67,PNJ,2023-05-09,2023-05-22,10,75.600000,72.100000,0.85365854,-0.04629630,0.05952381,downtrend,False
67,SSI,2023-05-09,2023-05-22,10,22.250000,22.900000,0.26530612,0.02921348,0.06966292,oscillating_sideways,False
67,TCB,2023-05-09,2023-05-22,10,29.300000,30.500000,0.41379310,0.04095563,0.05460751,uptrend,False
67,VCB,2023-05-09,2023-05-22,10,92.300000,93.100000,0.08510638,0.00866739,0.05633803,oscillating_sideways,False
67,VND,2023-05-09,2023-05-22,10,15.050000,16.200000,0.45098039,0.07641196,0.09966777,uptrend,False
67,VPB,2023-05-09,2023-05-22,10,19.450000,19.700000,0.16129032,0.01285347,0.05141388,oscillating_sideways,False
68,FPT,2023-05-16,2023-05-29,10,81.500000,83.100000,0.32000000,0.01963190,0.03558282,oscillating_sideways,False
68,HPG,2023-05-16,2023-05-29,10,22.000000,21.450000,0.31428571,-0.02500000,0.06590909,oscillating_sideways,False
68,MBB,2023-05-16,2023-05-29,10,18.800000,18.750000,0.03448276,-0.00265957,0.03191489,oscillating_sideways,False
68,MWG,2023-05-16,2023-05-29,10,38.450000,38.700000,0.11627907,0.00650195,0.02990897,oscillating_sideways,False
68,PNJ,2023-05-16,2023-05-29,10,74.500000,71.400000,0.60784314,-0.04161074,0.05771812,downtrend,False
68,SSI,2023-05-16,2023-05-29,10,22.900000,23.400000,0.22727273,0.02183406,0.04585153,oscillating_sideways,False
68,TCB,2023-05-16,2023-05-29,10,29.800000,30.200000,0.13793103,0.01342282,0.04865772,oscillating_sideways,False
68,VCB,2023-05-16,2023-05-29,10,92.600000,93.100000,0.06493506,0.00539957,0.05075594,oscillating_sideways,False
68,VND,2023-05-16,2023-05-29,10,15.600000,17.050000,0.43283582,0.09294872,0.11538462,uptrend,False
68,VPB,2023-05-16,2023-05-29,10,19.600000,19.350000,0.15151515,-0.01275510,0.04081633,oscillating_sideways,False
69,FPT,2023-05-23,2023-06-05,10,82.000000,85.000000,0.51724138,0.03658537,0.05121951,uptrend,False
69,HPG,2023-05-23,2023-06-05,10,21.700000,21.650000,0.03030303,-0.00230415,0.05529954,oscillating_sideways,False
69,MBB,2023-05-23,2023-06-05,10,18.750000,19.800000,0.53846154,0.05600000,0.09066667,uptrend,False
69,MWG,2023-05-23,2023-06-05,10,38.250000,41.200000,0.74683544,0.07712418,0.09934641,uptrend,False
69,PNJ,2023-05-23,2023-06-05,10,72.200000,73.700000,0.21739130,0.02077562,0.05817175,oscillating_sideways,False
69,SSI,2023-05-23,2023-06-05,10,22.850000,24.100000,0.51020408,0.05470460,0.09409190,uptrend,False
69,TCB,2023-05-23,2023-06-05,10,30.350000,31.900000,0.41333333,0.05107084,0.10543657,uptrend,False
69,VCB,2023-05-23,2023-06-05,10,92.800000,98.000000,0.56521739,0.05603448,0.07866379,uptrend,False
69,VND,2023-05-23,2023-06-05,10,16.450000,18.050000,0.48484848,0.09726444,0.17325228,uptrend,False
69,VPB,2023-05-23,2023-06-05,10,19.550000,19.750000,0.13333333,0.01023018,0.05626598,oscillating_sideways,False
70,FPT,2023-05-30,2023-06-12,10,84.000000,84.900000,0.16363636,0.01071429,0.02976190,oscillating_sideways,False
70,HPG,2023-05-30,2023-06-12,10,21.350000,22.950000,0.84210526,0.07494145,0.09836066,uptrend,False
70,MBB,2023-05-30,2023-06-12,10,18.750000,20.350000,0.57142857,0.08533333,0.10666667,uptrend,False
70,MWG,2023-05-30,2023-06-12,10,39.400000,43.000000,0.57142857,0.09137056,0.10913706,uptrend,False
70,PNJ,2023-05-30,2023-06-12,10,71.100000,72.500000,0.21875000,0.01969058,0.05907173,oscillating_sideways,False
70,SSI,2023-05-30,2023-06-12,10,23.350000,25.350000,0.48780488,0.08565310,0.10278373,uptrend,False
70,TCB,2023-05-30,2023-06-12,10,30.200000,32.700000,0.45454545,0.08278146,0.10264901,uptrend,False
70,VCB,2023-05-30,2023-06-12,10,94.500000,101.000000,0.55555556,0.06878307,0.10158730,uptrend,False
70,VND,2023-05-30,2023-06-12,10,17.400000,18.850000,0.31868132,0.08333333,0.14080460,oscillating_sideways,False
70,VPB,2023-05-30,2023-06-12,10,19.450000,19.600000,0.10344828,0.00771208,0.05141388,oscillating_sideways,False
71,FPT,2023-06-06,2023-06-19,10,85.300000,84.700000,0.13636364,-0.00703400,0.03282532,oscillating_sideways,False
71,HPG,2023-06-06,2023-06-19,10,21.750000,23.350000,0.66666667,0.07356322,0.10344828,uptrend,False
71,MBB,2023-06-06,2023-06-19,10,20.450000,19.550000,0.56250000,-0.04400978,0.04889976,excluded_reference_reset,True
71,MWG,2023-06-06,2023-06-19,10,41.800000,41.500000,0.05660377,-0.00717703,0.06937799,oscillating_sideways,False
71,PNJ,2023-06-06,2023-06-19,10,72.800000,72.300000,0.12195122,-0.00686813,0.04532967,oscillating_sideways,False
71,SSI,2023-06-06,2023-06-19,10,25.150000,26.400000,0.42372881,0.04970179,0.13121272,uptrend,False
71,TCB,2023-06-06,2023-06-19,10,32.700000,32.100000,0.21428571,-0.01834862,0.05657492,oscillating_sideways,False
71,VCB,2023-06-06,2023-06-19,10,99.000000,101.700000,0.20300752,0.02727273,0.10000000,oscillating_sideways,False
71,VND,2023-06-06,2023-06-19,10,19.300000,19.200000,0.03030303,-0.00518135,0.12694301,oscillating_sideways,False
71,VPB,2023-06-06,2023-06-19,10,19.850000,19.450000,0.33333333,-0.02015113,0.04282116,oscillating_sideways,False
72,FPT,2023-06-13,2023-06-26,10,84.400000,85.800000,0.41176471,0.01658768,0.03672986,uptrend,False
72,HPG,2023-06-13,2023-06-26,10,23.400000,25.200000,0.60000000,0.07692308,0.11324786,uptrend,False
72,MBB,2023-06-13,2023-06-26,10,20.300000,20.200000,0.07142857,-0.00492611,0.05418719,excluded_reference_reset,True
72,MWG,2023-06-13,2023-06-26,10,43.000000,44.350000,0.27272727,0.03139535,0.07906977,oscillating_sideways,False
72,PNJ,2023-06-13,2023-06-26,10,73.300000,76.400000,0.50819672,0.04229195,0.07366985,uptrend,False
72,SSI,2023-06-13,2023-06-26,10,25.350000,25.800000,0.18367347,0.01775148,0.08875740,excluded_reference_reset,True
72,TCB,2023-06-13,2023-06-26,10,32.800000,33.300000,0.25000000,0.01524390,0.04573171,oscillating_sideways,False
72,VCB,2023-06-13,2023-06-26,10,102.500000,100.000000,0.28735632,-0.02439024,0.07121951,oscillating_sideways,False
72,VND,2023-06-13,2023-06-26,10,18.650000,19.350000,0.35000000,0.03753351,0.09651475,uptrend,False
72,VPB,2023-06-13,2023-06-26,10,19.500000,20.250000,0.51724138,0.03846154,0.06410256,uptrend,False
73,FPT,2023-06-20,2023-07-03,10,85.500000,86.400000,0.18367347,0.01052632,0.03742690,oscillating_sideways,False
73,HPG,2023-06-20,2023-07-03,10,23.650000,26.200000,0.56043956,0.10782241,0.14376321,uptrend,False
73,MBB,2023-06-20,2023-07-03,10,19.650000,20.200000,0.31428571,0.02798982,0.06870229,oscillating_sideways,False
73,MWG,2023-06-20,2023-07-03,10,42.500000,43.000000,0.10638298,0.01176471,0.07764706,oscillating_sideways,False
73,PNJ,2023-06-20,2023-07-03,10,72.300000,74.000000,0.24637681,0.02351314,0.07468880,oscillating_sideways,False
73,SSI,2023-06-20,2023-07-03,10,25.700000,25.700000,0.00000000,0.00000000,0.07782101,excluded_reference_reset,True
73,TCB,2023-06-20,2023-07-03,10,32.150000,32.000000,0.04761905,-0.00466563,0.04510109,oscillating_sideways,False
73,VCB,2023-06-20,2023-07-03,10,99.900000,100.000000,0.02040816,0.00100100,0.03903904,oscillating_sideways,False
73,VND,2023-06-20,2023-07-03,10,19.600000,18.850000,0.38461538,-0.03826531,0.07142857,downtrend,False
73,VPB,2023-06-20,2023-07-03,10,19.500000,19.850000,0.22580645,0.01794872,0.06410256,oscillating_sideways,False
74,FPT,2023-06-27,2023-07-10,10,87.300000,75.300000,0.77922078,-0.13745704,0.15807560,excluded_reference_reset,True
74,HPG,2023-06-27,2023-07-10,10,25.800000,27.700000,0.54285714,0.07364341,0.11046512,uptrend,False
74,MBB,2023-06-27,2023-07-10,10,20.100000,20.750000,0.31707317,0.03233831,0.04228856,oscillating_sideways,False
74,MWG,2023-06-27,2023-07-10,10,44.200000,47.750000,0.47651007,0.08031674,0.11877828,uptrend,False
74,PNJ,2023-06-27,2023-07-10,10,75.500000,73.700000,0.30000000,-0.02384106,0.06092715,oscillating_sideways,False
74,SSI,2023-06-27,2023-07-10,10,26.600000,27.500000,0.22500000,0.03383459,0.07894737,oscillating_sideways,False
74,TCB,2023-06-27,2023-07-10,10,32.950000,32.000000,0.37254902,-0.02883156,0.06676783,downtrend,False
74,VCB,2023-06-27,2023-07-10,10,100.000000,102.700000,0.19708029,0.02700000,0.05300000,oscillating_sideways,False
74,VND,2023-06-27,2023-07-10,10,19.650000,17.750000,0.51351351,-0.09669211,0.16030534,downtrend,False
74,VPB,2023-06-27,2023-07-10,10,20.100000,20.050000,0.03225806,-0.00248756,0.04726368,oscillating_sideways,False
75,FPT,2023-07-04,2023-07-17,10,87.000000,79.000000,0.45977011,-0.09195402,0.14942529,excluded_reference_reset,True
75,HPG,2023-07-04,2023-07-17,10,26.250000,27.300000,0.36842105,0.04000000,0.08190476,uptrend,False
75,MBB,2023-07-04,2023-07-17,10,20.350000,18.600000,0.43209877,-0.08599509,0.14250614,excluded_reference_reset,True
75,MWG,2023-07-04,2023-07-17,10,43.250000,48.650000,0.73972603,0.12485549,0.16763006,uptrend,False
75,PNJ,2023-07-04,2023-07-17,10,74.000000,80.300000,0.52066116,0.08513514,0.11891892,uptrend,False
75,SSI,2023-07-04,2023-07-17,10,26.500000,28.800000,0.74193548,0.08679245,0.13773585,uptrend,False
75,TCB,2023-07-04,2023-07-17,10,32.000000,31.900000,0.06250000,-0.00312500,0.03750000,oscillating_sideways,False
75,VCB,2023-07-04,2023-07-17,10,100.000000,104.800000,0.38709677,0.04800000,0.05100000,uptrend,False
75,VND,2023-07-04,2023-07-17,10,19.600000,18.300000,0.37142857,-0.06632653,0.14540816,downtrend,False
75,VPB,2023-07-04,2023-07-17,10,19.850000,20.450000,0.26086957,0.03022670,0.05037783,oscillating_sideways,False
76,FPT,2023-07-11,2023-07-24,10,75.000000,81.000000,0.85714286,0.08000000,0.08533333,uptrend,False
76,HPG,2023-07-11,2023-07-24,10,27.300000,28.250000,0.38775510,0.03479853,0.07142857,uptrend,False
76,MBB,2023-07-11,2023-07-24,10,21.200000,18.750000,0.73134328,-0.11556604,0.14150943,excluded_reference_reset,True
76,MWG,2023-07-11,2023-07-24,10,48.800000,54.500000,0.67058824,0.11680328,0.14651639,uptrend,False
76,PNJ,2023-07-11,2023-07-24,10,74.500000,79.300000,0.43636364,0.06442953,0.09395973,uptrend,False
76,SSI,2023-07-11,2023-07-24,10,28.050000,28.700000,0.25490196,0.02317291,0.06417112,oscillating_sideways,False
76,TCB,2023-07-11,2023-07-24,10,31.950000,32.450000,0.25000000,0.01564945,0.04068858,oscillating_sideways,False
76,VCB,2023-07-11,2023-07-24,10,103.000000,104.600000,0.23529412,0.01553398,0.05145631,oscillating_sideways,False
76,VND,2023-07-11,2023-07-24,10,17.900000,19.050000,0.41818182,0.06424581,0.09776536,uptrend,False
76,VPB,2023-07-11,2023-07-24,10,19.900000,21.850000,0.61904762,0.09798995,0.11557789,uptrend,False
77,FPT,2023-07-18,2023-07-31,10,78.700000,85.600000,0.94520548,0.08767471,0.09783990,uptrend,False
77,HPG,2023-07-18,2023-07-31,10,27.200000,28.200000,0.58823529,0.03676471,0.06066176,uptrend,False
77,MBB,2023-07-18,2023-07-31,10,18.600000,18.850000,0.23809524,0.01344086,0.04301075,oscillating_sideways,False
77,MWG,2023-07-18,2023-07-31,10,48.050000,53.700000,0.51131222,0.11758585,0.14880333,uptrend,False
77,PNJ,2023-07-18,2023-07-31,10,79.700000,83.000000,0.37931034,0.04140527,0.07653701,uptrend,False
77,SSI,2023-07-18,2023-07-31,10,28.550000,29.650000,0.44000000,0.03852890,0.09106830,uptrend,False
77,TCB,2023-07-18,2023-07-31,10,32.300000,34.300000,0.55555556,0.06191950,0.08668731,uptrend,False
77,VCB,2023-07-18,2023-07-31,10,104.300000,91.600000,0.60189573,-0.12176414,0.16107383,excluded_reference_reset,True
77,VND,2023-07-18,2023-07-31,10,18.400000,20.800000,0.72727273,0.13043478,0.16847826,uptrend,False
77,VPB,2023-07-18,2023-07-31,10,20.950000,22.150000,0.60000000,0.05727924,0.09785203,uptrend,False
78,FPT,2023-07-25,2023-08-07,10,81.300000,84.500000,0.39024390,0.03936039,0.06519065,uptrend,False
78,HPG,2023-07-25,2023-08-07,10,28.250000,27.550000,0.29166667,-0.02477876,0.07787611,oscillating_sideways,False
78,MBB,2023-07-25,2023-08-07,10,18.800000,19.350000,0.52380952,0.02925532,0.04787234,uptrend,False
78,MWG,2023-07-25,2023-08-07,10,53.600000,53.800000,0.02564103,0.00373134,0.06529851,oscillating_sideways,False
78,PNJ,2023-07-25,2023-08-07,10,80.500000,82.200000,0.19101124,0.02111801,0.06335404,oscillating_sideways,False
78,SSI,2023-07-25,2023-08-07,10,28.800000,29.700000,0.23684211,0.03125000,0.06597222,oscillating_sideways,False
78,TCB,2023-07-25,2023-08-07,10,33.500000,34.350000,0.26153846,0.02537313,0.05671642,oscillating_sideways,False
78,VCB,2023-07-25,2023-08-07,10,91.700000,90.800000,0.13043478,-0.00981461,0.04034896,excluded_reference_reset,True
78,VND,2023-07-25,2023-08-07,10,18.900000,20.550000,0.39759036,0.08730159,0.13756614,uptrend,False
78,VPB,2023-07-25,2023-08-07,10,21.850000,22.650000,0.40000000,0.03661327,0.06864989,uptrend,False
79,FPT,2023-08-01,2023-08-14,10,84.500000,82.600000,0.32203390,-0.02248521,0.05680473,oscillating_sideways,False
79,HPG,2023-08-01,2023-08-14,10,27.500000,28.150000,0.18309859,0.02363636,0.06727273,oscillating_sideways,False
79,MBB,2023-08-01,2023-08-14,10,18.850000,18.950000,0.09090909,0.00530504,0.04509284,oscillating_sideways,False
79,MWG,2023-08-01,2023-08-14,10,51.700000,54.200000,0.40983607,0.04835590,0.07543520,uptrend,False
79,PNJ,2023-08-01,2023-08-14,10,81.000000,79.400000,0.25806452,-0.01975309,0.05555556,oscillating_sideways,False
79,SSI,2023-08-01,2023-08-14,10,28.800000,29.150000,0.07692308,0.01215278,0.07986111,oscillating_sideways,False
79,TCB,2023-08-01,2023-08-14,10,34.000000,33.800000,0.08000000,-0.00588235,0.04411765,oscillating_sideways,False
79,VCB,2023-08-01,2023-08-14,10,91.200000,89.000000,0.27500000,-0.02412281,0.04714912,oscillating_sideways,False
79,VND,2023-08-01,2023-08-14,10,20.000000,21.400000,0.40000000,0.07000000,0.08750000,uptrend,False
79,VPB,2023-08-01,2023-08-14,10,21.950000,21.950000,0.00000000,0.00000000,0.06605923,oscillating_sideways,False
80,FPT,2023-08-08,2023-08-21,10,84.200000,85.900000,0.23943662,0.02019002,0.07600950,oscillating_sideways,False
80,HPG,2023-08-08,2023-08-21,10,27.200000,26.200000,0.24390244,-0.03676471,0.10294118,oscillating_sideways,False
80,MBB,2023-08-08,2023-08-21,10,19.200000,18.150000,0.77777778,-0.05468750,0.08593750,downtrend,False
80,MWG,2023-08-08,2023-08-21,10,53.600000,49.000000,0.50000000,-0.08582090,0.13339552,downtrend,False
80,PNJ,2023-08-08,2023-08-21,10,81.400000,79.000000,0.36363636,-0.02948403,0.08108108,downtrend,False
80,SSI,2023-08-08,2023-08-21,10,29.100000,28.850000,0.04201681,-0.00859107,0.10137457,oscillating_sideways,False
80,TCB,2023-08-08,2023-08-21,10,34.000000,32.750000,0.23364486,-0.03676471,0.09558824,oscillating_sideways,False
80,VCB,2023-08-08,2023-08-21,10,90.700000,89.800000,0.13846154,-0.00992282,0.02976847,oscillating_sideways,False
80,VND,2023-08-08,2023-08-21,10,20.100000,20.450000,0.08235294,0.01741294,0.12189055,oscillating_sideways,False
80,VPB,2023-08-08,2023-08-21,10,22.200000,20.800000,0.50000000,-0.06306306,0.10135135,downtrend,False
81,FPT,2023-08-15,2023-08-28,10,84.000000,94.000000,0.90909091,0.11904762,0.15238095,uptrend,False
81,HPG,2023-08-15,2023-08-28,10,27.950000,26.850000,0.24444444,-0.03935599,0.12880143,oscillating_sideways,False
81,MBB,2023-08-15,2023-08-28,10,18.950000,18.200000,0.42857143,-0.03957784,0.07651715,downtrend,False
81,MWG,2023-08-15,2023-08-28,10,54.000000,51.700000,0.27058824,-0.04259259,0.15833333,oscillating_sideways,False
81,PNJ,2023-08-15,2023-08-28,10,79.000000,79.500000,0.07246377,0.00632911,0.05696203,oscillating_sideways,False
81,SSI,2023-08-15,2023-08-28,10,28.700000,32.450000,0.49019608,0.13066202,0.16898955,uptrend,False
81,TCB,2023-08-15,2023-08-28,10,34.050000,34.000000,0.00854701,-0.00146843,0.10132159,oscillating_sideways,False
81,VCB,2023-08-15,2023-08-28,10,88.900000,87.000000,0.28358209,-0.02137233,0.04836895,oscillating_sideways,False
81,VND,2023-08-15,2023-08-28,10,21.100000,22.200000,0.22000000,0.05213270,0.13507109,oscillating_sideways,False
81,VPB,2023-08-15,2023-08-28,10,22.000000,20.300000,0.47222222,-0.07727273,0.12045455,downtrend,False
82,FPT,2023-08-22,2023-09-06,10,86.500000,99.000000,0.93984962,0.14450867,0.18497110,uptrend,False
82,HPG,2023-08-22,2023-09-06,10,26.150000,29.000000,0.62637363,0.10898662,0.14913958,uptrend,False
82,MBB,2023-08-22,2023-09-06,10,18.200000,19.250000,0.60000000,0.05769231,0.08241758,uptrend,False
82,MWG,2023-08-22,2023-09-06,10,50.000000,55.000000,0.89285714,0.10000000,0.16500000,uptrend,False
82,PNJ,2023-08-22,2023-09-06,10,78.500000,81.100000,0.52000000,0.03312102,0.05350318,uptrend,False
82,SSI,2023-08-22,2023-09-06,10,30.700000,34.000000,0.75000000,0.10749186,0.21661238,uptrend,False
82,TCB,2023-08-22,2023-09-06,10,33.100000,35.200000,0.80769231,0.06344411,0.10422961,uptrend,False
82,VCB,2023-08-22,2023-09-06,10,88.400000,90.200000,0.23684211,0.02036199,0.05316742,oscillating_sideways,False
82,VND,2023-08-22,2023-09-06,10,21.000000,24.000000,0.76923077,0.14285714,0.23333333,uptrend,False
82,VPB,2023-08-22,2023-09-06,10,20.600000,21.800000,0.46153846,0.05825243,0.08737864,uptrend,False
83,FPT,2023-08-29,2023-09-13,10,93.600000,98.000000,0.46808511,0.04700855,0.08547009,uptrend,False
83,HPG,2023-08-29,2023-09-13,10,27.000000,28.400000,0.32558140,0.05185185,0.10000000,oscillating_sideways,False
83,MBB,2023-08-29,2023-09-13,10,18.250000,19.050000,0.34782609,0.04383562,0.07945205,oscillating_sideways,False
83,MWG,2023-08-29,2023-09-13,10,52.900000,57.500000,0.69696970,0.08695652,0.14744802,uptrend,False
83,PNJ,2023-08-29,2023-09-13,10,80.400000,83.300000,0.56862745,0.03606965,0.07213930,uptrend,False
83,SSI,2023-08-29,2023-09-13,10,32.350000,35.800000,0.69696970,0.10664606,0.15146832,uptrend,False
83,TCB,2023-08-29,2023-09-13,10,33.900000,35.000000,0.26829268,0.03244838,0.07079646,oscillating_sideways,False
83,VCB,2023-08-29,2023-09-13,10,88.400000,89.100000,0.12280702,0.00791855,0.04411765,oscillating_sideways,False
83,VND,2023-08-29,2023-09-13,10,22.400000,24.500000,0.48837209,0.09375000,0.14508929,uptrend,False
83,VPB,2023-08-29,2023-09-13,10,20.850000,22.450000,0.88888889,0.07673861,0.11031175,uptrend,False
84,FPT,2023-09-07,2023-09-20,10,97.900000,98.500000,0.06818182,0.00612870,0.05617978,oscillating_sideways,False
84,HPG,2023-09-07,2023-09-20,10,28.650000,28.400000,0.07042254,-0.00872600,0.07678883,oscillating_sideways,False
84,MBB,2023-09-07,2023-09-20,10,19.300000,19.200000,0.04545455,-0.00518135,0.04922280,oscillating_sideways,False
84,MWG,2023-09-07,2023-09-20,10,55.000000,55.800000,0.10256410,0.01454545,0.11454545,oscillating_sideways,False
84,PNJ,2023-09-07,2023-09-20,10,84.200000,82.700000,0.29411765,-0.01781473,0.05938242,oscillating_sideways,False
84,SSI,2023-09-07,2023-09-20,10,33.650000,36.450000,0.71794872,0.08320951,0.10995542,uptrend,False
84,TCB,2023-09-07,2023-09-20,10,35.750000,34.350000,0.36842105,-0.03916084,0.06573427,downtrend,False
84,VCB,2023-09-07,2023-09-20,10,89.500000,88.000000,0.26315789,-0.01675978,0.05363128,oscillating_sideways,False
84,VND,2023-09-07,2023-09-20,10,23.800000,25.250000,0.34117647,0.06092437,0.09453782,oscillating_sideways,False
84,VPB,2023-09-07,2023-09-20,10,21.750000,21.900000,0.09677419,0.00689655,0.05287356,oscillating_sideways,False
85,FPT,2023-09-14,2023-09-27,10,95.900000,94.300000,0.16666667,-0.01668405,0.09697602,oscillating_sideways,False
85,HPG,2023-09-14,2023-09-27,10,27.800000,26.500000,0.33333333,-0.04676259,0.12230216,oscillating_sideways,False
85,MBB,2023-09-14,2023-09-27,10,19.150000,18.500000,0.27659574,-0.03394256,0.08355091,oscillating_sideways,False
85,MWG,2023-09-14,2023-09-27,10,57.300000,52.000000,0.59550562,-0.09249564,0.15008726,downtrend,False
85,PNJ,2023-09-14,2023-09-27,10,81.200000,79.100000,0.30434783,-0.02586207,0.06527094,oscillating_sideways,False
85,SSI,2023-09-14,2023-09-27,10,35.650000,33.000000,0.26903553,-0.07433380,0.18793829,oscillating_sideways,False
85,TCB,2023-09-14,2023-09-27,10,34.900000,32.600000,0.63888889,-0.06590258,0.10028653,downtrend,False
85,VCB,2023-09-14,2023-09-27,10,89.100000,87.800000,0.14606742,-0.01459035,0.04264871,oscillating_sideways,False
85,VND,2023-09-14,2023-09-27,10,24.150000,21.850000,0.31944444,-0.09523810,0.21739130,oscillating_sideways,False
85,VPB,2023-09-14,2023-09-27,10,22.400000,21.000000,0.48275862,-0.06250000,0.10714286,downtrend,False
86,FPT,2023-09-21,2023-10-04,10,96.800000,92.500000,0.58904110,-0.04442149,0.08780992,downtrend,False
86,HPG,2023-09-21,2023-10-04,10,28.400000,25.250000,0.60000000,-0.11091549,0.17957746,downtrend,False
86,MBB,2023-09-21,2023-10-04,10,18.950000,18.150000,0.40000000,-0.04221636,0.07387863,downtrend,False
86,MWG,2023-09-21,2023-10-04,10,54.200000,49.200000,0.53191489,-0.09225092,0.14391144,downtrend,False
86,PNJ,2023-09-21,2023-10-04,10,82.600000,77.600000,0.69444444,-0.06053269,0.06900726,downtrend,False
86,SSI,2023-09-21,2023-10-04,10,34.750000,31.750000,0.25000000,-0.08633094,0.19568345,oscillating_sideways,False
86,TCB,2023-09-21,2023-10-04,10,34.300000,32.250000,0.45054945,-0.05976676,0.07725948,downtrend,False
86,VCB,2023-09-21,2023-10-04,10,87.000000,86.300000,0.09589041,-0.00804598,0.04827586,oscillating_sideways,False
86,VND,2023-09-21,2023-10-04,10,24.200000,20.350000,0.49044586,-0.15909091,0.26033058,downtrend,False
86,VPB,2023-09-21,2023-10-04,10,21.650000,21.000000,0.18840580,-0.03002309,0.07621247,oscillating_sideways,False
87,FPT,2023-09-28,2023-10-11,10,94.000000,97.000000,0.32608696,0.03191489,0.07446809,oscillating_sideways,False
87,HPG,2023-09-28,2023-10-11,10,26.600000,26.200000,0.10256410,-0.01503759,0.10714286,oscillating_sideways,False
87,MBB,2023-09-28,2023-10-11,10,18.500000,18.500000,0.00000000,0.00000000,0.04054054,oscillating_sideways,False
87,MWG,2023-09-28,2023-10-11,10,53.000000,49.300000,0.39361702,-0.06981132,0.15849057,downtrend,False
87,PNJ,2023-09-28,2023-10-11,10,78.500000,80.300000,0.32142857,0.02292994,0.05477707,oscillating_sideways,False
87,SSI,2023-09-28,2023-10-11,10,32.300000,34.000000,0.22077922,0.05263158,0.13467492,oscillating_sideways,False
87,TCB,2023-09-28,2023-10-11,10,33.650000,32.600000,0.39622642,-0.03120357,0.06835067,downtrend,False
87,VCB,2023-09-28,2023-10-11,10,88.000000,86.500000,0.21126761,-0.01704545,0.05454545,oscillating_sideways,False
87,VND,2023-09-28,2023-10-11,10,21.050000,22.200000,0.18699187,0.05463183,0.15201900,oscillating_sideways,False
87,VPB,2023-09-28,2023-10-11,10,21.200000,21.800000,0.23076923,0.02830189,0.06132075,oscillating_sideways,False
88,FPT,2023-10-05,2023-10-18,10,91.600000,93.000000,0.12962963,0.01528384,0.08624454,oscillating_sideways,False
88,HPG,2023-10-05,2023-10-18,10,24.900000,24.000000,0.25714286,-0.03614458,0.12449799,oscillating_sideways,False
88,MBB,2023-10-05,2023-10-18,10,18.050000,17.750000,0.21428571,-0.01662050,0.05263158,oscillating_sideways,False
88,MWG,2023-10-05,2023-10-18,10,47.000000,44.700000,0.23469388,-0.04893617,0.15000000,oscillating_sideways,False
88,PNJ,2023-10-05,2023-10-18,10,77.800000,77.000000,0.11428571,-0.01028278,0.07583548,oscillating_sideways,False
88,SSI,2023-10-05,2023-10-18,10,31.650000,31.550000,0.01666667,-0.00315956,0.13586098,oscillating_sideways,False
88,TCB,2023-10-05,2023-10-18,10,31.800000,31.250000,0.25581395,-0.01729560,0.05817610,oscillating_sideways,False
88,VCB,2023-10-05,2023-10-18,10,84.500000,85.900000,0.25925926,0.01656805,0.04023669,oscillating_sideways,False
88,VND,2023-10-05,2023-10-18,10,19.550000,20.150000,0.11111111,0.03069054,0.17902813,oscillating_sideways,False
88,VPB,2023-10-05,2023-10-18,10,20.800000,22.500000,0.80952381,0.08173077,0.11778846,uptrend,False
89,FPT,2023-10-12,2023-10-25,10,96.400000,90.900000,0.51401869,-0.05705394,0.09128631,downtrend,False
89,HPG,2023-10-12,2023-10-25,10,25.800000,24.050000,0.55555556,-0.06782946,0.12015504,downtrend,False
89,MBB,2023-10-12,2023-10-25,10,18.350000,17.800000,0.35483871,-0.02997275,0.05722071,downtrend,False
89,MWG,2023-10-12,2023-10-25,10,48.400000,43.500000,0.42608696,-0.10123967,0.18491736,downtrend,False
89,PNJ,2023-10-12,2023-10-25,10,80.000000,74.300000,0.82608696,-0.07125000,0.09000000,downtrend,False
89,SSI,2023-10-12,2023-10-25,10,33.600000,30.800000,0.44444444,-0.08333333,0.14880952,downtrend,False
89,TCB,2023-10-12,2023-10-25,10,32.500000,31.200000,0.41935484,-0.04000000,0.07230769,downtrend,False
89,VCB,2023-10-12,2023-10-25,10,86.000000,85.800000,0.04000000,-0.00232558,0.05116279,oscillating_sideways,False
89,VND,2023-10-12,2023-10-25,10,22.050000,19.650000,0.48000000,-0.10884354,0.18820862,downtrend,False
89,VPB,2023-10-12,2023-10-25,10,21.850000,21.000000,0.29824561,-0.03890160,0.11212815,oscillating_sideways,False
90,FPT,2023-10-19,2023-11-01,10,92.000000,85.400000,0.42307692,-0.07173913,0.12717391,downtrend,False
90,HPG,2023-10-19,2023-11-01,10,23.700000,23.950000,0.06024096,0.01054852,0.08438819,oscillating_sideways,False
90,MBB,2023-10-19,2023-11-01,10,17.650000,17.200000,0.20930233,-0.02549575,0.06232295,oscillating_sideways,False
90,MWG,2023-10-19,2023-11-01,10,43.000000,35.100000,0.64227642,-0.18372093,0.23023256,downtrend,False
90,PNJ,2023-10-19,2023-11-01,10,75.900000,72.000000,0.79591837,-0.05138340,0.08563900,downtrend,False
90,SSI,2023-10-19,2023-11-01,10,30.100000,27.150000,0.27962085,-0.09800664,0.20265781,oscillating_sideways,False
90,TCB,2023-10-19,2023-11-01,10,30.650000,28.200000,0.46666667,-0.07993475,0.15008157,downtrend,False
90,VCB,2023-10-19,2023-11-01,10,84.500000,87.800000,0.47826087,0.03905325,0.06272189,uptrend,False
90,VND,2023-10-19,2023-11-01,10,19.150000,17.350000,0.27272727,-0.09399478,0.21409922,oscillating_sideways,False
90,VPB,2023-10-19,2023-11-01,10,21.450000,19.800000,0.76744186,-0.07692308,0.13286713,downtrend,False
91,FPT,2023-10-26,2023-11-08,10,86.800000,92.600000,0.31868132,0.06682028,0.11520737,oscillating_sideways,False
91,HPG,2023-10-26,2023-11-08,10,22.800000,26.950000,0.80582524,0.18201754,0.19078947,uptrend,False
91,MBB,2023-10-26,2023-11-08,10,17.200000,18.350000,0.38983051,0.06686047,0.08430233,uptrend,False
91,MWG,2023-10-26,2023-11-08,10,42.000000,39.600000,0.18181818,-0.05714286,0.21190476,oscillating_sideways,False
91,PNJ,2023-10-26,2023-11-08,10,74.000000,77.000000,0.35714286,0.04054054,0.08513514,uptrend,False
91,SSI,2023-10-26,2023-11-08,10,28.700000,30.300000,0.15533981,0.05574913,0.16202091,oscillating_sideways,False
91,TCB,2023-10-26,2023-11-08,10,29.800000,31.800000,0.28571429,0.06711409,0.15771812,oscillating_sideways,False
91,VCB,2023-10-26,2023-11-08,10,84.500000,89.500000,0.65789474,0.05917160,0.07455621,uptrend,False
91,VND,2023-10-26,2023-11-08,10,18.300000,19.550000,0.19083969,0.06830601,0.17759563,oscillating_sideways,False
91,VPB,2023-10-26,2023-11-08,10,20.200000,21.350000,0.34328358,0.05693069,0.08910891,oscillating_sideways,False
92,FPT,2023-11-02,2023-11-15,10,89.000000,92.400000,0.32075472,0.03820225,0.08876404,oscillating_sideways,False
92,HPG,2023-11-02,2023-11-15,10,25.250000,27.000000,0.52238806,0.06930693,0.14653465,uptrend,False
92,MBB,2023-11-02,2023-11-15,10,17.700000,18.550000,0.34693878,0.04802260,0.08192090,oscillating_sideways,False
92,MWG,2023-11-02,2023-11-15,10,37.000000,41.900000,0.57647059,0.13243243,0.24054054,uptrend,False
92,PNJ,2023-11-02,2023-11-15,10,73.800000,78.300000,0.56962025,0.06097561,0.09620596,uptrend,False
92,SSI,2023-11-02,2023-11-15,10,28.900000,31.950000,0.68539326,0.10553633,0.18339100,uptrend,False
92,TCB,2023-11-02,2023-11-15,10,29.350000,31.550000,0.45833333,0.07495741,0.12606474,uptrend,False
92,VCB,2023-11-02,2023-11-15,10,89.000000,87.700000,0.13978495,-0.01460674,0.04943820,oscillating_sideways,False
92,VND,2023-11-02,2023-11-15,10,18.550000,20.500000,0.68421053,0.10512129,0.19946092,uptrend,False
92,VPB,2023-11-02,2023-11-15,10,20.300000,19.950000,0.06796117,-0.01724138,0.11330049,excluded_reference_reset,True
93,FPT,2023-11-09,2023-11-22,10,92.500000,93.000000,0.06493506,0.00540541,0.05081081,oscillating_sideways,False
93,HPG,2023-11-09,2023-11-22,10,26.700000,27.200000,0.18518519,0.01872659,0.06367041,oscillating_sideways,False
93,MBB,2023-11-09,2023-11-22,10,18.350000,18.050000,0.18750000,-0.01634877,0.05449591,oscillating_sideways,False
93,MWG,2023-11-09,2023-11-22,10,40.300000,39.800000,0.08064516,-0.01240695,0.08684864,oscillating_sideways,False
93,PNJ,2023-11-09,2023-11-22,10,76.500000,81.200000,0.74603175,0.06143791,0.07450980,uptrend,False
93,SSI,2023-11-09,2023-11-22,10,30.850000,32.900000,0.54666667,0.06645057,0.07779579,uptrend,False
93,TCB,2023-11-09,2023-11-22,10,31.500000,30.950000,0.22448980,-0.01746032,0.05555556,oscillating_sideways,False
93,VCB,2023-11-09,2023-11-22,10,87.900000,86.700000,0.14285714,-0.01365188,0.05119454,oscillating_sideways,False
93,VND,2023-11-09,2023-11-22,10,20.050000,21.900000,0.55223881,0.09226933,0.11720698,uptrend,False
93,VPB,2023-11-09,2023-11-22,10,20.000000,19.650000,0.13725490,-0.01750000,0.08500000,excluded_reference_reset,True
94,FPT,2023-11-16,2023-11-29,10,93.000000,91.700000,0.14942529,-0.01397849,0.04946237,oscillating_sideways,False
94,HPG,2023-11-16,2023-11-29,10,27.200000,27.000000,0.04878049,-0.00735294,0.07169118,oscillating_sideways,False
94,MBB,2023-11-16,2023-11-29,10,18.500000,17.850000,0.48148148,-0.03513514,0.06216216,downtrend,False
94,MWG,2023-11-16,2023-11-29,10,41.500000,38.800000,0.36000000,-0.06506024,0.12891566,downtrend,False
94,PNJ,2023-11-16,2023-11-29,10,78.000000,79.900000,0.31147541,0.02435897,0.05512821,oscillating_sideways,False
94,SSI,2023-11-16,2023-11-29,10,32.300000,31.600000,0.10144928,-0.02167183,0.09287926,oscillating_sideways,False
94,TCB,2023-11-16,2023-11-29,10,31.700000,29.900000,0.52941176,-0.05678233,0.09936909,downtrend,False
94,VCB,2023-11-16,2023-11-29,10,88.000000,85.100000,0.47540984,-0.03295455,0.03636364,downtrend,False
94,VND,2023-11-16,2023-11-29,10,21.000000,21.050000,0.00900901,0.00238095,0.13095238,oscillating_sideways,False
94,VPB,2023-11-16,2023-11-29,10,19.900000,19.250000,0.37142857,-0.03266332,0.05778894,downtrend,False
95,FPT,2023-11-23,2023-12-06,10,90.800000,95.000000,0.80769231,0.04625551,0.06497797,uptrend,False
95,HPG,2023-11-23,2023-12-06,10,25.850000,27.600000,0.52238806,0.06769826,0.08510638,uptrend,False
95,MBB,2023-11-23,2023-12-06,10,17.900000,18.100000,0.22222222,0.01117318,0.03910615,oscillating_sideways,False
95,MWG,2023-11-23,2023-12-06,10,37.300000,40.950000,0.68224299,0.09785523,0.10455764,uptrend,False
95,PNJ,2023-11-23,2023-12-06,10,80.800000,80.100000,0.17073171,-0.00866337,0.04579208,oscillating_sideways,False
95,SSI,2023-11-23,2023-12-06,10,30.900000,33.600000,0.45762712,0.08737864,0.12297735,uptrend,False
95,TCB,2023-11-23,2023-12-06,10,30.400000,30.400000,0.00000000,0.00000000,0.08223684,oscillating_sideways,False
95,VCB,2023-11-23,2023-12-06,10,85.500000,85.900000,0.09523810,0.00467836,0.03157895,oscillating_sideways,False
95,VND,2023-11-23,2023-12-06,10,20.600000,22.750000,0.53086420,0.10436893,0.14805825,uptrend,False
95,VPB,2023-11-23,2023-12-06,10,19.150000,19.400000,0.17241379,0.01305483,0.03916449,oscillating_sideways,False
96,FPT,2023-11-30,2023-12-13,10,91.900000,95.200000,0.40740741,0.03590860,0.06637650,uptrend,False
96,HPG,2023-11-30,2023-12-13,10,26.550000,27.350000,0.27586207,0.03013183,0.06779661,oscillating_sideways,False
96,MBB,2023-11-30,2023-12-13,10,17.800000,18.050000,0.29411765,0.01404494,0.03651685,oscillating_sideways,False
96,MWG,2023-11-30,2023-12-13,10,38.500000,41.700000,0.61538462,0.08311688,0.14415584,uptrend,False
96,PNJ,2023-11-30,2023-12-13,10,80.500000,80.400000,0.02222222,-0.00124224,0.04223602,oscillating_sideways,False
96,SSI,2023-11-30,2023-12-13,10,31.300000,32.000000,0.14893617,0.02236422,0.08785942,oscillating_sideways,False
96,TCB,2023-11-30,2023-12-13,10,29.500000,30.500000,0.38461538,0.03389831,0.06101695,uptrend,False
96,VCB,2023-11-30,2023-12-13,10,84.700000,83.700000,0.21739130,-0.01180638,0.02951594,oscillating_sideways,False
96,VND,2023-11-30,2023-12-13,10,20.950000,21.600000,0.16455696,0.03102625,0.10262530,oscillating_sideways,False
96,VPB,2023-11-30,2023-12-13,10,19.100000,19.200000,0.05555556,0.00523560,0.03403141,oscillating_sideways,False
97,FPT,2023-12-07,2023-12-20,10,94.300000,94.700000,0.04878049,0.00424178,0.04878049,oscillating_sideways,False
97,HPG,2023-12-07,2023-12-20,10,27.600000,27.200000,0.14814815,-0.01449275,0.06159420,oscillating_sideways,False
97,MBB,2023-12-07,2023-12-20,10,18.250000,18.150000,0.16666667,-0.00547945,0.02191781,oscillating_sideways,False
97,MWG,2023-12-07,2023-12-20,10,40.850000,42.400000,0.20529801,0.03794370,0.10771114,oscillating_sideways,False
97,PNJ,2023-12-07,2023-12-20,10,78.500000,80.300000,0.40909091,0.02292994,0.04331210,uptrend,False
97,SSI,2023-12-07,2023-12-20,10,32.850000,32.300000,0.28205128,-0.01674277,0.07153729,oscillating_sideways,False
97,TCB,2023-12-07,2023-12-20,10,30.850000,30.350000,0.20833333,-0.01620746,0.04376013,oscillating_sideways,False
97,VCB,2023-12-07,2023-12-20,10,85.200000,81.100000,0.74545455,-0.04812207,0.06924883,downtrend,False
97,VND,2023-12-07,2023-12-20,10,22.000000,21.950000,0.02222222,-0.00227273,0.07727273,oscillating_sideways,False
97,VPB,2023-12-07,2023-12-20,10,19.650000,18.250000,0.93333333,-0.07124682,0.08651399,downtrend,False
98,FPT,2023-12-14,2023-12-27,10,96.200000,96.900000,0.10447761,0.00727651,0.05197505,oscillating_sideways,False
98,HPG,2023-12-14,2023-12-27,10,27.050000,27.750000,0.35000000,0.02587800,0.05360444,uptrend,False
98,MBB,2023-12-14,2023-12-27,10,18.050000,18.400000,0.63636364,0.01939058,0.03324100,uptrend,False
98,MWG,2023-12-14,2023-12-27,10,41.600000,42.850000,0.21367521,0.03004808,0.10817308,oscillating_sideways,False
98,PNJ,2023-12-14,2023-12-27,10,79.600000,85.300000,0.76000000,0.07160804,0.09798995,uptrend,False
98,SSI,2023-12-14,2023-12-27,10,32.000000,32.800000,0.50000000,0.02500000,0.05625000,uptrend,False
98,TCB,2023-12-14,2023-12-27,10,30.550000,30.850000,0.13043478,0.00981997,0.04418985,oscillating_sideways,False
98,VCB,2023-12-14,2023-12-27,10,84.400000,82.700000,0.30909091,-0.02014218,0.05213270,oscillating_sideways,False
98,VND,2023-12-14,2023-12-27,10,21.450000,22.000000,0.28205128,0.02564103,0.05827506,oscillating_sideways,False
98,VPB,2023-12-14,2023-12-27,10,19.000000,18.500000,0.41666667,-0.02631579,0.06842105,downtrend,False
99,FPT,2023-12-21,2024-01-04,10,95.100000,97.200000,0.36842105,0.02208202,0.04837014,uptrend,False
99,HPG,2023-12-21,2024-01-04,10,27.200000,27.750000,0.26829268,0.02022059,0.04595588,oscillating_sideways,False
99,MBB,2023-12-21,2024-01-04,10,18.150000,20.100000,0.95121951,0.10743802,0.13498623,uptrend,False
99,MWG,2023-12-21,2024-01-04,10,42.650000,43.200000,0.23404255,0.01289566,0.04572098,oscillating_sideways,False
99,PNJ,2023-12-21,2024-01-04,10,83.900000,84.600000,0.13207547,0.00834327,0.08104887,oscillating_sideways,False
99,SSI,2023-12-21,2024-01-04,10,32.200000,33.600000,0.58333333,0.04347826,0.06832298,uptrend,False
99,TCB,2023-12-21,2024-01-04,10,30.650000,33.100000,0.85964912,0.07993475,0.11419250,uptrend,False
99,VCB,2023-12-21,2024-01-04,10,80.900000,85.900000,0.49019608,0.06180470,0.07292954,uptrend,False
99,VND,2023-12-21,2024-01-04,10,21.750000,22.300000,0.40740741,0.02528736,0.06896552,uptrend,False
99,VPB,2023-12-21,2024-01-04,10,18.200000,19.350000,0.58974359,0.06318681,0.09065934,uptrend,False
100,FPT,2023-12-28,2024-01-11,10,96.600000,95.000000,0.30769231,-0.01656315,0.04037267,oscillating_sideways,False
100,HPG,2023-12-28,2024-01-11,10,27.950000,27.500000,0.27272727,-0.01610018,0.03577818,oscillating_sideways,False
100,MBB,2023-12-28,2024-01-11,10,18.550000,20.650000,0.80769231,0.11320755,0.15094340,uptrend,False
100,MWG,2023-12-28,2024-01-11,10,43.050000,42.450000,0.15789474,-0.01393728,0.05574913,oscillating_sideways,False
100,PNJ,2023-12-28,2024-01-11,10,84.800000,86.200000,0.17500000,0.01650943,0.05542453,oscillating_sideways,False
100,SSI,2023-12-28,2024-01-11,10,33.000000,33.900000,0.32142857,0.02727273,0.06666667,oscillating_sideways,False
100,TCB,2023-12-28,2024-01-11,10,31.500000,34.150000,0.79104478,0.08412698,0.12063492,uptrend,False
100,VCB,2023-12-28,2024-01-11,10,82.800000,89.300000,0.54621849,0.07850242,0.11714976,uptrend,False
100,VND,2023-12-28,2024-01-11,10,22.150000,21.950000,0.16666667,-0.00902935,0.05643341,oscillating_sideways,False
100,VPB,2023-12-28,2024-01-11,10,18.800000,19.650000,0.41463415,0.04521277,0.07446809,uptrend,False
101,FPT,2024-01-05,2024-01-18,10,97.400000,95.600000,0.40909091,-0.01848049,0.04312115,downtrend,False
101,HPG,2024-01-05,2024-01-18,10,27.800000,27.650000,0.07692308,-0.00539568,0.04316547,oscillating_sideways,False
101,MBB,2024-01-05,2024-01-18,10,20.500000,21.700000,0.70588235,0.05853659,0.08780488,uptrend,False
101,MWG,2024-01-05,2024-01-18,10,43.850000,45.850000,0.31746032,0.04561003,0.09236032,oscillating_sideways,False
101,PNJ,2024-01-05,2024-01-18,10,83.400000,89.000000,0.53846154,0.06714628,0.07913669,uptrend,False
101,SSI,2024-01-05,2024-01-18,10,34.150000,33.800000,0.14893617,-0.01024890,0.05124451,oscillating_sideways,False
101,TCB,2024-01-05,2024-01-18,10,33.200000,34.400000,0.38709677,0.03614458,0.05421687,uptrend,False
101,VCB,2024-01-05,2024-01-18,10,86.200000,91.100000,0.75384615,0.05684455,0.06380510,uptrend,False
101,VND,2024-01-05,2024-01-18,10,22.300000,21.900000,0.23529412,-0.01793722,0.05605381,oscillating_sideways,False
101,VPB,2024-01-05,2024-01-18,10,19.200000,19.500000,0.21428571,0.01562500,0.03906250,oscillating_sideways,False
102,FPT,2024-01-12,2024-01-25,10,94.700000,95.100000,0.11764706,0.00422386,0.02956705,oscillating_sideways,False
102,HPG,2024-01-12,2024-01-25,10,27.150000,28.250000,0.64705882,0.04051565,0.05893186,uptrend,False
102,MBB,2024-01-12,2024-01-25,10,21.350000,21.900000,0.57894737,0.02576112,0.10070258,uptrend,False
102,MWG,2024-01-12,2024-01-25,10,41.900000,45.200000,0.48529412,0.07875895,0.11694511,uptrend,False
102,PNJ,2024-01-12,2024-01-25,10,85.000000,89.500000,0.50561798,0.05294118,0.07058824,uptrend,False
102,SSI,2024-01-12,2024-01-25,10,33.850000,33.950000,0.04166667,0.00295421,0.05169867,oscillating_sideways,False
102,TCB,2024-01-12,2024-01-25,10,34.650000,35.000000,0.14285714,0.01010101,0.07070707,oscillating_sideways,False
102,VCB,2024-01-12,2024-01-25,10,88.700000,91.000000,0.41818182,0.02593010,0.06877114,uptrend,False
102,VND,2024-01-12,2024-01-25,10,21.800000,21.900000,0.06250000,0.00458716,0.05045872,oscillating_sideways,False
102,VPB,2024-01-12,2024-01-25,10,19.650000,19.650000,0.00000000,0.00000000,0.03816794,oscillating_sideways,False
103,FPT,2024-01-19,2024-02-01,10,96.300000,99.900000,0.51428571,0.03738318,0.05295950,uptrend,False
103,HPG,2024-01-19,2024-02-01,10,27.800000,27.850000,0.03448276,0.00179856,0.03776978,oscillating_sideways,False
103,MBB,2024-01-19,2024-02-01,10,22.050000,21.900000,0.14285714,-0.00680272,0.04308390,oscillating_sideways,False
103,MWG,2024-01-19,2024-02-01,10,46.050000,46.200000,0.02654867,0.00325733,0.05646037,oscillating_sideways,False
103,PNJ,2024-01-19,2024-02-01,10,88.200000,91.700000,0.66037736,0.03968254,0.05555556,uptrend,False
103,SSI,2024-01-19,2024-02-01,10,33.700000,34.650000,0.57575758,0.02818991,0.05192878,uptrend,False
103,TCB,2024-01-19,2024-02-01,10,34.950000,34.150000,0.30769231,-0.02288984,0.05722461,oscillating_sideways,False
103,VCB,2024-01-19,2024-02-01,10,92.600000,89.800000,0.37837838,-0.03023758,0.05939525,downtrend,False
103,VND,2024-01-19,2024-02-01,10,21.700000,21.750000,0.05263158,0.00230415,0.02995392,oscillating_sideways,False
103,VPB,2024-01-19,2024-02-01,10,19.700000,19.150000,0.57894737,-0.02791878,0.04314721,downtrend,False
104,FPT,2024-01-26,2024-02-15,10,95.900000,104.000000,0.77142857,0.08446298,0.10636079,uptrend,False
104,HPG,2024-01-26,2024-02-15,10,28.350000,28.700000,0.22580645,0.01234568,0.04232804,oscillating_sideways,False
104,MBB,2024-01-26,2024-02-15,10,22.000000,24.150000,0.66153846,0.09772727,0.11818182,uptrend,False
104,MWG,2024-01-26,2024-02-15,10,44.900000,45.850000,0.17431193,0.02115813,0.06904232,oscillating_sideways,False
104,PNJ,2024-01-26,2024-02-15,10,89.500000,90.900000,0.36842105,0.01564246,0.03798883,uptrend,False
104,SSI,2024-01-26,2024-02-15,10,34.100000,35.100000,0.76923077,0.02932551,0.04985337,uptrend,False
104,TCB,2024-01-26,2024-02-15,10,35.400000,38.400000,0.54545455,0.08474576,0.13983051,uptrend,False
104,VCB,2024-01-26,2024-02-15,10,92.000000,89.900000,0.31343284,-0.02282609,0.04347826,oscillating_sideways,False
104,VND,2024-01-26,2024-02-15,10,21.950000,23.000000,0.60000000,0.04783599,0.07289294,uptrend,False
104,VPB,2024-01-26,2024-02-15,10,19.750000,19.800000,0.02564103,0.00253165,0.06835443,oscillating_sideways,False
105,FPT,2024-02-02,2024-02-22,10,102.000000,104.600000,0.30232558,0.02549020,0.06764706,oscillating_sideways,False
105,HPG,2024-02-02,2024-02-22,10,27.900000,28.550000,0.30232558,0.02329749,0.06093190,oscillating_sideways,False
105,MBB,2024-02-02,2024-02-22,10,21.750000,23.950000,0.75862069,0.10114943,0.11264368,uptrend,False
105,MWG,2024-02-02,2024-02-22,10,47.400000,45.300000,0.52500000,-0.04430380,0.05063291,downtrend,False
105,PNJ,2024-02-02,2024-02-22,10,91.900000,89.600000,0.40350877,-0.02502720,0.05549510,downtrend,False
105,SSI,2024-02-02,2024-02-22,10,34.800000,34.650000,0.11111111,-0.00431034,0.04022989,oscillating_sideways,False
105,TCB,2024-02-02,2024-02-22,10,34.150000,40.300000,1.00000000,0.18008785,0.18594436,uptrend,False
105,VCB,2024-02-02,2024-02-22,10,90.300000,89.500000,0.15384615,-0.00885936,0.02879291,oscillating_sideways,False
105,VND,2024-02-02,2024-02-22,10,21.800000,22.500000,0.29166667,0.03211009,0.07798165,oscillating_sideways,False
105,VPB,2024-02-02,2024-02-22,10,18.800000,19.700000,0.60000000,0.04787234,0.07180851,uptrend,False
106,FPT,2024-02-16,2024-02-29,10,105.100000,109.000000,0.40206186,0.03710752,0.05899144,uptrend,False
106,HPG,2024-02-16,2024-02-29,10,28.600000,31.000000,0.60000000,0.08391608,0.09965035,uptrend,False
106,MBB,2024-02-16,2024-02-29,10,24.000000,24.150000,0.13043478,0.00625000,0.04583333,oscillating_sideways,False
106,MWG,2024-02-16,2024-02-29,10,46.300000,46.200000,0.01818182,-0.00215983,0.08963283,oscillating_sideways,False
106,PNJ,2024-02-16,2024-02-29,10,90.500000,90.400000,0.01204819,-0.00110497,0.04861878,oscillating_sideways,False
106,SSI,2024-02-16,2024-02-29,10,35.000000,37.000000,0.46511628,0.05714286,0.10428571,uptrend,False
106,TCB,2024-02-16,2024-02-29,10,38.500000,42.200000,0.90243902,0.09610390,0.11818182,uptrend,False
106,VCB,2024-02-16,2024-02-29,10,89.600000,97.300000,0.60629921,0.08593750,0.12946429,uptrend,False
106,VND,2024-02-16,2024-02-29,10,23.200000,22.650000,0.24444444,-0.02370690,0.06896552,oscillating_sideways,False
106,VPB,2024-02-16,2024-02-29,10,19.850000,19.900000,0.03225806,0.00251889,0.05289673,oscillating_sideways,False
107,FPT,2024-02-23,2024-03-07,10,103.900000,111.300000,0.60655738,0.07122233,0.10202117,uptrend,False
107,HPG,2024-02-23,2024-03-07,10,28.400000,31.000000,0.70270270,0.09154930,0.10915493,uptrend,False
107,MBB,2024-02-23,2024-03-07,10,23.900000,24.400000,0.29411765,0.02092050,0.06276151,oscillating_sideways,False
107,MWG,2024-02-23,2024-03-07,10,44.000000,49.000000,0.65789474,0.11363636,0.16477273,uptrend,False
107,PNJ,2024-02-23,2024-03-07,10,87.800000,96.500000,0.69600000,0.09908884,0.11845103,uptrend,False
107,SSI,2024-02-23,2024-03-07,10,34.150000,37.700000,0.78021978,0.10395315,0.11420205,uptrend,False
107,TCB,2024-02-23,2024-03-07,10,40.100000,42.600000,0.71428571,0.06234414,0.08728180,uptrend,False
107,VCB,2024-02-23,2024-03-07,10,88.900000,95.800000,0.64485981,0.07761530,0.13048369,uptrend,False
107,VND,2024-02-23,2024-03-07,10,22.050000,23.500000,0.50877193,0.06575964,0.07936508,uptrend,False
107,VPB,2024-02-23,2024-03-07,10,19.500000,19.450000,0.02857143,-0.00256410,0.05384615,oscillating_sideways,False
108,FPT,2024-03-01,2024-03-14,10,110.800000,117.000000,0.46268657,0.05595668,0.09296029,uptrend,False
108,HPG,2024-03-01,2024-03-14,10,30.850000,30.350000,0.14705882,-0.01620746,0.05186386,oscillating_sideways,False
108,MBB,2024-03-01,2024-03-14,10,24.000000,23.450000,0.15492958,-0.02291667,0.10000000,oscillating_sideways,False
108,MWG,2024-03-01,2024-03-14,10,46.600000,47.250000,0.05882353,0.01394850,0.09120172,oscillating_sideways,False
108,PNJ,2024-03-01,2024-03-14,10,95.700000,100.900000,0.50980392,0.05433647,0.14106583,uptrend,False
108,SSI,2024-03-01,2024-03-14,10,37.350000,37.850000,0.11111111,0.01338688,0.07898260,oscillating_sideways,False
108,TCB,2024-03-01,2024-03-14,10,41.850000,41.400000,0.08256881,-0.01075269,0.08602151,oscillating_sideways,False
108,VCB,2024-03-01,2024-03-14,10,97.300000,95.000000,0.34328358,-0.02363823,0.04316547,oscillating_sideways,False
108,VND,2024-03-01,2024-03-14,10,23.200000,23.300000,0.02941176,0.00431034,0.07543103,oscillating_sideways,False
108,VPB,2024-03-01,2024-03-14,10,19.650000,18.800000,0.37777778,-0.04325700,0.07124682,downtrend,False
109,FPT,2024-03-08,2024-03-21,10,110.000000,116.200000,0.38271605,0.05636364,0.08181818,uptrend,False
109,HPG,2024-03-08,2024-03-21,10,30.300000,30.250000,0.01587302,-0.00165017,0.06765677,oscillating_sideways,False
109,MBB,2024-03-08,2024-03-21,10,23.600000,24.750000,0.25842697,0.04872881,0.09957627,oscillating_sideways,False
109,MWG,2024-03-08,2024-03-21,10,47.750000,48.500000,0.07692308,0.01570681,0.08167539,oscillating_sideways,False
109,PNJ,2024-03-08,2024-03-21,10,96.500000,98.700000,0.18032787,0.02279793,0.11398964,oscillating_sideways,False
109,SSI,2024-03-08,2024-03-21,10,36.800000,37.650000,0.15596330,0.02309783,0.09239130,oscillating_sideways,False
109,TCB,2024-03-08,2024-03-21,10,41.000000,45.100000,0.45054945,0.10000000,0.13902439,uptrend,False
109,VCB,2024-03-08,2024-03-21,10,95.100000,95.200000,0.01098901,0.00105152,0.04206099,oscillating_sideways,False
109,VND,2024-03-08,2024-03-21,10,23.500000,24.250000,0.18518519,0.03191489,0.09787234,oscillating_sideways,False
109,VPB,2024-03-08,2024-03-21,10,19.000000,18.750000,0.10204082,-0.01315789,0.08157895,oscillating_sideways,False
110,FPT,2024-03-15,2024-03-28,10,116.000000,117.100000,0.08148148,0.00948276,0.05431034,oscillating_sideways,False
110,HPG,2024-03-15,2024-03-28,10,30.100000,30.550000,0.20000000,0.01495017,0.06976744,oscillating_sideways,False
110,MBB,2024-03-15,2024-03-28,10,23.800000,25.500000,0.47222222,0.07142857,0.13865546,uptrend,False
110,MWG,2024-03-15,2024-03-28,10,47.350000,51.000000,0.40782123,0.07708553,0.14466737,uptrend,False
110,PNJ,2024-03-15,2024-03-28,10,99.500000,97.700000,0.18750000,-0.01809045,0.07638191,oscillating_sideways,False
110,SSI,2024-03-15,2024-03-28,10,37.800000,39.150000,0.25714286,0.03571429,0.09656085,oscillating_sideways,False
110,TCB,2024-03-15,2024-03-28,10,41.400000,48.000000,0.62264151,0.15942029,0.22463768,uptrend,False
110,VCB,2024-03-15,2024-03-28,10,94.000000,95.700000,0.23287671,0.01808511,0.04680851,oscillating_sideways,False
110,VND,2024-03-15,2024-03-28,10,23.550000,23.200000,0.12280702,-0.01486200,0.11252654,oscillating_sideways,False
110,VPB,2024-03-15,2024-03-28,10,18.650000,19.650000,0.50000000,0.05361930,0.09919571,uptrend,False
111,FPT,2024-03-22,2024-04-04,10,114.900000,114.000000,0.11111111,-0.00783290,0.03481288,oscillating_sideways,False
111,HPG,2024-03-22,2024-04-04,10,30.550000,29.600000,0.40425532,-0.03109656,0.05073650,downtrend,False
111,MBB,2024-03-22,2024-04-04,10,25.050000,23.800000,0.43859649,-0.04990020,0.07584830,downtrend,False
111,MWG,2024-03-22,2024-04-04,10,49.100000,50.700000,0.26666667,0.03258656,0.09775967,oscillating_sideways,False
111,PNJ,2024-03-22,2024-04-04,10,98.500000,97.500000,0.12500000,-0.01015228,0.04771574,oscillating_sideways,False
111,SSI,2024-03-22,2024-04-04,10,37.800000,37.650000,0.03529412,-0.00396825,0.05555556,oscillating_sideways,False
111,TCB,2024-03-22,2024-04-04,10,44.900000,46.000000,0.16923077,0.02449889,0.10356347,oscillating_sideways,False
111,VCB,2024-03-22,2024-04-04,10,96.400000,96.000000,0.06060606,-0.00414938,0.03215768,oscillating_sideways,False
111,VND,2024-03-22,2024-04-04,10,24.300000,22.500000,0.81818182,-0.07407407,0.09876543,downtrend,False
111,VPB,2024-03-22,2024-04-04,10,18.800000,19.300000,0.35714286,0.02659574,0.06117021,uptrend,False
112,FPT,2024-03-29,2024-04-11,10,116.500000,114.900000,0.22222222,-0.01373391,0.04377682,oscillating_sideways,False
112,HPG,2024-03-29,2024-04-11,10,30.250000,29.900000,0.14893617,-0.01157025,0.04462810,oscillating_sideways,False
112,MBB,2024-03-29,2024-04-11,10,25.400000,23.750000,0.55932203,-0.06496063,0.09448819,downtrend,False
112,MWG,2024-03-29,2024-04-11,10,51.100000,52.300000,0.15789474,0.02348337,0.08219178,oscillating_sideways,False
112,PNJ,2024-03-29,2024-04-11,10,98.900000,100.000000,0.10679612,0.01112235,0.05662285,oscillating_sideways,False
112,SSI,2024-03-29,2024-04-11,10,38.500000,37.150000,0.32530120,-0.03506494,0.06883117,oscillating_sideways,False
112,TCB,2024-03-29,2024-04-11,10,47.550000,45.100000,0.60493827,-0.05152471,0.06834911,downtrend,False
112,VCB,2024-03-29,2024-04-11,10,94.900000,94.000000,0.14285714,-0.00948367,0.02634352,oscillating_sideways,False
112,VND,2024-03-29,2024-04-11,10,22.950000,21.800000,0.41818182,-0.05010893,0.07407407,downtrend,False
112,VPB,2024-03-29,2024-04-11,10,19.750000,19.350000,0.57142857,-0.02025316,0.05316456,downtrend,False
113,FPT,2024-04-05,2024-04-19,10,113.700000,109.000000,0.35338346,-0.04133685,0.06068602,downtrend,False
113,HPG,2024-04-05,2024-04-19,10,29.450000,27.800000,0.52380952,-0.05602716,0.08998302,downtrend,False
113,MBB,2024-04-05,2024-04-19,10,23.350000,22.700000,0.13684211,-0.02783726,0.10492505,oscillating_sideways,False
113,MWG,2024-04-05,2024-04-19,10,51.000000,48.200000,0.31111111,-0.05490196,0.10098039,oscillating_sideways,False
113,PNJ,2024-04-05,2024-04-19,10,96.900000,91.500000,0.24770642,-0.05572755,0.15273478,oscillating_sideways,False
113,SSI,2024-04-05,2024-04-19,10,36.800000,33.200000,0.52173913,-0.09782609,0.12907609,downtrend,False
113,TCB,2024-04-05,2024-04-19,10,45.200000,44.500000,0.08045977,-0.01548673,0.09070796,oscillating_sideways,False
113,VCB,2024-04-05,2024-04-19,10,94.900000,90.500000,0.73333333,-0.04636459,0.07376185,downtrend,False
113,VND,2024-04-05,2024-04-19,10,22.050000,18.900000,0.67741935,-0.14285714,0.18367347,downtrend,False
113,VPB,2024-04-05,2024-04-19,10,19.450000,18.100000,0.57446809,-0.06940874,0.10282776,downtrend,False
114,FPT,2024-04-12,2024-04-26,10,115.500000,123.200000,0.32765957,0.06666667,0.16536797,oscillating_sideways,False
114,HPG,2024-04-12,2024-04-26,10,29.950000,28.400000,0.35632184,-0.05175292,0.08848080,downtrend,False
114,MBB,2024-04-12,2024-04-26,10,24.650000,22.250000,0.53333333,-0.09736308,0.13387424,downtrend,False
114,MWG,2024-04-12,2024-04-26,10,52.000000,54.900000,0.27619048,0.05576923,0.13365385,oscillating_sideways,False
114,PNJ,2024-04-12,2024-04-26,10,103.100000,95.000000,0.47368421,-0.07856450,0.14354995,downtrend,False
114,SSI,2024-04-12,2024-04-26,10,37.550000,35.200000,0.26256983,-0.06258322,0.12649800,oscillating_sideways,False
114,TCB,2024-04-12,2024-04-26,10,47.400000,46.600000,0.08988764,-0.01687764,0.08755274,oscillating_sideways,False
114,VCB,2024-04-12,2024-04-26,10,94.600000,91.200000,0.58620690,-0.03594080,0.07716702,downtrend,False
114,VND,2024-04-12,2024-04-26,10,21.950000,20.650000,0.20000000,-0.05922551,0.17767654,oscillating_sideways,False
114,VPB,2024-04-12,2024-04-26,10,19.700000,18.550000,0.46938776,-0.05837563,0.09390863,downtrend,False
115,FPT,2024-04-22,2024-05-08,10,110.300000,131.000000,0.85892116,0.18766999,0.20580236,uptrend,False
115,HPG,2024-04-22,2024-05-08,10,28.000000,30.700000,0.61363636,0.09642857,0.12678571,uptrend,False
115,MBB,2024-04-22,2024-05-08,10,22.600000,22.550000,0.02040816,-0.00221239,0.05752212,oscillating_sideways,False
115,MWG,2024-04-22,2024-05-08,10,48.600000,59.100000,0.96330275,0.21604938,0.23353909,uptrend,False
115,PNJ,2024-04-22,2024-05-08,10,93.400000,97.600000,0.51219512,0.04496788,0.08886510,uptrend,False
115,SSI,2024-04-22,2024-05-08,10,35.100000,35.650000,0.13924051,0.01566952,0.05982906,oscillating_sideways,False
115,TCB,2024-04-22,2024-05-08,10,45.250000,48.200000,0.53153153,0.06519337,0.09502762,uptrend,False
115,VCB,2024-04-22,2024-05-08,10,90.600000,93.000000,0.66666667,0.02649007,0.05408389,uptrend,False
115,VND,2024-04-22,2024-05-08,10,20.200000,20.900000,0.20000000,0.03465347,0.08663366,oscillating_sideways,False
115,VPB,2024-04-22,2024-05-08,10,18.300000,18.550000,0.18518519,0.01366120,0.04644809,oscillating_sideways,False
116,FPT,2024-05-02,2024-05-15,10,127.300000,134.100000,0.47887324,0.05341712,0.08641005,uptrend,False
116,HPG,2024-05-02,2024-05-15,10,28.350000,31.200000,0.74025974,0.10052910,0.11640212,uptrend,False
116,MBB,2024-05-02,2024-05-15,10,22.400000,22.900000,0.38461538,0.02232143,0.04464286,uptrend,False
116,MWG,2024-05-02,2024-05-15,10,55.600000,60.800000,0.72222222,0.09352518,0.13309353,uptrend,False
116,PNJ,2024-05-02,2024-05-15,10,96.100000,96.700000,0.08571429,0.00624350,0.05202914,oscillating_sideways,False
116,SSI,2024-05-02,2024-05-15,10,34.700000,35.950000,0.47169811,0.03602305,0.05763689,uptrend,False
116,TCB,2024-05-02,2024-05-15,10,46.850000,48.100000,0.37313433,0.02668090,0.06083244,uptrend,False
116,VCB,2024-05-02,2024-05-15,10,91.900000,91.000000,0.21951220,-0.00979325,0.03917301,oscillating_sideways,False
116,VND,2024-05-02,2024-05-15,10,20.300000,21.000000,0.36842105,0.03448276,0.05172414,uptrend,False
116,VPB,2024-05-02,2024-05-15,10,18.300000,19.050000,0.40540541,0.04098361,0.05464481,uptrend,False
117,FPT,2024-05-09,2024-05-22,10,130.300000,138.000000,0.50993377,0.05909440,0.08365311,uptrend,False
117,HPG,2024-05-09,2024-05-22,10,30.450000,31.300000,0.30909091,0.02791461,0.07224959,oscillating_sideways,False
117,MBB,2024-05-09,2024-05-22,10,22.650000,23.200000,0.31428571,0.02428256,0.05739514,oscillating_sideways,False
117,MWG,2024-05-09,2024-05-22,10,58.900000,61.000000,0.36842105,0.03565365,0.07979626,uptrend,False
117,PNJ,2024-05-09,2024-05-22,10,96.500000,98.100000,0.22222222,0.01658031,0.05595855,oscillating_sideways,False
117,SSI,2024-05-09,2024-05-22,10,35.200000,36.450000,0.58139535,0.03551136,0.06676136,uptrend,False
117,TCB,2024-05-09,2024-05-22,10,48.450000,46.400000,0.33333333,-0.04231166,0.08565531,excluded_reference_reset,True
117,VCB,2024-05-09,2024-05-22,10,92.500000,90.700000,0.30000000,-0.01945946,0.03135135,oscillating_sideways,False
117,VND,2024-05-09,2024-05-22,10,20.600000,21.300000,0.33333333,0.03398058,0.08980583,oscillating_sideways,False
117,VPB,2024-05-09,2024-05-22,10,18.750000,18.300000,0.14285714,-0.02400000,0.08533333,excluded_reference_reset,True
118,FPT,2024-05-16,2024-05-29,10,135.400000,135.700000,0.01507538,0.00221566,0.06720827,oscillating_sideways,False
118,HPG,2024-05-16,2024-05-29,10,31.600000,28.600000,0.69767442,-0.09493671,0.11550633,excluded_reference_reset,True
118,MBB,2024-05-16,2024-05-29,10,23.400000,22.300000,0.52380952,-0.04700855,0.06410256,excluded_reference_reset,True
118,MWG,2024-05-16,2024-05-29,10,59.900000,60.500000,0.08333333,0.01001669,0.06510851,oscillating_sideways,False
118,PNJ,2024-05-16,2024-05-29,10,97.200000,93.300000,0.37142857,-0.04012346,0.07818930,downtrend,False
118,SSI,2024-05-16,2024-05-29,10,36.100000,35.200000,0.23684211,-0.02493075,0.07063712,oscillating_sideways,False
118,TCB,2024-05-16,2024-05-29,10,49.900000,46.500000,0.73913043,-0.06813627,0.09418838,excluded_reference_reset,True
118,VCB,2024-05-16,2024-05-29,10,92.600000,89.800000,0.60869565,-0.03023758,0.03563715,downtrend,False
118,VND,2024-05-16,2024-05-29,10,21.050000,18.200000,0.54285714,-0.13539192,0.20190024,excluded_reference_reset,True
118,VPB,2024-05-16,2024-05-29,10,19.400000,18.050000,0.50943396,-0.06958763,0.09793814,excluded_reference_reset,True
119,FPT,2024-05-23,2024-06-05,10,137.500000,140.100000,0.13978495,0.01890909,0.10400000,oscillating_sideways,False
119,HPG,2024-05-23,2024-06-05,10,29.500000,29.250000,0.08771930,-0.00847458,0.06101695,excluded_reference_reset,True
119,MBB,2024-05-23,2024-06-05,10,22.800000,22.200000,0.23076923,-0.02631579,0.07017544,excluded_reference_reset,True
119,MWG,2024-05-23,2024-06-05,10,62.000000,62.000000,0.00000000,0.00000000,0.08870968,oscillating_sideways,False
119,PNJ,2024-05-23,2024-06-05,10,98.100000,94.400000,0.38947368,-0.03771662,0.06727829,downtrend,False
119,SSI,2024-05-23,2024-06-05,10,36.700000,35.400000,0.35135135,-0.03542234,0.06539510,downtrend,False
119,TCB,2024-05-23,2024-06-05,10,46.500000,47.500000,0.45454545,0.02150538,0.04301075,uptrend,False
119,VCB,2024-05-23,2024-06-05,10,91.000000,88.800000,0.34375000,-0.02417582,0.04725275,oscillating_sideways,False
119,VND,2024-05-23,2024-06-05,10,20.600000,18.100000,0.60975610,-0.12135922,0.17961165,excluded_reference_reset,True
119,VPB,2024-05-23,2024-06-05,10,18.500000,18.100000,0.33333333,-0.02162162,0.04324324,oscillating_sideways,False
120,FPT,2024-05-30,2024-06-12,10,135.000000,132.000000,0.10791367,-0.02222222,0.13851852,excluded_reference_reset,True
120,HPG,2024-05-30,2024-06-12,10,28.250000,29.600000,0.72972973,0.04778761,0.06371681,uptrend,False
120,MBB,2024-05-30,2024-06-12,10,21.850000,23.100000,0.51020408,0.05720824,0.06407323,uptrend,False
120,MWG,2024-05-30,2024-06-12,10,62.800000,63.400000,0.09677419,0.00955414,0.08280255,oscillating_sideways,False
120,PNJ,2024-05-30,2024-06-12,10,92.900000,96.900000,0.58823529,0.04305705,0.05812702,uptrend,False
120,SSI,2024-05-30,2024-06-12,10,34.850000,36.600000,0.77777778,0.05021521,0.06599713,uptrend,False
120,TCB,2024-05-30,2024-06-12,10,46.800000,49.400000,0.81250000,0.05555556,0.08547009,uptrend,False
120,VCB,2024-05-30,2024-06-12,10,88.600000,88.700000,0.01538462,0.00112867,0.03047404,oscillating_sideways,False
120,VND,2024-05-30,2024-06-12,10,17.850000,18.050000,0.15384615,0.01120448,0.04201681,oscillating_sideways,False
120,VPB,2024-05-30,2024-06-12,10,17.950000,19.400000,0.70731707,0.08077994,0.09470752,uptrend,False
121,FPT,2024-06-06,2024-06-19,10,139.600000,131.500000,0.26213592,-0.05802292,0.14255014,excluded_reference_reset,True
121,HPG,2024-06-06,2024-06-19,10,29.300000,29.350000,0.03030303,0.00170648,0.03583618,oscillating_sideways,False
121,MBB,2024-06-06,2024-06-19,10,22.350000,23.300000,0.46341463,0.04250559,0.07606264,uptrend,False
121,MWG,2024-06-06,2024-06-19,10,61.900000,63.300000,0.20588235,0.02261712,0.05492730,oscillating_sideways,False
121,PNJ,2024-06-06,2024-06-19,10,95.000000,96.800000,0.29032258,0.01894737,0.03894737,oscillating_sideways,False
121,SSI,2024-06-06,2024-06-19,10,35.400000,36.200000,0.33333333,0.02259887,0.05649718,oscillating_sideways,False
121,TCB,2024-06-06,2024-06-19,10,48.000000,48.300000,0.09090909,0.00625000,0.05520833,oscillating_sideways,False
121,VCB,2024-06-06,2024-06-19,10,89.000000,86.600000,0.44444444,-0.02696629,0.03595506,downtrend,False
121,VND,2024-06-06,2024-06-19,10,17.950000,16.900000,0.56756757,-0.05849582,0.08077994,downtrend,False
121,VPB,2024-06-06,2024-06-19,10,18.100000,19.000000,0.31034483,0.04972376,0.10220994,oscillating_sideways,False
122,FPT,2024-06-13,2024-06-26,10,130.000000,131.800000,0.09000000,0.01384615,0.07307692,oscillating_sideways,False
122,HPG,2024-06-13,2024-06-26,10,29.500000,28.900000,0.35294118,-0.02033898,0.05762712,downtrend,False
122,MBB,2024-06-13,2024-06-26,10,23.550000,22.500000,0.72413793,-0.04458599,0.07006369,downtrend,False
122,MWG,2024-06-13,2024-06-26,10,64.000000,62.600000,0.25000000,-0.02187500,0.05781250,oscillating_sideways,False
122,PNJ,2024-06-13,2024-06-26,10,97.300000,96.100000,0.23076923,-0.01233299,0.04316547,oscillating_sideways,False
122,SSI,2024-06-13,2024-06-26,10,36.500000,34.400000,0.77777778,-0.05753425,0.09863014,downtrend,False
122,TCB,2024-06-13,2024-06-26,10,49.400000,24.000000,0.98069498,-0.51417004,0.53036437,excluded_reference_reset,True
122,VCB,2024-06-13,2024-06-26,10,88.400000,85.200000,1.00000000,-0.03619910,0.04411765,downtrend,False
122,VND,2024-06-13,2024-06-26,10,18.150000,16.700000,0.59183673,-0.07988981,0.11845730,downtrend,False
122,VPB,2024-06-13,2024-06-26,10,19.450000,19.000000,0.14754098,-0.02313625,0.07455013,oscillating_sideways,False
123,FPT,2024-06-20,2024-07-03,10,133.300000,131.000000,0.11794872,-0.01725431,0.06451613,oscillating_sideways,False
123,HPG,2024-06-20,2024-07-03,10,29.350000,28.750000,0.31578947,-0.02044293,0.04599659,oscillating_sideways,False
123,MBB,2024-06-20,2024-07-03,10,23.250000,22.900000,0.20000000,-0.01505376,0.05591398,oscillating_sideways,False
123,MWG,2024-06-20,2024-07-03,10,63.500000,65.500000,0.25000000,0.03149606,0.08031496,oscillating_sideways,False
123,PNJ,2024-06-20,2024-07-03,10,97.800000,94.600000,0.61538462,-0.03271984,0.05316973,downtrend,False
123,SSI,2024-06-20,2024-07-03,10,35.900000,34.450000,0.56862745,-0.04038997,0.07938719,downtrend,False
123,TCB,2024-06-20,2024-07-03,10,24.800000,23.500000,0.41935484,-0.05241935,0.10685484,excluded_reference_reset,True
123,VCB,2024-06-20,2024-07-03,10,86.000000,88.500000,0.60975610,0.02906977,0.04418605,uptrend,False
123,VND,2024-06-20,2024-07-03,10,16.700000,16.200000,0.27777778,-0.02994012,0.07185629,oscillating_sideways,False
123,VPB,2024-06-20,2024-07-03,10,19.700000,19.000000,0.38888889,-0.03553299,0.06852792,downtrend,False
124,FPT,2024-06-27,2024-07-10,10,132.800000,134.000000,0.05454545,0.00903614,0.09186747,oscillating_sideways,False
124,HPG,2024-06-27,2024-07-10,10,28.850000,28.950000,0.06666667,0.00346620,0.05025997,oscillating_sideways,False
124,MBB,2024-06-27,2024-07-10,10,22.500000,23.300000,0.44444444,0.03555556,0.06444444,uptrend,False
124,MWG,2024-06-27,2024-07-10,10,63.400000,65.200000,0.19565217,0.02839117,0.09148265,oscillating_sideways,False
124,PNJ,2024-06-27,2024-07-10,10,95.500000,98.000000,0.32467532,0.02617801,0.05759162,oscillating_sideways,False
124,SSI,2024-06-27,2024-07-10,10,34.300000,34.350000,0.02857143,0.00145773,0.04664723,oscillating_sideways,False
124,TCB,2024-06-27,2024-07-10,10,23.450000,23.150000,0.15000000,-0.01279318,0.05117271,oscillating_sideways,False
124,VCB,2024-06-27,2024-07-10,10,85.200000,88.600000,0.56666667,0.03990610,0.05516432,uptrend,False
124,VND,2024-06-27,2024-07-10,10,16.400000,16.300000,0.06250000,-0.00609756,0.06402439,oscillating_sideways,False
124,VPB,2024-06-27,2024-07-10,10,19.000000,19.200000,0.12500000,0.01052632,0.05526316,oscillating_sideways,False
125,FPT,2024-07-04,2024-07-17,10,135.800000,131.900000,0.24840764,-0.02871870,0.07216495,oscillating_sideways,False
125,HPG,2024-07-04,2024-07-17,10,28.700000,28.200000,0.41666667,-0.01742160,0.06620209,downtrend,False
125,MBB,2024-07-04,2024-07-17,10,22.800000,24.500000,0.68000000,0.07456140,0.11184211,uptrend,False
125,MWG,2024-07-04,2024-07-17,10,65.100000,63.500000,0.29629630,-0.02457757,0.07987711,oscillating_sideways,False
125,PNJ,2024-07-04,2024-07-17,10,94.900000,95.900000,0.13888889,0.01053741,0.06111697,oscillating_sideways,False
125,SSI,2024-07-04,2024-07-17,10,34.400000,34.150000,0.12195122,-0.00726744,0.03488372,oscillating_sideways,False
125,TCB,2024-07-04,2024-07-17,10,23.500000,23.700000,0.10526316,0.00851064,0.07021277,oscillating_sideways,False
125,VCB,2024-07-04,2024-07-17,10,88.000000,88.000000,0.00000000,0.00000000,0.03750000,oscillating_sideways,False
125,VND,2024-07-04,2024-07-17,10,16.600000,15.400000,0.57142857,-0.07228916,0.09939759,downtrend,False
125,VPB,2024-07-04,2024-07-17,10,19.050000,19.000000,0.03703704,-0.00262467,0.04461942,oscillating_sideways,False
126,FPT,2024-07-11,2024-07-24,10,133.000000,126.000000,0.46666667,-0.05263158,0.09624060,downtrend,False
126,HPG,2024-07-11,2024-07-24,10,28.850000,27.700000,0.74193548,-0.03986135,0.07452340,downtrend,False
126,MBB,2024-07-11,2024-07-24,10,23.100000,23.950000,0.20987654,0.03679654,0.12337662,oscillating_sideways,False
126,MWG,2024-07-11,2024-07-24,10,64.800000,61.400000,0.44736842,-0.05246914,0.11882716,downtrend,False
126,PNJ,2024-07-11,2024-07-24,10,97.400000,94.800000,0.48148148,-0.02669405,0.07084189,downtrend,False
126,SSI,2024-07-11,2024-07-24,10,34.800000,32.900000,0.55882353,-0.05459770,0.09339080,downtrend,False
126,TCB,2024-07-11,2024-07-24,10,22.800000,23.000000,0.08333333,0.00877193,0.07236842,oscillating_sideways,False
126,VCB,2024-07-11,2024-07-24,10,88.100000,87.500000,0.30000000,-0.00681044,0.03064699,oscillating_sideways,False
126,VND,2024-07-11,2024-07-24,10,16.550000,15.850000,0.31818182,-0.04229607,0.10271903,oscillating_sideways,False
126,VPB,2024-07-11,2024-07-24,10,19.050000,18.500000,0.44000000,-0.02887139,0.07086614,downtrend,False
127,FPT,2024-07-18,2024-07-31,10,127.900000,128.600000,0.05691057,0.00547303,0.06411259,oscillating_sideways,False
127,HPG,2024-07-18,2024-07-31,10,28.400000,27.200000,0.52173913,-0.04225352,0.04753521,downtrend,False
127,MBB,2024-07-18,2024-07-31,10,24.900000,24.400000,0.16129032,-0.02008032,0.09036145,oscillating_sideways,False
127,MWG,2024-07-18,2024-07-31,10,65.000000,63.800000,0.15000000,-0.01846154,0.11846154,oscillating_sideways,False
127,PNJ,2024-07-18,2024-07-31,10,96.000000,97.100000,0.20000000,0.01145833,0.05729167,oscillating_sideways,False
127,SSI,2024-07-18,2024-07-31,10,34.350000,31.800000,0.62962963,-0.07423581,0.10189229,downtrend,False
127,TCB,2024-07-18,2024-07-31,10,23.700000,23.250000,0.23076923,-0.01898734,0.05485232,oscillating_sideways,False
127,VCB,2024-07-18,2024-07-31,10,88.000000,89.200000,0.40000000,0.01363636,0.02272727,uptrend,False
127,VND,2024-07-18,2024-07-31,10,15.500000,15.550000,0.03448276,0.00322581,0.07419355,oscillating_sideways,False
127,VPB,2024-07-18,2024-07-31,10,19.050000,19.000000,0.03225806,-0.00262467,0.05249344,oscillating_sideways,False
128,FPT,2024-07-25,2024-08-07,10,125.000000,122.000000,0.15789474,-0.02400000,0.10560000,oscillating_sideways,False
128,HPG,2024-07-25,2024-08-07,10,27.350000,26.050000,0.30952381,-0.04753199,0.08775137,oscillating_sideways,False
128,MBB,2024-07-25,2024-08-07,10,23.950000,23.350000,0.15789474,-0.02505219,0.08768267,oscillating_sideways,False
128,MWG,2024-07-25,2024-08-07,10,61.000000,62.300000,0.17808219,0.02131148,0.07868852,oscillating_sideways,False
128,PNJ,2024-07-25,2024-08-07,10,94.800000,95.500000,0.08235294,0.00738397,0.06118143,oscillating_sideways,False
128,SSI,2024-07-25,2024-08-07,10,31.900000,30.600000,0.22413793,-0.04075235,0.09561129,oscillating_sideways,False
128,TCB,2024-07-25,2024-08-07,10,22.750000,21.800000,0.32203390,-0.04175824,0.07692308,oscillating_sideways,False
128,VCB,2024-07-25,2024-08-07,10,87.300000,87.700000,0.05000000,0.00458190,0.05383734,oscillating_sideways,False
128,VND,2024-07-25,2024-08-07,10,15.700000,14.650000,0.36842105,-0.06687898,0.11464968,downtrend,False
128,VPB,2024-07-25,2024-08-07,10,18.350000,18.000000,0.14285714,-0.01907357,0.06539510,oscillating_sideways,False
129,FPT,2024-08-01,2024-08-14,10,124.800000,129.500000,0.24352332,0.03766026,0.11298077,oscillating_sideways,False
129,HPG,2024-08-01,2024-08-14,10,26.700000,25.450000,0.30864198,-0.04681648,0.09176030,oscillating_sideways,False
129,MBB,2024-08-01,2024-08-14,10,23.400000,23.400000,0.00000000,0.00000000,0.07478632,oscillating_sideways,False
129,MWG,2024-08-01,2024-08-14,10,62.100000,66.600000,0.61643836,0.07246377,0.11111111,uptrend,False
129,PNJ,2024-08-01,2024-08-14,10,97.800000,97.400000,0.04081633,-0.00408998,0.05930470,oscillating_sideways,False
129,SSI,2024-08-01,2024-08-14,10,30.300000,31.400000,0.16176471,0.03630363,0.08250825,oscillating_sideways,False
129,TCB,2024-08-01,2024-08-14,10,23.000000,21.200000,0.45000000,-0.07826087,0.11956522,downtrend,False
129,VCB,2024-08-01,2024-08-14,10,90.700000,88.000000,0.31034483,-0.02976847,0.05181918,oscillating_sideways,False
129,VND,2024-08-01,2024-08-14,10,15.000000,14.450000,0.17460317,-0.03666667,0.09666667,oscillating_sideways,False
129,VPB,2024-08-01,2024-08-14,10,18.550000,18.000000,0.28205128,-0.02964960,0.08894879,oscillating_sideways,False
130,FPT,2024-08-08,2024-08-21,10,121.400000,133.500000,0.81208054,0.09967051,0.10626030,uptrend,False
130,HPG,2024-08-08,2024-08-21,10,25.600000,26.150000,0.22448980,0.02148437,0.05273438,oscillating_sideways,False
130,MBB,2024-08-08,2024-08-21,10,23.050000,24.750000,0.65384615,0.07375271,0.07809111,uptrend,False
130,MWG,2024-08-08,2024-08-21,10,62.400000,69.800000,0.82222222,0.11858974,0.13301282,uptrend,False
130,PNJ,2024-08-08,2024-08-21,10,94.300000,108.400000,0.93377483,0.14952280,0.15058324,uptrend,False
130,SSI,2024-08-08,2024-08-21,10,30.000000,33.050000,0.52136752,0.10166667,0.10500000,uptrend,False
130,TCB,2024-08-08,2024-08-21,10,20.850000,22.000000,0.62162162,0.05515588,0.06474820,uptrend,False
130,VCB,2024-08-08,2024-08-21,10,87.300000,92.800000,0.59139785,0.06300115,0.06643757,uptrend,False
130,VND,2024-08-08,2024-08-21,10,14.700000,15.550000,0.30909091,0.05782313,0.10204082,oscillating_sideways,False
130,VPB,2024-08-08,2024-08-21,10,17.850000,18.750000,0.75000000,0.05042017,0.07563025,uptrend,False
131,FPT,2024-08-15,2024-08-28,10,128.700000,133.300000,0.48936170,0.03574204,0.04895105,uptrend,False
131,HPG,2024-08-15,2024-08-28,10,25.200000,25.700000,0.23809524,0.01984127,0.05555556,oscillating_sideways,False
131,MBB,2024-08-15,2024-08-28,10,23.250000,24.650000,0.58333333,0.06021505,0.07096774,uptrend,False
131,MWG,2024-08-15,2024-08-28,10,65.900000,69.400000,0.74468085,0.05311077,0.08345979,uptrend,False
131,PNJ,2024-08-15,2024-08-28,10,96.900000,101.600000,0.22488038,0.04850361,0.15686275,oscillating_sideways,False
131,SSI,2024-08-15,2024-08-28,10,30.900000,34.050000,0.64948454,0.10194175,0.11326861,uptrend,False
131,TCB,2024-08-15,2024-08-28,10,21.150000,23.000000,0.94871795,0.08747045,0.10401891,uptrend,False
131,VCB,2024-08-15,2024-08-28,10,87.600000,91.100000,0.50724638,0.03995434,0.06392694,uptrend,False
131,VND,2024-08-15,2024-08-28,10,14.250000,15.400000,0.62162162,0.08070175,0.12280702,uptrend,False
131,VPB,2024-08-15,2024-08-28,10,18.000000,18.950000,0.90476190,0.05277778,0.07500000,uptrend,False
132,FPT,2024-08-22,2024-09-06,10,133.800000,132.100000,0.15044248,-0.01270553,0.03886398,oscillating_sideways,False
132,HPG,2024-08-22,2024-09-06,10,25.750000,25.400000,0.21212121,-0.01359223,0.06407767,oscillating_sideways,False
132,MBB,2024-08-22,2024-09-06,10,24.400000,24.000000,0.23529412,-0.01639344,0.05942623,oscillating_sideways,False
132,MWG,2024-08-22,2024-09-06,10,70.000000,68.000000,0.55555556,-0.02857143,0.05714286,downtrend,False
132,PNJ,2024-08-22,2024-09-06,10,109.300000,99.600000,0.75193798,-0.08874657,0.10155535,downtrend,False
132,SSI,2024-08-22,2024-09-06,10,33.100000,33.400000,0.09090909,0.00906344,0.04833837,oscillating_sideways,False
132,TCB,2024-08-22,2024-09-06,10,22.350000,22.800000,0.29032258,0.02013423,0.06040268,oscillating_sideways,False
132,VCB,2024-08-22,2024-09-06,10,92.400000,90.200000,0.61111111,-0.02380952,0.03679654,downtrend,False
132,VND,2024-08-22,2024-09-06,10,15.600000,15.200000,0.40000000,-0.02564103,0.06089744,downtrend,False
132,VPB,2024-08-22,2024-09-06,10,18.750000,18.450000,0.27272727,-0.01600000,0.06133333,oscillating_sideways,False
133,FPT,2024-08-29,2024-09-13,10,133.700000,133.000000,0.05882353,-0.00523560,0.03964099,oscillating_sideways,False
133,HPG,2024-08-29,2024-09-13,10,25.600000,25.000000,0.28571429,-0.02343750,0.05664062,oscillating_sideways,False
133,MBB,2024-08-29,2024-09-13,10,24.850000,23.900000,0.61290323,-0.03822938,0.06841046,downtrend,False
133,MWG,2024-08-29,2024-09-13,10,69.100000,67.200000,0.46341463,-0.02749638,0.04775687,downtrend,False
133,PNJ,2024-08-29,2024-09-13,10,101.000000,99.800000,0.23076923,-0.01188119,0.04257426,oscillating_sideways,False
133,SSI,2024-08-29,2024-09-13,10,33.950000,32.300000,0.64705882,-0.04860088,0.06921944,downtrend,False
133,TCB,2024-08-29,2024-09-13,10,23.000000,22.200000,0.42105263,-0.03478261,0.06086957,downtrend,False
133,VCB,2024-08-29,2024-09-13,10,91.500000,89.900000,0.30769231,-0.01748634,0.04808743,oscillating_sideways,False
133,VND,2024-08-29,2024-09-13,10,15.600000,14.300000,1.00000000,-0.08333333,0.10897436,excluded_reference_reset,True
133,VPB,2024-08-29,2024-09-13,10,18.950000,18.450000,0.33333333,-0.02638522,0.06860158,oscillating_sideways,False
134,FPT,2024-09-09,2024-09-20,10,131.300000,135.300000,0.38461538,0.03046458,0.05635948,uptrend,False
134,HPG,2024-09-09,2024-09-20,10,25.600000,25.650000,0.02222222,0.00195312,0.05468750,oscillating_sideways,False
134,MBB,2024-09-09,2024-09-20,10,23.950000,24.750000,0.57142857,0.03340292,0.06263048,uptrend,False
134,MWG,2024-09-09,2024-09-20,10,67.500000,68.000000,0.11627907,0.00740741,0.04740741,oscillating_sideways,False
134,PNJ,2024-09-09,2024-09-20,10,99.500000,98.800000,0.21212121,-0.00703518,0.03015075,oscillating_sideways,False
134,SSI,2024-09-09,2024-09-20,10,32.900000,33.600000,0.26923077,0.02127660,0.06231003,oscillating_sideways,False
134,TCB,2024-09-09,2024-09-20,10,22.650000,23.550000,0.40909091,0.03973510,0.07726269,uptrend,False
134,VCB,2024-09-09,2024-09-20,10,90.200000,90.600000,0.05128205,0.00443459,0.04434590,oscillating_sideways,False
134,VND,2024-09-09,2024-09-20,10,15.200000,15.000000,0.09090909,-0.01315789,0.08223684,excluded_reference_reset,True
134,VPB,2024-09-09,2024-09-20,10,18.350000,18.950000,0.46153846,0.03269755,0.05722071,uptrend,False
135,FPT,2024-09-16,2024-09-27,10,131.100000,134.200000,0.44927536,0.02364607,0.04500381,uptrend,False
135,HPG,2024-09-16,2024-09-27,10,24.850000,26.050000,0.66666667,0.04828974,0.06639839,uptrend,False
135,MBB,2024-09-16,2024-09-27,10,23.900000,25.700000,0.94736842,0.07531381,0.09832636,uptrend,False
135,MWG,2024-09-16,2024-09-27,10,66.100000,67.500000,0.25000000,0.02118003,0.06051437,oscillating_sideways,False
135,PNJ,2024-09-16,2024-09-27,10,99.500000,99.000000,0.16129032,-0.00502513,0.02914573,oscillating_sideways,False
135,SSI,2024-09-16,2024-09-27,10,32.100000,27.600000,0.47368421,-0.14018692,0.23364486,excluded_reference_reset,True
135,TCB,2024-09-16,2024-09-27,10,22.200000,24.200000,0.83333333,0.09009009,0.10135135,uptrend,False
135,VCB,2024-09-16,2024-09-27,10,88.900000,92.500000,0.60000000,0.04049494,0.05849269,uptrend,False
135,VND,2024-09-16,2024-09-27,10,14.100000,15.200000,0.64705882,0.07801418,0.10283688,uptrend,False
135,VPB,2024-09-16,2024-09-27,10,18.350000,19.750000,1.00000000,0.07629428,0.10354223,uptrend,False
136,FPT,2024-09-23,2024-10-04,10,134.000000,134.100000,0.01960784,0.00074627,0.02388060,oscillating_sideways,False
136,HPG,2024-09-23,2024-10-04,10,25.700000,26.200000,0.26315789,0.01945525,0.05252918,oscillating_sideways,False
136,MBB,2024-09-23,2024-10-04,10,24.800000,25.100000,0.17647059,0.01209677,0.05443548,oscillating_sideways,False
136,MWG,2024-09-23,2024-10-04,10,67.300000,66.400000,0.17647059,-0.01337296,0.05497771,oscillating_sideways,False
136,PNJ,2024-09-23,2024-10-04,10,99.100000,95.400000,0.78723404,-0.03733602,0.05247225,downtrend,False
136,SSI,2024-09-23,2024-10-04,10,26.600000,27.300000,0.36842105,0.02631579,0.07330827,excluded_reference_reset,True
136,TCB,2024-09-23,2024-10-04,10,23.350000,24.050000,0.29166667,0.02997859,0.08137045,oscillating_sideways,False
136,VCB,2024-09-23,2024-10-04,10,90.900000,92.300000,0.36842105,0.01540154,0.03300330,uptrend,False
136,VND,2024-09-23,2024-10-04,10,14.850000,14.650000,0.13333333,-0.01346801,0.07070707,oscillating_sideways,False
136,VPB,2024-09-23,2024-10-04,10,19.000000,20.000000,0.55555556,0.05263158,0.08157895,uptrend,False
137,FPT,2024-09-30,2024-10-11,10,134.500000,139.600000,0.37226277,0.03791822,0.07286245,uptrend,False
137,HPG,2024-09-30,2024-10-11,10,26.350000,27.300000,0.37254902,0.03605313,0.06072106,uptrend,False
137,MBB,2024-09-30,2024-10-11,10,25.700000,25.550000,0.11111111,-0.00583658,0.04474708,oscillating_sideways,False
137,MWG,2024-09-30,2024-10-11,10,68.100000,64.500000,0.66666667,-0.05286344,0.07635830,downtrend,False
137,PNJ,2024-09-30,2024-10-11,10,98.800000,95.400000,0.60714286,-0.03441296,0.05060729,downtrend,False
137,SSI,2024-09-30,2024-10-11,10,27.900000,27.450000,0.29032258,-0.01612903,0.04480287,oscillating_sideways,False
137,TCB,2024-09-30,2024-10-11,10,24.200000,24.450000,0.10638298,0.01033058,0.05165289,oscillating_sideways,False
137,VCB,2024-09-30,2024-10-11,10,92.000000,91.500000,0.13513514,-0.00543478,0.03260870,oscillating_sideways,False
137,VND,2024-09-30,2024-10-11,10,15.250000,15.200000,0.02564103,-0.00327869,0.06885246,oscillating_sideways,False
137,VPB,2024-09-30,2024-10-11,10,20.100000,20.700000,0.42857143,0.02985075,0.05472637,uptrend,False
138,FPT,2024-10-07,2024-10-18,10,134.100000,137.000000,0.20279720,0.02162565,0.06860552,oscillating_sideways,False
138,HPG,2024-10-07,2024-10-18,10,26.400000,26.950000,0.24444444,0.02083333,0.05681818,oscillating_sideways,False
138,MBB,2024-10-07,2024-10-18,10,25.200000,25.750000,0.31428571,0.02182540,0.04761905,oscillating_sideways,False
138,MWG,2024-10-07,2024-10-18,10,66.300000,65.700000,0.09090909,-0.00904977,0.05429864,oscillating_sideways,False
138,PNJ,2024-10-07,2024-10-18,10,95.400000,94.900000,0.10638298,-0.00524109,0.02410901,oscillating_sideways,False
138,SSI,2024-10-07,2024-10-18,10,27.600000,27.350000,0.13513514,-0.00905797,0.03804348,oscillating_sideways,False
138,TCB,2024-10-07,2024-10-18,10,24.150000,24.450000,0.25000000,0.01242236,0.04140787,oscillating_sideways,False
138,VCB,2024-10-07,2024-10-18,10,92.000000,92.400000,0.11764706,0.00434783,0.02391304,oscillating_sideways,False
138,VND,2024-10-07,2024-10-18,10,14.950000,14.850000,0.06666667,-0.00668896,0.05685619,oscillating_sideways,False
138,VPB,2024-10-07,2024-10-18,10,20.000000,20.550000,0.40740741,0.02750000,0.06750000,uptrend,False
139,FPT,2024-10-14,2024-10-25,10,137.600000,134.000000,0.48648649,-0.02616279,0.06322674,downtrend,False
139,HPG,2024-10-14,2024-10-25,10,27.050000,26.450000,0.54545455,-0.02218115,0.04066543,downtrend,False
139,MBB,2024-10-14,2024-10-25,10,25.850000,24.650000,0.60000000,-0.04642166,0.06382979,downtrend,False
139,MWG,2024-10-14,2024-10-25,10,63.600000,65.500000,0.48717949,0.02987421,0.05031447,uptrend,False
139,PNJ,2024-10-14,2024-10-25,10,94.700000,94.100000,0.12500000,-0.00633580,0.03062302,oscillating_sideways,False
139,SSI,2024-10-14,2024-10-25,10,27.650000,26.700000,0.46341463,-0.03435805,0.04701627,downtrend,False
139,TCB,2024-10-14,2024-10-25,10,24.350000,23.500000,0.58620690,-0.03490760,0.05749487,downtrend,False
139,VCB,2024-10-14,2024-10-25,10,91.400000,91.800000,0.16666667,0.00437637,0.02297593,oscillating_sideways,False
139,VND,2024-10-14,2024-10-25,10,15.150000,14.300000,0.62962963,-0.05610561,0.07590759,downtrend,False
139,VPB,2024-10-14,2024-10-25,10,20.650000,20.100000,0.37931034,-0.02663438,0.05084746,downtrend,False
140,FPT,2024-10-21,2024-11-01,10,135.500000,134.600000,0.12676056,-0.00664207,0.03763838,oscillating_sideways,False
140,HPG,2024-10-21,2024-11-01,10,26.750000,26.550000,0.14285714,-0.00747664,0.02990654,oscillating_sideways,False
140,MBB,2024-10-21,2024-11-01,10,25.550000,24.600000,0.54285714,-0.03718200,0.05283757,downtrend,False
140,MWG,2024-10-21,2024-11-01,10,65.800000,66.000000,0.05000000,0.00303951,0.02887538,oscillating_sideways,False
140,PNJ,2024-10-21,2024-11-01,10,94.600000,91.400000,0.32653061,-0.03382664,0.05391121,oscillating_sideways,False
140,SSI,2024-10-21,2024-11-01,10,26.900000,26.200000,0.38888889,-0.02602230,0.05018587,downtrend,False
140,TCB,2024-10-21,2024-11-01,10,24.150000,23.700000,0.29032258,-0.01863354,0.04554865,oscillating_sideways,False
140,VCB,2024-10-21,2024-11-01,10,92.000000,93.500000,0.42857143,0.01630435,0.04130435,uptrend,False
140,VND,2024-10-21,2024-11-01,10,14.700000,14.350000,0.28000000,-0.02380952,0.04761905,oscillating_sideways,False
140,VPB,2024-10-21,2024-11-01,10,20.650000,20.150000,0.35714286,-0.02421308,0.04116223,downtrend,False
141,FPT,2024-10-28,2024-11-08,10,134.900000,135.800000,0.12000000,0.00667161,0.03928836,oscillating_sideways,False
141,HPG,2024-10-28,2024-11-08,10,26.750000,27.000000,0.14285714,0.00934579,0.05046729,oscillating_sideways,False
141,MBB,2024-10-28,2024-11-08,10,24.800000,24.550000,0.16129032,-0.01008065,0.03225806,oscillating_sideways,False
141,MWG,2024-10-28,2024-11-08,10,65.500000,65.000000,0.11111111,-0.00763359,0.03053435,oscillating_sideways,False
141,PNJ,2024-10-28,2024-11-08,10,94.900000,93.000000,0.18095238,-0.02002107,0.05374078,oscillating_sideways,False
141,SSI,2024-10-28,2024-11-08,10,26.800000,26.100000,0.36842105,-0.02611940,0.04104478,downtrend,False
141,TCB,2024-10-28,2024-11-08,10,23.650000,23.600000,0.03030303,-0.00211416,0.03171247,oscillating_sideways,False
141,VCB,2024-10-28,2024-11-08,10,92.000000,92.200000,0.04000000,0.00217391,0.04130435,oscillating_sideways,False
141,VND,2024-10-28,2024-11-08,10,14.600000,14.800000,0.18181818,0.01369863,0.04794521,oscillating_sideways,False
141,VPB,2024-10-28,2024-11-08,10,20.100000,19.500000,0.37500000,-0.02985075,0.05721393,downtrend,False
142,FPT,2024-11-04,2024-11-15,10,132.800000,133.900000,0.08943089,0.00828313,0.05722892,oscillating_sideways,False
142,HPG,2024-11-04,2024-11-15,10,26.300000,25.900000,0.12500000,-0.01520913,0.07604563,oscillating_sideways,False
142,MBB,2024-11-04,2024-11-15,10,24.450000,23.500000,0.51351351,-0.03885481,0.06134969,downtrend,False
142,MWG,2024-11-04,2024-11-15,10,65.100000,59.900000,0.61904762,-0.07987711,0.09370200,downtrend,False
142,PNJ,2024-11-04,2024-11-15,10,92.700000,91.400000,0.25490196,-0.01402373,0.04099245,oscillating_sideways,False
142,SSI,2024-11-04,2024-11-15,10,26.250000,23.950000,0.79310345,-0.08761905,0.11047619,downtrend,False
142,TCB,2024-11-04,2024-11-15,10,23.450000,22.450000,0.47619048,-0.04264392,0.07462687,downtrend,False
142,VCB,2024-11-04,2024-11-15,10,92.500000,91.700000,0.23529412,-0.00864865,0.04000000,oscillating_sideways,False
142,VND,2024-11-04,2024-11-15,10,14.300000,13.700000,0.37500000,-0.04195804,0.08391608,downtrend,False
142,VPB,2024-11-04,2024-11-15,10,19.700000,18.700000,0.55555556,-0.05076142,0.07614213,downtrend,False
143,FPT,2024-11-11,2024-11-22,10,138.300000,133.900000,0.30555556,-0.03181490,0.09544469,oscillating_sideways,False
143,HPG,2024-11-11,2024-11-22,10,27.700000,26.100000,0.55172414,-0.05776173,0.09566787,downtrend,False
143,MBB,2024-11-11,2024-11-22,10,24.300000,24.000000,0.14285714,-0.01234568,0.06172840,oscillating_sideways,False
143,MWG,2024-11-11,2024-11-22,10,63.000000,59.000000,0.37735849,-0.06349206,0.14285714,downtrend,False
143,PNJ,2024-11-11,2024-11-22,10,92.900000,92.900000,0.00000000,0.00000000,0.03767492,oscillating_sideways,False
143,SSI,2024-11-11,2024-11-22,10,25.700000,24.350000,0.38028169,-0.05252918,0.09338521,downtrend,False
143,TCB,2024-11-11,2024-11-22,10,23.200000,23.500000,0.14285714,0.01293103,0.06465517,oscillating_sideways,False
143,VCB,2024-11-11,2024-11-22,10,92.000000,90.600000,0.36842105,-0.01521739,0.03586957,downtrend,False
143,VND,2024-11-11,2024-11-22,10,14.500000,13.700000,0.53333333,-0.05517241,0.08275862,downtrend,False
143,VPB,2024-11-11,2024-11-22,10,19.200000,19.050000,0.07317073,-0.00781250,0.05468750,oscillating_sideways,False
144,FPT,2024-11-18,2024-11-29,10,134.000000,144.300000,0.56284153,0.07686567,0.13955224,uptrend,False
144,HPG,2024-11-18,2024-11-29,10,25.800000,26.750000,0.54285714,0.03682171,0.05813953,uptrend,False
144,MBB,2024-11-18,2024-11-29,10,23.400000,24.150000,0.48387097,0.03205128,0.04914530,uptrend,False
144,MWG,2024-11-18,2024-11-29,10,58.900000,60.500000,0.25806452,0.02716469,0.08319185,oscillating_sideways,False
144,PNJ,2024-11-18,2024-11-29,10,91.900000,92.900000,0.23809524,0.01088139,0.03808487,oscillating_sideways,False
144,SSI,2024-11-18,2024-11-29,10,24.300000,24.550000,0.11111111,0.01028807,0.04732510,oscillating_sideways,False
144,TCB,2024-11-18,2024-11-29,10,22.450000,23.600000,0.85185185,0.05122494,0.06681514,uptrend,False
144,VCB,2024-11-18,2024-11-29,10,91.000000,93.300000,0.51111111,0.02527473,0.03956044,uptrend,False
144,VND,2024-11-18,2024-11-29,10,13.850000,13.750000,0.08333333,-0.00722022,0.03971119,oscillating_sideways,False
144,VPB,2024-11-18,2024-11-29,10,18.700000,19.150000,0.39130435,0.02406417,0.05347594,uptrend,False
145,FPT,2024-11-25,2024-12-06,10,133.900000,149.500000,0.68421053,0.11650485,0.13965646,uptrend,False
145,HPG,2024-11-25,2024-12-06,10,26.300000,27.600000,0.52000000,0.04942966,0.07034221,uptrend,False
145,MBB,2024-11-25,2024-12-06,10,23.950000,24.350000,0.25000000,0.01670146,0.03340292,oscillating_sideways,False
145,MWG,2024-11-25,2024-12-06,10,59.000000,61.100000,0.28767123,0.03559322,0.06610169,oscillating_sideways,False
145,PNJ,2024-11-25,2024-12-06,10,92.900000,96.400000,0.71428571,0.03767492,0.04520990,uptrend,False
145,SSI,2024-11-25,2024-12-06,10,24.500000,26.350000,0.53623188,0.07551020,0.11428571,uptrend,False
145,TCB,2024-11-25,2024-12-06,10,23.500000,24.150000,0.52000000,0.02765957,0.03829787,uptrend,False
145,VCB,2024-11-25,2024-12-06,10,91.300000,94.200000,0.52727273,0.03176342,0.04819277,uptrend,False
145,VND,2024-11-25,2024-12-06,10,13.900000,13.550000,0.17073171,-0.02517986,0.11870504,oscillating_sideways,False
145,VPB,2024-11-25,2024-12-06,10,19.050000,19.350000,0.30000000,0.01574803,0.03674541,oscillating_sideways,False
146,FPT,2024-12-02,2024-12-13,10,142.200000,149.500000,0.42196532,0.05133615,0.07243319,uptrend,False
146,HPG,2024-12-02,2024-12-13,10,26.900000,27.200000,0.10714286,0.01115242,0.06691450,oscillating_sideways,False
146,MBB,2024-12-02,2024-12-13,10,24.150000,24.250000,0.06666667,0.00414079,0.03312629,oscillating_sideways,False
146,MWG,2024-12-02,2024-12-13,10,60.400000,61.000000,0.08108108,0.00993377,0.06456954,oscillating_sideways,False
146,PNJ,2024-12-02,2024-12-13,10,94.000000,97.000000,0.71428571,0.03191489,0.05425532,uptrend,False
146,SSI,2024-12-02,2024-12-13,10,24.450000,25.800000,0.40298507,0.05521472,0.11451943,uptrend,False
146,TCB,2024-12-02,2024-12-13,10,23.650000,24.350000,0.50000000,0.02959831,0.05073996,uptrend,False
146,VCB,2024-12-02,2024-12-13,10,94.200000,93.100000,0.18032787,-0.01167728,0.02972399,oscillating_sideways,False
146,VND,2024-12-02,2024-12-13,10,13.850000,13.150000,0.35000000,-0.05054152,0.10469314,oscillating_sideways,False
146,VPB,2024-12-02,2024-12-13,10,19.200000,19.150000,0.04000000,-0.00260417,0.03906250,oscillating_sideways,False
147,FPT,2024-12-09,2024-12-20,10,147.000000,149.500000,0.26315789,0.01700680,0.03945578,oscillating_sideways,False
147,HPG,2024-12-09,2024-12-20,10,27.650000,26.700000,0.44186047,-0.03435805,0.05424955,downtrend,False
147,MBB,2024-12-09,2024-12-20,10,24.400000,24.000000,0.40000000,-0.01639344,0.03073770,downtrend,False
147,MWG,2024-12-09,2024-12-20,10,61.100000,60.600000,0.12195122,-0.00818331,0.03600655,oscillating_sideways,False
147,PNJ,2024-12-09,2024-12-20,10,96.800000,97.000000,0.06666667,0.00206612,0.02995868,oscillating_sideways,False
147,SSI,2024-12-09,2024-12-20,10,26.200000,26.250000,0.04347826,0.00190840,0.03816794,oscillating_sideways,False
147,TCB,2024-12-09,2024-12-20,10,24.150000,23.800000,0.33333333,-0.01449275,0.03312629,oscillating_sideways,False
147,VCB,2024-12-09,2024-12-20,10,95.300000,92.500000,0.77777778,-0.02938090,0.03252886,downtrend,False
147,VND,2024-12-09,2024-12-20,10,13.450000,12.700000,0.78947368,-0.05576208,0.06691450,downtrend,False
147,VPB,2024-12-09,2024-12-20,10,19.400000,18.900000,0.55555556,-0.02577320,0.04896907,downtrend,False
148,FPT,2024-12-16,2024-12-27,10,149.900000,149.600000,0.04225352,-0.00200133,0.02801868,oscillating_sideways,False
148,HPG,2024-12-16,2024-12-27,10,27.000000,26.850000,0.06382979,-0.00555556,0.02777778,oscillating_sideways,False
148,MBB,2024-12-16,2024-12-27,10,24.100000,25.050000,0.48717949,0.03941909,0.06224066,uptrend,False
148,MWG,2024-12-16,2024-12-27,10,61.000000,61.400000,0.09090909,0.00655738,0.04918033,oscillating_sideways,False
148,PNJ,2024-12-16,2024-12-27,10,98.200000,97.600000,0.27272727,-0.00610998,0.03156823,oscillating_sideways,False
148,SSI,2024-12-16,2024-12-27,10,26.100000,26.600000,0.26315789,0.01915709,0.04980843,oscillating_sideways,False
148,TCB,2024-12-16,2024-12-27,10,24.300000,24.600000,0.18750000,0.01234568,0.04732510,oscillating_sideways,False
148,VCB,2024-12-16,2024-12-27,10,93.100000,92.200000,0.42857143,-0.00966702,0.01933405,downtrend,False
148,VND,2024-12-16,2024-12-27,10,13.100000,12.850000,0.23809524,-0.01908397,0.04580153,oscillating_sideways,False
148,VPB,2024-12-16,2024-12-27,10,19.100000,19.250000,0.17647059,0.00785340,0.03926702,oscillating_sideways,False
149,FPT,2024-12-23,2025-01-06,10,149.800000,149.300000,0.05617978,-0.00333778,0.03671562,oscillating_sideways,False
149,HPG,2024-12-23,2025-01-06,10,27.000000,26.050000,0.37254902,-0.03518519,0.04259259,downtrend,False
149,MBB,2024-12-23,2025-01-06,10,24.050000,24.400000,0.12727273,0.01455301,0.06652807,oscillating_sideways,False
149,MWG,2024-12-23,2025-01-06,10,61.000000,57.000000,0.62500000,-0.06557377,0.08852459,downtrend,False
149,PNJ,2024-12-23,2025-01-06,10,97.300000,96.800000,0.18518519,-0.00513875,0.02569373,oscillating_sideways,False
149,SSI,2024-12-23,2025-01-06,10,25.850000,24.900000,0.33333333,-0.03675048,0.07930368,oscillating_sideways,False
149,TCB,2024-12-23,2025-01-06,10,23.900000,23.600000,0.12500000,-0.01255230,0.05857741,oscillating_sideways,False
149,VCB,2024-12-23,2025-01-06,10,92.400000,92.900000,0.13513514,0.00541126,0.02813853,oscillating_sideways,False
149,VND,2024-12-23,2025-01-06,10,12.800000,11.950000,0.62962963,-0.06640625,0.09765625,downtrend,False
149,VPB,2024-12-23,2025-01-06,10,18.950000,18.800000,0.17647059,-0.00791557,0.03430079,oscillating_sideways,False
150,FPT,2024-12-30,2025-01-13,10,150.500000,147.600000,0.27102804,-0.01926910,0.06112957,oscillating_sideways,False
150,HPG,2024-12-30,2025-01-13,10,26.750000,25.900000,0.32075472,-0.03177570,0.05981308,oscillating_sideways,False
150,MBB,2024-12-30,2025-01-13,10,24.800000,21.500000,0.68750000,-0.13306452,0.18145161,excluded_reference_reset,True
150,MWG,2024-12-30,2025-01-13,10,61.000000,57.300000,0.62711864,-0.06065574,0.07868852,downtrend,False
150,PNJ,2024-12-30,2025-01-13,10,97.500000,94.400000,0.37349398,-0.03179487,0.05128205,downtrend,False
150,SSI,2024-12-30,2025-01-13,10,26.450000,24.150000,0.65714286,-0.08695652,0.12854442,downtrend,False
150,TCB,2024-12-30,2025-01-13,10,24.400000,23.800000,0.23076923,-0.02459016,0.06557377,oscillating_sideways,False
150,VCB,2024-12-30,2025-01-13,10,92.000000,91.900000,0.02127660,-0.00108696,0.02500000,oscillating_sideways,False
150,VND,2024-12-30,2025-01-13,10,12.750000,11.550000,0.80000000,-0.09411765,0.13333333,downtrend,False
150,VPB,2024-12-30,2025-01-13,10,19.250000,18.300000,0.70370370,-0.04935065,0.05194805,downtrend,False
151,FPT,2025-01-07,2025-01-20,10,150.100000,150.000000,0.00869565,-0.00066622,0.04397069,oscillating_sideways,False
151,HPG,2025-01-07,2025-01-20,10,26.050000,26.450000,0.20000000,0.01535509,0.04990403,oscillating_sideways,False
151,MBB,2025-01-07,2025-01-20,10,21.650000,21.850000,0.12500000,0.00923788,0.04618938,excluded_reference_reset,True
151,MWG,2025-01-07,2025-01-20,10,57.100000,57.500000,0.14285714,0.00700525,0.02977233,oscillating_sideways,False
151,PNJ,2025-01-07,2025-01-20,10,94.600000,96.100000,0.18518519,0.01585624,0.03276956,oscillating_sideways,False
151,SSI,2025-01-07,2025-01-20,10,24.550000,24.500000,0.02040816,-0.00203666,0.07535642,oscillating_sideways,False
151,TCB,2025-01-07,2025-01-20,10,23.650000,24.400000,0.33333333,0.03171247,0.05708245,oscillating_sideways,False
151,VCB,2025-01-07,2025-01-20,10,92.300000,91.700000,0.13636364,-0.00650054,0.02275190,oscillating_sideways,False
151,VND,2025-01-07,2025-01-20,10,11.800000,11.950000,0.06976744,0.01271186,0.08898305,oscillating_sideways,False
151,VPB,2025-01-07,2025-01-20,10,18.700000,18.400000,0.25000000,-0.01604278,0.04545455,oscillating_sideways,False
152,FPT,2025-01-14,2025-02-03,10,145.100000,145.500000,0.02150538,0.00275672,0.07718815,oscillating_sideways,False
152,HPG,2025-01-14,2025-02-03,10,25.850000,26.400000,0.31428571,0.02127660,0.03675048,oscillating_sideways,False
152,MBB,2025-01-14,2025-02-03,10,21.300000,22.050000,0.48387097,0.03521127,0.06103286,uptrend,False
152,MWG,2025-01-14,2025-02-03,10,57.200000,59.600000,0.52173913,0.04195804,0.06118881,uptrend,False
152,PNJ,2025-01-14,2025-02-03,10,95.400000,98.100000,0.45762712,0.02830189,0.05241090,uptrend,False
152,SSI,2025-01-14,2025-02-03,10,23.950000,24.800000,0.41463415,0.03549061,0.05636743,uptrend,False
152,TCB,2025-01-14,2025-02-03,10,23.600000,24.250000,0.31707317,0.02754237,0.05720339,oscillating_sideways,False
152,VCB,2025-01-14,2025-02-03,10,91.700000,91.600000,0.01818182,-0.00109051,0.02181025,oscillating_sideways,False
152,VND,2025-01-14,2025-02-03,10,11.250000,11.600000,0.15555556,0.03111111,0.09333333,oscillating_sideways,False
152,VPB,2025-01-14,2025-02-03,10,18.150000,18.500000,0.25925926,0.01928375,0.05234160,oscillating_sideways,False
153,FPT,2025-01-21,2025-02-10,10,149.900000,142.000000,0.41361257,-0.05270180,0.09339560,downtrend,False
153,HPG,2025-01-21,2025-02-10,10,26.300000,25.400000,0.32142857,-0.03422053,0.06083650,oscillating_sideways,False
153,MBB,2025-01-21,2025-02-10,10,21.850000,22.900000,0.56756757,0.04805492,0.06864989,uptrend,False
153,MWG,2025-01-21,2025-02-10,10,57.700000,57.400000,0.05263158,-0.00519931,0.05025997,oscillating_sideways,False
153,PNJ,2025-01-21,2025-02-10,10,95.600000,95.200000,0.04761905,-0.00418410,0.06276151,oscillating_sideways,False
153,SSI,2025-01-21,2025-02-10,10,24.450000,24.900000,0.20000000,0.01840491,0.04294479,oscillating_sideways,False
153,TCB,2025-01-21,2025-02-10,10,24.200000,25.750000,0.60784314,0.06404959,0.08677686,uptrend,False
153,VCB,2025-01-21,2025-02-10,10,91.400000,92.200000,0.16666667,0.00875274,0.02407002,oscillating_sideways,False
153,VND,2025-01-21,2025-02-10,10,11.950000,12.600000,0.25490196,0.05439331,0.12970711,oscillating_sideways,False
153,VPB,2025-01-21,2025-02-10,10,18.400000,18.850000,0.25714286,0.02445652,0.05163043,oscillating_sideways,False
154,FPT,2025-02-04,2025-02-17,10,146.200000,143.600000,0.19117647,-0.01778386,0.05061560,oscillating_sideways,False
154,HPG,2025-02-04,2025-02-17,10,26.850000,26.150000,0.25925926,-0.02607076,0.05959032,oscillating_sideways,False
154,MBB,2025-02-04,2025-02-17,10,22.450000,22.650000,0.15384615,0.00890869,0.05122494,oscillating_sideways,False
154,MWG,2025-02-04,2025-02-17,10,59.600000,54.100000,0.87301587,-0.09228188,0.10234899,downtrend,False
154,PNJ,2025-02-04,2025-02-17,10,98.200000,95.400000,0.35897436,-0.02851324,0.06211813,downtrend,False
154,SSI,2025-02-04,2025-02-17,10,25.300000,25.000000,0.33333333,-0.01185771,0.03162055,oscillating_sideways,False
154,TCB,2025-02-04,2025-02-17,10,24.650000,25.700000,0.51219512,0.04259635,0.07910751,uptrend,False
154,VCB,2025-02-04,2025-02-17,10,92.000000,91.600000,0.15384615,-0.00434783,0.02173913,oscillating_sideways,False
154,VND,2025-02-04,2025-02-17,10,12.400000,13.100000,0.50000000,0.05645161,0.12903226,uptrend,False
154,VPB,2025-02-04,2025-02-17,10,18.750000,18.850000,0.12500000,0.00533333,0.03466667,oscillating_sideways,False
155,FPT,2025-02-11,2025-02-24,10,145.400000,140.500000,0.52688172,-0.03370014,0.04264099,downtrend,False
155,HPG,2025-02-11,2025-02-24,10,26.100000,27.700000,0.66666667,0.06130268,0.10919540,uptrend,False
155,MBB,2025-02-11,2025-02-24,10,23.000000,23.000000,0.00000000,0.00000000,0.02391304,oscillating_sideways,False
155,MWG,2025-02-11,2025-02-24,10,56.400000,58.400000,0.27027027,0.03546099,0.08333333,oscillating_sideways,False
155,PNJ,2025-02-11,2025-02-24,10,94.500000,94.600000,0.01694915,0.00105820,0.02751323,oscillating_sideways,False
155,SSI,2025-02-11,2025-02-24,10,24.700000,25.850000,0.85185185,0.04655870,0.04858300,uptrend,False
155,TCB,2025-02-11,2025-02-24,10,25.900000,26.500000,0.35294118,0.02316602,0.04247104,uptrend,False
155,VCB,2025-02-11,2025-02-24,10,91.900000,93.500000,0.66666667,0.01741023,0.02393906,uptrend,False
155,VND,2025-02-11,2025-02-24,10,12.650000,13.550000,0.81818182,0.07114625,0.08300395,uptrend,False
155,VPB,2025-02-11,2025-02-24,10,18.900000,19.550000,0.68421053,0.03439153,0.04497354,uptrend,False
156,FPT,2025-02-18,2025-03-03,10,143.900000,140.500000,0.35416667,-0.02362752,0.04656011,downtrend,False
156,HPG,2025-02-18,2025-03-03,10,26.550000,28.050000,0.48387097,0.05649718,0.08097928,uptrend,False
156,MBB,2025-02-18,2025-03-03,10,22.700000,23.100000,0.33333333,0.01762115,0.04185022,oscillating_sideways,False
156,MWG,2025-02-18,2025-03-03,10,54.500000,58.800000,0.81132075,0.07889908,0.09724771,uptrend,False
156,PNJ,2025-02-18,2025-03-03,10,93.600000,94.100000,0.09090909,0.00534188,0.02457265,oscillating_sideways,False
156,SSI,2025-02-18,2025-03-03,10,25.150000,26.600000,0.87878788,0.05765408,0.07157058,uptrend,False
156,TCB,2025-02-18,2025-03-03,10,25.850000,26.100000,0.21739130,0.00967118,0.04448743,oscillating_sideways,False
156,VCB,2025-02-18,2025-03-03,10,91.600000,93.300000,0.30909091,0.01855895,0.04475983,oscillating_sideways,False
156,VND,2025-02-18,2025-03-03,10,13.200000,13.700000,0.55555556,0.03787879,0.06818182,uptrend,False
156,VPB,2025-02-18,2025-03-03,10,18.950000,19.200000,0.23809524,0.01319261,0.04485488,oscillating_sideways,False
157,FPT,2025-02-25,2025-03-10,10,139.000000,139.300000,0.02803738,0.00215827,0.03812950,oscillating_sideways,False
157,HPG,2025-02-25,2025-03-10,10,27.500000,27.950000,0.17647059,0.01636364,0.04545455,oscillating_sideways,False
157,MBB,2025-02-25,2025-03-10,10,23.400000,24.500000,0.57894737,0.04700855,0.08760684,uptrend,False
157,MWG,2025-02-25,2025-03-10,10,58.300000,62.200000,0.82978723,0.06689537,0.08404803,uptrend,False
157,PNJ,2025-02-25,2025-03-10,10,95.500000,93.300000,0.47826087,-0.02303665,0.02931937,downtrend,False
157,SSI,2025-02-25,2025-03-10,10,25.850000,26.650000,0.34782609,0.03094778,0.06382979,oscillating_sideways,False
157,TCB,2025-02-25,2025-03-10,10,26.400000,27.800000,0.58333333,0.05303030,0.08712121,uptrend,False
157,VCB,2025-02-25,2025-03-10,10,92.600000,96.800000,0.61764706,0.04535637,0.05615551,uptrend,False
157,VND,2025-02-25,2025-03-10,10,13.700000,14.100000,0.26666667,0.02919708,0.08394161,oscillating_sideways,False
157,VPB,2025-02-25,2025-03-10,10,19.350000,19.400000,0.05882353,0.00258398,0.03617571,oscillating_sideways,False
158,FPT,2025-03-04,2025-03-17,10,140.000000,130.000000,0.61728395,-0.07142857,0.09928571,downtrend,False
158,HPG,2025-03-04,2025-03-17,10,27.850000,27.850000,0.00000000,0.00000000,0.02333932,oscillating_sideways,False
158,MBB,2025-03-04,2025-03-17,10,23.400000,24.300000,0.47368421,0.03846154,0.09188034,uptrend,False
158,MWG,2025-03-04,2025-03-17,10,59.500000,62.000000,0.45454545,0.04201681,0.08067227,uptrend,False
158,PNJ,2025-03-04,2025-03-17,10,94.200000,87.900000,0.67741935,-0.06687898,0.09235669,downtrend,False
158,SSI,2025-03-04,2025-03-17,10,26.350000,27.000000,0.39393939,0.02466793,0.04933586,uptrend,False
158,TCB,2025-03-04,2025-03-17,10,27.500000,27.450000,0.02857143,-0.00181818,0.08363636,oscillating_sideways,False
158,VCB,2025-03-04,2025-03-17,10,93.000000,67.300000,0.69647696,-0.27634409,0.34623656,excluded_reference_reset,True
158,VND,2025-03-04,2025-03-17,10,13.550000,14.900000,0.60000000,0.09963100,0.14760148,uptrend,False
158,VPB,2025-03-04,2025-03-17,10,19.100000,20.200000,0.50000000,0.05759162,0.07591623,uptrend,False
159,FPT,2025-03-11,2025-03-24,10,137.500000,129.000000,0.45945946,-0.06181818,0.11054545,downtrend,False
159,HPG,2025-03-11,2025-03-24,10,28.150000,27.150000,0.62500000,-0.03552398,0.04618117,downtrend,False
159,MBB,2025-03-11,2025-03-24,10,24.800000,24.400000,0.26666667,-0.01612903,0.05241935,oscillating_sideways,False
159,MWG,2025-03-11,2025-03-24,10,63.000000,60.300000,0.50943396,-0.04285714,0.06666667,downtrend,False
159,PNJ,2025-03-11,2025-03-24,10,93.400000,88.500000,0.50515464,-0.05246253,0.08029979,downtrend,False
159,SSI,2025-03-11,2025-03-24,10,26.700000,27.150000,0.33333333,0.01685393,0.04119850,oscillating_sideways,False
159,TCB,2025-03-11,2025-03-24,10,28.000000,28.000000,0.00000000,0.00000000,0.04107143,oscillating_sideways,False
159,VCB,2025-03-11,2025-03-24,10,96.800000,66.500000,0.85352113,-0.31301653,0.32644628,excluded_reference_reset,True
159,VND,2025-03-11,2025-03-24,10,14.350000,15.600000,0.67567568,0.08710801,0.12543554,uptrend,False
159,VPB,2025-03-11,2025-03-24,10,19.700000,19.600000,0.04000000,-0.00507614,0.06091371,oscillating_sideways,False
160,FPT,2025-03-18,2025-03-31,10,130.000000,121.000000,0.37190083,-0.06923077,0.08615385,downtrend,False
160,HPG,2025-03-18,2025-03-31,10,27.600000,26.750000,0.51515152,-0.03079710,0.04710145,downtrend,False
160,MBB,2025-03-18,2025-03-31,10,23.900000,24.100000,0.15384615,0.00836820,0.03556485,oscillating_sideways,False
160,MWG,2025-03-18,2025-03-31,10,61.800000,59.000000,0.51851852,-0.04530744,0.07119741,downtrend,False
160,PNJ,2025-03-18,2025-03-31,10,88.200000,83.300000,0.45794393,-0.05555556,0.09410431,downtrend,False
160,SSI,2025-03-18,2025-03-31,10,26.800000,26.000000,0.38095238,-0.02985075,0.05410448,downtrend,False
160,TCB,2025-03-18,2025-03-31,10,27.400000,27.500000,0.05555556,0.00364964,0.05109489,oscillating_sideways,False
160,VCB,2025-03-18,2025-03-31,10,66.800000,64.000000,0.63636364,-0.04191617,0.05688623,downtrend,False
160,VND,2025-03-18,2025-03-31,10,15.200000,15.300000,0.05555556,0.00657895,0.07565789,oscillating_sideways,False
160,VPB,2025-03-18,2025-03-31,10,19.800000,19.000000,0.61538462,-0.04040404,0.06565657,downtrend,False
161,FPT,2025-03-25,2025-04-08,10,126.500000,105.100000,0.69480519,-0.16916996,0.19604743,downtrend,False
161,HPG,2025-03-25,2025-04-08,10,27.200000,22.900000,0.71666667,-0.15808824,0.18566176,downtrend,False
161,MBB,2025-03-25,2025-04-08,10,24.200000,20.900000,0.70212766,-0.13636364,0.15495868,downtrend,False
161,MWG,2025-03-25,2025-04-08,10,60.500000,49.150000,0.91902834,-0.18760331,0.20082645,downtrend,False
161,PNJ,2025-03-25,2025-04-08,10,87.800000,67.500000,0.87878788,-0.23120729,0.24031891,downtrend,False
161,SSI,2025-03-25,2025-04-08,10,26.900000,22.100000,0.82758621,-0.17843866,0.19888476,downtrend,False
161,TCB,2025-03-25,2025-04-08,10,27.900000,23.950000,0.78217822,-0.14157706,0.16308244,downtrend,False
161,VCB,2025-03-25,2025-04-08,10,66.200000,55.800000,0.86666667,-0.15709970,0.16314199,downtrend,False
161,VND,2025-03-25,2025-04-08,10,15.350000,13.600000,0.45454545,-0.11400651,0.15635179,downtrend,False
161,VPB,2025-03-25,2025-04-08,10,19.500000,16.250000,0.91549296,-0.16666667,0.17692308,downtrend,False
162,FPT,2025-04-01,2025-04-15,10,120.500000,116.000000,0.13119534,-0.03734440,0.20331950,oscillating_sideways,False
162,HPG,2025-04-01,2025-04-15,10,27.000000,25.850000,0.10697674,-0.04259259,0.22592593,oscillating_sideways,False
162,MBB,2025-04-01,2025-04-15,10,24.600000,23.000000,0.22222222,-0.06504065,0.21138211,oscillating_sideways,False
162,MWG,2025-04-01,2025-04-15,10,58.600000,57.100000,0.06355932,-0.02559727,0.23805461,oscillating_sideways,False
162,PNJ,2025-04-01,2025-04-15,10,83.400000,71.500000,0.35311573,-0.14268585,0.25779376,downtrend,False
162,SSI,2025-04-01,2025-04-15,10,26.050000,23.300000,0.26066351,-0.10556622,0.22648752,oscillating_sideways,False
162,TCB,2025-04-01,2025-04-15,10,27.950000,26.000000,0.24528302,-0.06976744,0.20930233,oscillating_sideways,False
162,VCB,2025-04-01,2025-04-15,10,64.500000,60.000000,0.21327014,-0.06976744,0.21705426,oscillating_sideways,False
162,VND,2025-04-01,2025-04-15,10,15.400000,15.000000,0.05882353,-0.02597403,0.21753247,oscillating_sideways,False
162,VPB,2025-04-01,2025-04-15,10,19.150000,16.900000,0.42857143,-0.11749347,0.21932115,downtrend,False
163,FPT,2025-04-09,2025-04-22,10,105.300000,110.400000,0.17647059,0.04843305,0.21082621,oscillating_sideways,False
163,HPG,2025-04-09,2025-04-22,10,21.300000,25.050000,0.67567568,0.17605634,0.22769953,uptrend,False
163,MBB,2025-04-09,2025-04-22,10,20.650000,23.100000,0.59036145,0.11864407,0.19854722,uptrend,False
163,MWG,2025-04-09,2025-04-22,10,46.250000,57.300000,0.78647687,0.23891892,0.25837838,uptrend,False
163,PNJ,2025-04-09,2025-04-22,10,62.800000,67.100000,0.16996047,0.06847134,0.20700637,oscillating_sideways,False
163,SSI,2025-04-09,2025-04-22,10,20.600000,22.250000,0.27272727,0.08009709,0.16990291,oscillating_sideways,False
163,TCB,2025-04-09,2025-04-22,10,23.600000,25.150000,0.31958763,0.06567797,0.18644068,oscillating_sideways,False
163,VCB,2025-04-09,2025-04-22,10,52.500000,58.500000,0.55555556,0.11428571,0.16952381,uptrend,False
163,VND,2025-04-09,2025-04-22,10,12.650000,15.000000,0.54022989,0.18577075,0.28063241,uptrend,False
163,VPB,2025-04-09,2025-04-22,10,15.950000,16.600000,0.20634921,0.04075235,0.15987461,oscillating_sideways,False
164,FPT,2025-04-16,2025-04-29,10,107.900000,109.400000,0.14851485,0.01390176,0.11028730,oscillating_sideways,False
164,HPG,2025-04-16,2025-04-29,10,25.500000,25.500000,0.00000000,0.00000000,0.10196078,oscillating_sideways,False
164,MBB,2025-04-16,2025-04-29,10,22.900000,23.550000,0.35135135,0.02838428,0.10043668,uptrend,False
164,MWG,2025-04-16,2025-04-29,10,56.800000,60.800000,0.60606061,0.07042254,0.17605634,uptrend,False
164,PNJ,2025-04-16,2025-04-29,10,68.600000,71.100000,0.16556291,0.03644315,0.12827988,oscillating_sideways,False
164,SSI,2025-04-16,2025-04-29,10,23.000000,22.950000,0.01818182,-0.00217391,0.11521739,oscillating_sideways,False
164,TCB,2025-04-16,2025-04-29,10,25.800000,26.300000,0.17241379,0.01937984,0.10271318,oscillating_sideways,False
164,VCB,2025-04-16,2025-04-29,10,59.300000,57.300000,0.62500000,-0.03372681,0.09443508,downtrend,False
164,VND,2025-04-16,2025-04-29,10,15.200000,14.600000,0.31578947,-0.03947368,0.12500000,oscillating_sideways,False
164,VPB,2025-04-16,2025-04-29,10,16.800000,16.550000,0.18518519,-0.01488095,0.10119048,oscillating_sideways,False
165,FPT,2025-04-23,2025-05-09,10,110.400000,116.000000,0.42424242,0.05072464,0.08605072,uptrend,False
165,HPG,2025-04-23,2025-05-09,10,25.550000,25.650000,0.08333333,0.00391389,0.03326810,oscillating_sideways,False
165,MBB,2025-04-23,2025-05-09,10,23.400000,23.500000,0.07142857,0.00427350,0.03418803,oscillating_sideways,False
165,MWG,2025-04-23,2025-05-09,10,58.800000,60.400000,0.44444444,0.02721088,0.06462585,uptrend,False
165,PNJ,2025-04-23,2025-05-09,10,68.800000,76.400000,0.65517241,0.11046512,0.12354651,uptrend,False
165,SSI,2025-04-23,2025-05-09,10,22.750000,22.950000,0.11764706,0.00879121,0.03956044,oscillating_sideways,False
165,TCB,2025-04-23,2025-05-09,10,26.100000,27.600000,0.68181818,0.05747126,0.10919540,uptrend,False
165,VCB,2025-04-23,2025-05-09,10,58.000000,56.600000,0.70000000,-0.02413793,0.04827586,downtrend,False
165,VND,2025-04-23,2025-05-09,10,15.100000,14.900000,0.12500000,-0.01324503,0.06291391,oscillating_sideways,False
165,VPB,2025-04-23,2025-05-09,10,16.700000,17.000000,0.42857143,0.01796407,0.04790419,uptrend,False
166,FPT,2025-05-05,2025-05-16,10,108.600000,121.000000,0.53913043,0.11418048,0.18416206,uptrend,False
166,HPG,2025-05-05,2025-05-16,10,25.700000,25.800000,0.05000000,0.00389105,0.07003891,oscillating_sideways,False
166,MBB,2025-05-05,2025-05-16,10,23.550000,24.650000,0.42307692,0.04670913,0.09554140,uptrend,False
166,MWG,2025-05-05,2025-05-16,10,61.000000,63.800000,0.50000000,0.04590164,0.09344262,uptrend,False
166,PNJ,2025-05-05,2025-05-16,10,70.800000,81.000000,0.46788991,0.14406780,0.23587571,uptrend,False
166,SSI,2025-05-05,2025-05-16,10,23.100000,23.700000,0.31578947,0.02597403,0.07142857,oscillating_sideways,False
166,TCB,2025-05-05,2025-05-16,10,26.500000,29.450000,0.76623377,0.11132075,0.16415094,uptrend,False
166,VCB,2025-05-05,2025-05-16,10,57.100000,57.500000,0.10000000,0.00700525,0.06304729,oscillating_sideways,False
166,VND,2025-05-05,2025-05-16,10,14.850000,15.200000,0.25925926,0.02356902,0.08417508,oscillating_sideways,False
166,VPB,2025-05-05,2025-05-16,10,16.600000,18.050000,0.46031746,0.08734940,0.14457831,excluded_reference_reset,True
167,FPT,2025-05-12,2025-05-23,10,118.300000,117.100000,0.06060606,-0.01014370,0.09551986,oscillating_sideways,False
167,HPG,2025-05-12,2025-05-23,10,25.400000,25.600000,0.13333333,0.00787402,0.07086614,oscillating_sideways,False
167,MBB,2025-05-12,2025-05-23,10,23.800000,24.650000,0.33333333,0.03571429,0.09243697,oscillating_sideways,False
167,MWG,2025-05-12,2025-05-23,10,60.800000,64.200000,0.60714286,0.05592105,0.08388158,uptrend,False
167,PNJ,2025-05-12,2025-05-23,10,78.600000,79.000000,0.02325581,0.00508906,0.13994911,oscillating_sideways,False
167,SSI,2025-05-12,2025-05-23,10,23.200000,23.350000,0.09677419,0.00646552,0.06681034,oscillating_sideways,False
167,TCB,2025-05-12,2025-05-23,10,29.400000,30.150000,0.23076923,0.02551020,0.12925170,oscillating_sideways,False
167,VCB,2025-05-12,2025-05-23,10,56.600000,56.800000,0.04761905,0.00353357,0.06360424,oscillating_sideways,False
167,VND,2025-05-12,2025-05-23,10,15.050000,15.550000,0.26315789,0.03322259,0.10299003,oscillating_sideways,False
167,VPB,2025-05-12,2025-05-23,10,17.350000,18.100000,0.23809524,0.04322767,0.11239193,excluded_reference_reset,True
168,FPT,2025-05-19,2025-05-30,10,118.200000,116.500000,0.20987654,-0.01438240,0.04653130,oscillating_sideways,False
168,HPG,2025-05-19,2025-05-30,10,25.650000,25.750000,0.16666667,0.00389864,0.06237817,oscillating_sideways,False
168,MBB,2025-05-19,2025-05-30,10,24.600000,24.350000,0.17241379,-0.01016260,0.06300813,oscillating_sideways,False
168,MWG,2025-05-19,2025-05-30,10,63.700000,62.100000,0.36363636,-0.02511774,0.05337520,downtrend,False
168,PNJ,2025-05-19,2025-05-30,10,81.600000,82.500000,0.06870229,0.01102941,0.09803922,oscillating_sideways,False
168,SSI,2025-05-19,2025-05-30,10,23.350000,23.450000,0.11111111,0.00428266,0.05995717,oscillating_sideways,False
168,TCB,2025-05-19,2025-05-30,10,29.500000,30.450000,0.27536232,0.03220339,0.07796610,oscillating_sideways,False
168,VCB,2025-05-19,2025-05-30,10,57.000000,56.400000,0.50000000,-0.01052632,0.03333333,downtrend,False
168,VND,2025-05-19,2025-05-30,10,14.800000,15.700000,0.42857143,0.06081081,0.12837838,uptrend,False
168,VPB,2025-05-19,2025-05-30,10,18.200000,17.950000,0.21739130,-0.01373626,0.08516484,oscillating_sideways,False
169,FPT,2025-05-26,2025-06-06,10,117.300000,115.000000,0.27710843,-0.01960784,0.03751066,oscillating_sideways,False
169,HPG,2025-05-26,2025-06-06,10,25.550000,26.050000,0.33333333,0.01956947,0.06262231,oscillating_sideways,False
169,MBB,2025-05-26,2025-06-06,10,24.800000,24.150000,0.48148148,-0.02620968,0.04032258,downtrend,False
169,MWG,2025-05-26,2025-06-06,10,64.500000,60.500000,0.51282051,-0.06201550,0.08527132,downtrend,False
169,PNJ,2025-05-26,2025-06-06,10,80.500000,75.700000,0.29268293,-0.05962733,0.12795031,oscillating_sideways,False
169,SSI,2025-05-26,2025-06-06,10,23.600000,23.600000,0.00000000,0.00000000,0.08686441,oscillating_sideways,False
169,TCB,2025-05-26,2025-06-06,10,30.350000,30.300000,0.01449275,-0.00164745,0.07907743,oscillating_sideways,False
169,VCB,2025-05-26,2025-06-06,10,57.000000,56.100000,0.42857143,-0.01578947,0.02807018,downtrend,False
169,VND,2025-05-26,2025-06-06,10,15.750000,16.450000,0.18918919,0.04444444,0.16825397,oscillating_sideways,False
169,VPB,2025-05-26,2025-06-06,10,18.150000,17.800000,0.25925926,-0.01928375,0.06887052,oscillating_sideways,False
170,FPT,2025-06-02,2025-06-13,10,116.100000,115.400000,0.06930693,-0.00602929,0.02842377,oscillating_sideways,False
170,HPG,2025-06-02,2025-06-13,10,25.550000,26.400000,0.33333333,0.03326810,0.06849315,oscillating_sideways,False
170,MBB,2025-06-02,2025-06-13,10,24.600000,24.850000,0.17241379,0.01016260,0.03658537,oscillating_sideways,False
170,MWG,2025-06-02,2025-06-13,10,61.000000,63.200000,0.29729730,0.03606557,0.05901639,oscillating_sideways,False
170,PNJ,2025-06-02,2025-06-13,10,78.200000,78.000000,0.02000000,-0.00255754,0.06905371,oscillating_sideways,False
170,SSI,2025-06-02,2025-06-13,10,23.700000,23.150000,0.20000000,-0.02320675,0.07594937,oscillating_sideways,False
170,TCB,2025-06-02,2025-06-13,10,30.850000,31.200000,0.08641975,0.01134522,0.06969206,oscillating_sideways,False
170,VCB,2025-06-02,2025-06-13,10,56.200000,56.200000,0.00000000,0.00000000,0.02669039,oscillating_sideways,False
170,VND,2025-06-02,2025-06-13,10,16.350000,16.150000,0.05882353,-0.01223242,0.12844037,oscillating_sideways,False
170,VPB,2025-06-02,2025-06-13,10,18.000000,18.150000,0.12000000,0.00833333,0.05000000,oscillating_sideways,False
171,FPT,2025-06-09,2025-06-20,10,116.200000,116.100000,0.00840336,-0.00086059,0.04216867,oscillating_sideways,False
171,HPG,2025-06-09,2025-06-20,10,26.300000,27.000000,0.29166667,0.02661597,0.04752852,oscillating_sideways,False
171,MBB,2025-06-09,2025-06-20,10,24.250000,25.800000,0.83783784,0.06391753,0.08453608,uptrend,False
171,MWG,2025-06-09,2025-06-20,10,60.500000,64.100000,0.64285714,0.05950413,0.08925620,uptrend,False
171,PNJ,2025-06-09,2025-06-20,10,74.600000,79.600000,0.44642857,0.06702413,0.11126005,uptrend,False
171,SSI,2025-06-09,2025-06-20,10,23.350000,24.000000,0.30232558,0.02783726,0.05567452,oscillating_sideways,False
171,TCB,2025-06-09,2025-06-20,10,29.750000,34.000000,1.00000000,0.14285714,0.17142857,uptrend,False
171,VCB,2025-06-09,2025-06-20,10,55.900000,57.100000,0.42857143,0.02146691,0.03398927,uptrend,False
171,VND,2025-06-09,2025-06-20,10,16.200000,16.650000,0.20930233,0.02777778,0.06481481,oscillating_sideways,False
171,VPB,2025-06-09,2025-06-20,10,17.850000,18.450000,0.42857143,0.03361345,0.07563025,uptrend,False
172,FPT,2025-06-16,2025-06-27,10,119.000000,117.300000,0.34693878,-0.01428571,0.04453782,oscillating_sideways,False
172,HPG,2025-06-16,2025-06-27,10,26.750000,22.850000,0.68421053,-0.14579439,0.17570093,excluded_reference_reset,True
172,MBB,2025-06-16,2025-06-27,10,25.100000,25.700000,0.33333333,0.02390438,0.06374502,oscillating_sideways,False
172,MWG,2025-06-16,2025-06-27,10,64.300000,65.800000,0.36585366,0.02332815,0.05754277,uptrend,False
172,PNJ,2025-06-16,2025-06-27,10,82.000000,81.900000,0.01408451,-0.00121951,0.05731707,oscillating_sideways,False
172,SSI,2025-06-16,2025-06-27,10,23.850000,24.650000,0.44444444,0.03354298,0.07337526,uptrend,False
172,TCB,2025-06-16,2025-06-27,10,32.300000,33.950000,0.62264151,0.05108359,0.12074303,uptrend,False
172,VCB,2025-06-16,2025-06-27,10,56.600000,56.700000,0.03703704,0.00176678,0.02296820,oscillating_sideways,False
172,VND,2025-06-16,2025-06-27,10,16.800000,17.200000,0.25000000,0.02380952,0.07440476,excluded_reference_reset,True
172,VPB,2025-06-16,2025-06-27,10,18.800000,18.500000,0.33333333,-0.01595745,0.04521277,oscillating_sideways,False
173,FPT,2025-06-23,2025-07-04,10,115.900000,122.500000,0.78571429,0.05694564,0.07679034,uptrend,False
173,HPG,2025-06-23,2025-07-04,10,26.850000,23.250000,0.64285714,-0.13407821,0.18249534,excluded_reference_reset,True
173,MBB,2025-06-23,2025-07-04,10,25.900000,26.000000,0.07692308,0.00386100,0.03474903,oscillating_sideways,False
173,MWG,2025-06-23,2025-07-04,10,65.000000,66.300000,0.25490196,0.02000000,0.05230769,oscillating_sideways,False
173,PNJ,2025-06-23,2025-07-04,10,80.500000,82.700000,0.37931034,0.02732919,0.06832298,uptrend,False
173,SSI,2025-06-23,2025-07-04,10,23.750000,25.900000,0.81132075,0.09052632,0.11578947,uptrend,False
173,TCB,2025-06-23,2025-07-04,10,33.800000,34.950000,0.56097561,0.03402367,0.05621302,uptrend,False
173,VCB,2025-06-23,2025-07-04,10,56.600000,58.400000,0.64285714,0.03180212,0.04240283,uptrend,False
173,VND,2025-06-23,2025-07-04,10,16.350000,17.200000,0.37777778,0.05198777,0.10397554,excluded_reference_reset,True
173,VPB,2025-06-23,2025-07-04,10,18.400000,18.750000,0.41176471,0.01902174,0.03260870,uptrend,False
174,FPT,2025-06-30,2025-07-11,10,118.200000,126.600000,0.62686567,0.07106599,0.08798646,uptrend,False
174,HPG,2025-06-30,2025-07-11,10,22.700000,26.000000,0.97058824,0.14537445,0.16299559,uptrend,False
174,MBB,2025-06-30,2025-07-11,10,25.800000,26.700000,0.64285714,0.03488372,0.04651163,uptrend,False
174,MWG,2025-06-30,2025-07-11,10,65.500000,67.900000,0.52173913,0.03664122,0.06259542,uptrend,False
174,PNJ,2025-06-30,2025-07-11,10,83.100000,83.200000,0.02702703,0.00120337,0.02527076,oscillating_sideways,False
174,SSI,2025-06-30,2025-07-11,10,24.700000,29.650000,0.90825688,0.20040486,0.22874494,uptrend,False
174,TCB,2025-06-30,2025-07-11,10,34.200000,34.950000,0.36585366,0.02192982,0.04678363,uptrend,False
174,VCB,2025-06-30,2025-07-11,10,57.000000,62.700000,0.87692308,0.10000000,0.10877193,uptrend,False
174,VND,2025-06-30,2025-07-11,10,17.200000,17.900000,0.26923077,0.04069767,0.09593023,oscillating_sideways,False
174,VPB,2025-06-30,2025-07-11,10,18.500000,20.150000,0.94285714,0.08918919,0.10810811,uptrend,False
